# WaveFront *.obj file (generated by Autodesk ATF)

mtllib base.mtl

g Body1

v 4.000000 35.000000 5.000000
v 4.783157 34.948669 5.000000
v 5.552914 34.795555 5.000000
v 6.296100 34.543277 5.000000
v 7.000000 34.196152 5.000000
v 7.652568 33.760120 5.000000
v 8.242641 33.242641 5.000000
v 8.760120 32.652568 5.000000
v 9.196152 32.000000 5.000000
v 9.543277 31.296100 5.000000
v 9.795555 30.552914 5.000000
v 9.948669 29.783157 5.000000
v 10.000000 29.000000 5.000000
v 10.000000 29.000000 0.000000
v 9.948669 29.783157 0.000000
v 9.795555 30.552914 0.000000
v 9.543277 31.296100 0.000000
v 9.196152 32.000000 0.000000
v 8.760120 32.652568 0.000000
v 8.242641 33.242641 0.000000
v 7.652568 33.760120 0.000000
v 7.000000 34.196152 0.000000
v 6.296100 34.543277 0.000000
v 5.552914 34.795555 0.000000
v 4.783157 34.948669 0.000000
v 4.000000 35.000000 0.000000
v 4.523705 28.828547 5.000000
v 4.523705 4.291610 5.000000
v 4.473444 3.620920 5.000000
v 4.323783 2.965212 5.000000
v 4.078065 2.339133 5.000000
v 3.741780 1.756670 5.000000
v 3.322439 1.230833 5.000000
v 2.829410 0.773368 5.000000
v 2.273705 0.394496 5.000000
v 1.667740 0.102678 5.000000
v 1.025050 -0.095566 5.000000
v 0.359991 -0.195807 5.000000
v -0.312580 -0.195807 5.000000
v -0.977639 -0.095566 5.000000
v -1.620329 0.102678 5.000000
v -2.226295 0.394496 5.000000
v -2.781999 0.773368 5.000000
v -3.275028 1.230833 5.000000
v -3.694369 1.756670 5.000000
v -4.030654 2.339133 5.000000
v -4.276372 2.965212 5.000000
v -4.426033 3.620920 5.000000
v -4.476295 4.291610 5.000000
v -4.476295 28.828547 5.000000
v -4.426033 29.499237 5.000000
v -4.276372 30.154945 5.000000
v -4.030654 30.781024 5.000000
v -3.694369 31.363487 5.000000
v -3.275028 31.889324 5.000000
v -2.781999 32.346789 5.000000
v -2.226295 32.725661 5.000000
v -1.620329 33.017479 5.000000
v -0.977639 33.215723 5.000000
v -0.312580 33.315964 5.000000
v 0.359991 33.315964 5.000000
v 1.025050 33.215723 5.000000
v 1.667740 33.017479 5.000000
v 2.273705 32.725661 5.000000
v 2.829410 32.346789 5.000000
v 3.322439 31.889324 5.000000
v 3.741780 31.363487 5.000000
v 4.078065 30.781024 5.000000
v 4.323783 30.154945 5.000000
v 4.473444 29.499237 5.000000
v -19.000000 35.000000 5.000000
v -19.783157 34.948669 5.000000
v -20.552914 34.795555 5.000000
v -21.296101 34.543277 5.000000
v -22.000000 34.196152 5.000000
v -22.652569 33.760120 5.000000
v -23.242641 33.242641 5.000000
v -23.760120 32.652569 5.000000
v -24.196152 32.000000 5.000000
v -24.543277 31.296101 5.000000
v -24.795555 30.552914 5.000000
v -24.948669 29.783157 5.000000
v -25.000000 29.000000 5.000000
v -25.000000 -35.000000 5.000000
v 25.000000 -35.000000 5.000000
v 25.000000 -14.632727 5.000000
v 16.762067 -14.632727 5.000000
v 16.799538 -13.340326 5.000000
v 16.737509 -12.048871 5.000000
v 16.576347 -10.766010 5.000000
v 16.317007 -9.499343 5.000000
v 15.961025 -8.256370 5.000000
v 15.510509 -7.044454 5.000000
v 14.968129 -5.870773 5.000000
v 14.337095 -4.742278 5.000000
v 13.621145 -3.665653 5.000000
v 12.824521 -2.647275 5.000000
v 11.951940 -1.693175 5.000000
v 11.008570 -0.809005 5.000000
v 9.999999 0.000000 5.000000
v -22.500000 -30.000000 5.000000
v -22.448825 -29.496754 5.000000
v -22.297395 -29.014110 5.000000
v -22.051909 -28.571829 5.000000
v -21.722417 -28.188018 5.000000
v -21.322410 -27.878389 5.000000
v -20.868263 -27.655620 5.000000
v -20.378569 -27.528829 5.000000
v -19.873377 -27.503209 5.000000
v -19.373369 -27.579807 5.000000
v -18.899015 -27.755489 5.000000
v -18.469735 -28.023061 5.000000
v -18.103105 -28.371569 5.000000
v -17.814133 -28.786745 5.000000
v -17.614652 -29.251592 5.000000
v -17.512827 -29.747079 5.000000
v -17.512827 -30.252921 5.000000
v -17.614652 -30.748408 5.000000
v -17.814133 -31.213255 5.000000
v -18.103105 -31.628431 5.000000
v -18.469735 -31.976939 5.000000
v -18.899015 -32.244511 5.000000
v -19.373369 -32.420193 5.000000
v -19.873377 -32.496791 5.000000
v -20.378569 -32.471171 5.000000
v -20.868263 -32.344380 5.000000
v -21.322410 -32.121611 5.000000
v -21.722417 -31.811982 5.000000
v -22.051909 -31.428171 5.000000
v -22.297395 -30.985890 5.000000
v -22.448825 -30.503246 5.000000
v -21.214006 27.599608 5.000000
v -21.162895 27.987837 5.000000
v -21.013044 28.349608 5.000000
v -20.774666 28.660269 5.000000
v -20.464006 28.898647 5.000000
v -20.102235 29.048497 5.000000
v -19.714006 29.099608 5.000000
v -19.325777 29.048497 5.000000
v -18.964006 28.898647 5.000000
v -18.653346 28.660269 5.000000
v -18.414968 28.349608 5.000000
v -18.265117 27.987837 5.000000
v -18.214006 27.599608 5.000000
v -18.265117 27.211380 5.000000
v -18.414968 26.849608 5.000000
v -18.653346 26.538948 5.000000
v -18.964006 26.300570 5.000000
v -19.325777 26.150720 5.000000
v -19.714006 26.099608 5.000000
v -20.102235 26.150720 5.000000
v -20.464006 26.300570 5.000000
v -20.774666 26.538948 5.000000
v -21.013044 26.849608 5.000000
v -21.162895 27.211380 5.000000
v 17.500000 -20.000000 5.000000
v 17.551175 -19.496754 5.000000
v 17.702606 -19.014111 5.000000
v 17.948092 -18.571830 5.000000
v 18.277583 -18.188018 5.000000
v 18.677590 -17.878390 5.000000
v 19.131737 -17.655620 5.000000
v 19.621431 -17.528829 5.000000
v 20.126623 -17.503209 5.000000
v 20.626632 -17.579808 5.000000
v 21.100986 -17.755489 5.000000
v 21.530265 -18.023061 5.000000
v 21.896896 -18.371569 5.000000
v 22.185867 -18.786745 5.000000
v 22.385348 -19.251592 5.000000
v 22.487174 -19.747079 5.000000
v 22.487174 -20.252921 5.000000
v 22.385348 -20.748408 5.000000
v 22.185867 -21.213255 5.000000
v 21.896896 -21.628432 5.000000
v 21.530265 -21.976940 5.000000
v 21.100986 -22.244512 5.000000
v 20.626632 -22.420193 5.000000
v 20.126623 -22.496792 5.000000
v 19.621431 -22.471171 5.000000
v 19.131737 -22.344381 5.000000
v 18.677590 -22.121611 5.000000
v 18.277583 -21.811982 5.000000
v 17.948092 -21.428171 5.000000
v 17.702606 -20.985890 5.000000
v 17.551175 -20.503247 5.000000
v -22.500000 -20.000000 5.000000
v -22.448825 -19.496754 5.000000
v -22.297395 -19.014110 5.000000
v -22.051909 -18.571829 5.000000
v -21.722417 -18.188018 5.000000
v -21.322410 -17.878389 5.000000
v -20.868263 -17.655620 5.000000
v -20.378569 -17.528829 5.000000
v -19.873377 -17.503209 5.000000
v -19.373369 -17.579807 5.000000
v -18.899015 -17.755489 5.000000
v -18.469735 -18.023061 5.000000
v -18.103105 -18.371569 5.000000
v -17.814133 -18.786745 5.000000
v -17.614652 -19.251592 5.000000
v -17.512827 -19.747079 5.000000
v -17.512827 -20.252921 5.000000
v -17.614652 -20.748408 5.000000
v -17.814133 -21.213255 5.000000
v -18.103105 -21.628431 5.000000
v -18.469735 -21.976939 5.000000
v -18.899015 -22.244511 5.000000
v -19.373369 -22.420193 5.000000
v -19.873377 -22.496791 5.000000
v -20.378569 -22.471171 5.000000
v -20.868263 -22.344380 5.000000
v -21.322410 -22.121611 5.000000
v -21.722417 -21.811982 5.000000
v -22.051909 -21.428171 5.000000
v -22.297395 -20.985890 5.000000
v -22.448825 -20.503246 5.000000
v 17.500000 -30.000000 5.000000
v 17.551175 -29.496754 5.000000
v 17.702606 -29.014111 5.000000
v 17.948092 -28.571830 5.000000
v 18.277583 -28.188018 5.000000
v 18.677590 -27.878390 5.000000
v 19.131737 -27.655620 5.000000
v 19.621431 -27.528829 5.000000
v 20.126623 -27.503209 5.000000
v 20.626632 -27.579808 5.000000
v 21.100986 -27.755489 5.000000
v 21.530265 -28.023061 5.000000
v 21.896896 -28.371569 5.000000
v 22.185867 -28.786745 5.000000
v 22.385348 -29.251592 5.000000
v 22.487174 -29.747079 5.000000
v 22.487174 -30.252921 5.000000
v 22.385348 -30.748408 5.000000
v 22.185867 -31.213255 5.000000
v 21.896896 -31.628432 5.000000
v 21.530265 -31.976940 5.000000
v 21.100986 -32.244512 5.000000
v 20.626632 -32.420193 5.000000
v 20.126623 -32.496792 5.000000
v 19.621431 -32.471171 5.000000
v 19.131737 -32.344381 5.000000
v 18.677590 -32.121611 5.000000
v 18.277583 -31.811982 5.000000
v 17.948092 -31.428171 5.000000
v 17.702606 -30.985890 5.000000
v 17.551175 -30.503247 5.000000
v -11.500000 -13.500000 5.000000
v -11.446314 -12.390090 5.000000
v -11.285756 -11.290543 5.000000
v -11.019827 -10.211625 5.000000
v -10.651008 -9.163409 5.000000
v -10.182744 -8.155684 5.000000
v -9.619407 -7.197856 5.000000
v -8.966255 -6.298870 5.000000
v -8.229388 -5.467119 5.000000
v -7.415685 -4.710369 5.000000
v -6.532745 -4.035686 5.000000
v -5.588809 -3.449368 5.000000
v -4.592693 -2.956890 5.000000
v -3.553695 -2.562850 5.000000
v -2.481518 -2.270928 5.000000
v -1.386172 -2.083848 5.000000
v -0.277883 -2.003358 5.000000
v 0.833000 -2.030209 5.000000
v 1.936106 -2.164150 5.000000
v 3.021135 -2.403931 5.000000
v 4.077956 -2.747313 5.000000
v 5.096703 -3.191090 5.000000
v 6.067863 -3.731119 5.000000
v 6.982369 -4.362357 5.000000
v 7.831682 -5.078910 5.000000
v 8.607874 -5.874089 5.000000
v 9.303695 -6.740470 5.000000
v 9.912651 -7.669962 5.000000
v 10.429055 -8.653887 5.000000
v 10.848086 -9.683060 5.000000
v 11.165831 -10.747870 5.000000
v 11.379324 -11.838376 5.000000
v 11.486571 -12.944396 5.000000
v 11.486571 -14.055604 5.000000
v 11.379324 -15.161624 5.000000
v 11.165831 -16.252130 5.000000
v 10.848086 -17.316940 5.000000
v 10.429055 -18.346113 5.000000
v 9.912651 -19.330038 5.000000
v 9.303695 -20.259530 5.000000
v 8.607874 -21.125911 5.000000
v 7.831682 -21.921090 5.000000
v 6.982369 -22.637643 5.000000
v 6.067863 -23.268881 5.000000
v 5.096703 -23.808910 5.000000
v 4.077956 -24.252687 5.000000
v 3.021135 -24.596069 5.000000
v 1.936106 -24.835850 5.000000
v 0.833000 -24.969791 5.000000
v -0.277883 -24.996642 5.000000
v -1.386172 -24.916152 5.000000
v -2.481518 -24.729072 5.000000
v -3.553695 -24.437150 5.000000
v -4.592693 -24.043110 5.000000
v -5.588809 -23.550632 5.000000
v -6.532745 -22.964314 5.000000
v -7.415685 -22.289631 5.000000
v -8.229388 -21.532881 5.000000
v -8.966255 -20.701130 5.000000
v -9.619407 -19.802144 5.000000
v -10.182744 -18.844316 5.000000
v -10.651008 -17.836591 5.000000
v -11.019827 -16.788375 5.000000
v -11.285756 -15.709457 5.000000
v -11.446314 -14.609910 5.000000
v -19.000000 35.000000 0.000000
v -19.783157 34.948669 0.000000
v -20.552914 34.795555 0.000000
v -21.296101 34.543277 0.000000
v -22.000000 34.196152 0.000000
v -22.652569 33.760120 0.000000
v -23.242641 33.242641 0.000000
v -23.760120 32.652569 0.000000
v -24.196152 32.000000 0.000000
v -24.543277 31.296101 0.000000
v -24.795555 30.552914 0.000000
v -24.948669 29.783157 0.000000
v -25.000000 29.000000 0.000000
v 16.762067 -14.632727 0.000000
v 16.799538 -13.340326 0.000000
v 16.737509 -12.048871 0.000000
v 16.576347 -10.766010 0.000000
v 16.317007 -9.499343 0.000000
v 15.961025 -8.256370 0.000000
v 15.510509 -7.044454 0.000000
v 14.968129 -5.870773 0.000000
v 14.337095 -4.742278 0.000000
v 13.621145 -3.665653 0.000000
v 12.824521 -2.647275 0.000000
v 11.951940 -1.693175 0.000000
v 11.008570 -0.809005 0.000000
v 9.999999 0.000000 0.000000
v 25.000000 -14.632727 0.000000
v -4.476295 28.828547 0.000000
v -4.426033 29.499237 0.000000
v -4.276372 30.154945 0.000000
v -4.030654 30.781024 0.000000
v -3.694369 31.363487 0.000000
v -3.275028 31.889324 0.000000
v -2.781999 32.346789 0.000000
v -2.226295 32.725661 0.000000
v -1.620329 33.017479 0.000000
v -0.977639 33.215723 0.000000
v -0.312580 33.315964 0.000000
v 0.359991 33.315964 0.000000
v 1.025050 33.215723 0.000000
v 1.667740 33.017479 0.000000
v 2.273705 32.725661 0.000000
v 2.829410 32.346789 0.000000
v 3.322439 31.889324 0.000000
v 3.741780 31.363487 0.000000
v 4.078065 30.781024 0.000000
v 4.323783 30.154945 0.000000
v 4.473444 29.499237 0.000000
v 4.523705 28.828547 0.000000
v -4.476295 4.291610 0.000000
v 4.523705 4.291610 0.000000
v 4.473444 3.620920 0.000000
v 4.323783 2.965212 0.000000
v 4.078065 2.339133 0.000000
v 3.741780 1.756670 0.000000
v 3.322439 1.230833 0.000000
v 2.829410 0.773368 0.000000
v 2.273705 0.394496 0.000000
v 1.667740 0.102678 0.000000
v 1.025050 -0.095566 0.000000
v 0.359991 -0.195807 0.000000
v -0.312580 -0.195807 0.000000
v -0.977639 -0.095566 0.000000
v -1.620329 0.102678 0.000000
v -2.226295 0.394496 0.000000
v -2.781999 0.773368 0.000000
v -3.275028 1.230833 0.000000
v -3.694369 1.756670 0.000000
v -4.030654 2.339133 0.000000
v -4.276372 2.965212 0.000000
v -4.426033 3.620920 0.000000
v -22.500000 -30.000000 0.000000
v -22.448825 -29.496754 0.000000
v -22.297395 -29.014110 0.000000
v -22.051909 -28.571829 0.000000
v -21.722417 -28.188018 0.000000
v -21.322410 -27.878389 0.000000
v -20.868263 -27.655620 0.000000
v -20.378569 -27.528829 0.000000
v -19.873377 -27.503209 0.000000
v -19.373369 -27.579807 0.000000
v -18.899015 -27.755489 0.000000
v -18.469735 -28.023061 0.000000
v -18.103105 -28.371569 0.000000
v -17.814133 -28.786745 0.000000
v -17.614652 -29.251592 0.000000
v -17.512827 -29.747079 0.000000
v -17.512827 -30.252921 0.000000
v -17.614652 -30.748408 0.000000
v -17.814133 -31.213255 0.000000
v -18.103105 -31.628431 0.000000
v -18.469735 -31.976939 0.000000
v -18.899015 -32.244511 0.000000
v -19.373369 -32.420193 0.000000
v -19.873377 -32.496791 0.000000
v -20.378569 -32.471171 0.000000
v -20.868263 -32.344380 0.000000
v -21.322410 -32.121611 0.000000
v -21.722417 -31.811982 0.000000
v -22.051909 -31.428171 0.000000
v -22.297395 -30.985890 0.000000
v -22.448825 -30.503246 0.000000
v -21.214006 27.599608 0.000000
v -21.162895 27.987837 0.000000
v -21.013044 28.349608 0.000000
v -20.774666 28.660269 0.000000
v -20.464006 28.898647 0.000000
v -20.102235 29.048497 0.000000
v -19.714006 29.099608 0.000000
v -19.325777 29.048497 0.000000
v -18.964006 28.898647 0.000000
v -18.653346 28.660269 0.000000
v -18.414968 28.349608 0.000000
v -18.265117 27.987837 0.000000
v -18.214006 27.599608 0.000000
v -18.265117 27.211380 0.000000
v -18.414968 26.849608 0.000000
v -18.653346 26.538948 0.000000
v -18.964006 26.300570 0.000000
v -19.325777 26.150720 0.000000
v -19.714006 26.099608 0.000000
v -20.102235 26.150720 0.000000
v -20.464006 26.300570 0.000000
v -20.774666 26.538948 0.000000
v -21.013044 26.849608 0.000000
v -21.162895 27.211380 0.000000
v 17.500000 -20.000000 0.000000
v 17.551175 -19.496754 0.000000
v 17.702606 -19.014111 0.000000
v 17.948092 -18.571830 0.000000
v 18.277583 -18.188018 0.000000
v 18.677590 -17.878390 0.000000
v 19.131737 -17.655620 0.000000
v 19.621431 -17.528829 0.000000
v 20.126623 -17.503209 0.000000
v 20.626632 -17.579808 0.000000
v 21.100986 -17.755489 0.000000
v 21.530265 -18.023061 0.000000
v 21.896896 -18.371569 0.000000
v 22.185867 -18.786745 0.000000
v 22.385348 -19.251592 0.000000
v 22.487174 -19.747079 0.000000
v 22.487174 -20.252921 0.000000
v 22.385348 -20.748408 0.000000
v 22.185867 -21.213255 0.000000
v 21.896896 -21.628432 0.000000
v 21.530265 -21.976940 0.000000
v 21.100986 -22.244512 0.000000
v 20.626632 -22.420193 0.000000
v 20.126623 -22.496792 0.000000
v 19.621431 -22.471171 0.000000
v 19.131737 -22.344381 0.000000
v 18.677590 -22.121611 0.000000
v 18.277583 -21.811982 0.000000
v 17.948092 -21.428171 0.000000
v 17.702606 -20.985890 0.000000
v 17.551175 -20.503247 0.000000
v -22.500000 -20.000000 0.000000
v -22.448825 -19.496754 0.000000
v -22.297395 -19.014110 0.000000
v -22.051909 -18.571829 0.000000
v -21.722417 -18.188018 0.000000
v -21.322410 -17.878389 0.000000
v -20.868263 -17.655620 0.000000
v -20.378569 -17.528829 0.000000
v -19.873377 -17.503209 0.000000
v -19.373369 -17.579807 0.000000
v -18.899015 -17.755489 0.000000
v -18.469735 -18.023061 0.000000
v -18.103105 -18.371569 0.000000
v -17.814133 -18.786745 0.000000
v -17.614652 -19.251592 0.000000
v -17.512827 -19.747079 0.000000
v -17.512827 -20.252921 0.000000
v -17.614652 -20.748408 0.000000
v -17.814133 -21.213255 0.000000
v -18.103105 -21.628431 0.000000
v -18.469735 -21.976939 0.000000
v -18.899015 -22.244511 0.000000
v -19.373369 -22.420193 0.000000
v -19.873377 -22.496791 0.000000
v -20.378569 -22.471171 0.000000
v -20.868263 -22.344380 0.000000
v -21.322410 -22.121611 0.000000
v -21.722417 -21.811982 0.000000
v -22.051909 -21.428171 0.000000
v -22.297395 -20.985890 0.000000
v -22.448825 -20.503246 0.000000
v 17.500000 -30.000000 0.000000
v 17.551175 -29.496754 0.000000
v 17.702606 -29.014111 0.000000
v 17.948092 -28.571830 0.000000
v 18.277583 -28.188018 0.000000
v 18.677590 -27.878390 0.000000
v 19.131737 -27.655620 0.000000
v 19.621431 -27.528829 0.000000
v 20.126623 -27.503209 0.000000
v 20.626632 -27.579808 0.000000
v 21.100986 -27.755489 0.000000
v 21.530265 -28.023061 0.000000
v 21.896896 -28.371569 0.000000
v 22.185867 -28.786745 0.000000
v 22.385348 -29.251592 0.000000
v 22.487174 -29.747079 0.000000
v 22.487174 -30.252921 0.000000
v 22.385348 -30.748408 0.000000
v 22.185867 -31.213255 0.000000
v 21.896896 -31.628432 0.000000
v 21.530265 -31.976940 0.000000
v 21.100986 -32.244512 0.000000
v 20.626632 -32.420193 0.000000
v 20.126623 -32.496792 0.000000
v 19.621431 -32.471171 0.000000
v 19.131737 -32.344381 0.000000
v 18.677590 -32.121611 0.000000
v 18.277583 -31.811982 0.000000
v 17.948092 -31.428171 0.000000
v 17.702606 -30.985890 0.000000
v 17.551175 -30.503247 0.000000
v -11.500000 -13.500000 0.000000
v -11.446314 -12.390090 0.000000
v -11.285756 -11.290543 0.000000
v -11.019827 -10.211625 0.000000
v -10.651008 -9.163409 0.000000
v -10.182744 -8.155684 0.000000
v -9.619407 -7.197856 0.000000
v -8.966255 -6.298870 0.000000
v -8.229388 -5.467119 0.000000
v -7.415685 -4.710369 0.000000
v -6.532745 -4.035686 0.000000
v -5.588809 -3.449368 0.000000
v -4.592693 -2.956890 0.000000
v -3.553695 -2.562850 0.000000
v -2.481518 -2.270928 0.000000
v -1.386172 -2.083848 0.000000
v -0.277883 -2.003358 0.000000
v 0.833000 -2.030209 0.000000
v 1.936106 -2.164150 0.000000
v 3.021135 -2.403931 0.000000
v 4.077956 -2.747313 0.000000
v 5.096703 -3.191090 0.000000
v 6.067863 -3.731119 0.000000
v 6.982369 -4.362357 0.000000
v 7.831682 -5.078910 0.000000
v 8.607874 -5.874089 0.000000
v 9.303695 -6.740470 0.000000
v 9.912651 -7.669962 0.000000
v 10.429055 -8.653887 0.000000
v 10.848086 -9.683060 0.000000
v 11.165831 -10.747870 0.000000
v 11.379324 -11.838376 0.000000
v 11.486571 -12.944396 0.000000
v 11.486571 -14.055604 0.000000
v 11.379324 -15.161624 0.000000
v 11.165831 -16.252130 0.000000
v 10.848086 -17.316940 0.000000
v 10.429055 -18.346113 0.000000
v 9.912651 -19.330038 0.000000
v 9.303695 -20.259530 0.000000
v 8.607874 -21.125911 0.000000
v 7.831682 -21.921090 0.000000
v 6.982369 -22.637643 0.000000
v 6.067863 -23.268881 0.000000
v 5.096703 -23.808910 0.000000
v 4.077956 -24.252687 0.000000
v 3.021135 -24.596069 0.000000
v 1.936106 -24.835850 0.000000
v 0.833000 -24.969791 0.000000
v -0.277883 -24.996642 0.000000
v -1.386172 -24.916152 0.000000
v -2.481518 -24.729072 0.000000
v -3.553695 -24.437150 0.000000
v -4.592693 -24.043110 0.000000
v -5.588809 -23.550632 0.000000
v -6.532745 -22.964314 0.000000
v -7.415685 -22.289631 0.000000
v -8.229388 -21.532881 0.000000
v -8.966255 -20.701130 0.000000
v -9.619407 -19.802144 0.000000
v -10.182744 -18.844316 0.000000
v -10.651008 -17.836591 0.000000
v -11.019827 -16.788375 0.000000
v -11.285756 -15.709457 0.000000
v -11.446314 -14.609910 0.000000
v 25.000000 -35.000000 0.000000
v -25.000000 -35.000000 0.000000
vt 0.250000 0.471239 0.000000
vt -0.250000 0.471239 0.000000
vt 0.250000 0.392699 0.000000
vt -0.250000 0.392699 0.000000
vt 0.250000 0.314159 0.000000
vt -0.250000 0.314159 0.000000
vt 0.250000 0.235619 0.000000
vt -0.250000 0.235619 0.000000
vt 0.250000 0.157080 0.000000
vt -0.250000 0.157080 0.000000
vt 0.250000 0.078540 0.000000
vt -0.250000 0.078540 0.000000
vt 0.250000 -0.000000 0.000000
vt -0.250000 -0.000000 0.000000
vt 0.250000 -0.078540 0.000000
vt -0.250000 -0.078540 0.000000
vt 0.250000 -0.157080 0.000000
vt -0.250000 -0.157080 0.000000
vt 0.250000 -0.235619 0.000000
vt -0.250000 -0.235619 0.000000
vt 0.250000 -0.314159 0.000000
vt -0.250000 -0.314159 0.000000
vt 0.250000 -0.392699 0.000000
vt -0.250000 -0.392699 0.000000
vt 0.250000 -0.471239 0.000000
vt -0.250000 -0.471239 0.000000
vt 0.452371 0.429161 0.000000
vt 1.000000 2.900000 0.000000
vt 0.452371 2.882855 0.000000
vt 0.994867 2.978316 0.000000
vt 0.979555 3.055291 0.000000
vt 1.000000 0.000000 0.000000
vt 0.447344 0.362092 0.000000
vt 0.432378 0.296521 0.000000
vt 0.407807 0.233913 0.000000
vt 0.606786 -0.373112 0.000000
vt 0.698237 -0.436236 0.000000
vt 0.509670 -0.319109 0.000000
vt 0.374178 0.175667 0.000000
vt 0.407796 -0.274731 0.000000
vt 0.332244 0.123083 0.000000
vt 0.282941 0.077337 0.000000
vt 0.302113 -0.240393 0.000000
vt 0.227371 0.039450 0.000000
vt 0.193611 -0.216415 0.000000
vt 0.166774 0.010268 0.000000
vt 0.102505 -0.009557 0.000000
vt 0.083300 -0.203021 0.000000
vt 0.035999 -0.019581 0.000000
vt -0.027788 -0.200336 0.000000
vt -0.031258 -0.019581 0.000000
vt -0.097764 -0.009557 0.000000
vt -0.138617 -0.208385 0.000000
vt -0.162033 0.010268 0.000000
vt -0.248152 -0.227093 0.000000
vt -0.222629 0.039450 0.000000
vt -0.278200 0.077337 0.000000
vt -0.355370 -0.256285 0.000000
vt -0.327503 0.123083 0.000000
vt -0.459269 -0.295689 0.000000
vt -0.369437 0.175667 0.000000
vt -0.403065 0.233913 0.000000
vt -0.558881 -0.344937 0.000000
vt -0.427637 0.296521 0.000000
vt -0.653274 -0.403569 0.000000
vt -0.442603 0.362092 0.000000
vt -0.741569 -0.471037 0.000000
vt -0.447629 0.429161 0.000000
vt -0.822939 -0.546712 0.000000
vt -0.896626 -0.629887 0.000000
vt -1.932578 2.615072 0.000000
vt -1.971401 2.609961 0.000000
vt -0.447629 2.882855 0.000000
vt -1.841497 2.684961 0.000000
vt -1.865335 2.653895 0.000000
vt -1.896401 2.630057 0.000000
vt -0.442603 2.949924 0.000000
vt -1.826512 2.798784 0.000000
vt -1.821401 2.759961 0.000000
vt -1.826512 2.721138 0.000000
vt -1.900000 3.500000 0.000000
vt -0.427637 3.015495 0.000000
vt -0.403065 3.078102 0.000000
vt -0.369437 3.136349 0.000000
vt -0.327503 3.188932 0.000000
vt -0.278200 3.234679 0.000000
vt -0.222629 3.272566 0.000000
vt -0.162033 3.301748 0.000000
vt -0.097764 3.321572 0.000000
vt 0.400000 3.500000 0.000000
vt -0.031258 3.331596 0.000000
vt 0.035999 3.331596 0.000000
vt 0.102505 3.321572 0.000000
vt 0.166774 3.301748 0.000000
vt 0.227371 3.272566 0.000000
vt 0.282941 3.234679 0.000000
vt 0.332244 3.188932 0.000000
vt 0.478316 3.494867 0.000000
vt 0.374178 3.136349 0.000000
vt 0.555291 3.479555 0.000000
vt 0.407807 3.078102 0.000000
vt 0.629610 3.454328 0.000000
vt 0.432378 3.015495 0.000000
vt 0.700000 3.419615 0.000000
vt 0.765257 3.376012 0.000000
vt 0.447344 2.949924 0.000000
vt 0.824264 3.324264 0.000000
vt 0.876012 3.265257 0.000000
vt 0.919615 3.200000 0.000000
vt 0.954328 3.129610 0.000000
vt -1.978316 3.494867 0.000000
vt -1.932578 2.904850 0.000000
vt -1.896401 2.889865 0.000000
vt -1.865335 2.866027 0.000000
vt -1.971401 2.909961 0.000000
vt -2.055291 3.479555 0.000000
vt -2.010223 2.904850 0.000000
vt -2.129610 3.454328 0.000000
vt -2.046401 2.889865 0.000000
vt -2.200000 3.419615 0.000000
vt -2.265257 3.376012 0.000000
vt -2.077467 2.866027 0.000000
vt -2.324264 3.324264 0.000000
vt -2.376012 3.265257 0.000000
vt -2.101304 2.834961 0.000000
vt -2.419615 3.200000 0.000000
vt -2.454328 3.129610 0.000000
vt -2.479555 3.055291 0.000000
vt -2.116289 2.798784 0.000000
vt -2.494867 2.978316 0.000000
vt -2.500000 2.900000 0.000000
vt -2.500000 -3.500000 0.000000
vt -2.244882 -1.949675 0.000000
vt -2.229739 -1.901411 0.000000
vt -2.205191 -1.857183 0.000000
vt 2.500000 -3.500000 0.000000
vt 1.913174 -3.234438 0.000000
vt -1.889901 -3.224451 0.000000
vt -1.937337 -3.242019 0.000000
vt 2.500000 -1.463273 0.000000
vt 2.238535 -2.074841 0.000000
vt 2.238535 -2.925159 0.000000
vt 2.248717 -2.974708 0.000000
vt 1.676207 -1.463273 0.000000
vt 2.012662 -1.750321 0.000000
vt 2.062663 -1.757981 0.000000
vt 2.110099 -1.775549 0.000000
vt 1.679954 -1.334033 0.000000
vt 1.148657 -1.405560 0.000000
vt 1.137932 -1.516162 0.000000
vt 1.116583 -1.625213 0.000000
vt 1.148657 -1.294440 0.000000
vt 1.673751 -1.204887 0.000000
vt 1.657635 -1.076601 0.000000
vt 1.137932 -1.183838 0.000000
vt 1.631701 -0.949934 0.000000
vt 1.116583 -1.074787 0.000000
vt 1.596103 -0.825637 0.000000
vt 1.551051 -0.704445 0.000000
vt 1.084809 -0.968306 0.000000
vt 1.496813 -0.587077 0.000000
vt 1.042906 -0.865389 0.000000
vt 1.433709 -0.474228 0.000000
vt 1.362115 -0.366565 0.000000
vt 0.991265 -0.766996 0.000000
vt 1.282452 -0.264728 0.000000
vt 0.930370 -0.674047 0.000000
vt 1.195194 -0.169318 0.000000
vt 0.860787 -0.587409 0.000000
vt 1.100857 -0.080900 0.000000
vt 0.783168 -0.507891 0.000000
vt -2.244882 -3.050325 0.000000
vt -2.250000 -3.000000 0.000000
vt -2.244882 -2.949675 0.000000
vt -2.244882 -2.050325 0.000000
vt -2.229739 -2.901411 0.000000
vt -2.229739 -2.098589 0.000000
vt -2.205191 -2.142817 0.000000
vt -2.205191 -2.857183 0.000000
vt -2.172242 -2.181198 0.000000
vt -2.172242 -2.818802 0.000000
vt -2.132241 -2.212161 0.000000
vt -2.132241 -2.787839 0.000000
vt -2.086826 -2.234438 0.000000
vt -2.086826 -2.765562 0.000000
vt -2.037857 -2.247117 0.000000
vt -2.037857 -2.752883 0.000000
vt -1.987338 -2.249679 0.000000
vt -1.987338 -2.750321 0.000000
vt -1.937337 -2.242019 0.000000
vt -1.937337 -2.757981 0.000000
vt -1.889901 -2.224451 0.000000
vt -1.889901 -2.775549 0.000000
vt -1.846974 -2.197694 0.000000
vt -1.846974 -2.802306 0.000000
vt -1.810310 -2.162843 0.000000
vt -1.810310 -2.837157 0.000000
vt -1.781413 -2.121325 0.000000
vt -1.781413 -2.878675 0.000000
vt -0.961941 -1.980214 0.000000
vt -1.761465 -2.925159 0.000000
vt -0.896626 -2.070113 0.000000
vt -0.822939 -2.153288 0.000000
vt -1.751283 -2.974708 0.000000
vt -0.741569 -2.228963 0.000000
vt -1.751283 -3.025292 0.000000
vt -0.653274 -2.296431 0.000000
vt -1.761465 -3.074841 0.000000
vt -0.558881 -2.355063 0.000000
vt -0.459269 -2.404311 0.000000
vt -1.781413 -3.121325 0.000000
vt -0.355370 -2.443715 0.000000
vt -0.248152 -2.472907 0.000000
vt -1.810310 -3.162843 0.000000
vt -0.138617 -2.491615 0.000000
vt -0.027788 -2.499664 0.000000
vt -1.846974 -3.197694 0.000000
vt 1.827758 -3.181198 0.000000
vt 1.867759 -3.212161 0.000000
vt -1.987338 -3.249679 0.000000
vt -2.037857 -3.247117 0.000000
vt -2.086826 -3.234438 0.000000
vt -2.132241 -3.212161 0.000000
vt -2.172242 -3.181198 0.000000
vt -2.205191 -3.142817 0.000000
vt -2.229739 -3.098589 0.000000
vt -2.116289 2.721138 0.000000
vt -2.121401 2.759961 0.000000
vt -1.841497 2.834961 0.000000
vt -0.961941 -0.719786 0.000000
vt -2.010223 2.615072 0.000000
vt -1.018274 -0.815568 0.000000
vt -2.037857 -1.752883 0.000000
vt -1.065101 -0.916341 0.000000
vt -1.987338 -1.750321 0.000000
vt -1.101983 -1.021162 0.000000
vt -1.937337 -1.757981 0.000000
vt -1.128576 -1.129054 0.000000
vt -1.889901 -1.775549 0.000000
vt -1.144631 -1.239009 0.000000
vt -1.846974 -1.802306 0.000000
vt -1.150000 -1.350000 0.000000
vt -1.810310 -1.837157 0.000000
vt -1.144631 -1.460991 0.000000
vt -1.781413 -1.878675 0.000000
vt -1.128576 -1.570946 0.000000
vt -1.761465 -1.925159 0.000000
vt -1.101983 -1.678838 0.000000
vt -1.751283 -1.974708 0.000000
vt -1.065101 -1.783659 0.000000
vt -1.751283 -2.025292 0.000000
vt -1.018274 -1.884432 0.000000
vt -1.761465 -2.074841 0.000000
vt -2.086826 -1.765562 0.000000
vt -2.046401 2.630057 0.000000
vt -2.132241 -1.787839 0.000000
vt -2.077467 2.653895 0.000000
vt -2.101304 2.684961 0.000000
vt 1.755118 -1.949675 0.000000
vt 1.084809 -1.731694 0.000000
vt 1.750000 -2.000000 0.000000
vt 1.042906 -1.834611 0.000000
vt 1.755118 -2.050325 0.000000
vt 0.991265 -1.933004 0.000000
vt 1.770261 -2.098589 0.000000
vt 0.930370 -2.025953 0.000000
vt 1.770261 -2.901411 0.000000
vt 1.755118 -2.949675 0.000000
vt 0.860787 -2.112591 0.000000
vt 0.783168 -2.192109 0.000000
vt 1.770261 -1.901411 0.000000
vt 1.794809 -1.857183 0.000000
vt 1.827758 -1.818802 0.000000
vt 1.867759 -1.787839 0.000000
vt 1.913174 -1.765562 0.000000
vt 1.962143 -1.752883 0.000000
vt 2.153027 -1.802306 0.000000
vt 2.189690 -1.837157 0.000000
vt 2.218587 -1.878675 0.000000
vt 2.238535 -1.925159 0.000000
vt 2.248717 -1.974708 0.000000
vt 2.248717 -2.025292 0.000000
vt 2.218587 -2.878675 0.000000
vt 2.218587 -2.121326 0.000000
vt 2.189690 -2.162843 0.000000
vt 2.189690 -2.837157 0.000000
vt 2.153027 -2.197694 0.000000
vt 2.153027 -2.802306 0.000000
vt 2.110099 -2.224451 0.000000
vt 2.110099 -2.775549 0.000000
vt 2.062663 -2.242019 0.000000
vt 2.062663 -2.757981 0.000000
vt 2.012662 -2.249679 0.000000
vt 2.012662 -2.750321 0.000000
vt 1.962143 -2.752883 0.000000
vt 1.962143 -2.247117 0.000000
vt 1.913174 -2.765562 0.000000
vt 1.913174 -2.234438 0.000000
vt 1.867759 -2.787839 0.000000
vt 1.867759 -2.212161 0.000000
vt 1.827758 -2.818802 0.000000
vt 1.827758 -2.181198 0.000000
vt 1.794809 -2.857183 0.000000
vt 1.794809 -2.142817 0.000000
vt -2.250000 -2.000000 0.000000
vt -2.172242 -1.818802 0.000000
vt 1.750000 -3.000000 0.000000
vt 0.698237 -2.263764 0.000000
vt 1.755118 -3.050325 0.000000
vt 0.606786 -2.326888 0.000000
vt 0.509670 -2.380891 0.000000
vt 2.248717 -3.025292 0.000000
vt 2.238535 -3.074841 0.000000
vt 2.218587 -3.121326 0.000000
vt 2.189690 -3.162843 0.000000
vt 2.153027 -3.197694 0.000000
vt 2.110099 -3.224451 0.000000
vt 2.062663 -3.242019 0.000000
vt 2.012662 -3.249679 0.000000
vt 1.962143 -3.247117 0.000000
vt 1.794809 -3.142817 0.000000
vt 0.193611 -2.483585 0.000000
vt 0.083300 -2.496979 0.000000
vt 1.770261 -3.098589 0.000000
vt 0.407796 -2.425269 0.000000
vt 0.302113 -2.459607 0.000000
vt 0.600000 0.000000 0.000000
vt 2.900000 0.000000 0.000000
vt 0.600000 0.500000 0.000000
vt 2.900000 0.500000 0.000000
vt -0.000000 0.471239 0.000000
vt -0.500000 0.471239 0.000000
vt -0.000000 0.392699 0.000000
vt -0.500000 0.392699 0.000000
vt -0.000000 0.314159 0.000000
vt -0.500000 0.314159 0.000000
vt -0.000000 0.235619 0.000000
vt -0.500000 0.235619 0.000000
vt -0.000000 0.157080 0.000000
vt -0.500000 0.157080 0.000000
vt -0.000000 0.078540 0.000000
vt -0.500000 0.078540 0.000000
vt -0.000000 -0.000000 0.000000
vt -0.500000 -0.000000 0.000000
vt -0.000000 -0.078540 0.000000
vt -0.500000 -0.078540 0.000000
vt -0.000000 -0.157080 0.000000
vt -0.500000 -0.157080 0.000000
vt -0.000000 -0.235619 0.000000
vt -0.500000 -0.235619 0.000000
vt -0.000000 -0.314159 0.000000
vt -0.500000 -0.314159 0.000000
vt -0.000000 -0.392699 0.000000
vt -0.500000 -0.392699 0.000000
vt -0.000000 -0.471239 0.000000
vt -0.500000 -0.471239 0.000000
vt -0.000000 -5.164610 0.000000
vt -0.500000 -5.164610 0.000000
vt -0.000000 -5.293937 0.000000
vt -0.500000 -5.293937 0.000000
vt -0.000000 -5.423263 0.000000
vt -0.500000 -5.423263 0.000000
vt 0.000000 -5.552589 0.000000
vt -0.500000 -5.552589 0.000000
vt -0.000000 -5.681916 0.000000
vt -0.500000 -5.681916 0.000000
vt -0.000000 -5.811242 0.000000
vt -0.500000 -5.811242 0.000000
vt -0.000000 -5.940568 0.000000
vt -0.500000 -5.940568 0.000000
vt -0.000000 -6.069895 0.000000
vt -0.500000 -6.069895 0.000000
vt -0.000000 -6.199221 0.000000
vt -0.500000 -6.199221 0.000000
vt -0.000000 -6.328547 0.000000
vt -0.500000 -6.328547 0.000000
vt -0.000000 -6.457874 0.000000
vt -0.500000 -6.457874 0.000000
vt -0.000000 -6.587200 0.000000
vt -0.500000 -6.587200 0.000000
vt -0.000000 -6.716526 0.000000
vt -0.500000 -6.716526 0.000000
vt -0.000000 -6.845853 0.000000
vt -0.500000 -6.845853 0.000000
vt -0.000000 0.500000 0.000000
vt -0.823793 0.500000 0.000000
vt 0.000000 0.000000 0.000000
vt -0.823793 0.000000 0.000000
vt -2.900000 0.000000 0.000000
vt -0.000000 0.000000 0.000000
vt -2.900000 0.500000 0.000000
vt -0.000000 0.500000 0.000000
vt 0.500000 -1.413717 0.000000
vt 0.000000 -1.413717 0.000000
vt 0.500000 -1.481037 0.000000
vt 0.000000 -1.481037 0.000000
vt 0.500000 -1.548356 0.000000
vt -0.000000 -1.548356 0.000000
vt 0.500000 -1.615676 0.000000
vt 0.000000 -1.615676 0.000000
vt 0.500000 -1.682996 0.000000
vt 0.000000 -1.682996 0.000000
vt 0.500000 -1.750316 0.000000
vt -0.000000 -1.750316 0.000000
vt 0.500000 -1.817636 0.000000
vt -0.000000 -1.817636 0.000000
vt 0.500000 -1.884956 0.000000
vt -0.000000 -1.884956 0.000000
vt 0.500000 -1.952275 0.000000
vt 0.000000 -1.952275 0.000000
vt 0.500000 -2.019595 0.000000
vt 0.000000 -2.019595 0.000000
vt 0.500000 -2.086915 0.000000
vt 0.000000 -2.086915 0.000000
vt 0.500000 -2.154235 0.000000
vt 0.000000 -2.154235 0.000000
vt 0.500000 -2.221555 0.000000
vt 0.000000 -2.221555 0.000000
vt 0.500000 -2.288875 0.000000
vt 0.000000 -2.288875 0.000000
vt 0.500000 -2.356194 0.000000
vt -0.000000 -2.356194 0.000000
vt 0.500000 -2.423514 0.000000
vt -0.000000 -2.423514 0.000000
vt 0.500000 -2.490834 0.000000
vt -0.000000 -2.490834 0.000000
vt 0.500000 -2.558154 0.000000
vt 0.000000 -2.558154 0.000000
vt 0.500000 -2.625474 0.000000
vt 0.000000 -2.625474 0.000000
vt 0.500000 -2.692794 0.000000
vt -0.000000 -2.692794 0.000000
vt 0.500000 -2.760114 0.000000
vt 0.000000 -2.760114 0.000000
vt 0.500000 -2.827433 0.000000
vt 0.000000 -2.827433 0.000000
vt -0.000000 0.000000 0.000000
vt 2.453694 0.000000 0.000000
vt 0.000000 0.500000 0.000000
vt 2.453694 0.500000 0.000000
vt 0.500000 -1.413717 0.000000
vt 0.000000 -1.413717 0.000000
vt 0.500000 -1.481037 0.000000
vt 0.000000 -1.481037 0.000000
vt 0.500000 -1.548356 0.000000
vt -0.000000 -1.548356 0.000000
vt 0.500000 -1.615676 0.000000
vt 0.000000 -1.615676 0.000000
vt 0.500000 -1.682996 0.000000
vt 0.000000 -1.682996 0.000000
vt 0.500000 -1.750316 0.000000
vt 0.000000 -1.750316 0.000000
vt 0.500000 -1.817636 0.000000
vt -0.000000 -1.817636 0.000000
vt 0.500000 -1.884956 0.000000
vt -0.000000 -1.884956 0.000000
vt 0.500000 -1.952275 0.000000
vt 0.000000 -1.952275 0.000000
vt 0.500000 -2.019595 0.000000
vt 0.000000 -2.019595 0.000000
vt 0.500000 -2.086915 0.000000
vt 0.000000 -2.086915 0.000000
vt 0.500000 -2.154235 0.000000
vt 0.000000 -2.154235 0.000000
vt 0.500000 -2.221555 0.000000
vt 0.000000 -2.221555 0.000000
vt 0.500000 -2.288875 0.000000
vt 0.000000 -2.288875 0.000000
vt 0.500000 -2.356194 0.000000
vt 0.000000 -2.356194 0.000000
vt 0.500000 -2.423514 0.000000
vt -0.000000 -2.423514 0.000000
vt 0.500000 -2.490834 0.000000
vt -0.000000 -2.490834 0.000000
vt 0.500000 -2.558154 0.000000
vt 0.000000 -2.558154 0.000000
vt 0.500000 -2.625474 0.000000
vt 0.000000 -2.625474 0.000000
vt 0.500000 -2.692794 0.000000
vt 0.000000 -2.692794 0.000000
vt 0.500000 -2.760114 0.000000
vt 0.000000 -2.760114 0.000000
vt 0.500000 -2.827433 0.000000
vt 0.000000 -2.827433 0.000000
vt -0.000000 0.000000 0.000000
vt 2.453694 0.000000 0.000000
vt 0.000000 0.500000 0.000000
vt 2.453694 0.500000 0.000000
vt 0.500000 -0.734727 0.000000
vt 0.000000 -0.734727 0.000000
vt 0.500000 -0.785398 0.000000
vt 0.000000 -0.785398 0.000000
vt 0.500000 0.785398 0.000000
vt 0.000000 0.785398 0.000000
vt 0.500000 0.734727 0.000000
vt 0.000000 0.734727 0.000000
vt -0.000000 0.684056 0.000000
vt 0.500000 -0.684056 0.000000
vt -0.000000 -0.684056 0.000000
vt 0.500000 -0.633386 0.000000
vt 0.000000 -0.633386 0.000000
vt 0.500000 -0.582715 0.000000
vt -0.000000 -0.582715 0.000000
vt 0.500000 -0.532044 0.000000
vt -0.000000 -0.532044 0.000000
vt 0.500000 -0.481373 0.000000
vt -0.000000 -0.481373 0.000000
vt 0.500000 -0.430702 0.000000
vt -0.000000 -0.430702 0.000000
vt 0.500000 -0.380031 0.000000
vt -0.000000 -0.380031 0.000000
vt 0.500000 -0.329361 0.000000
vt -0.000000 -0.329361 0.000000
vt 0.500000 -0.278690 0.000000
vt -0.000000 -0.278690 0.000000
vt 0.500000 -0.228019 0.000000
vt 0.000000 -0.228019 0.000000
vt 0.500000 -0.177348 0.000000
vt 0.000000 -0.177348 0.000000
vt 0.500000 -0.126677 0.000000
vt 0.000000 -0.126677 0.000000
vt 0.500000 -0.076006 0.000000
vt -0.000000 -0.076006 0.000000
vt 0.500000 -0.025335 0.000000
vt 0.000000 -0.025335 0.000000
vt 0.500000 0.025335 0.000000
vt 0.000000 0.025335 0.000000
vt 0.500000 0.076006 0.000000
vt -0.000000 0.076006 0.000000
vt 0.500000 0.126677 0.000000
vt 0.000000 0.126677 0.000000
vt 0.500000 0.177348 0.000000
vt 0.000000 0.177348 0.000000
vt 0.500000 0.228019 0.000000
vt -0.000000 0.228019 0.000000
vt 0.500000 0.278690 0.000000
vt 0.000000 0.278690 0.000000
vt 0.500000 0.329361 0.000000
vt -0.000000 0.329361 0.000000
vt 0.500000 0.380031 0.000000
vt -0.000000 0.380031 0.000000
vt 0.500000 0.430702 0.000000
vt -0.000000 0.430702 0.000000
vt 0.500000 0.481373 0.000000
vt 0.000000 0.481373 0.000000
vt 0.500000 0.532044 0.000000
vt -0.000000 0.532044 0.000000
vt 0.500000 0.582715 0.000000
vt -0.000000 0.582715 0.000000
vt 0.500000 0.633386 0.000000
vt 0.000000 0.633386 0.000000
vt 0.500000 0.684056 0.000000
vt 0.500000 -0.431969 0.000000
vt 0.000000 -0.431969 0.000000
vt 0.500000 -0.471239 0.000000
vt 0.000000 -0.471239 0.000000
vt 0.500000 0.471239 0.000000
vt 0.000000 0.471239 0.000000
vt 0.500000 0.431969 0.000000
vt 0.000000 0.431969 0.000000
vt 0.500000 0.392699 0.000000
vt -0.000000 0.392699 0.000000
vt 0.500000 0.353429 0.000000
vt -0.000000 0.353429 0.000000
vt 0.500000 0.314159 0.000000
vt -0.000000 0.314159 0.000000
vt 0.500000 0.274889 0.000000
vt 0.000000 0.274889 0.000000
vt 0.500000 0.235619 0.000000
vt -0.000000 0.235619 0.000000
vt 0.500000 0.196350 0.000000
vt 0.000000 0.196350 0.000000
vt 0.500000 0.157080 0.000000
vt 0.000000 0.157080 0.000000
vt 0.500000 0.117810 0.000000
vt -0.000000 0.117810 0.000000
vt 0.500000 0.078540 0.000000
vt -0.000000 0.078540 0.000000
vt 0.500000 0.039270 0.000000
vt 0.000000 0.039270 0.000000
vt 0.500000 0.000000 0.000000
vt 0.000000 0.000000 0.000000
vt 0.500000 -0.039270 0.000000
vt 0.000000 -0.039270 0.000000
vt 0.500000 -0.078540 0.000000
vt -0.000000 -0.078540 0.000000
vt 0.500000 -0.117810 0.000000
vt -0.000000 -0.117810 0.000000
vt 0.500000 -0.157080 0.000000
vt -0.000000 -0.157080 0.000000
vt 0.500000 -0.196350 0.000000
vt 0.000000 -0.196350 0.000000
vt 0.500000 -0.235619 0.000000
vt -0.000000 -0.235619 0.000000
vt 0.500000 -0.274889 0.000000
vt 0.000000 -0.274889 0.000000
vt 0.500000 -0.314159 0.000000
vt -0.000000 -0.314159 0.000000
vt 0.500000 -0.353429 0.000000
vt -0.000000 -0.353429 0.000000
vt 0.500000 -0.392699 0.000000
vt -0.000000 -0.392699 0.000000
vt 0.500000 -0.734727 0.000000
vt 0.000000 -0.734727 0.000000
vt 0.500000 -0.785398 0.000000
vt 0.000000 -0.785398 0.000000
vt 0.500000 0.785398 0.000000
vt 0.000000 0.785398 0.000000
vt 0.500000 0.734727 0.000000
vt 0.000000 0.734727 0.000000
vt 0.000000 0.684056 0.000000
vt 0.500000 -0.684056 0.000000
vt 0.000000 -0.684056 0.000000
vt 0.500000 -0.633386 0.000000
vt 0.000000 -0.633386 0.000000
vt 0.500000 -0.582715 0.000000
vt 0.000000 -0.582715 0.000000
vt 0.500000 -0.532044 0.000000
vt -0.000000 -0.532044 0.000000
vt 0.500000 -0.481373 0.000000
vt 0.000000 -0.481373 0.000000
vt 0.500000 -0.430702 0.000000
vt -0.000000 -0.430702 0.000000
vt 0.500000 -0.380031 0.000000
vt -0.000000 -0.380031 0.000000
vt 0.500000 -0.329361 0.000000
vt -0.000000 -0.329361 0.000000
vt 0.500000 -0.278690 0.000000
vt -0.000000 -0.278690 0.000000
vt 0.500000 -0.228019 0.000000
vt 0.000000 -0.228019 0.000000
vt 0.500000 -0.177348 0.000000
vt 0.000000 -0.177348 0.000000
vt 0.500000 -0.126677 0.000000
vt 0.000000 -0.126677 0.000000
vt 0.500000 -0.076006 0.000000
vt -0.000000 -0.076006 0.000000
vt 0.500000 -0.025335 0.000000
vt -0.000000 -0.025335 0.000000
vt 0.500000 0.025335 0.000000
vt -0.000000 0.025335 0.000000
vt 0.500000 0.076006 0.000000
vt -0.000000 0.076006 0.000000
vt 0.500000 0.126677 0.000000
vt 0.000000 0.126677 0.000000
vt 0.500000 0.177348 0.000000
vt -0.000000 0.177348 0.000000
vt 0.500000 0.228019 0.000000
vt 0.000000 0.228019 0.000000
vt 0.500000 0.278690 0.000000
vt -0.000000 0.278690 0.000000
vt 0.500000 0.329361 0.000000
vt 0.000000 0.329361 0.000000
vt 0.500000 0.380031 0.000000
vt 0.000000 0.380031 0.000000
vt 0.500000 0.430702 0.000000
vt 0.000000 0.430702 0.000000
vt 0.500000 0.481373 0.000000
vt 0.000000 0.481373 0.000000
vt 0.500000 0.532044 0.000000
vt -0.000000 0.532044 0.000000
vt 0.500000 0.582715 0.000000
vt 0.000000 0.582715 0.000000
vt 0.500000 0.633386 0.000000
vt -0.000000 0.633386 0.000000
vt 0.500000 0.684056 0.000000
vt 0.500000 -0.734727 0.000000
vt 0.000000 -0.734727 0.000000
vt 0.500000 -0.785398 0.000000
vt 0.000000 -0.785398 0.000000
vt 0.500000 0.785398 0.000000
vt 0.000000 0.785398 0.000000
vt 0.500000 0.734727 0.000000
vt 0.000000 0.734727 0.000000
vt -0.000000 0.684056 0.000000
vt 0.500000 -0.684056 0.000000
vt -0.000000 -0.684056 0.000000
vt 0.500000 -0.633386 0.000000
vt 0.000000 -0.633386 0.000000
vt 0.500000 -0.582715 0.000000
vt -0.000000 -0.582715 0.000000
vt 0.500000 -0.532044 0.000000
vt -0.000000 -0.532044 0.000000
vt 0.500000 -0.481373 0.000000
vt -0.000000 -0.481373 0.000000
vt 0.500000 -0.430702 0.000000
vt -0.000000 -0.430702 0.000000
vt 0.500000 -0.380031 0.000000
vt -0.000000 -0.380031 0.000000
vt 0.500000 -0.329361 0.000000
vt -0.000000 -0.329361 0.000000
vt 0.500000 -0.278690 0.000000
vt -0.000000 -0.278690 0.000000
vt 0.500000 -0.228019 0.000000
vt 0.000000 -0.228019 0.000000
vt 0.500000 -0.177348 0.000000
vt 0.000000 -0.177348 0.000000
vt 0.500000 -0.126677 0.000000
vt 0.000000 -0.126677 0.000000
vt 0.500000 -0.076006 0.000000
vt -0.000000 -0.076006 0.000000
vt 0.500000 -0.025335 0.000000
vt 0.000000 -0.025335 0.000000
vt 0.500000 0.025335 0.000000
vt 0.000000 0.025335 0.000000
vt 0.500000 0.076006 0.000000
vt -0.000000 0.076006 0.000000
vt 0.500000 0.126677 0.000000
vt -0.000000 0.126677 0.000000
vt 0.500000 0.177348 0.000000
vt -0.000000 0.177348 0.000000
vt 0.500000 0.228019 0.000000
vt -0.000000 0.228019 0.000000
vt 0.500000 0.278690 0.000000
vt 0.000000 0.278690 0.000000
vt 0.500000 0.329361 0.000000
vt 0.000000 0.329361 0.000000
vt 0.500000 0.380031 0.000000
vt 0.000000 0.380031 0.000000
vt 0.500000 0.430702 0.000000
vt 0.000000 0.430702 0.000000
vt 0.500000 0.481373 0.000000
vt 0.000000 0.481373 0.000000
vt 0.500000 0.532044 0.000000
vt -0.000000 0.532044 0.000000
vt 0.500000 0.582715 0.000000
vt -0.000000 0.582715 0.000000
vt 0.500000 0.633386 0.000000
vt -0.000000 0.633386 0.000000
vt 0.500000 0.684056 0.000000
vt 0.500000 -0.734727 0.000000
vt 0.000000 -0.734727 0.000000
vt 0.500000 -0.785398 0.000000
vt 0.000000 -0.785398 0.000000
vt 0.500000 0.785398 0.000000
vt 0.000000 0.785398 0.000000
vt 0.500000 0.734727 0.000000
vt 0.000000 0.734727 0.000000
vt 0.000000 0.684056 0.000000
vt 0.500000 -0.684056 0.000000
vt 0.000000 -0.684056 0.000000
vt 0.500000 -0.633386 0.000000
vt 0.000000 -0.633386 0.000000
vt 0.500000 -0.582715 0.000000
vt 0.000000 -0.582715 0.000000
vt 0.500000 -0.532044 0.000000
vt -0.000000 -0.532044 0.000000
vt 0.500000 -0.481373 0.000000
vt 0.000000 -0.481373 0.000000
vt 0.500000 -0.430702 0.000000
vt -0.000000 -0.430702 0.000000
vt 0.500000 -0.380031 0.000000
vt -0.000000 -0.380031 0.000000
vt 0.500000 -0.329361 0.000000
vt -0.000000 -0.329361 0.000000
vt 0.500000 -0.278690 0.000000
vt -0.000000 -0.278690 0.000000
vt 0.500000 -0.228019 0.000000
vt 0.000000 -0.228019 0.000000
vt 0.500000 -0.177348 0.000000
vt 0.000000 -0.177348 0.000000
vt 0.500000 -0.126677 0.000000
vt 0.000000 -0.126677 0.000000
vt 0.500000 -0.076006 0.000000
vt -0.000000 -0.076006 0.000000
vt 0.500000 -0.025335 0.000000
vt -0.000000 -0.025335 0.000000
vt 0.500000 0.025335 0.000000
vt -0.000000 0.025335 0.000000
vt 0.500000 0.076006 0.000000
vt -0.000000 0.076006 0.000000
vt 0.500000 0.126677 0.000000
vt 0.000000 0.126677 0.000000
vt 0.500000 0.177348 0.000000
vt 0.000000 0.177348 0.000000
vt 0.500000 0.228019 0.000000
vt 0.000000 0.228019 0.000000
vt 0.500000 0.278690 0.000000
vt 0.000000 0.278690 0.000000
vt 0.500000 0.329361 0.000000
vt -0.000000 0.329361 0.000000
vt 0.500000 0.380031 0.000000
vt -0.000000 0.380031 0.000000
vt 0.500000 0.430702 0.000000
vt -0.000000 0.430702 0.000000
vt 0.500000 0.481373 0.000000
vt 0.000000 0.481373 0.000000
vt 0.500000 0.532044 0.000000
vt -0.000000 0.532044 0.000000
vt 0.500000 0.582715 0.000000
vt 0.000000 0.582715 0.000000
vt 0.500000 0.633386 0.000000
vt 0.000000 0.633386 0.000000
vt 0.500000 0.684056 0.000000
vt 0.500000 -3.501668 0.000000
vt 0.000000 -3.501668 0.000000
vt 0.500000 -3.612832 0.000000
vt 0.000000 -3.612832 0.000000
vt 0.500000 3.612832 0.000000
vt 0.000000 3.612832 0.000000
vt 0.500000 3.501668 0.000000
vt 0.000000 3.501668 0.000000
vt 0.500000 3.390503 0.000000
vt 0.000000 3.390503 0.000000
vt 0.500000 3.279339 0.000000
vt -0.000000 3.279339 0.000000
vt 0.500000 3.168175 0.000000
vt 0.000000 3.168175 0.000000
vt 0.500000 3.057011 0.000000
vt 0.000000 3.057011 0.000000
vt 0.500000 2.945847 0.000000
vt 0.000000 2.945847 0.000000
vt 0.500000 2.834683 0.000000
vt 0.000000 2.834683 0.000000
vt 0.500000 2.723519 0.000000
vt 0.000000 2.723519 0.000000
vt 0.500000 2.612355 0.000000
vt 0.000000 2.612355 0.000000
vt 0.500000 2.501191 0.000000
vt 0.000000 2.501191 0.000000
vt 0.500000 2.390027 0.000000
vt 0.000000 2.390027 0.000000
vt 0.500000 2.278863 0.000000
vt 0.000000 2.278863 0.000000
vt 0.500000 2.167699 0.000000
vt 0.000000 2.167699 0.000000
vt 0.500000 2.056535 0.000000
vt 0.000000 2.056535 0.000000
vt 0.500000 1.945371 0.000000
vt 0.000000 1.945371 0.000000
vt 0.500000 1.834207 0.000000
vt 0.000000 1.834207 0.000000
vt 0.500000 1.723043 0.000000
vt 0.000000 1.723043 0.000000
vt 0.500000 1.611879 0.000000
vt 0.000000 1.611879 0.000000
vt 0.500000 1.500715 0.000000
vt 0.000000 1.500715 0.000000
vt 0.500000 1.389551 0.000000
vt 0.000000 1.389551 0.000000
vt 0.500000 1.278387 0.000000
vt 0.000000 1.278387 0.000000
vt 0.500000 1.167223 0.000000
vt 0.000000 1.167223 0.000000
vt 0.500000 1.056058 0.000000
vt 0.000000 1.056058 0.000000
vt 0.500000 0.944894 0.000000
vt 0.000000 0.944894 0.000000
vt 0.500000 0.833730 0.000000
vt 0.000000 0.833730 0.000000
vt 0.500000 0.722566 0.000000
vt 0.000000 0.722566 0.000000
vt 0.500000 0.611402 0.000000
vt 0.000000 0.611402 0.000000
vt 0.500000 0.500238 0.000000
vt 0.000000 0.500238 0.000000
vt 0.500000 0.389074 0.000000
vt 0.000000 0.389074 0.000000
vt 0.500000 0.277910 0.000000
vt 0.000000 0.277910 0.000000
vt 0.500000 0.166746 0.000000
vt 0.000000 0.166746 0.000000
vt 0.500000 0.055582 0.000000
vt 0.000000 0.055582 0.000000
vt 0.500000 -0.055582 0.000000
vt 0.000000 -0.055582 0.000000
vt 0.500000 -0.166746 0.000000
vt 0.000000 -0.166746 0.000000
vt 0.500000 -0.277910 0.000000
vt 0.000000 -0.277910 0.000000
vt 0.500000 -0.389074 0.000000
vt 0.000000 -0.389074 0.000000
vt 0.500000 -0.500238 0.000000
vt 0.000000 -0.500238 0.000000
vt 0.500000 -0.611402 0.000000
vt 0.000000 -0.611402 0.000000
vt 0.500000 -0.722566 0.000000
vt -0.000000 -0.722566 0.000000
vt 0.500000 -0.833730 0.000000
vt 0.000000 -0.833730 0.000000
vt 0.500000 -0.944894 0.000000
vt 0.000000 -0.944894 0.000000
vt 0.500000 -1.056058 0.000000
vt 0.000000 -1.056058 0.000000
vt 0.500000 -1.167223 0.000000
vt 0.000000 -1.167223 0.000000
vt 0.500000 -1.278387 0.000000
vt 0.000000 -1.278387 0.000000
vt 0.500000 -1.389551 0.000000
vt 0.000000 -1.389551 0.000000
vt 0.500000 -1.500715 0.000000
vt -0.000000 -1.500715 0.000000
vt 0.500000 -1.611879 0.000000
vt 0.000000 -1.611879 0.000000
vt 0.500000 -1.723043 0.000000
vt 0.000000 -1.723043 0.000000
vt 0.500000 -1.834207 0.000000
vt 0.000000 -1.834207 0.000000
vt 0.500000 -1.945371 0.000000
vt 0.000000 -1.945371 0.000000
vt 0.500000 -2.056535 0.000000
vt 0.000000 -2.056535 0.000000
vt 0.500000 -2.167699 0.000000
vt 0.000000 -2.167699 0.000000
vt 0.500000 -2.278863 0.000000
vt 0.000000 -2.278863 0.000000
vt 0.500000 -2.390027 0.000000
vt -0.000000 -2.390027 0.000000
vt 0.500000 -2.501191 0.000000
vt 0.000000 -2.501191 0.000000
vt 0.500000 -2.612355 0.000000
vt 0.000000 -2.612355 0.000000
vt 0.500000 -2.723519 0.000000
vt 0.000000 -2.723519 0.000000
vt 0.500000 -2.834683 0.000000
vt 0.000000 -2.834683 0.000000
vt 0.500000 -2.945847 0.000000
vt 0.000000 -2.945847 0.000000
vt 0.500000 -3.057011 0.000000
vt 0.000000 -3.057011 0.000000
vt 0.500000 -3.168175 0.000000
vt 0.000000 -3.168175 0.000000
vt 0.500000 -3.279339 0.000000
vt -0.000000 -3.279339 0.000000
vt 0.500000 -3.390503 0.000000
vt 0.000000 -3.390503 0.000000
vt 2.036727 0.500000 0.000000
vt 0.000000 0.500000 0.000000
vt 2.036727 0.000000 0.000000
vt 0.000000 0.000000 0.000000
vt 0.000000 0.000000 0.000000
vt 5.000000 0.000000 0.000000
vt -0.000000 0.500000 0.000000
vt 5.000000 0.500000 0.000000
vt 0.600000 0.000000 0.000000
vt 7.000000 0.000000 0.000000
vt 0.600000 0.500000 0.000000
vt 7.000000 0.500000 0.000000
vt -0.478316 3.494867 0.000000
vt -0.332244 3.188932 0.000000
vt -0.400000 3.500000 0.000000
vt -0.282941 3.234679 0.000000
vt -0.227371 3.272566 0.000000
vt -0.374178 3.136349 0.000000
vt -0.555291 3.479555 0.000000
vt -0.407807 3.078102 0.000000
vt -0.629610 3.454328 0.000000
vt -0.432378 3.015495 0.000000
vt -0.700000 3.419615 0.000000
vt -0.765257 3.376012 0.000000
vt -0.447344 2.949924 0.000000
vt -0.824264 3.324264 0.000000
vt -0.876012 3.265257 0.000000
vt -0.919615 3.200000 0.000000
vt -0.452371 2.882855 0.000000
vt -0.954328 3.129610 0.000000
vt -0.979555 3.055291 0.000000
vt -0.994867 2.978316 0.000000
vt -1.000000 2.900000 0.000000
vt -0.452371 0.429161 0.000000
vt -1.000000 0.000000 0.000000
vt -0.447344 0.362092 0.000000
vt -0.432378 0.296521 0.000000
vt -0.407807 0.233913 0.000000
vt -0.606786 -0.373112 0.000000
vt -0.509670 -0.319109 0.000000
vt -1.100857 -0.080900 0.000000
vt -0.783168 -0.507891 0.000000
vt -0.698237 -0.436236 0.000000
vt -0.860787 -0.587409 0.000000
vt -1.195194 -0.169318 0.000000
vt -0.930370 -0.674047 0.000000
vt -1.282452 -0.264728 0.000000
vt -0.991265 -0.766996 0.000000
vt -1.362115 -0.366565 0.000000
vt -1.042906 -0.865389 0.000000
vt -1.433709 -0.474228 0.000000
vt -1.496813 -0.587077 0.000000
vt -1.084809 -0.968306 0.000000
vt -1.551051 -0.704445 0.000000
vt -1.116583 -1.074787 0.000000
vt -1.596103 -0.825637 0.000000
vt -1.631701 -0.949934 0.000000
vt -1.137932 -1.183838 0.000000
vt -1.657635 -1.076601 0.000000
vt -1.148657 -1.294440 0.000000
vt -1.673751 -1.204887 0.000000
vt -1.679954 -1.334033 0.000000
vt -1.148657 -1.405560 0.000000
vt -1.676207 -1.463273 0.000000
vt -1.137932 -1.516162 0.000000
vt -1.116583 -1.625213 0.000000
vt -1.755118 -1.949675 0.000000
vt -1.084809 -1.731694 0.000000
vt -1.750000 -2.000000 0.000000
vt -1.042906 -1.834611 0.000000
vt -1.755118 -2.050325 0.000000
vt -0.991265 -1.933004 0.000000
vt -1.770261 -2.098589 0.000000
vt -0.930370 -2.025953 0.000000
vt -1.770261 -2.901411 0.000000
vt -1.755118 -2.949675 0.000000
vt -2.500000 -1.463273 0.000000
vt -2.012662 -1.750321 0.000000
vt -1.962143 -1.752883 0.000000
vt -1.913174 -1.765562 0.000000
vt -2.500000 -3.500000 0.000000
vt -2.238535 -2.074841 0.000000
vt -2.248717 -2.025292 0.000000
vt -2.248717 -1.974708 0.000000
vt 2.500000 -3.500000 0.000000
vt -1.913174 -3.234438 0.000000
vt -1.962143 -3.247117 0.000000
vt -2.012662 -3.249679 0.000000
vt 2.500000 2.900000 0.000000
vt 2.244882 -1.949675 0.000000
vt 2.250000 -2.000000 0.000000
vt 2.244882 -2.050325 0.000000
vt 2.494867 2.978316 0.000000
vt 2.116289 2.798784 0.000000
vt 2.121401 2.759961 0.000000
vt 2.116289 2.721138 0.000000
vt 2.479555 3.055291 0.000000
vt 2.101304 2.834961 0.000000
vt 2.454328 3.129610 0.000000
vt 2.419615 3.200000 0.000000
vt 2.376012 3.265257 0.000000
vt 2.077467 2.866027 0.000000
vt 2.324264 3.324264 0.000000
vt 2.265257 3.376012 0.000000
vt 2.046401 2.889865 0.000000
vt 2.200000 3.419615 0.000000
vt 2.129610 3.454328 0.000000
vt 2.010223 2.904850 0.000000
vt 2.055291 3.479555 0.000000
vt 1.971401 2.909961 0.000000
vt 1.978316 3.494867 0.000000
vt 1.932578 2.904850 0.000000
vt 1.900000 3.500000 0.000000
vt 1.896401 2.889865 0.000000
vt 1.865335 2.866027 0.000000
vt 1.841497 2.834961 0.000000
vt 1.826512 2.798784 0.000000
vt 0.442603 2.949924 0.000000
vt 0.447629 2.882855 0.000000
vt 0.097764 3.321572 0.000000
vt 0.162033 3.301748 0.000000
vt 0.222629 3.272566 0.000000
vt 1.144631 -1.460991 0.000000
vt 1.810310 -1.837157 0.000000
vt 1.150000 -1.350000 0.000000
vt 1.846974 -1.802306 0.000000
vt 1.144631 -1.239009 0.000000
vt 1.889901 -1.775549 0.000000
vt 1.128576 -1.129054 0.000000
vt 1.937337 -1.757981 0.000000
vt 1.101983 -1.021162 0.000000
vt 1.987338 -1.750321 0.000000
vt 1.065101 -0.916341 0.000000
vt 2.037857 -1.752883 0.000000
vt 1.018274 -0.815568 0.000000
vt 2.010223 2.615072 0.000000
vt 0.961941 -0.719786 0.000000
vt 1.971401 2.609961 0.000000
vt 0.896626 -0.629887 0.000000
vt 1.932578 2.615072 0.000000
vt 0.447629 0.429161 0.000000
vt 1.896401 2.630057 0.000000
vt 1.865335 2.653895 0.000000
vt 1.781413 -1.878675 0.000000
vt 1.128576 -1.570946 0.000000
vt 1.761465 -1.925159 0.000000
vt 1.101983 -1.678838 0.000000
vt 1.751283 -1.974708 0.000000
vt 1.065101 -1.783659 0.000000
vt 1.751283 -2.025292 0.000000
vt 1.018274 -1.884432 0.000000
vt 1.761465 -2.074841 0.000000
vt 0.961941 -1.980214 0.000000
vt 1.781413 -2.121325 0.000000
vt 1.781413 -2.878675 0.000000
vt 1.810310 -2.837157 0.000000
vt 1.761465 -2.925159 0.000000
vt 0.896626 -2.070113 0.000000
vt 0.822939 -2.153288 0.000000
vt 1.751283 -2.974708 0.000000
vt 0.741569 -2.228963 0.000000
vt 1.751283 -3.025292 0.000000
vt 0.653274 -2.296431 0.000000
vt 1.761465 -3.074841 0.000000
vt 0.558881 -2.355063 0.000000
vt 0.459269 -2.404311 0.000000
vt 1.781413 -3.121325 0.000000
vt 0.355370 -2.443715 0.000000
vt 0.248152 -2.472907 0.000000
vt 1.810310 -3.162843 0.000000
vt 0.138617 -2.491615 0.000000
vt 0.027788 -2.499664 0.000000
vt -0.083300 -2.496979 0.000000
vt -1.827758 -3.181198 0.000000
vt 1.846974 -3.197694 0.000000
vt -0.193611 -2.483585 0.000000
vt -1.794809 -3.142817 0.000000
vt -0.302113 -2.459607 0.000000
vt -0.407796 -2.425269 0.000000
vt -1.770261 -3.098589 0.000000
vt -0.509670 -2.380891 0.000000
vt -1.755118 -3.050325 0.000000
vt -0.606786 -2.326888 0.000000
vt -0.698237 -2.263764 0.000000
vt -1.750000 -3.000000 0.000000
vt -0.783168 -2.192109 0.000000
vt -0.860787 -2.112591 0.000000
vt -0.374178 0.175667 0.000000
vt -0.407796 -0.274731 0.000000
vt -0.332244 0.123083 0.000000
vt -0.282941 0.077337 0.000000
vt -0.302113 -0.240393 0.000000
vt -0.227371 0.039450 0.000000
vt -0.193611 -0.216415 0.000000
vt -0.166774 0.010268 0.000000
vt -0.102505 -0.009557 0.000000
vt -0.083300 -0.203021 0.000000
vt -0.035999 -0.019581 0.000000
vt 0.027788 -0.200336 0.000000
vt 0.031258 -0.019581 0.000000
vt 0.097764 -0.009557 0.000000
vt 0.138617 -0.208385 0.000000
vt 0.162033 0.010268 0.000000
vt 0.248152 -0.227093 0.000000
vt 0.222629 0.039450 0.000000
vt 0.278200 0.077337 0.000000
vt 0.355370 -0.256285 0.000000
vt 0.327503 0.123083 0.000000
vt 0.459269 -0.295689 0.000000
vt 0.369437 0.175667 0.000000
vt 0.403065 0.233913 0.000000
vt 0.558881 -0.344937 0.000000
vt 0.427637 0.296521 0.000000
vt 0.653274 -0.403569 0.000000
vt 0.442603 0.362092 0.000000
vt 0.741569 -0.471037 0.000000
vt 0.822939 -0.546712 0.000000
vt -1.867759 -3.212161 0.000000
vt 1.889901 -3.224451 0.000000
vt -2.062663 -3.242019 0.000000
vt -2.110099 -3.224451 0.000000
vt -2.153027 -3.197694 0.000000
vt -2.189690 -3.162843 0.000000
vt -2.218587 -3.121326 0.000000
vt -2.238535 -3.074841 0.000000
vt -2.248717 -3.025292 0.000000
vt -2.248717 -2.974708 0.000000
vt -2.238535 -2.925159 0.000000
vt -2.218587 -2.878675 0.000000
vt -2.218587 -2.121326 0.000000
vt -2.189690 -2.162843 0.000000
vt -2.189690 -2.837157 0.000000
vt -2.153027 -2.197694 0.000000
vt -2.153027 -2.802306 0.000000
vt -2.110099 -2.224451 0.000000
vt -2.110099 -2.775549 0.000000
vt -2.062663 -2.242019 0.000000
vt -2.062663 -2.757981 0.000000
vt -2.012662 -2.249679 0.000000
vt -2.012662 -2.750321 0.000000
vt -1.962143 -2.752883 0.000000
vt -1.962143 -2.247117 0.000000
vt -1.913174 -2.765562 0.000000
vt -1.913174 -2.234438 0.000000
vt -1.867759 -2.787839 0.000000
vt -1.867759 -2.212161 0.000000
vt -1.827758 -2.818802 0.000000
vt -1.827758 -2.181198 0.000000
vt -1.794809 -2.857183 0.000000
vt -1.794809 -2.142817 0.000000
vt 2.229739 -2.098589 0.000000
vt 2.229739 -2.901411 0.000000
vt 2.244882 -2.949675 0.000000
vt 2.250000 -3.000000 0.000000
vt 2.244882 -3.050325 0.000000
vt 2.205191 -2.142817 0.000000
vt 2.205191 -2.857183 0.000000
vt 2.172242 -2.181198 0.000000
vt 2.172242 -2.818802 0.000000
vt 2.132241 -2.212161 0.000000
vt 2.132241 -2.787839 0.000000
vt 2.086826 -2.234438 0.000000
vt 2.086826 -2.765562 0.000000
vt 2.037857 -2.247117 0.000000
vt 2.037857 -2.752883 0.000000
vt 1.987338 -2.249679 0.000000
vt 1.987338 -2.750321 0.000000
vt 1.937337 -2.242019 0.000000
vt 1.937337 -2.757981 0.000000
vt 1.889901 -2.224451 0.000000
vt 1.889901 -2.775549 0.000000
vt 1.846974 -2.197694 0.000000
vt 1.846974 -2.802306 0.000000
vt 1.810310 -2.162843 0.000000
vt 2.086826 -1.765562 0.000000
vt 2.046401 2.630057 0.000000
vt 2.132241 -1.787839 0.000000
vt 2.077467 2.653895 0.000000
vt 2.101304 2.684961 0.000000
vt 2.172242 -1.818802 0.000000
vt 2.205191 -1.857183 0.000000
vt 2.229739 -1.901411 0.000000
vt -2.238535 -1.925159 0.000000
vt -2.218587 -1.878675 0.000000
vt -2.189690 -1.837157 0.000000
vt -2.153027 -1.802306 0.000000
vt -2.110099 -1.775549 0.000000
vt -2.062663 -1.757981 0.000000
vt -1.867759 -1.787839 0.000000
vt -1.827758 -1.818802 0.000000
vt -1.794809 -1.857183 0.000000
vt -1.770261 -1.901411 0.000000
vt 1.841497 2.684961 0.000000
vt 1.826512 2.721138 0.000000
vt 1.821401 2.759961 0.000000
vt 2.229739 -3.098589 0.000000
vt 2.205191 -3.142817 0.000000
vt 2.172242 -3.181198 0.000000
vt 2.132241 -3.212161 0.000000
vt 2.086826 -3.234438 0.000000
vt 2.037857 -3.247117 0.000000
vt 1.987338 -3.249679 0.000000
vt 1.937337 -3.242019 0.000000
vt -0.166774 3.301748 0.000000
vt -0.102505 3.321572 0.000000
vt -0.035999 3.331596 0.000000
vt 0.031258 3.331596 0.000000
vt 0.278200 3.234679 0.000000
vt 0.327503 3.188932 0.000000
vt 0.369437 3.136349 0.000000
vt 0.403065 3.078102 0.000000
vt 0.427637 3.015495 0.000000
vn 0.000000 0.100000 0.000000
vn 0.000000 0.100000 0.000000
vn 0.013053 0.099144 0.000000
vn 0.013053 0.099144 0.000000
vn 0.025882 0.096593 0.000000
vn 0.025882 0.096593 0.000000
vn 0.038268 0.092388 0.000000
vn 0.038268 0.092388 0.000000
vn 0.050000 0.086603 0.000000
vn 0.050000 0.086603 0.000000
vn 0.060876 0.079335 0.000000
vn 0.060876 0.079335 0.000000
vn 0.070711 0.070711 0.000000
vn 0.070711 0.070711 0.000000
vn 0.079335 0.060876 0.000000
vn 0.079335 0.060876 0.000000
vn 0.086603 0.050000 0.000000
vn 0.086603 0.050000 0.000000
vn 0.092388 0.038268 0.000000
vn 0.092388 0.038268 0.000000
vn 0.096593 0.025882 0.000000
vn 0.096593 0.025882 0.000000
vn 0.099144 0.013053 0.000000
vn 0.099144 0.013053 0.000000
vn 0.100000 -0.000000 0.000000
vn 0.100000 -0.000000 0.000000
vn 0.000000 0.000000 0.100000
vn 0.000000 0.000000 0.100000
vn 0.000000 0.000000 0.100000
vn 0.000000 0.000000 0.100000
vn 0.000000 0.000000 0.100000
vn 0.000000 0.000000 0.100000
vn 0.000000 0.000000 0.100000
vn 0.000000 0.000000 0.100000
vn 0.000000 0.000000 0.100000
vn 0.000000 0.000000 0.100000
vn 0.000000 0.000000 0.100000
vn 0.000000 0.000000 0.100000
vn 0.000000 0.000000 0.100000
vn 0.000000 0.000000 0.100000
vn 0.000000 0.000000 0.100000
vn 0.000000 0.000000 0.100000
vn 0.000000 0.000000 0.100000
vn 0.000000 0.000000 0.100000
vn 0.000000 0.000000 0.100000
vn 0.000000 0.000000 0.100000
vn 0.000000 0.000000 0.100000
vn 0.000000 0.000000 0.100000
vn 0.000000 0.000000 0.100000
vn 0.000000 0.000000 0.100000
vn 0.000000 0.000000 0.100000
vn 0.000000 0.000000 0.100000
vn 0.000000 0.000000 0.100000
vn 0.000000 0.000000 0.100000
vn 0.000000 0.000000 0.100000
vn 0.000000 0.000000 0.100000
vn 0.000000 0.000000 0.100000
vn 0.000000 0.000000 0.100000
vn 0.000000 0.000000 0.100000
vn 0.000000 0.000000 0.100000
vn 0.000000 0.000000 0.100000
vn 0.000000 0.000000 0.100000
vn 0.000000 0.000000 0.100000
vn 0.000000 0.000000 0.100000
vn 0.000000 0.000000 0.100000
vn 0.000000 0.000000 0.100000
vn 0.000000 0.000000 0.100000
vn 0.000000 0.000000 0.100000
vn 0.000000 0.000000 0.100000
vn 0.000000 0.000000 0.100000
vn 0.000000 0.000000 0.100000
vn 0.000000 0.000000 0.100000
vn 0.000000 0.000000 0.100000
vn 0.000000 0.000000 0.100000
vn 0.000000 0.000000 0.100000
vn 0.000000 0.000000 0.100000
vn 0.000000 0.000000 0.100000
vn 0.000000 0.000000 0.100000
vn 0.000000 0.000000 0.100000
vn 0.000000 0.000000 0.100000
vn 0.000000 0.000000 0.100000
vn 0.000000 0.000000 0.100000
vn 0.000000 0.000000 0.100000
vn 0.000000 0.000000 0.100000
vn 0.000000 0.000000 0.100000
vn 0.000000 0.000000 0.100000
vn 0.000000 0.000000 0.100000
vn 0.000000 0.000000 0.100000
vn 0.000000 0.000000 0.100000
vn 0.000000 0.000000 0.100000
vn 0.000000 0.000000 0.100000
vn 0.000000 0.000000 0.100000
vn 0.000000 0.000000 0.100000
vn 0.000000 0.000000 0.100000
vn 0.000000 0.000000 0.100000
vn 0.000000 0.000000 0.100000
vn 0.000000 0.000000 0.100000
vn 0.000000 0.000000 0.100000
vn 0.000000 0.000000 0.100000
vn 0.000000 0.000000 0.100000
vn 0.000000 0.000000 0.100000
vn 0.000000 0.000000 0.100000
vn 0.000000 0.000000 0.100000
vn 0.000000 0.000000 0.100000
vn 0.000000 0.000000 0.100000
vn 0.000000 0.000000 0.100000
vn 0.000000 0.000000 0.100000
vn 0.000000 0.000000 0.100000
vn 0.000000 0.000000 0.100000
vn 0.000000 0.000000 0.100000
vn 0.000000 0.000000 0.100000
vn 0.000000 0.000000 0.100000
vn 0.000000 0.000000 0.100000
vn 0.000000 0.000000 0.100000
vn 0.000000 0.000000 0.100000
vn 0.000000 0.000000 0.100000
vn 0.000000 0.000000 0.100000
vn 0.000000 0.000000 0.100000
vn 0.000000 0.000000 0.100000
vn 0.000000 0.000000 0.100000
vn 0.000000 0.000000 0.100000
vn 0.000000 0.000000 0.100000
vn 0.000000 0.000000 0.100000
vn 0.000000 0.000000 0.100000
vn 0.000000 0.000000 0.100000
vn 0.000000 0.000000 0.100000
vn 0.000000 0.000000 0.100000
vn 0.000000 0.000000 0.100000
vn 0.000000 0.000000 0.100000
vn 0.000000 0.000000 0.100000
vn 0.000000 0.000000 0.100000
vn 0.000000 0.000000 0.100000
vn 0.000000 0.000000 0.100000
vn 0.000000 0.000000 0.100000
vn 0.000000 0.000000 0.100000
vn 0.000000 0.000000 0.100000
vn 0.000000 0.000000 0.100000
vn 0.000000 0.000000 0.100000
vn 0.000000 0.000000 0.100000
vn 0.000000 0.000000 0.100000
vn 0.000000 0.000000 0.100000
vn 0.000000 0.000000 0.100000
vn 0.000000 0.000000 0.100000
vn 0.000000 0.000000 0.100000
vn 0.000000 0.000000 0.100000
vn 0.000000 0.000000 0.100000
vn 0.000000 0.000000 0.100000
vn 0.000000 0.000000 0.100000
vn 0.000000 0.000000 0.100000
vn 0.000000 0.000000 0.100000
vn 0.000000 0.000000 0.100000
vn 0.000000 0.000000 0.100000
vn 0.000000 0.000000 0.100000
vn 0.000000 0.000000 0.100000
vn 0.000000 0.000000 0.100000
vn 0.000000 0.000000 0.100000
vn 0.000000 0.000000 0.100000
vn 0.000000 0.000000 0.100000
vn 0.000000 0.000000 0.100000
vn 0.000000 0.000000 0.100000
vn 0.000000 0.000000 0.100000
vn 0.000000 0.000000 0.100000
vn 0.000000 0.000000 0.100000
vn 0.000000 0.000000 0.100000
vn 0.000000 0.000000 0.100000
vn 0.000000 0.000000 0.100000
vn 0.000000 0.000000 0.100000
vn 0.000000 0.000000 0.100000
vn 0.000000 0.000000 0.100000
vn 0.000000 0.000000 0.100000
vn 0.000000 0.000000 0.100000
vn 0.000000 0.000000 0.100000
vn 0.000000 0.000000 0.100000
vn 0.000000 0.000000 0.100000
vn 0.000000 0.000000 0.100000
vn 0.000000 0.000000 0.100000
vn 0.000000 0.000000 0.100000
vn 0.000000 0.000000 0.100000
vn 0.000000 0.000000 0.100000
vn 0.000000 0.000000 0.100000
vn 0.000000 0.000000 0.100000
vn 0.000000 0.000000 0.100000
vn 0.000000 0.000000 0.100000
vn 0.000000 0.000000 0.100000
vn 0.000000 0.000000 0.100000
vn 0.000000 0.000000 0.100000
vn 0.000000 0.000000 0.100000
vn 0.000000 0.000000 0.100000
vn 0.000000 0.000000 0.100000
vn 0.000000 0.000000 0.100000
vn 0.000000 0.000000 0.100000
vn 0.000000 0.000000 0.100000
vn 0.000000 0.000000 0.100000
vn 0.000000 0.000000 0.100000
vn 0.000000 0.000000 0.100000
vn 0.000000 0.000000 0.100000
vn 0.000000 0.000000 0.100000
vn 0.000000 0.000000 0.100000
vn 0.000000 0.000000 0.100000
vn 0.000000 0.000000 0.100000
vn 0.000000 0.000000 0.100000
vn 0.000000 0.000000 0.100000
vn 0.000000 0.000000 0.100000
vn 0.000000 0.000000 0.100000
vn 0.000000 0.000000 0.100000
vn 0.000000 0.000000 0.100000
vn 0.000000 0.000000 0.100000
vn 0.000000 0.000000 0.100000
vn 0.000000 0.000000 0.100000
vn 0.000000 0.000000 0.100000
vn 0.000000 0.000000 0.100000
vn 0.000000 0.000000 0.100000
vn 0.000000 0.000000 0.100000
vn 0.000000 0.000000 0.100000
vn 0.000000 0.000000 0.100000
vn 0.000000 0.000000 0.100000
vn 0.000000 0.000000 0.100000
vn 0.000000 0.000000 0.100000
vn 0.000000 0.000000 0.100000
vn 0.000000 0.000000 0.100000
vn 0.000000 0.000000 0.100000
vn 0.000000 0.000000 0.100000
vn 0.000000 0.000000 0.100000
vn 0.000000 0.000000 0.100000
vn 0.000000 0.000000 0.100000
vn 0.000000 0.000000 0.100000
vn 0.000000 0.000000 0.100000
vn 0.000000 0.000000 0.100000
vn 0.000000 0.000000 0.100000
vn 0.000000 0.000000 0.100000
vn 0.000000 0.000000 0.100000
vn 0.000000 0.000000 0.100000
vn 0.000000 0.000000 0.100000
vn 0.000000 0.000000 0.100000
vn 0.000000 0.000000 0.100000
vn 0.000000 0.000000 0.100000
vn 0.000000 0.000000 0.100000
vn 0.000000 0.000000 0.100000
vn 0.000000 0.000000 0.100000
vn 0.000000 0.000000 0.100000
vn 0.000000 0.000000 0.100000
vn 0.000000 0.000000 0.100000
vn 0.000000 0.000000 0.100000
vn 0.000000 0.000000 0.100000
vn 0.000000 0.000000 0.100000
vn 0.000000 0.000000 0.100000
vn 0.000000 0.000000 0.100000
vn 0.000000 0.000000 0.100000
vn 0.000000 0.000000 0.100000
vn 0.000000 0.000000 0.100000
vn 0.000000 0.000000 0.100000
vn 0.000000 0.000000 0.100000
vn 0.000000 0.000000 0.100000
vn 0.000000 0.000000 0.100000
vn 0.000000 0.000000 0.100000
vn 0.000000 0.000000 0.100000
vn 0.000000 0.000000 0.100000
vn 0.000000 0.000000 0.100000
vn 0.000000 0.000000 0.100000
vn 0.000000 0.000000 0.100000
vn 0.000000 0.000000 0.100000
vn 0.000000 0.000000 0.100000
vn 0.000000 0.000000 0.100000
vn 0.000000 0.000000 0.100000
vn 0.000000 0.000000 0.100000
vn 0.000000 0.000000 0.100000
vn 0.000000 0.000000 0.100000
vn 0.000000 0.000000 0.100000
vn 0.000000 0.000000 0.100000
vn 0.000000 0.000000 0.100000
vn 0.000000 0.000000 0.100000
vn 0.000000 0.000000 0.100000
vn 0.000000 0.000000 0.100000
vn 0.000000 0.000000 0.100000
vn 0.000000 0.000000 0.100000
vn 0.000000 0.000000 0.100000
vn 0.000000 0.000000 0.100000
vn 0.000000 0.000000 0.100000
vn 0.000000 0.000000 0.100000
vn 0.000000 0.000000 0.100000
vn 0.000000 0.000000 0.100000
vn 0.000000 0.000000 0.100000
vn 0.000000 0.000000 0.100000
vn 0.000000 0.000000 0.100000
vn 0.000000 0.000000 0.100000
vn 0.000000 0.000000 0.100000
vn 0.000000 0.000000 0.100000
vn 0.000000 0.000000 0.100000
vn 0.000000 0.000000 0.100000
vn 0.000000 0.000000 0.100000
vn 0.000000 0.000000 0.100000
vn 0.000000 0.000000 0.100000
vn 0.000000 0.000000 0.100000
vn 0.000000 0.000000 0.100000
vn 0.000000 0.000000 0.100000
vn 0.000000 0.000000 0.100000
vn 0.000000 0.000000 0.100000
vn 0.000000 0.000000 0.100000
vn 0.000000 0.000000 0.100000
vn 0.000000 0.000000 0.100000
vn 0.000000 0.000000 0.100000
vn 0.000000 0.000000 0.100000
vn 0.000000 0.000000 0.100000
vn 0.000000 0.000000 0.100000
vn 0.000000 0.000000 0.100000
vn 0.000000 0.000000 0.100000
vn 0.000000 0.000000 0.100000
vn 0.000000 0.000000 0.100000
vn 0.000000 0.000000 0.100000
vn 0.000000 0.000000 0.100000
vn 0.000000 0.000000 0.100000
vn 0.000000 0.000000 0.100000
vn 0.000000 0.000000 0.100000
vn 0.000000 0.000000 0.100000
vn 0.000000 0.000000 0.100000
vn 0.000000 0.000000 0.100000
vn 0.000000 0.000000 0.100000
vn 0.000000 0.000000 0.100000
vn 0.000000 0.000000 0.100000
vn 0.000000 0.000000 0.100000
vn 0.000000 0.000000 0.100000
vn 0.000000 0.000000 0.100000
vn 0.000000 0.000000 0.100000
vn 0.000000 0.000000 0.100000
vn 0.000000 0.000000 0.100000
vn 0.000000 0.000000 0.100000
vn 0.000000 0.100000 0.000000
vn 0.000000 0.100000 0.000000
vn -0.100000 0.000000 0.000000
vn -0.100000 0.000000 0.000000
vn -0.099144 0.013053 -0.000000
vn -0.099144 0.013053 -0.000000
vn -0.096593 0.025882 -0.000000
vn -0.096593 0.025882 -0.000000
vn -0.092388 0.038268 -0.000000
vn -0.092388 0.038268 -0.000000
vn -0.086603 0.050000 -0.000000
vn -0.086603 0.050000 -0.000000
vn -0.079335 0.060876 -0.000000
vn -0.079335 0.060876 -0.000000
vn -0.070711 0.070711 -0.000000
vn -0.070711 0.070711 -0.000000
vn -0.060876 0.079335 -0.000000
vn -0.060876 0.079335 -0.000000
vn -0.050000 0.086603 -0.000000
vn -0.050000 0.086603 -0.000000
vn -0.038268 0.092388 -0.000000
vn -0.038268 0.092388 -0.000000
vn -0.025882 0.096593 -0.000000
vn -0.025882 0.096593 -0.000000
vn -0.013053 0.099144 -0.000000
vn -0.013053 0.099144 -0.000000
vn 0.099772 -0.006742 0.000000
vn 0.099772 -0.006742 0.000000
vn 0.099995 0.000950 0.000000
vn 0.099995 0.000950 0.000000
vn 0.099626 0.008638 0.000000
vn 0.099626 0.008638 0.000000
vn 0.098667 0.016273 0.000000
vn 0.098667 0.016273 0.000000
vn 0.097123 0.023813 0.000000
vn 0.097123 0.023813 0.000000
vn 0.095004 0.031212 0.000000
vn 0.095004 0.031212 0.000000
vn 0.092323 0.038425 0.000000
vn 0.092323 0.038425 0.000000
vn 0.089094 0.045411 0.000000
vn 0.089094 0.045411 0.000000
vn 0.085338 0.052128 0.000000
vn 0.085338 0.052128 0.000000
vn 0.081077 0.058537 0.000000
vn 0.081077 0.058537 0.000000
vn 0.076335 0.064598 0.000000
vn 0.076335 0.064598 0.000000
vn 0.071141 0.070277 0.000000
vn 0.071141 0.070277 0.000000
vn 0.065526 0.075540 0.000000
vn 0.065526 0.075540 0.000000
vn 0.059523 0.080356 0.000000
vn 0.059523 0.080356 0.000000
vn -0.000000 0.100000 -0.000000
vn -0.000000 0.100000 -0.000000
vn -0.000000 0.100000 -0.000000
vn -0.000000 0.100000 -0.000000
vn 0.100000 -0.000000 0.000000
vn 0.100000 -0.000000 0.000000
vn 0.100000 0.000000 0.000000
vn 0.100000 0.000000 0.000000
vn 0.098883 -0.014904 0.000000
vn 0.098883 -0.014904 0.000000
vn 0.095557 -0.029476 0.000000
vn 0.095557 -0.029476 0.000000
vn 0.090097 -0.043388 0.000000
vn 0.090097 -0.043388 0.000000
vn 0.082624 -0.056332 0.000000
vn 0.082624 -0.056332 0.000000
vn 0.073305 -0.068017 0.000000
vn 0.073305 -0.068017 0.000000
vn 0.062349 -0.078183 0.000000
vn 0.062349 -0.078183 0.000000
vn 0.050000 -0.086603 0.000000
vn 0.050000 -0.086603 0.000000
vn 0.036534 -0.093087 0.000000
vn 0.036534 -0.093087 0.000000
vn 0.022252 -0.097493 0.000000
vn 0.022252 -0.097493 0.000000
vn 0.007473 -0.099720 0.000000
vn 0.007473 -0.099720 0.000000
vn -0.007473 -0.099720 0.000000
vn -0.007473 -0.099720 0.000000
vn -0.022252 -0.097493 0.000000
vn -0.022252 -0.097493 0.000000
vn -0.036534 -0.093087 0.000000
vn -0.036534 -0.093087 0.000000
vn -0.050000 -0.086603 0.000000
vn -0.050000 -0.086603 0.000000
vn -0.062349 -0.078183 0.000000
vn -0.062349 -0.078183 0.000000
vn -0.073305 -0.068017 0.000000
vn -0.073305 -0.068017 0.000000
vn -0.082624 -0.056332 0.000000
vn -0.082624 -0.056332 0.000000
vn -0.090097 -0.043388 0.000000
vn -0.090097 -0.043388 0.000000
vn -0.095557 -0.029476 0.000000
vn -0.095557 -0.029476 0.000000
vn -0.098883 -0.014904 0.000000
vn -0.098883 -0.014904 0.000000
vn -0.100000 0.000000 0.000000
vn -0.100000 -0.000000 0.000000
vn 0.100000 0.000000 0.000000
vn 0.100000 0.000000 0.000000
vn -0.100000 -0.000000 0.000000
vn -0.100000 -0.000000 0.000000
vn -0.098883 0.014904 0.000000
vn -0.098883 0.014904 0.000000
vn -0.095557 0.029476 0.000000
vn -0.095557 0.029476 0.000000
vn -0.090097 0.043388 0.000000
vn -0.090097 0.043388 0.000000
vn -0.082624 0.056332 0.000000
vn -0.082624 0.056332 0.000000
vn -0.073305 0.068017 0.000000
vn -0.073305 0.068017 0.000000
vn -0.062349 0.078183 0.000000
vn -0.062349 0.078183 0.000000
vn -0.050000 0.086603 0.000000
vn -0.050000 0.086603 0.000000
vn -0.036534 0.093087 0.000000
vn -0.036534 0.093087 0.000000
vn -0.022252 0.097493 0.000000
vn -0.022252 0.097493 0.000000
vn -0.007473 0.099720 0.000000
vn -0.007473 0.099720 0.000000
vn 0.007473 0.099720 0.000000
vn 0.007473 0.099720 0.000000
vn 0.022252 0.097493 0.000000
vn 0.022252 0.097493 0.000000
vn 0.036534 0.093087 0.000000
vn 0.036534 0.093087 0.000000
vn 0.050000 0.086603 0.000000
vn 0.050000 0.086603 0.000000
vn 0.062349 0.078183 0.000000
vn 0.062349 0.078183 0.000000
vn 0.073305 0.068017 0.000000
vn 0.073305 0.068017 0.000000
vn 0.082624 0.056332 0.000000
vn 0.082624 0.056332 0.000000
vn 0.090097 0.043388 0.000000
vn 0.090097 0.043388 0.000000
vn 0.095557 0.029476 0.000000
vn 0.095557 0.029476 0.000000
vn 0.098883 0.014904 0.000000
vn 0.098883 0.014904 0.000000
vn 0.097953 0.020130 0.000000
vn 0.097953 0.020130 0.000000
vn 0.100000 0.000000 0.000000
vn 0.100000 0.000000 0.000000
vn 0.097953 -0.020130 0.000000
vn 0.097953 -0.020130 0.000000
vn 0.091896 -0.039436 0.000000
vn 0.091896 0.039436 0.000000
vn 0.091896 0.039436 0.000000
vn 0.082076 0.057127 0.000000
vn 0.082076 0.057127 0.000000
vn 0.068897 0.072479 0.000000
vn 0.068897 0.072479 0.000000
vn 0.052896 0.084864 0.000000
vn 0.052896 0.084864 0.000000
vn 0.034731 0.093775 0.000000
vn 0.034731 0.093775 0.000000
vn 0.015143 0.098847 0.000000
vn 0.015143 0.098847 0.000000
vn -0.005065 0.099872 0.000000
vn -0.005065 0.099872 0.000000
vn -0.025065 0.096808 0.000000
vn -0.025065 0.096808 0.000000
vn -0.044039 0.089780 0.000000
vn -0.044039 0.089780 0.000000
vn -0.061211 0.079078 0.000000
vn -0.061211 0.079078 0.000000
vn -0.075876 0.065137 0.000000
vn -0.075876 0.065137 0.000000
vn -0.087435 0.048530 0.000000
vn -0.087435 0.048530 0.000000
vn -0.095414 0.029936 0.000000
vn -0.095414 0.029936 0.000000
vn -0.099487 0.010117 0.000000
vn -0.099487 0.010117 0.000000
vn -0.099487 -0.010117 0.000000
vn -0.099487 -0.010117 0.000000
vn -0.095414 -0.029936 0.000000
vn -0.095414 -0.029936 0.000000
vn -0.087435 -0.048530 0.000000
vn -0.087435 -0.048530 0.000000
vn -0.075876 -0.065137 0.000000
vn -0.075876 -0.065137 0.000000
vn -0.061211 -0.079078 0.000000
vn -0.061211 -0.079078 0.000000
vn -0.044039 -0.089780 0.000000
vn -0.044039 -0.089780 0.000000
vn -0.025065 -0.096808 0.000000
vn -0.025065 -0.096808 0.000000
vn -0.005065 -0.099872 0.000000
vn -0.005065 -0.099872 0.000000
vn 0.015143 -0.098847 0.000000
vn 0.015143 -0.098847 0.000000
vn 0.034731 -0.093775 0.000000
vn 0.034731 -0.093775 0.000000
vn 0.052896 -0.084864 0.000000
vn 0.052896 -0.084864 0.000000
vn 0.068897 -0.072479 0.000000
vn 0.068897 -0.072479 0.000000
vn 0.082076 -0.057127 0.000000
vn 0.082076 -0.057127 0.000000
vn 0.091896 -0.039436 0.000000
vn 0.096593 0.025882 0.000000
vn 0.096593 0.025882 0.000000
vn 0.100000 0.000000 0.000000
vn 0.100000 0.000000 0.000000
vn 0.096593 -0.025882 0.000000
vn 0.096593 -0.025882 0.000000
vn 0.086603 -0.050000 0.000000
vn 0.086603 -0.050000 0.000000
vn 0.070711 -0.070711 0.000000
vn 0.070711 -0.070711 0.000000
vn 0.050000 -0.086603 0.000000
vn 0.050000 -0.086603 0.000000
vn 0.025882 -0.096593 0.000000
vn 0.025882 -0.096593 0.000000
vn -0.000000 -0.100000 0.000000
vn -0.000000 -0.100000 0.000000
vn -0.025882 -0.096593 0.000000
vn -0.025882 -0.096593 0.000000
vn -0.050000 -0.086603 0.000000
vn -0.050000 -0.086603 0.000000
vn -0.070711 -0.070711 0.000000
vn -0.070711 -0.070711 0.000000
vn -0.086603 -0.050000 0.000000
vn -0.086603 -0.050000 0.000000
vn -0.096593 -0.025882 0.000000
vn -0.096593 -0.025882 0.000000
vn -0.100000 0.000000 0.000000
vn -0.100000 0.000000 0.000000
vn -0.096593 0.025882 0.000000
vn -0.096593 0.025882 0.000000
vn -0.086603 0.050000 0.000000
vn -0.086603 0.050000 0.000000
vn -0.070711 0.070711 0.000000
vn -0.070711 0.070711 0.000000
vn -0.050000 0.086603 0.000000
vn -0.050000 0.086603 0.000000
vn -0.025882 0.096593 0.000000
vn -0.025882 0.096593 0.000000
vn -0.000000 0.100000 0.000000
vn -0.000000 0.100000 0.000000
vn 0.025882 0.096593 0.000000
vn 0.025882 0.096593 0.000000
vn 0.050000 0.086603 0.000000
vn 0.050000 0.086603 0.000000
vn 0.070711 0.070711 0.000000
vn 0.070711 0.070711 0.000000
vn 0.086603 0.050000 0.000000
vn 0.086603 0.050000 0.000000
vn 0.097953 0.020130 0.000000
vn 0.097953 0.020130 0.000000
vn 0.100000 0.000000 0.000000
vn 0.100000 0.000000 0.000000
vn 0.097953 -0.020130 0.000000
vn 0.097953 -0.020130 0.000000
vn 0.091896 -0.039436 0.000000
vn 0.091896 0.039436 0.000000
vn 0.091896 0.039436 0.000000
vn 0.082076 0.057127 0.000000
vn 0.082076 0.057127 0.000000
vn 0.068897 0.072479 0.000000
vn 0.068897 0.072479 0.000000
vn 0.052896 0.084864 0.000000
vn 0.052896 0.084864 0.000000
vn 0.034731 0.093775 0.000000
vn 0.034731 0.093775 0.000000
vn 0.015143 0.098847 0.000000
vn 0.015143 0.098847 0.000000
vn -0.005065 0.099872 0.000000
vn -0.005065 0.099872 0.000000
vn -0.025065 0.096808 0.000000
vn -0.025065 0.096808 0.000000
vn -0.044039 0.089780 0.000000
vn -0.044039 0.089780 0.000000
vn -0.061211 0.079078 0.000000
vn -0.061211 0.079078 0.000000
vn -0.075876 0.065137 0.000000
vn -0.075876 0.065137 0.000000
vn -0.087435 0.048530 0.000000
vn -0.087435 0.048530 0.000000
vn -0.095414 0.029936 0.000000
vn -0.095414 0.029936 0.000000
vn -0.099487 0.010117 0.000000
vn -0.099487 0.010117 0.000000
vn -0.099487 -0.010117 0.000000
vn -0.099487 -0.010117 0.000000
vn -0.095414 -0.029936 0.000000
vn -0.095414 -0.029936 0.000000
vn -0.087435 -0.048530 0.000000
vn -0.087435 -0.048530 0.000000
vn -0.075876 -0.065137 0.000000
vn -0.075876 -0.065137 0.000000
vn -0.061211 -0.079078 0.000000
vn -0.061211 -0.079078 0.000000
vn -0.044039 -0.089780 0.000000
vn -0.044039 -0.089780 0.000000
vn -0.025065 -0.096808 0.000000
vn -0.025065 -0.096808 0.000000
vn -0.005065 -0.099872 0.000000
vn -0.005065 -0.099872 0.000000
vn 0.015143 -0.098847 0.000000
vn 0.015143 -0.098847 0.000000
vn 0.034731 -0.093775 0.000000
vn 0.034731 -0.093775 0.000000
vn 0.052896 -0.084864 0.000000
vn 0.052896 -0.084864 0.000000
vn 0.068897 -0.072479 0.000000
vn 0.068897 -0.072479 0.000000
vn 0.082076 -0.057127 0.000000
vn 0.082076 -0.057127 0.000000
vn 0.091896 -0.039436 0.000000
vn 0.097953 0.020130 0.000000
vn 0.097953 0.020130 0.000000
vn 0.100000 0.000000 0.000000
vn 0.100000 0.000000 0.000000
vn 0.097953 -0.020130 0.000000
vn 0.097953 -0.020130 0.000000
vn 0.091896 -0.039436 0.000000
vn 0.091896 0.039436 0.000000
vn 0.091896 0.039436 0.000000
vn 0.082076 0.057127 0.000000
vn 0.082076 0.057127 0.000000
vn 0.068897 0.072479 0.000000
vn 0.068897 0.072479 0.000000
vn 0.052896 0.084864 0.000000
vn 0.052896 0.084864 0.000000
vn 0.034731 0.093775 0.000000
vn 0.034731 0.093775 0.000000
vn 0.015143 0.098847 0.000000
vn 0.015143 0.098847 0.000000
vn -0.005065 0.099872 0.000000
vn -0.005065 0.099872 0.000000
vn -0.025065 0.096808 0.000000
vn -0.025065 0.096808 0.000000
vn -0.044039 0.089780 0.000000
vn -0.044039 0.089780 0.000000
vn -0.061211 0.079078 0.000000
vn -0.061211 0.079078 0.000000
vn -0.075876 0.065137 0.000000
vn -0.075876 0.065137 0.000000
vn -0.087435 0.048530 0.000000
vn -0.087435 0.048530 0.000000
vn -0.095414 0.029936 0.000000
vn -0.095414 0.029936 0.000000
vn -0.099487 0.010117 0.000000
vn -0.099487 0.010117 0.000000
vn -0.099487 -0.010117 0.000000
vn -0.099487 -0.010117 0.000000
vn -0.095414 -0.029936 0.000000
vn -0.095414 -0.029936 0.000000
vn -0.087435 -0.048530 0.000000
vn -0.087435 -0.048530 0.000000
vn -0.075876 -0.065137 0.000000
vn -0.075876 -0.065137 0.000000
vn -0.061211 -0.079078 0.000000
vn -0.061211 -0.079078 0.000000
vn -0.044039 -0.089780 0.000000
vn -0.044039 -0.089780 0.000000
vn -0.025065 -0.096808 0.000000
vn -0.025065 -0.096808 0.000000
vn -0.005065 -0.099872 0.000000
vn -0.005065 -0.099872 0.000000
vn 0.015143 -0.098847 0.000000
vn 0.015143 -0.098847 0.000000
vn 0.034731 -0.093775 0.000000
vn 0.034731 -0.093775 0.000000
vn 0.052896 -0.084864 0.000000
vn 0.052896 -0.084864 0.000000
vn 0.068897 -0.072479 0.000000
vn 0.068897 -0.072479 0.000000
vn 0.082076 -0.057127 0.000000
vn 0.082076 -0.057127 0.000000
vn 0.091896 -0.039436 0.000000
vn 0.097953 0.020130 0.000000
vn 0.097953 0.020130 0.000000
vn 0.100000 0.000000 0.000000
vn 0.100000 0.000000 0.000000
vn 0.097953 -0.020130 0.000000
vn 0.097953 -0.020130 0.000000
vn 0.091896 -0.039436 0.000000
vn 0.091896 0.039436 0.000000
vn 0.091896 0.039436 0.000000
vn 0.082076 0.057127 0.000000
vn 0.082076 0.057127 0.000000
vn 0.068897 0.072479 0.000000
vn 0.068897 0.072479 0.000000
vn 0.052896 0.084864 0.000000
vn 0.052896 0.084864 0.000000
vn 0.034731 0.093775 0.000000
vn 0.034731 0.093775 0.000000
vn 0.015143 0.098847 0.000000
vn 0.015143 0.098847 0.000000
vn -0.005065 0.099872 0.000000
vn -0.005065 0.099872 0.000000
vn -0.025065 0.096808 0.000000
vn -0.025065 0.096808 0.000000
vn -0.044039 0.089780 0.000000
vn -0.044039 0.089780 0.000000
vn -0.061211 0.079078 0.000000
vn -0.061211 0.079078 0.000000
vn -0.075876 0.065137 0.000000
vn -0.075876 0.065137 0.000000
vn -0.087435 0.048530 0.000000
vn -0.087435 0.048530 0.000000
vn -0.095414 0.029936 0.000000
vn -0.095414 0.029936 0.000000
vn -0.099487 0.010117 0.000000
vn -0.099487 0.010117 0.000000
vn -0.099487 -0.010117 0.000000
vn -0.099487 -0.010117 0.000000
vn -0.095414 -0.029936 0.000000
vn -0.095414 -0.029936 0.000000
vn -0.087435 -0.048530 0.000000
vn -0.087435 -0.048530 0.000000
vn -0.075876 -0.065137 0.000000
vn -0.075876 -0.065137 0.000000
vn -0.061211 -0.079078 0.000000
vn -0.061211 -0.079078 0.000000
vn -0.044039 -0.089780 0.000000
vn -0.044039 -0.089780 0.000000
vn -0.025065 -0.096808 0.000000
vn -0.025065 -0.096808 0.000000
vn -0.005065 -0.099872 0.000000
vn -0.005065 -0.099872 0.000000
vn 0.015143 -0.098847 0.000000
vn 0.015143 -0.098847 0.000000
vn 0.034731 -0.093775 0.000000
vn 0.034731 -0.093775 0.000000
vn 0.052896 -0.084864 0.000000
vn 0.052896 -0.084864 0.000000
vn 0.068897 -0.072479 0.000000
vn 0.068897 -0.072479 0.000000
vn 0.082076 -0.057127 0.000000
vn 0.082076 -0.057127 0.000000
vn 0.091896 -0.039436 0.000000
vn 0.099533 0.009651 0.000000
vn 0.099533 0.009651 0.000000
vn 0.100000 0.000000 0.000000
vn 0.100000 0.000000 0.000000
vn 0.099533 -0.009651 0.000000
vn 0.099533 -0.009651 0.000000
vn 0.098137 -0.019213 0.000000
vn 0.098137 -0.019213 0.000000
vn 0.095825 -0.028595 0.000000
vn 0.095825 -0.028595 0.000000
vn 0.092617 -0.037709 0.000000
vn 0.092617 -0.037709 0.000000
vn 0.088546 -0.046472 0.000000
vn 0.088546 -0.046472 0.000000
vn 0.083647 -0.054801 0.000000
vn 0.083647 -0.054801 0.000000
vn 0.077967 -0.062619 0.000000
vn 0.077967 -0.062619 0.000000
vn 0.071560 -0.069851 0.000000
vn 0.071560 -0.069851 0.000000
vn 0.064484 -0.076432 0.000000
vn 0.064484 -0.076432 0.000000
vn 0.056806 -0.082298 0.000000
vn 0.056806 -0.082298 0.000000
vn 0.048598 -0.087397 0.000000
vn 0.048598 -0.087397 0.000000
vn 0.039936 -0.091679 0.000000
vn 0.039936 -0.091679 0.000000
vn 0.030902 -0.095106 0.000000
vn 0.030902 -0.095106 0.000000
vn 0.021578 -0.097644 0.000000
vn 0.021578 -0.097644 0.000000
vn 0.012054 -0.099271 0.000000
vn 0.012054 -0.099271 0.000000
vn 0.002416 -0.099971 0.000000
vn 0.002416 -0.099971 0.000000
vn -0.007243 -0.099737 0.000000
vn -0.007243 -0.099737 0.000000
vn -0.016836 -0.098573 0.000000
vn -0.016836 -0.098573 0.000000
vn -0.026271 -0.096488 0.000000
vn -0.026271 -0.096488 0.000000
vn -0.035460 -0.093502 0.000000
vn -0.035460 -0.093502 0.000000
vn -0.044319 -0.089643 0.000000
vn -0.044319 -0.089643 0.000000
vn -0.052764 -0.084947 0.000000
vn -0.052764 -0.084947 0.000000
vn -0.060716 -0.079458 0.000000
vn -0.060716 -0.079458 0.000000
vn -0.068102 -0.073227 0.000000
vn -0.068102 -0.073227 0.000000
vn -0.074851 -0.066312 0.000000
vn -0.074851 -0.066312 0.000000
vn -0.080902 -0.058779 0.000000
vn -0.080902 -0.058779 0.000000
vn -0.086197 -0.050696 0.000000
vn -0.086197 -0.050696 0.000000
vn -0.090687 -0.042140 0.000000
vn -0.090687 -0.042140 0.000000
vn -0.094331 -0.033191 0.000000
vn -0.094331 -0.033191 0.000000
vn -0.097094 -0.023932 0.000000
vn -0.097094 -0.023932 0.000000
vn -0.098951 -0.014449 0.000000
vn -0.098951 -0.014449 0.000000
vn -0.099883 -0.004831 0.000000
vn -0.099883 -0.004831 0.000000
vn -0.099883 0.004831 0.000000
vn -0.099883 0.004831 0.000000
vn -0.098951 0.014449 0.000000
vn -0.098951 0.014449 0.000000
vn -0.097094 0.023932 0.000000
vn -0.097094 0.023932 0.000000
vn -0.094331 0.033191 0.000000
vn -0.094331 0.033191 0.000000
vn -0.090687 0.042140 0.000000
vn -0.090687 0.042140 0.000000
vn -0.086197 0.050696 0.000000
vn -0.086197 0.050696 0.000000
vn -0.080902 0.058779 0.000000
vn -0.080902 0.058779 0.000000
vn -0.074851 0.066312 0.000000
vn -0.074851 0.066312 0.000000
vn -0.068102 0.073227 0.000000
vn -0.068102 0.073227 0.000000
vn -0.060716 0.079458 0.000000
vn -0.060716 0.079458 0.000000
vn -0.052764 0.084947 0.000000
vn -0.052764 0.084947 0.000000
vn -0.044319 0.089643 0.000000
vn -0.044319 0.089643 0.000000
vn -0.035460 0.093502 0.000000
vn -0.035460 0.093502 0.000000
vn -0.026271 0.096488 0.000000
vn -0.026271 0.096488 0.000000
vn -0.016836 0.098573 0.000000
vn -0.016836 0.098573 0.000000
vn -0.007243 0.099737 0.000000
vn -0.007243 0.099737 0.000000
vn 0.002416 0.099971 0.000000
vn 0.002416 0.099971 0.000000
vn 0.012054 0.099271 0.000000
vn 0.012054 0.099271 0.000000
vn 0.021578 0.097644 0.000000
vn 0.021578 0.097644 0.000000
vn 0.030902 0.095106 0.000000
vn 0.030902 0.095106 0.000000
vn 0.039936 0.091679 0.000000
vn 0.039936 0.091679 0.000000
vn 0.048598 0.087397 0.000000
vn 0.048598 0.087397 0.000000
vn 0.056806 0.082298 0.000000
vn 0.056806 0.082298 0.000000
vn 0.064484 0.076432 0.000000
vn 0.064484 0.076432 0.000000
vn 0.071560 0.069851 0.000000
vn 0.071560 0.069851 0.000000
vn 0.077967 0.062619 0.000000
vn 0.077967 0.062619 0.000000
vn 0.083647 0.054801 0.000000
vn 0.083647 0.054801 0.000000
vn 0.088546 0.046472 0.000000
vn 0.088546 0.046472 0.000000
vn 0.092617 0.037709 0.000000
vn 0.092617 0.037709 0.000000
vn 0.095825 0.028595 0.000000
vn 0.095825 0.028595 0.000000
vn 0.098137 0.019213 0.000000
vn 0.098137 0.019213 0.000000
vn 0.100000 0.000000 0.000000
vn 0.100000 0.000000 0.000000
vn 0.100000 0.000000 0.000000
vn 0.100000 0.000000 0.000000
vn 0.000000 -0.100000 0.000000
vn 0.000000 -0.100000 0.000000
vn 0.000000 -0.100000 0.000000
vn 0.000000 -0.100000 0.000000
vn -0.100000 0.000000 0.000000
vn -0.100000 0.000000 0.000000
vn 0.000000 0.000000 -0.100000
vn 0.000000 0.000000 -0.100000
vn 0.000000 0.000000 -0.100000
vn 0.000000 0.000000 -0.100000
vn 0.000000 0.000000 -0.100000
vn 0.000000 0.000000 -0.100000
vn 0.000000 0.000000 -0.100000
vn 0.000000 0.000000 -0.100000
vn 0.000000 0.000000 -0.100000
vn 0.000000 0.000000 -0.100000
vn 0.000000 0.000000 -0.100000
vn 0.000000 0.000000 -0.100000
vn 0.000000 0.000000 -0.100000
vn 0.000000 0.000000 -0.100000
vn 0.000000 0.000000 -0.100000
vn 0.000000 0.000000 -0.100000
vn 0.000000 0.000000 -0.100000
vn 0.000000 0.000000 -0.100000
vn 0.000000 0.000000 -0.100000
vn 0.000000 0.000000 -0.100000
vn 0.000000 0.000000 -0.100000
vn 0.000000 0.000000 -0.100000
vn 0.000000 0.000000 -0.100000
vn 0.000000 0.000000 -0.100000
vn 0.000000 0.000000 -0.100000
vn 0.000000 0.000000 -0.100000
vn 0.000000 0.000000 -0.100000
vn 0.000000 0.000000 -0.100000
vn 0.000000 0.000000 -0.100000
vn 0.000000 0.000000 -0.100000
vn 0.000000 0.000000 -0.100000
vn 0.000000 0.000000 -0.100000
vn 0.000000 0.000000 -0.100000
vn 0.000000 0.000000 -0.100000
vn 0.000000 0.000000 -0.100000
vn 0.000000 0.000000 -0.100000
vn 0.000000 0.000000 -0.100000
vn 0.000000 0.000000 -0.100000
vn 0.000000 0.000000 -0.100000
vn 0.000000 0.000000 -0.100000
vn 0.000000 0.000000 -0.100000
vn 0.000000 0.000000 -0.100000
vn 0.000000 0.000000 -0.100000
vn 0.000000 0.000000 -0.100000
vn 0.000000 0.000000 -0.100000
vn 0.000000 0.000000 -0.100000
vn 0.000000 0.000000 -0.100000
vn 0.000000 0.000000 -0.100000
vn 0.000000 0.000000 -0.100000
vn 0.000000 0.000000 -0.100000
vn 0.000000 0.000000 -0.100000
vn 0.000000 0.000000 -0.100000
vn 0.000000 0.000000 -0.100000
vn 0.000000 0.000000 -0.100000
vn 0.000000 0.000000 -0.100000
vn 0.000000 0.000000 -0.100000
vn 0.000000 0.000000 -0.100000
vn 0.000000 0.000000 -0.100000
vn 0.000000 0.000000 -0.100000
vn 0.000000 0.000000 -0.100000
vn 0.000000 0.000000 -0.100000
vn 0.000000 0.000000 -0.100000
vn 0.000000 0.000000 -0.100000
vn 0.000000 0.000000 -0.100000
vn 0.000000 0.000000 -0.100000
vn 0.000000 0.000000 -0.100000
vn 0.000000 0.000000 -0.100000
vn 0.000000 0.000000 -0.100000
vn 0.000000 0.000000 -0.100000
vn 0.000000 0.000000 -0.100000
vn 0.000000 0.000000 -0.100000
vn 0.000000 0.000000 -0.100000
vn 0.000000 0.000000 -0.100000
vn 0.000000 0.000000 -0.100000
vn 0.000000 0.000000 -0.100000
vn 0.000000 0.000000 -0.100000
vn 0.000000 0.000000 -0.100000
vn 0.000000 0.000000 -0.100000
vn 0.000000 0.000000 -0.100000
vn 0.000000 0.000000 -0.100000
vn 0.000000 0.000000 -0.100000
vn 0.000000 0.000000 -0.100000
vn 0.000000 0.000000 -0.100000
vn 0.000000 0.000000 -0.100000
vn 0.000000 0.000000 -0.100000
vn 0.000000 0.000000 -0.100000
vn 0.000000 0.000000 -0.100000
vn 0.000000 0.000000 -0.100000
vn 0.000000 0.000000 -0.100000
vn 0.000000 0.000000 -0.100000
vn 0.000000 0.000000 -0.100000
vn 0.000000 0.000000 -0.100000
vn 0.000000 0.000000 -0.100000
vn 0.000000 0.000000 -0.100000
vn 0.000000 0.000000 -0.100000
vn 0.000000 0.000000 -0.100000
vn 0.000000 0.000000 -0.100000
vn 0.000000 0.000000 -0.100000
vn 0.000000 0.000000 -0.100000
vn 0.000000 0.000000 -0.100000
vn 0.000000 0.000000 -0.100000
vn 0.000000 0.000000 -0.100000
vn 0.000000 0.000000 -0.100000
vn 0.000000 0.000000 -0.100000
vn 0.000000 0.000000 -0.100000
vn 0.000000 0.000000 -0.100000
vn 0.000000 0.000000 -0.100000
vn 0.000000 0.000000 -0.100000
vn 0.000000 0.000000 -0.100000
vn 0.000000 0.000000 -0.100000
vn 0.000000 0.000000 -0.100000
vn 0.000000 0.000000 -0.100000
vn 0.000000 0.000000 -0.100000
vn 0.000000 0.000000 -0.100000
vn 0.000000 0.000000 -0.100000
vn 0.000000 0.000000 -0.100000
vn 0.000000 0.000000 -0.100000
vn 0.000000 0.000000 -0.100000
vn 0.000000 0.000000 -0.100000
vn 0.000000 0.000000 -0.100000
vn 0.000000 0.000000 -0.100000
vn 0.000000 0.000000 -0.100000
vn 0.000000 0.000000 -0.100000
vn 0.000000 0.000000 -0.100000
vn 0.000000 0.000000 -0.100000
vn 0.000000 0.000000 -0.100000
vn 0.000000 0.000000 -0.100000
vn 0.000000 0.000000 -0.100000
vn 0.000000 0.000000 -0.100000
vn 0.000000 0.000000 -0.100000
vn 0.000000 0.000000 -0.100000
vn 0.000000 0.000000 -0.100000
vn 0.000000 0.000000 -0.100000
vn 0.000000 0.000000 -0.100000
vn 0.000000 0.000000 -0.100000
vn 0.000000 0.000000 -0.100000
vn 0.000000 0.000000 -0.100000
vn 0.000000 0.000000 -0.100000
vn 0.000000 0.000000 -0.100000
vn 0.000000 0.000000 -0.100000
vn 0.000000 0.000000 -0.100000
vn 0.000000 0.000000 -0.100000
vn 0.000000 0.000000 -0.100000
vn 0.000000 0.000000 -0.100000
vn 0.000000 0.000000 -0.100000
vn 0.000000 0.000000 -0.100000
vn 0.000000 0.000000 -0.100000
vn 0.000000 0.000000 -0.100000
vn 0.000000 0.000000 -0.100000
vn 0.000000 0.000000 -0.100000
vn 0.000000 0.000000 -0.100000
vn 0.000000 0.000000 -0.100000
vn 0.000000 0.000000 -0.100000
vn 0.000000 0.000000 -0.100000
vn 0.000000 0.000000 -0.100000
vn 0.000000 0.000000 -0.100000
vn 0.000000 0.000000 -0.100000
vn 0.000000 0.000000 -0.100000
vn 0.000000 0.000000 -0.100000
vn 0.000000 0.000000 -0.100000
vn 0.000000 0.000000 -0.100000
vn 0.000000 0.000000 -0.100000
vn 0.000000 0.000000 -0.100000
vn 0.000000 0.000000 -0.100000
vn 0.000000 0.000000 -0.100000
vn 0.000000 0.000000 -0.100000
vn 0.000000 0.000000 -0.100000
vn 0.000000 0.000000 -0.100000
vn 0.000000 0.000000 -0.100000
vn 0.000000 0.000000 -0.100000
vn 0.000000 0.000000 -0.100000
vn 0.000000 0.000000 -0.100000
vn 0.000000 0.000000 -0.100000
vn 0.000000 0.000000 -0.100000
vn 0.000000 0.000000 -0.100000
vn 0.000000 0.000000 -0.100000
vn 0.000000 0.000000 -0.100000
vn 0.000000 0.000000 -0.100000
vn 0.000000 0.000000 -0.100000
vn 0.000000 0.000000 -0.100000
vn 0.000000 0.000000 -0.100000
vn 0.000000 0.000000 -0.100000
vn 0.000000 0.000000 -0.100000
vn 0.000000 0.000000 -0.100000
vn 0.000000 0.000000 -0.100000
vn 0.000000 0.000000 -0.100000
vn 0.000000 0.000000 -0.100000
vn 0.000000 0.000000 -0.100000
vn 0.000000 0.000000 -0.100000
vn 0.000000 0.000000 -0.100000
vn 0.000000 0.000000 -0.100000
vn 0.000000 0.000000 -0.100000
vn 0.000000 0.000000 -0.100000
vn 0.000000 0.000000 -0.100000
vn 0.000000 0.000000 -0.100000
vn 0.000000 0.000000 -0.100000
vn 0.000000 0.000000 -0.100000
vn 0.000000 0.000000 -0.100000
vn 0.000000 0.000000 -0.100000
vn 0.000000 0.000000 -0.100000
vn 0.000000 0.000000 -0.100000
vn 0.000000 0.000000 -0.100000
vn 0.000000 0.000000 -0.100000
vn 0.000000 0.000000 -0.100000
vn 0.000000 0.000000 -0.100000
vn 0.000000 0.000000 -0.100000
vn 0.000000 0.000000 -0.100000
vn 0.000000 0.000000 -0.100000
vn 0.000000 0.000000 -0.100000
vn 0.000000 0.000000 -0.100000
vn 0.000000 0.000000 -0.100000
vn 0.000000 0.000000 -0.100000
vn 0.000000 0.000000 -0.100000
vn 0.000000 0.000000 -0.100000
vn 0.000000 0.000000 -0.100000
vn 0.000000 0.000000 -0.100000
vn 0.000000 0.000000 -0.100000
vn 0.000000 0.000000 -0.100000
vn 0.000000 0.000000 -0.100000
vn 0.000000 0.000000 -0.100000
vn 0.000000 0.000000 -0.100000
vn 0.000000 0.000000 -0.100000
vn 0.000000 0.000000 -0.100000
vn 0.000000 0.000000 -0.100000
vn 0.000000 0.000000 -0.100000
vn 0.000000 0.000000 -0.100000
vn 0.000000 0.000000 -0.100000
vn 0.000000 0.000000 -0.100000
vn 0.000000 0.000000 -0.100000
vn 0.000000 0.000000 -0.100000
vn 0.000000 0.000000 -0.100000
vn 0.000000 0.000000 -0.100000
vn 0.000000 0.000000 -0.100000
vn 0.000000 0.000000 -0.100000
vn 0.000000 0.000000 -0.100000
vn 0.000000 0.000000 -0.100000
vn 0.000000 0.000000 -0.100000
vn 0.000000 0.000000 -0.100000
vn 0.000000 0.000000 -0.100000
vn 0.000000 0.000000 -0.100000
vn 0.000000 0.000000 -0.100000
vn 0.000000 0.000000 -0.100000
vn 0.000000 0.000000 -0.100000
vn 0.000000 0.000000 -0.100000
vn 0.000000 0.000000 -0.100000
vn 0.000000 0.000000 -0.100000
vn 0.000000 0.000000 -0.100000
vn 0.000000 0.000000 -0.100000
vn 0.000000 0.000000 -0.100000
vn 0.000000 0.000000 -0.100000
vn 0.000000 0.000000 -0.100000
vn 0.000000 0.000000 -0.100000
vn 0.000000 0.000000 -0.100000
vn 0.000000 0.000000 -0.100000
vn 0.000000 0.000000 -0.100000
vn 0.000000 0.000000 -0.100000
vn 0.000000 0.000000 -0.100000
vn 0.000000 0.000000 -0.100000
vn 0.000000 0.000000 -0.100000
vn 0.000000 0.000000 -0.100000
vn 0.000000 0.000000 -0.100000
vn 0.000000 0.000000 -0.100000
vn 0.000000 0.000000 -0.100000
vn 0.000000 0.000000 -0.100000
vn 0.000000 0.000000 -0.100000
vn 0.000000 0.000000 -0.100000
vn 0.000000 0.000000 -0.100000
vn 0.000000 0.000000 -0.100000
vn 0.000000 0.000000 -0.100000
vn 0.000000 0.000000 -0.100000
vn 0.000000 0.000000 -0.100000
vn 0.000000 0.000000 -0.100000
vn 0.000000 0.000000 -0.100000
vn 0.000000 0.000000 -0.100000
vn 0.000000 0.000000 -0.100000
vn 0.000000 0.000000 -0.100000
vn 0.000000 0.000000 -0.100000
vn 0.000000 0.000000 -0.100000
vn 0.000000 0.000000 -0.100000
vn 0.000000 0.000000 -0.100000
vn 0.000000 0.000000 -0.100000
vn 0.000000 0.000000 -0.100000
vn 0.000000 0.000000 -0.100000
vn 0.000000 0.000000 -0.100000
vn 0.000000 0.000000 -0.100000
vn 0.000000 0.000000 -0.100000
vn 0.000000 0.000000 -0.100000
vn 0.000000 0.000000 -0.100000
vn 0.000000 0.000000 -0.100000
vn 0.000000 0.000000 -0.100000
vn 0.000000 0.000000 -0.100000
vn 0.000000 0.000000 -0.100000
vn 0.000000 0.000000 -0.100000
vn 0.000000 0.000000 -0.100000
vn 0.000000 0.000000 -0.100000
vn 0.000000 0.000000 -0.100000
vn 0.000000 0.000000 -0.100000
vn 0.000000 0.000000 -0.100000
vn 0.000000 0.000000 -0.100000
vn 0.000000 0.000000 -0.100000
usemtl Acrylic_(Clear)
f 26/1/1 1/2/2 25/3/3
f 25/3/3 1/2/2 2/4/4
f 25/3/3 2/4/4 24/5/5
f 24/5/5 2/4/4 3/6/6
f 24/5/5 3/6/6 23/7/7
f 23/7/7 3/6/6 4/8/8
f 23/7/7 4/8/8 22/9/9
f 22/9/9 4/8/8 5/10/10
f 22/9/9 5/10/10 21/11/11
f 21/11/11 5/10/10 6/12/12
f 21/11/11 6/12/12 20/13/13
f 20/13/13 6/12/12 7/14/14
f 20/13/13 7/14/14 19/15/15
f 19/15/15 7/14/14 8/16/16
f 19/15/15 8/16/16 18/17/17
f 18/17/17 8/16/16 9/18/18
f 18/17/17 9/18/18 17/19/19
f 17/19/19 9/18/18 10/20/20
f 17/19/19 10/20/20 16/21/21
f 16/21/21 10/20/20 11/22/22
f 16/21/21 11/22/22 15/23/23
f 15/23/23 11/22/22 12/24/24
f 15/23/23 12/24/24 14/25/25
f 14/25/25 12/24/24 13/26/26
f 28/27/27 13/28/28 27/29/29
f 27/29/29 13/28/28 12/30/30
f 27/29/29 12/30/30 11/31/31
f 13/28/28 28/27/27 100/32/32
f 100/32/32 28/27/27 29/33/33
f 100/32/32 29/33/33 30/34/34
f 30/34/34 31/35/35 100/32/32
f 100/32/32 31/35/35 271/36/36
f 100/32/32 271/36/36 272/37/37
f 271/36/36 31/35/35 270/38/38
f 270/38/38 31/35/35 32/39/39
f 270/38/38 32/39/39 269/40/40
f 269/40/40 32/39/39 33/41/41
f 269/40/40 33/41/41 34/42/42
f 269/40/40 34/42/42 268/43/43
f 268/43/43 34/42/42 35/44/44
f 268/43/43 35/44/44 267/45/45
f 267/45/45 35/44/44 36/46/46
f 267/45/45 36/46/46 37/47/47
f 267/45/45 37/47/47 266/48/48
f 266/48/48 37/47/47 38/49/49
f 266/48/48 38/49/49 265/50/50
f 265/50/50 38/49/49 39/51/51
f 265/50/50 39/51/51 40/52/52
f 265/50/50 40/52/52 264/53/53
f 264/53/53 40/52/52 41/54/54
f 264/53/53 41/54/54 263/55/55
f 263/55/55 41/54/54 42/56/56
f 263/55/55 42/56/56 43/57/57
f 263/55/55 43/57/57 262/58/58
f 262/58/58 43/57/57 44/59/59
f 262/58/58 44/59/59 261/60/60
f 261/60/60 44/59/59 45/61/61
f 261/60/60 45/61/61 46/62/62
f 261/60/60 46/62/62 260/63/63
f 260/63/63 46/62/62 47/64/64
f 260/63/63 47/64/64 259/65/65
f 259/65/65 47/64/64 48/66/66
f 259/65/65 48/66/66 258/67/67
f 258/67/67 48/66/66 49/68/68
f 258/67/67 49/68/68 257/69/69
f 257/69/69 49/68/68 256/70/70
f 256/70/70 49/68/68 149/71/71
f 256/70/70 149/71/71 150/72/72
f 50/73/73 146/74/74 49/68/68
f 49/68/68 146/74/74 147/75/75
f 49/68/68 147/75/75 148/76/76
f 51/77/77 143/78/78 50/73/73
f 50/73/73 143/78/78 144/79/79
f 50/73/73 144/79/79 145/80/80
f 143/78/78 51/77/77 71/81/81
f 71/81/81 51/77/77 52/82/82
f 71/81/81 52/82/82 53/83/83
f 53/83/83 54/84/84 71/81/81
f 71/81/81 54/84/84 55/85/85
f 71/81/81 55/85/85 56/86/86
f 56/86/86 57/87/87 71/81/81
f 71/81/81 57/87/87 58/88/88
f 71/81/81 58/88/88 59/89/89
f 71/81/81 59/89/89 1/90/90
f 1/90/90 59/89/89 60/91/91
f 1/90/90 60/91/91 61/92/92
f 61/92/92 62/93/93 1/90/90
f 1/90/90 62/93/93 63/94/94
f 1/90/90 63/94/94 64/95/95
f 64/95/95 65/96/96 1/90/90
f 1/90/90 65/96/96 66/97/97
f 1/90/90 66/97/97 2/98/98
f 2/98/98 66/97/97 67/99/99
f 2/98/98 67/99/99 3/100/100
f 3/100/100 67/99/99 68/101/101
f 3/100/100 68/101/101 4/102/102
f 4/102/102 68/101/101 69/103/103
f 4/102/102 69/103/103 5/104/104
f 5/104/104 69/103/103 6/105/105
f 6/105/105 69/103/103 70/106/106
f 6/105/105 70/106/106 7/107/107
f 7/107/107 70/106/106 8/108/108
f 8/108/108 70/106/106 9/109/109
f 9/109/109 70/106/106 27/29/29
f 9/109/109 27/29/29 10/110/110
f 10/110/110 27/29/29 11/31/31
f 72/111/111 139/112/112 71/81/81
f 71/81/81 139/112/112 140/113/113
f 71/81/81 140/113/113 141/114/114
f 139/112/112 72/111/111 138/115/115
f 138/115/115 72/111/111 73/116/116
f 138/115/115 73/116/116 137/117/117
f 137/117/117 73/116/116 74/118/118
f 137/117/117 74/118/118 136/119/119
f 136/119/119 74/118/118 75/120/120
f 136/119/119 75/120/120 76/121/121
f 136/119/119 76/121/121 135/122/122
f 135/122/122 76/121/121 77/123/123
f 135/122/122 77/123/123 78/124/124
f 135/122/122 78/124/124 134/125/125
f 134/125/125 78/124/124 79/126/126
f 134/125/125 79/126/126 80/127/127
f 80/127/127 81/128/128 134/125/125
f 134/125/125 81/128/128 133/129/129
f 133/129/129 81/128/128 82/130/130
f 133/129/129 82/130/130 83/131/131
f 84/132/132 188/133/133 83/131/131
f 83/131/131 188/133/133 189/134/134
f 83/131/131 189/134/134 190/135/135
f 85/136/136 243/137/137 84/132/132
f 84/132/132 243/137/137 122/138/138
f 84/132/132 122/138/138 123/139/139
f 86/140/140 173/141/141 85/136/136
f 85/136/136 173/141/141 232/142/142
f 85/136/136 232/142/142 233/143/143
f 87/144/144 164/145/145 86/140/140
f 86/140/140 164/145/145 165/146/146
f 86/140/140 165/146/146 166/147/147
f 88/148/148 282/149/149 87/144/144
f 87/144/144 282/149/149 283/150/150
f 87/144/144 283/150/150 284/151/151
f 282/149/149 88/148/148 281/152/152
f 281/152/152 88/148/148 89/153/153
f 281/152/152 89/153/153 90/154/154
f 281/152/152 90/154/154 280/155/155
f 280/155/155 90/154/154 91/156/156
f 280/155/155 91/156/156 279/157/157
f 279/157/157 91/156/156 92/158/158
f 279/157/157 92/158/158 93/159/159
f 279/157/157 93/159/159 278/160/160
f 278/160/160 93/159/159 94/161/161
f 278/160/160 94/161/161 277/162/162
f 277/162/162 94/161/161 95/163/163
f 277/162/162 95/163/163 96/164/164
f 277/162/162 96/164/164 276/165/165
f 276/165/165 96/164/164 97/166/166
f 276/165/165 97/166/166 275/167/167
f 275/167/167 97/166/166 98/168/168
f 275/167/167 98/168/168 274/169/169
f 274/169/169 98/168/168 99/170/170
f 274/169/169 99/170/170 273/171/171
f 273/171/171 99/170/170 100/32/32
f 273/171/171 100/32/32 272/37/37
f 131/172/172 101/173/173 84/132/132
f 84/132/132 101/173/173 102/174/174
f 84/132/132 102/174/174 217/175/175
f 217/175/175 102/174/174 103/176/176
f 217/175/175 103/176/176 216/177/177
f 216/177/177 103/176/176 215/178/178
f 215/178/178 103/176/176 104/179/179
f 215/178/178 104/179/179 214/180/180
f 214/180/180 104/179/179 105/181/181
f 214/180/180 105/181/181 213/182/182
f 213/182/182 105/181/181 106/183/183
f 213/182/182 106/183/183 212/184/184
f 212/184/184 106/183/183 107/185/185
f 212/184/184 107/185/185 211/186/186
f 211/186/186 107/185/185 108/187/187
f 211/186/186 108/187/187 210/188/188
f 210/188/188 108/187/187 109/189/189
f 210/188/188 109/189/189 209/190/190
f 209/190/190 109/189/189 110/191/191
f 209/190/190 110/191/191 208/192/192
f 208/192/192 110/191/191 111/193/193
f 208/192/192 111/193/193 207/194/194
f 207/194/194 111/193/193 112/195/195
f 207/194/194 112/195/195 206/196/196
f 206/196/196 112/195/195 113/197/197
f 206/196/196 113/197/197 205/198/198
f 205/198/198 113/197/197 114/199/199
f 205/198/198 114/199/199 308/200/200
f 308/200/200 114/199/199 115/201/201
f 308/200/200 115/201/201 307/202/202
f 307/202/202 115/201/201 306/203/203
f 306/203/203 115/201/201 116/204/204
f 306/203/203 116/204/204 305/205/205
f 305/205/205 116/204/204 117/206/206
f 305/205/205 117/206/206 304/207/207
f 304/207/207 117/206/206 118/208/208
f 304/207/207 118/208/208 303/209/209
f 303/209/209 118/208/208 302/210/210
f 302/210/210 118/208/208 119/211/211
f 302/210/210 119/211/211 301/212/212
f 301/212/212 119/211/211 300/213/213
f 300/213/213 119/211/211 120/214/214
f 300/213/213 120/214/214 299/215/215
f 299/215/215 120/214/214 298/216/216
f 298/216/216 120/214/214 121/217/217
f 298/216/216 121/217/217 245/218/218
f 245/218/218 121/217/217 244/219/219
f 244/219/219 121/217/217 122/138/138
f 244/219/219 122/138/138 243/137/137
f 123/139/139 124/220/220 84/132/132
f 84/132/132 124/220/220 125/221/221
f 84/132/132 125/221/221 126/222/222
f 126/222/222 127/223/223 84/132/132
f 84/132/132 127/223/223 128/224/224
f 84/132/132 128/224/224 129/225/225
f 129/225/225 130/226/226 84/132/132
f 84/132/132 130/226/226 131/172/172
f 155/227/227 132/228/228 83/131/131
f 83/131/131 132/228/228 133/129/129
f 141/114/114 142/229/229 71/81/81
f 71/81/81 142/229/229 143/78/78
f 145/80/80 146/74/74 50/73/73
f 148/76/76 149/71/71 49/68/68
f 256/70/70 150/72/72 255/230/230
f 255/230/230 150/72/72 151/231/231
f 255/230/230 151/231/231 254/232/232
f 254/232/232 151/231/231 194/233/233
f 254/232/232 194/233/233 253/234/234
f 253/234/234 194/233/233 195/235/235
f 253/234/234 195/235/235 252/236/236
f 252/236/236 195/235/235 196/237/237
f 252/236/236 196/237/237 251/238/238
f 251/238/238 196/237/237 197/239/239
f 251/238/238 197/239/239 250/240/240
f 250/240/240 197/239/239 198/241/241
f 250/240/240 198/241/241 249/242/242
f 249/242/242 198/241/241 199/243/243
f 249/242/242 199/243/243 313/244/244
f 313/244/244 199/243/243 200/245/245
f 313/244/244 200/245/245 312/246/246
f 312/246/246 200/245/245 201/247/247
f 312/246/246 201/247/247 311/248/248
f 311/248/248 201/247/247 202/249/249
f 311/248/248 202/249/249 310/250/250
f 310/250/250 202/249/249 203/251/251
f 310/250/250 203/251/251 309/252/252
f 309/252/252 203/251/251 204/253/253
f 309/252/252 204/253/253 308/200/200
f 308/200/200 204/253/253 205/198/198
f 194/233/233 151/231/231 193/254/254
f 193/254/254 151/231/231 152/255/255
f 193/254/254 152/255/255 192/256/256
f 192/256/256 152/255/255 153/257/257
f 192/256/256 153/257/257 83/131/131
f 83/131/131 153/257/257 154/258/258
f 83/131/131 154/258/258 155/227/227
f 157/259/259 285/260/260 156/261/261
f 156/261/261 285/260/260 286/262/262
f 156/261/261 286/262/262 186/263/263
f 186/263/263 286/262/262 287/264/264
f 186/263/263 287/264/264 185/265/265
f 185/265/265 287/264/264 288/266/266
f 185/265/265 288/266/266 220/267/267
f 220/267/267 288/266/266 219/268/268
f 219/268/268 288/266/266 289/269/269
f 219/268/268 289/269/269 290/270/270
f 158/271/271 87/144/144 157/259/259
f 157/259/259 87/144/144 284/151/151
f 157/259/259 284/151/151 285/260/260
f 158/271/271 159/272/272 87/144/144
f 87/144/144 159/272/272 160/273/273
f 87/144/144 160/273/273 161/274/274
f 161/274/274 162/275/275 87/144/144
f 87/144/144 162/275/275 163/276/276
f 87/144/144 163/276/276 164/145/145
f 166/147/147 167/277/277 86/140/140
f 86/140/140 167/277/277 168/278/278
f 86/140/140 168/278/278 169/279/279
f 169/279/279 170/280/280 86/140/140
f 86/140/140 170/280/280 171/281/281
f 86/140/140 171/281/281 172/282/282
f 172/282/282 173/141/141 86/140/140
f 232/142/142 173/141/141 231/283/283
f 231/283/283 173/141/141 174/284/284
f 231/283/283 174/284/284 175/285/285
f 231/283/283 175/285/285 230/286/286
f 230/286/286 175/285/285 176/287/287
f 230/286/286 176/287/287 229/288/288
f 229/288/288 176/287/287 177/289/289
f 229/288/288 177/289/289 228/290/290
f 228/290/290 177/289/289 178/291/291
f 228/290/290 178/291/291 227/292/292
f 227/292/292 178/291/291 179/293/293
f 227/292/292 179/293/293 226/294/294
f 226/294/294 179/293/293 225/295/295
f 225/295/295 179/293/293 180/296/296
f 225/295/295 180/296/296 224/297/297
f 224/297/297 180/296/296 181/298/298
f 224/297/297 181/298/298 223/299/299
f 223/299/299 181/298/298 182/300/300
f 223/299/299 182/300/300 222/301/301
f 222/301/301 182/300/300 183/302/302
f 222/301/301 183/302/302 221/303/303
f 221/303/303 183/302/302 184/304/304
f 221/303/303 184/304/304 185/265/265
f 217/175/175 187/305/305 84/132/132
f 84/132/132 187/305/305 188/133/133
f 190/135/135 191/306/306 83/131/131
f 83/131/131 191/306/306 192/256/256
f 219/268/268 290/270/270 218/307/307
f 218/307/307 290/270/270 291/308/308
f 218/307/307 291/308/308 248/309/309
f 248/309/309 291/308/308 292/310/310
f 248/309/309 292/310/310 293/311/311
f 220/267/267 221/303/303 185/265/265
f 233/143/143 234/312/312 85/136/136
f 85/136/136 234/312/312 235/313/313
f 85/136/136 235/313/313 236/314/314
f 236/314/314 237/315/315 85/136/136
f 85/136/136 237/315/315 238/316/316
f 85/136/136 238/316/316 239/317/317
f 239/317/317 240/318/318 85/136/136
f 85/136/136 240/318/318 241/319/319
f 85/136/136 241/319/319 242/320/320
f 242/320/320 243/137/137 85/136/136
f 246/321/321 296/322/322 245/218/218
f 245/218/218 296/322/322 297/323/323
f 245/218/218 297/323/323 298/216/216
f 247/324/324 294/325/325 246/321/321
f 246/321/321 294/325/325 295/326/326
f 246/321/321 295/326/326 296/322/322
f 294/325/325 247/324/324 293/311/311
f 293/311/311 247/324/324 248/309/309
f 26/327/1 314/328/327 1/329/2
f 1/329/2 314/328/327 71/330/328
f 326/331/329 83/332/330 325/333/331
f 325/333/331 83/332/330 82/334/332
f 325/333/331 82/334/332 324/335/333
f 324/335/333 82/334/332 81/336/334
f 324/335/333 81/336/334 323/337/335
f 323/337/335 81/336/334 80/338/336
f 323/337/335 80/338/336 322/339/337
f 322/339/337 80/338/336 79/340/338
f 322/339/337 79/340/338 321/341/339
f 321/341/339 79/340/338 78/342/340
f 321/341/339 78/342/340 320/343/341
f 320/343/341 78/342/340 77/344/342
f 320/343/341 77/344/342 319/345/343
f 319/345/343 77/344/342 76/346/344
f 319/345/343 76/346/344 318/347/345
f 318/347/345 76/346/344 75/348/346
f 318/347/345 75/348/346 317/349/347
f 317/349/347 75/348/346 74/350/348
f 317/349/347 74/350/348 316/351/349
f 316/351/349 74/350/348 73/352/350
f 316/351/349 73/352/350 315/353/351
f 315/353/351 73/352/350 72/354/352
f 315/353/351 72/354/352 314/355/327
f 314/355/327 72/354/352 71/356/328
f 87/357/353 327/358/354 88/359/355
f 88/359/355 327/358/354 328/360/356
f 88/359/355 328/360/356 89/361/357
f 89/361/357 328/360/356 329/362/358
f 89/361/357 329/362/358 90/363/359
f 90/363/359 329/362/358 330/364/360
f 90/363/359 330/364/360 91/365/361
f 91/365/361 330/364/360 331/366/362
f 91/365/361 331/366/362 92/367/363
f 92/367/363 331/366/362 332/368/364
f 92/367/363 332/368/364 93/369/365
f 93/369/365 332/368/364 333/370/366
f 93/369/365 333/370/366 94/371/367
f 94/371/367 333/370/366 334/372/368
f 94/371/367 334/372/368 95/373/369
f 95/373/369 334/372/368 335/374/370
f 95/373/369 335/374/370 96/375/371
f 96/375/371 335/374/370 336/376/372
f 96/375/371 336/376/372 97/377/373
f 97/377/373 336/376/372 337/378/374
f 97/377/373 337/378/374 98/379/375
f 98/379/375 337/378/374 338/380/376
f 98/379/375 338/380/376 99/381/377
f 99/381/377 338/380/376 339/382/378
f 99/381/377 339/382/378 100/383/379
f 100/383/379 339/382/378 340/384/380
f 341/385/381 327/386/382 86/387/383
f 86/387/383 327/386/382 87/388/384
f 13/389/26 100/390/385 14/391/25
f 14/391/25 100/390/385 340/392/386
f 50/393/387 342/394/388 51/395/389
f 51/395/389 342/394/388 343/396/390
f 51/395/389 343/396/390 52/397/391
f 52/397/391 343/396/390 344/398/392
f 52/397/391 344/398/392 53/399/393
f 53/399/393 344/398/392 345/400/394
f 53/399/393 345/400/394 54/401/395
f 54/401/395 345/400/394 346/402/396
f 54/401/395 346/402/396 55/403/397
f 55/403/397 346/402/396 347/404/398
f 55/403/397 347/404/398 56/405/399
f 56/405/399 347/404/398 348/406/400
f 56/405/399 348/406/400 57/407/401
f 57/407/401 348/406/400 349/408/402
f 57/407/401 349/408/402 58/409/403
f 58/409/403 349/408/402 350/410/404
f 58/409/403 350/410/404 59/411/405
f 59/411/405 350/410/404 351/412/406
f 59/411/405 351/412/406 60/413/407
f 60/413/407 351/412/406 352/414/408
f 60/413/407 352/414/408 61/415/409
f 61/415/409 352/414/408 353/416/410
f 61/415/409 353/416/410 62/417/411
f 62/417/411 353/416/410 354/418/412
f 62/417/411 354/418/412 63/419/413
f 63/419/413 354/418/412 355/420/414
f 63/419/413 355/420/414 64/421/415
f 64/421/415 355/420/414 356/422/416
f 64/421/415 356/422/416 65/423/417
f 65/423/417 356/422/416 357/424/418
f 65/423/417 357/424/418 66/425/419
f 66/425/419 357/424/418 358/426/420
f 66/425/419 358/426/420 67/427/421
f 67/427/421 358/426/420 359/428/422
f 67/427/421 359/428/422 68/429/423
f 68/429/423 359/428/422 360/430/424
f 68/429/423 360/430/424 69/431/425
f 69/431/425 360/430/424 361/432/426
f 69/431/425 361/432/426 70/433/427
f 70/433/427 361/432/426 362/434/428
f 70/433/427 362/434/428 27/435/429
f 27/435/429 362/434/428 363/436/430
f 364/437/431 342/438/388 49/439/432
f 49/439/432 342/438/388 50/440/387
f 28/441/433 365/442/434 29/443/435
f 29/443/435 365/442/434 366/444/436
f 29/443/435 366/444/436 30/445/437
f 30/445/437 366/444/436 367/446/438
f 30/445/437 367/446/438 31/447/439
f 31/447/439 367/446/438 368/448/440
f 31/447/439 368/448/440 32/449/441
f 32/449/441 368/448/440 369/450/442
f 32/449/441 369/450/442 33/451/443
f 33/451/443 369/450/442 370/452/444
f 33/451/443 370/452/444 34/453/445
f 34/453/445 370/452/444 371/454/446
f 34/453/445 371/454/446 35/455/447
f 35/455/447 371/454/446 372/456/448
f 35/455/447 372/456/448 36/457/449
f 36/457/449 372/456/448 373/458/450
f 36/457/449 373/458/450 37/459/451
f 37/459/451 373/458/450 374/460/452
f 37/459/451 374/460/452 38/461/453
f 38/461/453 374/460/452 375/462/454
f 38/461/453 375/462/454 39/463/455
f 39/463/455 375/462/454 376/464/456
f 39/463/455 376/464/456 40/465/457
f 40/465/457 376/464/456 377/466/458
f 40/465/457 377/466/458 41/467/459
f 41/467/459 377/466/458 378/468/460
f 41/467/459 378/468/460 42/469/461
f 42/469/461 378/468/460 379/470/462
f 42/469/461 379/470/462 43/471/463
f 43/471/463 379/470/462 380/472/464
f 43/471/463 380/472/464 44/473/465
f 44/473/465 380/472/464 381/474/466
f 44/473/465 381/474/466 45/475/467
f 45/475/467 381/474/466 382/476/468
f 45/475/467 382/476/468 46/477/469
f 46/477/469 382/476/468 383/478/470
f 46/477/469 383/478/470 47/479/471
f 47/479/471 383/478/470 384/480/472
f 47/479/471 384/480/472 48/481/473
f 48/481/473 384/480/472 385/482/474
f 48/481/473 385/482/474 49/483/432
f 49/483/432 385/482/474 364/484/431
f 363/485/430 365/486/434 27/487/429
f 27/487/429 365/486/434 28/488/433
f 131/489/475 416/490/476 101/491/477
f 101/491/477 416/490/476 386/492/478
f 101/493/477 386/494/478 102/495/479
f 102/495/479 386/494/478 387/496/480
f 102/495/479 387/496/480 388/497/481
f 131/489/475 130/498/482 416/490/476
f 416/490/476 130/498/482 415/499/483
f 415/499/483 130/498/482 129/500/484
f 415/499/483 129/500/484 414/501/485
f 414/501/485 129/500/484 128/502/486
f 414/501/485 128/502/486 413/503/487
f 413/503/487 128/502/486 127/504/488
f 413/503/487 127/504/488 412/505/489
f 412/505/489 127/504/488 126/506/490
f 412/505/489 126/506/490 411/507/491
f 411/507/491 126/506/490 125/508/492
f 411/507/491 125/508/492 410/509/493
f 410/509/493 125/508/492 124/510/494
f 410/509/493 124/510/494 409/511/495
f 409/511/495 124/510/494 123/512/496
f 409/511/495 123/512/496 408/513/497
f 408/513/497 123/512/496 122/514/498
f 408/513/497 122/514/498 407/515/499
f 407/515/499 122/514/498 121/516/500
f 407/515/499 121/516/500 406/517/501
f 406/517/501 121/516/500 120/518/502
f 406/517/501 120/518/502 405/519/503
f 405/519/503 120/518/502 119/520/504
f 405/519/503 119/520/504 404/521/505
f 404/521/505 119/520/504 118/522/506
f 404/521/505 118/522/506 403/523/507
f 403/523/507 118/522/506 117/524/508
f 403/523/507 117/524/508 402/525/509
f 402/525/509 117/524/508 116/526/510
f 402/525/509 116/526/510 401/527/511
f 401/527/511 116/526/510 115/528/512
f 401/527/511 115/528/512 400/529/513
f 400/529/513 115/528/512 114/530/514
f 400/529/513 114/530/514 399/531/515
f 399/531/515 114/530/514 113/532/516
f 399/531/515 113/532/516 398/533/517
f 398/533/517 113/532/516 112/534/518
f 398/533/517 112/534/518 397/535/519
f 397/535/519 112/534/518 111/536/520
f 397/535/519 111/536/520 396/537/521
f 396/537/521 111/536/520 110/538/522
f 396/537/521 110/538/522 395/539/523
f 395/539/523 110/538/522 109/540/524
f 395/539/523 109/540/524 394/541/525
f 394/541/525 109/540/524 108/542/526
f 394/541/525 108/542/526 393/543/527
f 393/543/527 108/542/526 107/544/528
f 393/543/527 107/544/528 392/545/529
f 392/545/529 107/544/528 106/546/530
f 392/545/529 106/546/530 391/547/531
f 391/547/531 106/546/530 105/548/532
f 391/547/531 105/548/532 390/549/533
f 390/549/533 105/548/532 104/550/534
f 390/549/533 104/550/534 389/551/535
f 389/551/535 104/550/534 103/552/536
f 389/551/535 103/552/536 388/497/481
f 388/497/481 103/552/536 102/495/479
f 155/553/537 440/554/538 132/555/539
f 132/555/539 440/554/538 417/556/540
f 132/557/539 417/558/540 133/559/541
f 133/559/541 417/558/540 418/560/542
f 133/559/541 418/560/542 134/561/543
f 134/561/543 418/560/542 419/562/544
f 134/561/543 419/562/544 135/563/545
f 135/563/545 419/562/544 420/564/546
f 135/563/545 420/564/546 136/565/547
f 136/565/547 420/564/546 421/566/548
f 136/565/547 421/566/548 137/567/549
f 137/567/549 421/566/548 422/568/550
f 137/567/549 422/568/550 138/569/551
f 138/569/551 422/568/550 423/570/552
f 138/569/551 423/570/552 139/571/553
f 139/571/553 423/570/552 424/572/554
f 139/571/553 424/572/554 140/573/555
f 140/573/555 424/572/554 425/574/556
f 140/573/555 425/574/556 141/575/557
f 141/575/557 425/574/556 426/576/558
f 141/575/557 426/576/558 142/577/559
f 142/577/559 426/576/558 427/578/560
f 142/577/559 427/578/560 143/579/561
f 143/579/561 427/578/560 428/580/562
f 143/579/561 428/580/562 144/581/563
f 144/581/563 428/580/562 429/582/564
f 144/581/563 429/582/564 145/583/565
f 145/583/565 429/582/564 430/584/566
f 145/583/565 430/584/566 146/585/567
f 146/585/567 430/584/566 431/586/568
f 146/585/567 431/586/568 147/587/569
f 147/587/569 431/586/568 432/588/570
f 147/587/569 432/588/570 148/589/571
f 148/589/571 432/588/570 433/590/572
f 148/589/571 433/590/572 149/591/573
f 149/591/573 433/590/572 434/592/574
f 149/591/573 434/592/574 150/593/575
f 150/593/575 434/592/574 435/594/576
f 150/593/575 435/594/576 151/595/577
f 151/595/577 435/594/576 436/596/578
f 151/595/577 436/596/578 152/597/579
f 152/597/579 436/596/578 437/598/580
f 152/597/579 437/598/580 153/599/581
f 153/599/581 437/598/580 438/600/582
f 153/599/581 438/600/582 154/601/583
f 154/601/583 438/600/582 439/602/584
f 154/601/583 439/602/584 155/553/537
f 155/553/537 439/602/584 440/554/538
f 186/603/585 471/604/586 156/605/587
f 156/605/587 471/604/586 441/606/588
f 156/607/587 441/608/588 157/609/589
f 157/609/589 441/608/588 442/610/590
f 157/609/589 442/610/590 443/611/591
f 186/603/585 185/612/592 471/604/586
f 471/604/586 185/612/592 470/613/593
f 470/613/593 185/612/592 184/614/594
f 470/613/593 184/614/594 469/615/595
f 469/615/595 184/614/594 183/616/596
f 469/615/595 183/616/596 468/617/597
f 468/617/597 183/616/596 182/618/598
f 468/617/597 182/618/598 467/619/599
f 467/619/599 182/618/598 181/620/600
f 467/619/599 181/620/600 466/621/601
f 466/621/601 181/620/600 180/622/602
f 466/621/601 180/622/602 465/623/603
f 465/623/603 180/622/602 179/624/604
f 465/623/603 179/624/604 464/625/605
f 464/625/605 179/624/604 178/626/606
f 464/625/605 178/626/606 463/627/607
f 463/627/607 178/626/606 177/628/608
f 463/627/607 177/628/608 462/629/609
f 462/629/609 177/628/608 176/630/610
f 462/629/609 176/630/610 461/631/611
f 461/631/611 176/630/610 175/632/612
f 461/631/611 175/632/612 460/633/613
f 460/633/613 175/632/612 174/634/614
f 460/633/613 174/634/614 459/635/615
f 459/635/615 174/634/614 173/636/616
f 459/635/615 173/636/616 458/637/617
f 458/637/617 173/636/616 172/638/618
f 458/637/617 172/638/618 457/639/619
f 457/639/619 172/638/618 171/640/620
f 457/639/619 171/640/620 456/641/621
f 456/641/621 171/640/620 170/642/622
f 456/641/621 170/642/622 455/643/623
f 455/643/623 170/642/622 169/644/624
f 455/643/623 169/644/624 454/645/625
f 454/645/625 169/644/624 168/646/626
f 454/645/625 168/646/626 453/647/627
f 453/647/627 168/646/626 167/648/628
f 453/647/627 167/648/628 452/649/629
f 452/649/629 167/648/628 166/650/630
f 452/649/629 166/650/630 451/651/631
f 451/651/631 166/650/630 165/652/632
f 451/651/631 165/652/632 450/653/633
f 450/653/633 165/652/632 164/654/634
f 450/653/633 164/654/634 449/655/635
f 449/655/635 164/654/634 163/656/636
f 449/655/635 163/656/636 448/657/637
f 448/657/637 163/656/636 162/658/638
f 448/657/637 162/658/638 447/659/639
f 447/659/639 162/658/638 161/660/640
f 447/659/639 161/660/640 446/661/641
f 446/661/641 161/660/640 160/662/642
f 446/661/641 160/662/642 445/663/643
f 445/663/643 160/662/642 159/664/644
f 445/663/643 159/664/644 444/665/645
f 444/665/645 159/664/644 158/666/646
f 444/665/645 158/666/646 443/611/591
f 443/611/591 158/666/646 157/609/589
f 217/667/647 502/668/648 187/669/649
f 187/669/649 502/668/648 472/670/650
f 187/671/649 472/672/650 188/673/651
f 188/673/651 472/672/650 473/674/652
f 188/673/651 473/674/652 474/675/653
f 217/667/647 216/676/654 502/668/648
f 502/668/648 216/676/654 501/677/655
f 501/677/655 216/676/654 215/678/656
f 501/677/655 215/678/656 500/679/657
f 500/679/657 215/678/656 214/680/658
f 500/679/657 214/680/658 499/681/659
f 499/681/659 214/680/658 213/682/660
f 499/681/659 213/682/660 498/683/661
f 498/683/661 213/682/660 212/684/662
f 498/683/661 212/684/662 497/685/663
f 497/685/663 212/684/662 211/686/664
f 497/685/663 211/686/664 496/687/665
f 496/687/665 211/686/664 210/688/666
f 496/687/665 210/688/666 495/689/667
f 495/689/667 210/688/666 209/690/668
f 495/689/667 209/690/668 494/691/669
f 494/691/669 209/690/668 208/692/670
f 494/691/669 208/692/670 493/693/671
f 493/693/671 208/692/670 207/694/672
f 493/693/671 207/694/672 492/695/673
f 492/695/673 207/694/672 206/696/674
f 492/695/673 206/696/674 491/697/675
f 491/697/675 206/696/674 205/698/676
f 491/697/675 205/698/676 490/699/677
f 490/699/677 205/698/676 204/700/678
f 490/699/677 204/700/678 489/701/679
f 489/701/679 204/700/678 203/702/680
f 489/701/679 203/702/680 488/703/681
f 488/703/681 203/702/680 202/704/682
f 488/703/681 202/704/682 487/705/683
f 487/705/683 202/704/682 201/706/684
f 487/705/683 201/706/684 486/707/685
f 486/707/685 201/706/684 200/708/686
f 486/707/685 200/708/686 485/709/687
f 485/709/687 200/708/686 199/710/688
f 485/709/687 199/710/688 484/711/689
f 484/711/689 199/710/688 198/712/690
f 484/711/689 198/712/690 483/713/691
f 483/713/691 198/712/690 197/714/692
f 483/713/691 197/714/692 482/715/693
f 482/715/693 197/714/692 196/716/694
f 482/715/693 196/716/694 481/717/695
f 481/717/695 196/716/694 195/718/696
f 481/717/695 195/718/696 480/719/697
f 480/719/697 195/718/696 194/720/698
f 480/719/697 194/720/698 479/721/699
f 479/721/699 194/720/698 193/722/700
f 479/721/699 193/722/700 478/723/701
f 478/723/701 193/722/700 192/724/702
f 478/723/701 192/724/702 477/725/703
f 477/725/703 192/724/702 191/726/704
f 477/725/703 191/726/704 476/727/705
f 476/727/705 191/726/704 190/728/706
f 476/727/705 190/728/706 475/729/707
f 475/729/707 190/728/706 189/730/708
f 475/729/707 189/730/708 474/675/653
f 474/675/653 189/730/708 188/673/651
f 248/731/709 533/732/710 218/733/711
f 218/733/711 533/732/710 503/734/712
f 218/735/711 503/736/712 219/737/713
f 219/737/713 503/736/712 504/738/714
f 219/737/713 504/738/714 505/739/715
f 248/731/709 247/740/716 533/732/710
f 533/732/710 247/740/716 532/741/717
f 532/741/717 247/740/716 246/742/718
f 532/741/717 246/742/718 531/743/719
f 531/743/719 246/742/718 245/744/720
f 531/743/719 245/744/720 530/745/721
f 530/745/721 245/744/720 244/746/722
f 530/745/721 244/746/722 529/747/723
f 529/747/723 244/746/722 243/748/724
f 529/747/723 243/748/724 528/749/725
f 528/749/725 243/748/724 242/750/726
f 528/749/725 242/750/726 527/751/727
f 527/751/727 242/750/726 241/752/728
f 527/751/727 241/752/728 526/753/729
f 526/753/729 241/752/728 240/754/730
f 526/753/729 240/754/730 525/755/731
f 525/755/731 240/754/730 239/756/732
f 525/755/731 239/756/732 524/757/733
f 524/757/733 239/756/732 238/758/734
f 524/757/733 238/758/734 523/759/735
f 523/759/735 238/758/734 237/760/736
f 523/759/735 237/760/736 522/761/737
f 522/761/737 237/760/736 236/762/738
f 522/761/737 236/762/738 521/763/739
f 521/763/739 236/762/738 235/764/740
f 521/763/739 235/764/740 520/765/741
f 520/765/741 235/764/740 234/766/742
f 520/765/741 234/766/742 519/767/743
f 519/767/743 234/766/742 233/768/744
f 519/767/743 233/768/744 518/769/745
f 518/769/745 233/768/744 232/770/746
f 518/769/745 232/770/746 517/771/747
f 517/771/747 232/770/746 231/772/748
f 517/771/747 231/772/748 516/773/749
f 516/773/749 231/772/748 230/774/750
f 516/773/749 230/774/750 515/775/751
f 515/775/751 230/774/750 229/776/752
f 515/775/751 229/776/752 514/777/753
f 514/777/753 229/776/752 228/778/754
f 514/777/753 228/778/754 513/779/755
f 513/779/755 228/778/754 227/780/756
f 513/779/755 227/780/756 512/781/757
f 512/781/757 227/780/756 226/782/758
f 512/781/757 226/782/758 511/783/759
f 511/783/759 226/782/758 225/784/760
f 511/783/759 225/784/760 510/785/761
f 510/785/761 225/784/760 224/786/762
f 510/785/761 224/786/762 509/787/763
f 509/787/763 224/786/762 223/788/764
f 509/787/763 223/788/764 508/789/765
f 508/789/765 223/788/764 222/790/766
f 508/789/765 222/790/766 507/791/767
f 507/791/767 222/790/766 221/792/768
f 507/791/767 221/792/768 506/793/769
f 506/793/769 221/792/768 220/794/770
f 506/793/769 220/794/770 505/739/715
f 505/739/715 220/794/770 219/737/713
f 313/795/771 598/796/772 249/797/773
f 249/797/773 598/796/772 534/798/774
f 249/799/773 534/800/774 250/801/775
f 250/801/775 534/800/774 535/802/776
f 250/801/775 535/802/776 251/803/777
f 251/803/777 535/802/776 536/804/778
f 251/803/777 536/804/778 252/805/779
f 252/805/779 536/804/778 537/806/780
f 252/805/779 537/806/780 253/807/781
f 253/807/781 537/806/780 538/808/782
f 253/807/781 538/808/782 254/809/783
f 254/809/783 538/808/782 539/810/784
f 254/809/783 539/810/784 255/811/785
f 255/811/785 539/810/784 540/812/786
f 255/811/785 540/812/786 256/813/787
f 256/813/787 540/812/786 541/814/788
f 256/813/787 541/814/788 257/815/789
f 257/815/789 541/814/788 542/816/790
f 257/815/789 542/816/790 258/817/791
f 258/817/791 542/816/790 543/818/792
f 258/817/791 543/818/792 259/819/793
f 259/819/793 543/818/792 544/820/794
f 259/819/793 544/820/794 260/821/795
f 260/821/795 544/820/794 545/822/796
f 260/821/795 545/822/796 261/823/797
f 261/823/797 545/822/796 546/824/798
f 261/823/797 546/824/798 262/825/799
f 262/825/799 546/824/798 547/826/800
f 262/825/799 547/826/800 263/827/801
f 263/827/801 547/826/800 548/828/802
f 263/827/801 548/828/802 264/829/803
f 264/829/803 548/828/802 549/830/804
f 264/829/803 549/830/804 265/831/805
f 265/831/805 549/830/804 550/832/806
f 265/831/805 550/832/806 266/833/807
f 266/833/807 550/832/806 551/834/808
f 266/833/807 551/834/808 267/835/809
f 267/835/809 551/834/808 552/836/810
f 267/835/809 552/836/810 268/837/811
f 268/837/811 552/836/810 553/838/812
f 268/837/811 553/838/812 269/839/813
f 269/839/813 553/838/812 554/840/814
f 269/839/813 554/840/814 270/841/815
f 270/841/815 554/840/814 555/842/816
f 270/841/815 555/842/816 271/843/817
f 271/843/817 555/842/816 556/844/818
f 271/843/817 556/844/818 272/845/819
f 272/845/819 556/844/818 557/846/820
f 272/845/819 557/846/820 273/847/821
f 273/847/821 557/846/820 558/848/822
f 273/847/821 558/848/822 274/849/823
f 274/849/823 558/848/822 559/850/824
f 274/849/823 559/850/824 275/851/825
f 275/851/825 559/850/824 560/852/826
f 275/851/825 560/852/826 276/853/827
f 276/853/827 560/852/826 561/854/828
f 276/853/827 561/854/828 277/855/829
f 277/855/829 561/854/828 562/856/830
f 277/855/829 562/856/830 278/857/831
f 278/857/831 562/856/830 563/858/832
f 278/857/831 563/858/832 279/859/833
f 279/859/833 563/858/832 564/860/834
f 279/859/833 564/860/834 280/861/835
f 280/861/835 564/860/834 565/862/836
f 280/861/835 565/862/836 281/863/837
f 281/863/837 565/862/836 566/864/838
f 281/863/837 566/864/838 282/865/839
f 282/865/839 566/864/838 567/866/840
f 282/865/839 567/866/840 283/867/841
f 283/867/841 567/866/840 568/868/842
f 283/867/841 568/868/842 284/869/843
f 284/869/843 568/868/842 569/870/844
f 284/869/843 569/870/844 285/871/845
f 285/871/845 569/870/844 570/872/846
f 285/871/845 570/872/846 286/873/847
f 286/873/847 570/872/846 571/874/848
f 286/873/847 571/874/848 287/875/849
f 287/875/849 571/874/848 572/876/850
f 287/875/849 572/876/850 288/877/851
f 288/877/851 572/876/850 573/878/852
f 288/877/851 573/878/852 289/879/853
f 289/879/853 573/878/852 574/880/854
f 289/879/853 574/880/854 290/881/855
f 290/881/855 574/880/854 575/882/856
f 290/881/855 575/882/856 291/883/857
f 291/883/857 575/882/856 576/884/858
f 291/883/857 576/884/858 292/885/859
f 292/885/859 576/884/858 577/886/860
f 292/885/859 577/886/860 293/887/861
f 293/887/861 577/886/860 578/888/862
f 293/887/861 578/888/862 294/889/863
f 294/889/863 578/888/862 579/890/864
f 294/889/863 579/890/864 295/891/865
f 295/891/865 579/890/864 580/892/866
f 295/891/865 580/892/866 296/893/867
f 296/893/867 580/892/866 581/894/868
f 296/893/867 581/894/868 297/895/869
f 297/895/869 581/894/868 582/896/870
f 297/895/869 582/896/870 298/897/871
f 298/897/871 582/896/870 583/898/872
f 298/897/871 583/898/872 299/899/873
f 299/899/873 583/898/872 584/900/874
f 299/899/873 584/900/874 300/901/875
f 300/901/875 584/900/874 585/902/876
f 300/901/875 585/902/876 301/903/877
f 301/903/877 585/902/876 586/904/878
f 301/903/877 586/904/878 302/905/879
f 302/905/879 586/904/878 587/906/880
f 302/905/879 587/906/880 303/907/881
f 303/907/881 587/906/880 588/908/882
f 303/907/881 588/908/882 304/909/883
f 304/909/883 588/908/882 589/910/884
f 304/909/883 589/910/884 305/911/885
f 305/911/885 589/910/884 590/912/886
f 305/911/885 590/912/886 306/913/887
f 306/913/887 590/912/886 591/914/888
f 306/913/887 591/914/888 307/915/889
f 307/915/889 591/914/888 592/916/890
f 307/915/889 592/916/890 308/917/891
f 308/917/891 592/916/890 593/918/892
f 308/917/891 593/918/892 309/919/893
f 309/919/893 593/918/892 594/920/894
f 309/919/893 594/920/894 310/921/895
f 310/921/895 594/920/894 595/922/896
f 310/921/895 595/922/896 311/923/897
f 311/923/897 595/922/896 596/924/898
f 311/923/897 596/924/898 312/925/899
f 312/925/899 596/924/898 597/926/900
f 312/925/899 597/926/900 313/795/771
f 313/795/771 597/926/900 598/796/772
f 86/927/901 85/928/902 341/929/903
f 341/929/903 85/928/902 599/930/904
f 600/931/905 599/932/906 84/933/907
f 84/933/907 599/932/906 85/934/908
f 326/935/329 600/936/909 83/937/330
f 83/937/330 600/936/909 84/938/910
f 25/939/911 358/940/912 26/941/913
f 26/941/913 358/940/912 357/942/914
f 26/941/913 357/942/914 356/943/915
f 358/940/912 25/939/911 359/944/916
f 359/944/916 25/939/911 24/945/917
f 359/944/916 24/945/917 360/946/918
f 360/946/918 24/945/917 23/947/919
f 360/946/918 23/947/919 361/948/920
f 361/948/920 23/947/919 22/949/921
f 361/948/920 22/949/921 21/950/922
f 361/948/920 21/950/922 362/951/923
f 362/951/923 21/950/922 20/952/924
f 362/951/923 20/952/924 19/953/925
f 19/953/925 18/954/926 362/951/923
f 362/951/923 18/954/926 363/955/927
f 363/955/927 18/954/926 17/956/928
f 363/955/927 17/956/928 16/957/929
f 16/957/929 15/958/930 363/955/927
f 363/955/927 15/958/930 14/959/931
f 363/955/927 14/959/931 365/960/932
f 365/960/932 14/959/931 340/961/933
f 365/960/932 340/961/933 366/962/934
f 366/962/934 340/961/933 367/963/935
f 367/963/935 340/961/933 368/964/936
f 368/964/936 340/961/933 556/965/937
f 368/964/936 556/965/937 555/966/938
f 339/967/939 558/968/940 340/961/933
f 340/961/933 558/968/940 557/969/941
f 340/961/933 557/969/941 556/965/937
f 558/968/940 339/967/939 559/970/942
f 559/970/942 339/967/939 338/971/943
f 559/970/942 338/971/943 560/972/944
f 560/972/944 338/971/943 337/973/945
f 560/972/944 337/973/945 561/974/946
f 561/974/946 337/973/945 336/975/947
f 561/974/946 336/975/947 562/976/948
f 562/976/948 336/975/947 335/977/949
f 562/976/948 335/977/949 334/978/950
f 562/976/948 334/978/950 563/979/951
f 563/979/951 334/978/950 333/980/952
f 563/979/951 333/980/952 564/981/953
f 564/981/953 333/980/952 332/982/954
f 564/981/953 332/982/954 331/983/955
f 564/981/953 331/983/955 565/984/956
f 565/984/956 331/983/955 330/985/957
f 565/984/956 330/985/957 566/986/958
f 566/986/958 330/985/957 329/987/959
f 566/986/958 329/987/959 328/988/960
f 566/986/958 328/988/960 567/989/961
f 567/989/961 328/988/960 327/990/962
f 567/989/961 327/990/962 568/991/963
f 568/991/963 327/990/962 569/992/964
f 569/992/964 327/990/962 442/993/965
f 569/992/964 442/993/965 570/994/966
f 570/994/966 442/993/965 441/995/967
f 570/994/966 441/995/967 571/996/968
f 571/996/968 441/995/967 471/997/969
f 571/996/968 471/997/969 572/998/970
f 572/998/970 471/997/969 470/999/971
f 572/998/970 470/999/971 573/1000/972
f 573/1000/972 470/999/971 505/1001/973
f 573/1000/972 505/1001/973 504/1002/974
f 341/1003/975 449/1004/976 327/990/962
f 327/990/962 449/1004/976 448/1005/977
f 327/990/962 448/1005/977 447/1006/978
f 599/1007/979 458/1008/980 341/1003/975
f 341/1003/975 458/1008/980 457/1009/981
f 341/1003/975 457/1009/981 456/1010/982
f 600/1011/983 528/1012/984 599/1007/979
f 599/1007/979 528/1012/984 527/1013/985
f 599/1007/979 527/1013/985 526/1014/986
f 326/1015/987 473/1016/988 600/1011/983
f 600/1011/983 473/1016/988 472/1017/989
f 600/1011/983 472/1017/989 502/1018/990
f 325/1019/991 418/1020/992 326/1015/987
f 326/1015/987 418/1020/992 417/1021/993
f 326/1015/987 417/1021/993 440/1022/994
f 325/1019/991 324/1023/995 418/1020/992
f 418/1020/992 324/1023/995 419/1024/996
f 419/1024/996 324/1023/995 323/1025/997
f 419/1024/996 323/1025/997 322/1026/998
f 322/1026/998 321/1027/999 419/1024/996
f 419/1024/996 321/1027/999 420/1028/1000
f 420/1028/1000 321/1027/999 320/1029/1001
f 420/1028/1000 320/1029/1001 319/1030/1002
f 420/1028/1000 319/1030/1002 421/1031/1003
f 421/1031/1003 319/1030/1002 318/1032/1004
f 421/1031/1003 318/1032/1004 317/1033/1005
f 421/1031/1003 317/1033/1005 422/1034/1006
f 422/1034/1006 317/1033/1005 316/1035/1007
f 422/1034/1006 316/1035/1007 423/1036/1008
f 423/1036/1008 316/1035/1007 315/1037/1009
f 423/1036/1008 315/1037/1009 424/1038/1010
f 424/1038/1010 315/1037/1009 314/1039/1011
f 424/1038/1010 314/1039/1011 425/1040/1012
f 425/1040/1012 314/1039/1011 426/1041/1013
f 426/1041/1013 314/1039/1011 427/1042/1014
f 427/1042/1014 314/1039/1011 428/1043/1015
f 428/1043/1015 314/1039/1011 343/1044/1016
f 428/1043/1015 343/1044/1016 342/1045/1017
f 26/941/913 351/1046/1018 314/1039/1011
f 314/1039/1011 351/1046/1018 350/1047/1019
f 314/1039/1011 350/1047/1019 349/1048/1020
f 598/1049/1021 484/1050/1022 534/1051/1023
f 534/1051/1023 484/1050/1022 483/1052/1024
f 534/1051/1023 483/1052/1024 535/1053/1025
f 535/1053/1025 483/1052/1024 482/1054/1026
f 535/1053/1025 482/1054/1026 536/1055/1027
f 536/1055/1027 482/1054/1026 481/1056/1028
f 536/1055/1027 481/1056/1028 537/1057/1029
f 537/1057/1029 481/1056/1028 480/1058/1030
f 537/1057/1029 480/1058/1030 538/1059/1031
f 538/1059/1031 480/1058/1030 479/1060/1032
f 538/1059/1031 479/1060/1032 539/1061/1033
f 539/1061/1033 479/1060/1032 436/1062/1034
f 539/1061/1033 436/1062/1034 540/1063/1035
f 540/1063/1035 436/1062/1034 435/1064/1036
f 540/1063/1035 435/1064/1036 541/1065/1037
f 541/1065/1037 435/1064/1036 434/1066/1038
f 541/1065/1037 434/1066/1038 364/1067/1039
f 364/1067/1039 434/1066/1038 433/1068/1040
f 364/1067/1039 433/1068/1040 432/1069/1041
f 484/1050/1022 598/1049/1021 485/1070/1042
f 485/1070/1042 598/1049/1021 597/1071/1043
f 485/1070/1042 597/1071/1043 486/1072/1044
f 486/1072/1044 597/1071/1043 596/1073/1045
f 486/1072/1044 596/1073/1045 487/1074/1046
f 487/1074/1046 596/1073/1045 595/1075/1047
f 487/1074/1046 595/1075/1047 488/1076/1048
f 488/1076/1048 595/1075/1047 594/1077/1049
f 488/1076/1048 594/1077/1049 489/1078/1050
f 489/1078/1050 594/1077/1049 593/1079/1051
f 489/1078/1050 593/1079/1051 490/1080/1052
f 490/1080/1052 593/1079/1051 399/1081/1053
f 490/1080/1052 399/1081/1053 398/1082/1054
f 399/1081/1053 593/1079/1051 400/1083/1055
f 400/1083/1055 593/1079/1051 592/1084/1056
f 400/1083/1055 592/1084/1056 591/1085/1057
f 400/1083/1055 591/1085/1057 401/1086/1058
f 401/1086/1058 591/1085/1057 590/1087/1059
f 401/1086/1058 590/1087/1059 402/1088/1060
f 402/1088/1060 590/1087/1059 589/1089/1061
f 402/1088/1060 589/1089/1061 403/1090/1062
f 403/1090/1062 589/1089/1061 588/1091/1063
f 403/1090/1062 588/1091/1063 587/1092/1064
f 403/1090/1062 587/1092/1064 404/1093/1065
f 404/1093/1065 587/1092/1064 586/1094/1066
f 404/1093/1065 586/1094/1066 585/1095/1067
f 404/1093/1065 585/1095/1067 405/1096/1068
f 405/1096/1068 585/1095/1067 584/1097/1069
f 405/1096/1068 584/1097/1069 583/1098/1070
f 582/1099/1071 530/1100/1072 583/1098/1070
f 583/1098/1070 530/1100/1072 406/1101/1073
f 583/1098/1070 406/1101/1073 405/1096/1068
f 582/1099/1071 581/1102/1074 530/1100/1072
f 530/1100/1072 581/1102/1074 531/1103/1075
f 531/1103/1075 581/1102/1074 580/1104/1076
f 531/1103/1075 580/1104/1076 579/1105/1077
f 531/1103/1075 579/1105/1077 532/1106/1078
f 532/1106/1078 579/1105/1077 578/1107/1079
f 532/1106/1078 578/1107/1079 533/1108/1080
f 533/1108/1080 578/1107/1079 577/1109/1081
f 533/1108/1080 577/1109/1081 576/1110/1082
f 533/1108/1080 576/1110/1082 503/1111/1083
f 503/1111/1083 576/1110/1082 575/1112/1084
f 503/1111/1083 575/1112/1084 504/1002/974
f 504/1002/974 575/1112/1084 574/1113/1085
f 504/1002/974 574/1113/1085 573/1000/972
f 368/964/936 555/966/938 369/1114/1086
f 369/1114/1086 555/966/938 554/1115/1087
f 369/1114/1086 554/1115/1087 370/1116/1088
f 370/1116/1088 554/1115/1087 371/1117/1089
f 371/1117/1089 554/1115/1087 553/1118/1090
f 371/1117/1089 553/1118/1090 372/1119/1091
f 372/1119/1091 553/1118/1090 552/1120/1092
f 372/1119/1091 552/1120/1092 373/1121/1093
f 373/1121/1093 552/1120/1092 374/1122/1094
f 374/1122/1094 552/1120/1092 551/1123/1095
f 374/1122/1094 551/1123/1095 375/1124/1096
f 375/1124/1096 551/1123/1095 550/1125/1097
f 375/1124/1096 550/1125/1097 376/1126/1098
f 376/1126/1098 550/1125/1097 377/1127/1099
f 377/1127/1099 550/1125/1097 549/1128/1100
f 377/1127/1099 549/1128/1100 378/1129/1101
f 378/1129/1101 549/1128/1100 548/1130/1102
f 378/1129/1101 548/1130/1102 379/1131/1103
f 379/1131/1103 548/1130/1102 380/1132/1104
f 380/1132/1104 548/1130/1102 547/1133/1105
f 380/1132/1104 547/1133/1105 381/1134/1106
f 381/1134/1106 547/1133/1105 546/1135/1107
f 381/1134/1106 546/1135/1107 382/1136/1108
f 382/1136/1108 546/1135/1107 383/1137/1109
f 383/1137/1109 546/1135/1107 545/1138/1110
f 383/1137/1109 545/1138/1110 384/1139/1111
f 384/1139/1111 545/1138/1110 544/1140/1112
f 384/1139/1111 544/1140/1112 385/1141/1113
f 385/1141/1113 544/1140/1112 543/1142/1114
f 385/1141/1113 543/1142/1114 364/1067/1039
f 364/1067/1039 543/1142/1114 542/1143/1115
f 364/1067/1039 542/1143/1115 541/1065/1037
f 530/1100/1072 529/1144/1116 406/1101/1073
f 406/1101/1073 529/1144/1116 407/1145/1117
f 407/1145/1117 529/1144/1116 528/1012/984
f 407/1145/1117 528/1012/984 600/1011/983
f 526/1014/986 525/1146/1118 599/1007/979
f 599/1007/979 525/1146/1118 524/1147/1119
f 599/1007/979 524/1147/1119 523/1148/1120
f 523/1148/1120 522/1149/1121 599/1007/979
f 599/1007/979 522/1149/1121 521/1150/1122
f 599/1007/979 521/1150/1122 520/1151/1123
f 520/1151/1123 519/1152/1124 599/1007/979
f 599/1007/979 519/1152/1124 518/1153/1125
f 599/1007/979 518/1153/1125 517/1154/1126
f 599/1007/979 517/1154/1126 458/1008/980
f 458/1008/980 517/1154/1126 516/1155/1127
f 458/1008/980 516/1155/1127 459/1156/1128
f 459/1156/1128 516/1155/1127 460/1157/1129
f 460/1157/1129 516/1155/1127 515/1158/1130
f 460/1157/1129 515/1158/1130 461/1159/1131
f 461/1159/1131 515/1158/1130 514/1160/1132
f 461/1159/1131 514/1160/1132 462/1161/1133
f 462/1161/1133 514/1160/1132 513/1162/1134
f 462/1161/1133 513/1162/1134 463/1163/1135
f 463/1163/1135 513/1162/1134 512/1164/1136
f 463/1163/1135 512/1164/1136 464/1165/1137
f 464/1165/1137 512/1164/1136 511/1166/1138
f 464/1165/1137 511/1166/1138 510/1167/1139
f 464/1165/1137 510/1167/1139 465/1168/1140
f 465/1168/1140 510/1167/1139 509/1169/1141
f 465/1168/1140 509/1169/1141 466/1170/1142
f 466/1170/1142 509/1169/1141 508/1171/1143
f 466/1170/1142 508/1171/1143 467/1172/1144
f 467/1172/1144 508/1171/1143 507/1173/1145
f 467/1172/1144 507/1173/1145 468/1174/1146
f 468/1174/1146 507/1173/1145 506/1175/1147
f 468/1174/1146 506/1175/1147 469/1176/1148
f 469/1176/1148 506/1175/1147 505/1001/973
f 469/1176/1148 505/1001/973 470/999/971
f 501/1177/1149 388/1178/1150 502/1018/990
f 502/1018/990 388/1178/1150 387/1179/1151
f 502/1018/990 387/1179/1151 600/1011/983
f 600/1011/983 387/1179/1151 386/1180/1152
f 600/1011/983 386/1180/1152 416/1181/1153
f 501/1177/1149 500/1182/1154 388/1178/1150
f 388/1178/1150 500/1182/1154 389/1183/1155
f 389/1183/1155 500/1182/1154 499/1184/1156
f 389/1183/1155 499/1184/1156 390/1185/1157
f 390/1185/1157 499/1184/1156 498/1186/1158
f 390/1185/1157 498/1186/1158 391/1187/1159
f 391/1187/1159 498/1186/1158 497/1188/1160
f 391/1187/1159 497/1188/1160 392/1189/1161
f 392/1189/1161 497/1188/1160 496/1190/1162
f 392/1189/1161 496/1190/1162 393/1191/1163
f 393/1191/1163 496/1190/1162 495/1192/1164
f 393/1191/1163 495/1192/1164 394/1193/1165
f 394/1193/1165 495/1192/1164 494/1194/1166
f 394/1193/1165 494/1194/1166 395/1195/1167
f 395/1195/1167 494/1194/1166 493/1196/1168
f 395/1195/1167 493/1196/1168 396/1197/1169
f 396/1197/1169 493/1196/1168 492/1198/1170
f 396/1197/1169 492/1198/1170 397/1199/1171
f 397/1199/1171 492/1198/1170 491/1200/1172
f 397/1199/1171 491/1200/1172 398/1082/1054
f 398/1082/1054 491/1200/1172 490/1080/1052
f 479/1060/1032 478/1201/1173 436/1062/1034
f 436/1062/1034 478/1201/1173 437/1202/1174
f 437/1202/1174 478/1201/1173 477/1203/1175
f 437/1202/1174 477/1203/1175 438/1204/1176
f 438/1204/1176 477/1203/1175 326/1015/987
f 438/1204/1176 326/1015/987 439/1205/1177
f 439/1205/1177 326/1015/987 440/1022/994
f 477/1203/1175 476/1206/1178 326/1015/987
f 326/1015/987 476/1206/1178 475/1207/1179
f 326/1015/987 475/1207/1179 474/1208/1180
f 474/1208/1180 473/1016/988 326/1015/987
f 456/1010/982 455/1209/1181 341/1003/975
f 341/1003/975 455/1209/1181 454/1210/1182
f 341/1003/975 454/1210/1182 453/1211/1183
f 453/1211/1183 452/1212/1184 341/1003/975
f 341/1003/975 452/1212/1184 451/1213/1185
f 341/1003/975 451/1213/1185 450/1214/1186
f 450/1214/1186 449/1004/976 341/1003/975
f 447/1006/978 446/1215/1187 327/990/962
f 327/990/962 446/1215/1187 445/1216/1188
f 327/990/962 445/1216/1188 444/1217/1189
f 444/1217/1189 443/1218/1190 327/990/962
f 327/990/962 443/1218/1190 442/993/965
f 432/1069/1041 431/1219/1191 364/1067/1039
f 364/1067/1039 431/1219/1191 342/1045/1017
f 342/1045/1017 431/1219/1191 430/1220/1192
f 342/1045/1017 430/1220/1192 429/1221/1193
f 429/1221/1193 428/1043/1015 342/1045/1017
f 416/1181/1153 415/1222/1194 600/1011/983
f 600/1011/983 415/1222/1194 414/1223/1195
f 600/1011/983 414/1223/1195 413/1224/1196
f 413/1224/1196 412/1225/1197 600/1011/983
f 600/1011/983 412/1225/1197 411/1226/1198
f 600/1011/983 411/1226/1198 410/1227/1199
f 410/1227/1199 409/1228/1200 600/1011/983
f 600/1011/983 409/1228/1200 408/1229/1201
f 600/1011/983 408/1229/1201 407/1145/1117
f 356/943/915 355/1230/1202 26/941/913
f 26/941/913 355/1230/1202 354/1231/1203
f 26/941/913 354/1231/1203 353/1232/1204
f 353/1232/1204 352/1233/1205 26/941/913
f 26/941/913 352/1233/1205 351/1046/1018
f 349/1048/1020 348/1234/1206 314/1039/1011
f 314/1039/1011 348/1234/1206 347/1235/1207
f 314/1039/1011 347/1235/1207 346/1236/1208
f 346/1236/1208 345/1237/1209 314/1039/1011
f 314/1039/1011 345/1237/1209 344/1238/1210
f 314/1039/1011 344/1238/1210 343/1044/1016
# 600 vertices
# 1238 texture params
# 1210 normals
# 1224 facets

# 1 groups
