%
(Header)
(Fixed: base space.nc -> base space_fixed.ngc)
(Generated & Repaired by Antigravity G-Code Fixer)
M3
(Header end.)
G21
G90
G00 X0.0 Y0.0
G00 Z4.9900
G00 X8.8662 Y9.0230
G1 X8.7227 Y9.2199 Z4.9470 F150
G1 X8.6130 Y9.4376 Z4.9041
G1 X8.5401 Y9.6701 Z4.8611
G1 X8.5060 Y9.9114 Z4.8181
G1 X8.5114 Y10.1550 Z4.7752
G1 X8.5563 Y10.3945 Z4.7322
G1 X8.6395 Y10.6237 Z4.6892
G1 X8.7587 Y10.8362 Z4.6462
G1 X8.9108 Y11.0265 Z4.6033
G1 X9.0918 Y11.1897 Z4.5603
G1 X9.2969 Y11.3213 Z4.5173
G1 X9.5206 Y11.4178 Z4.4744
G1 X9.7571 Y11.4768 Z4.4314
G1 X10.0 Y11.4967 Z4.3884
G1 X10.2429 Y11.4768 Z4.3454
G1 X10.4794 Y11.4178 Z4.3025
G1 X10.7030 Y11.3213 Z4.2595
G1 X10.9082 Y11.1897 Z4.2165
G1 X11.0892 Y11.0265 Z4.1736
G1 X11.2413 Y10.8361 Z4.1306
G1 X11.3605 Y10.6237 Z4.0876
G1 X11.4437 Y10.3945 Z4.0447
G1 X11.4886 Y10.1550 Z4.0017
G1 X11.4940 Y9.9114 Z3.9587
G1 X11.4599 Y9.6701 Z3.9158
G1 X11.3870 Y9.4376 Z3.8728
G1 X11.2773 Y9.2199 Z3.8298
G1 X11.1338 Y9.0230 Z3.7869
G1 X10.9602 Y8.8520 Z3.7439
G1 X10.7200 Y8.6823 Z3.6920
G1 X10.5112 Y8.5536 Z3.6488
G1 X10.3589 Y8.4864 Z3.6194
G1 X10.2031 Y8.4554 Z3.5914
G1 X10.0 Y8.4422 Z3.5555
G1 X9.7969 Y8.4554 Z3.5196
G1 X9.6412 Y8.4864 Z3.4916
G1 X9.4884 Y8.5538 Z3.4622
G1 X9.2800 Y8.6823 Z3.4190
G1 X9.0398 Y8.8519 Z3.3672
G1 X8.8662 Y9.0230 Z3.3242
G1 X8.7227 Y9.2199 Z3.2812
G1 X8.6130 Y9.4376 Z3.2383
G1 X8.5401 Y9.6701 Z3.1953
G1 X8.5060 Y9.9114 Z3.1523
G1 X8.5114 Y10.1550 Z3.1094
G1 X8.5563 Y10.3945 Z3.0664
G1 X8.6395 Y10.6237 Z3.0234
G1 X8.7587 Y10.8362 Z2.9804
G1 X8.9108 Y11.0265 Z2.9375
G1 X9.0918 Y11.1897 Z2.8945
G1 X9.2969 Y11.3213 Z2.8515
G1 X9.5206 Y11.4178 Z2.8086
G1 X9.7571 Y11.4768 Z2.7656
G1 X10.0 Y11.4967 Z2.7226
G1 X10.2429 Y11.4768 Z2.6796
G1 X10.4794 Y11.4178 Z2.6367
G1 X10.7030 Y11.3213 Z2.5937
G1 X10.9082 Y11.1897 Z2.5507
G1 X11.0892 Y11.0265 Z2.5078
G1 X11.2413 Y10.8361 Z2.4648
G1 X11.3605 Y10.6237 Z2.4219
G1 X11.4437 Y10.3945 Z2.3789
G1 X11.4886 Y10.1550 Z2.3359
G1 X11.4940 Y9.9114 Z2.2929
G1 X11.4599 Y9.6701 Z2.2500
G1 X11.3870 Y9.4376 Z2.2070
G1 X11.2773 Y9.2199 Z2.1640
G1 X11.1338 Y9.0230 Z2.1211
G1 X10.9602 Y8.8520 Z2.0781
G1 X10.7200 Y8.6823 Z2.0262
G1 X10.5112 Y8.5536 Z1.9830
G1 X10.3589 Y8.4864 Z1.9536
G1 X10.2031 Y8.4554 Z1.9256
G1 X10.0 Y8.4422 Z1.8897
G1 X9.7969 Y8.4554 Z1.8538
G1 X9.6412 Y8.4864 Z1.8258
G1 X9.4884 Y8.5538 Z1.7964
G1 X9.2800 Y8.6823 Z1.7532
G1 X9.0398 Y8.8519 Z1.7014
G1 X8.8662 Y9.0230 Z1.6584
G1 X8.7227 Y9.2199 Z1.6154
G1 X8.6130 Y9.4376 Z1.5725
G1 X8.5401 Y9.6701 Z1.5295
G1 X8.5060 Y9.9114 Z1.4865
G1 X8.5114 Y10.1550 Z1.4436
G1 X8.5563 Y10.3945 Z1.4006
G1 X8.6395 Y10.6237 Z1.3576
G1 X8.7587 Y10.8362 Z1.3146
G1 X8.9108 Y11.0265 Z1.2717
G1 X9.0918 Y11.1897 Z1.2287
G1 X9.2969 Y11.3213 Z1.1857
G1 X9.5206 Y11.4178 Z1.1428
G1 X9.7571 Y11.4768 Z1.0998
G1 X10.0 Y11.4967 Z1.0568
G1 X10.2429 Y11.4768 Z1.0138
G1 X10.4794 Y11.4178 Z0.9709
G1 X10.7030 Y11.3213 Z0.9279
G1 X10.9082 Y11.1897 Z0.8849
G1 X11.0892 Y11.0265 Z0.8420
G1 X11.2413 Y10.8361 Z0.7990
G1 X11.3605 Y10.6237 Z0.7561
G1 X11.4437 Y10.3945 Z0.7131
G1 X11.4886 Y10.1550 Z0.6701
G1 X11.4940 Y9.9114 Z0.6271
G1 X11.4599 Y9.6701 Z0.5842
G1 X11.3870 Y9.4376 Z0.5412
G1 X11.2773 Y9.2199 Z0.4982
G1 X11.1338 Y9.0230 Z0.4553
G1 X10.9602 Y8.8520 Z0.4123
G1 X10.7200 Y8.6823 Z0.3604
G1 X10.5112 Y8.5536 Z0.3172
G1 X10.3589 Y8.4864 Z0.2878
G1 X10.2031 Y8.4554 Z0.2598
G1 X10.0 Y8.4422 Z0.2239
G1 X9.7969 Y8.4554 Z0.1880
G1 X9.6412 Y8.4864 Z0.1600
G1 X9.4884 Y8.5538 Z0.1306
G1 X9.2800 Y8.6823 Z0.0874
G1 X9.0398 Y8.8519 Z0.0356
G1 X8.8662 Y9.0230 Z-0.0074
G1 X8.7227 Y9.2199 Z-0.0504
G1 X8.6130 Y9.4376 Z-0.0933
G1 X8.5401 Y9.6701 Z-0.1363
G1 X8.5060 Y9.9114 Z-0.1793
G1 X8.5114 Y10.1550 Z-0.2222
G1 X8.5563 Y10.3945 Z-0.2652
G1 X8.6395 Y10.6237 Z-0.3082
G1 X8.7587 Y10.8362 Z-0.3512
G1 X8.9108 Y11.0265 Z-0.3941
G1 X9.0918 Y11.1897 Z-0.4371
G1 X9.2969 Y11.3213 Z-0.4801
G1 X9.5206 Y11.4178 Z-0.5100
G1 X9.7571 Y11.4768 F480
G1 X10.0 Y11.4967
G1 X10.2429 Y11.4768
G1 X10.4794 Y11.4178
G1 X10.7030 Y11.3213
G1 X10.9082 Y11.1897
G1 X11.0892 Y11.0265
G1 X11.2413 Y10.8361
G1 X11.3605 Y10.6237
G1 X11.4437 Y10.3945
G1 X11.4886 Y10.1550
G1 X11.4940 Y9.9114
G1 X11.4599 Y9.6701
G1 X11.3870 Y9.4376
G1 X11.2773 Y9.2199
G1 X11.1338 Y9.0230
G1 X10.9602 Y8.8520
G1 X10.7200 Y8.6823
G1 X10.5112 Y8.5536
G1 X10.3589 Y8.4864
G1 X10.2031 Y8.4554
G1 X10.0 Y8.4422
G1 X9.7969 Y8.4554
G1 X9.6412 Y8.4864
G1 X9.4884 Y8.5538
G1 X9.2800 Y8.6823
G1 X9.0398 Y8.8519
G1 X8.8662 Y9.0230
G1 X8.7227 Y9.2199
G1 X8.6130 Y9.4376
G1 X8.5401 Y9.6701
G1 X8.5060 Y9.9114
G1 X8.5114 Y10.1550
G1 X8.5563 Y10.3945
G1 X8.6395 Y10.6237
G1 X8.7587 Y10.8362
G1 X8.9108 Y11.0265
G1 X9.0918 Y11.1897
G1 X9.2969 Y11.3213
G1 X9.5206 Y11.4178
G00 Z4.9900
G00 X10.0 Y18.4422
G1 Z0.0900 F150
G1 X9.7969 Y18.4554 Z0.0541
G1 X9.6412 Y18.4864 Z0.0261
G1 X9.4884 Y18.5538 Z-0.0033
G1 X9.2802 Y18.6822 Z-0.0465
G1 X9.0398 Y18.8520 Z-0.0984
G1 X8.8662 Y19.0230 Z-0.1413
G1 X8.7227 Y19.2199 Z-0.1843
G1 X8.6130 Y19.4376 Z-0.2273
G1 X8.5401 Y19.6701 Z-0.2702
G1 X8.5060 Y19.9114 Z-0.3132
G1 X8.5114 Y20.1550 Z-0.3562
G1 X8.5563 Y20.3946 Z-0.3991
G1 X8.6394 Y20.6236 Z-0.4421
G1 X8.7587 Y20.8362 Z-0.4851
G1 X8.9108 Y21.0265 Z-0.5100
G1 X9.0918 Y21.1896 F480
G1 X9.2969 Y21.3213
G1 X9.5207 Y21.4178
G1 X9.7571 Y21.4768
G1 X10.0 Y21.4967
G1 X10.2429 Y21.4768
G1 X10.4794 Y21.4178
G1 X10.7031 Y21.3213
G1 X10.9082 Y21.1897
G1 X11.0892 Y21.0265
G1 X11.2413 Y20.8361
G1 X11.3605 Y20.6237
G1 X11.4437 Y20.3945
G1 X11.4886 Y20.1550
G1 X11.4940 Y19.9114
G1 X11.4599 Y19.6701
G1 X11.3870 Y19.4376
G1 X11.2773 Y19.2199
G1 X11.1338 Y19.0230
G1 X10.9602 Y18.8520
G1 X10.7200 Y18.6823
G1 X10.5112 Y18.5536
G1 X10.3589 Y18.4864
G1 X10.2031 Y18.4554
G1 X10.0 Y18.4422
G1 X9.7969 Y18.4554
G1 X9.6412 Y18.4864
G1 X9.4884 Y18.5538
G1 X9.2802 Y18.6822
G1 X9.0398 Y18.8520
G1 X8.8662 Y19.0230
G1 X8.7227 Y19.2199
G1 X8.6130 Y19.4376
G1 X8.5401 Y19.6701
G1 X8.5060 Y19.9114
G1 X8.5114 Y20.1550
G1 X8.5563 Y20.3946
G1 X8.6394 Y20.6236
G1 X8.7587 Y20.8362
G1 X8.9108 Y21.0265
G00 Z4.9900
G00 X9.9438 Y34.0617
G1 Z0.0900 F150
G1 X9.6509 Y34.1375 Z0.0367
G1 X9.3794 Y34.2707 Z-0.0167
G1 X9.1402 Y34.4559 Z-0.0700
G1 X8.9432 Y34.6853 Z-0.1233
G1 X8.7964 Y34.9498 Z-0.1767
G1 X8.7059 Y35.2384 Z-0.2300
G1 X8.6753 Y35.5393 Z-0.2833
G1 X8.7059 Y35.8402 Z-0.3367
G1 X8.7964 Y36.1288 Z-0.3900
G1 X8.9432 Y36.3932 Z-0.4433
G1 X9.1402 Y36.6228 Z-0.4967
G1 X9.3794 Y36.8079 Z-0.5100
G1 X9.6509 Y36.9411 F480
G1 X9.9438 Y37.0169
G1 X10.2459 Y37.0322
G1 X10.5448 Y36.9864
G1 X10.8285 Y36.8814
G1 X11.0851 Y36.7214
G1 X11.3044 Y36.5130
G1 X11.4771 Y36.2648
G1 X11.5964 Y35.9868
G1 X11.6573 Y35.6905
G1 Y35.3881
G1 X11.5964 Y35.0918
G1 X11.4771 Y34.8138
G1 X11.3044 Y34.5656
G1 X11.0851 Y34.3572
G1 X10.8285 Y34.1972
G1 X10.5448 Y34.0922
G1 X10.2459 Y34.0464
G1 X9.9438 Y34.0617
G1 X9.6509 Y34.1375
G1 X9.3794 Y34.2707
G1 X9.1402 Y34.4559
G1 X8.9432 Y34.6853
G1 X8.7964 Y34.9498
G1 X8.7059 Y35.2384
G1 X8.6753 Y35.5393
G1 X8.7059 Y35.8402
G1 X8.7964 Y36.1288
G1 X8.9432 Y36.3932
G1 X9.1402 Y36.6228
G1 X9.3794 Y36.8079
G00 Z4.9900
G00 X9.9437 Y44.0617
G1 Z0.0900 F150
G1 X9.6509 Y44.1375 Z0.0367
G1 X9.3794 Y44.2707 Z-0.0167
G1 X9.1402 Y44.4559 Z-0.0700
G1 X8.9432 Y44.6854 Z-0.1233
G1 X8.7964 Y44.9498 Z-0.1767
G1 X8.7059 Y45.2384 Z-0.2300
G1 X8.6753 Y45.5393 Z-0.2833
G1 X8.7059 Y45.8402 Z-0.3367
G1 X8.7964 Y46.1288 Z-0.3900
G1 X8.9432 Y46.3933 Z-0.4433
G1 X9.1402 Y46.6227 Z-0.4966
G1 X9.3794 Y46.8079 Z-0.5100
G1 X9.6509 Y46.9411 F480
G1 X9.9438 Y47.0169
G1 X10.2459 Y47.0322
G1 X10.5448 Y46.9864
G1 X10.8284 Y46.8814
G1 X11.0851 Y46.7214
G1 X11.3044 Y46.5130
G1 X11.4771 Y46.2648
G1 X11.5964 Y45.9868
G1 X11.6573 Y45.6905
G1 Y45.3881
G1 X11.5964 Y45.0918
G1 X11.4771 Y44.8138
G1 X11.3044 Y44.5656
G1 X11.0851 Y44.3572
G1 X10.8284 Y44.1972
G1 X10.5448 Y44.0922
G1 X10.2459 Y44.0464
G1 X9.9437 Y44.0617
G1 X9.6509 Y44.1375
G1 X9.3794 Y44.2707
G1 X9.1402 Y44.4559
G1 X8.9432 Y44.6854
G1 X8.7964 Y44.9498
G1 X8.7059 Y45.2384
G1 X8.6753 Y45.5393
G1 X8.7059 Y45.8402
G1 X8.7964 Y46.1288
G1 X8.9432 Y46.3933
G1 X9.1402 Y46.6227
G1 X9.3794 Y46.8079
G00 Z4.9900
G00 X20.0604 Y49.2074
G1 Z0.0900 F150
G1 X19.8353 Y50.1908 Z-0.0879
G1 X19.7056 Y51.1913 Z-0.2658
G1 X19.6725 Y52.1994 Z-0.4436
G1 X19.7363 Y53.2063 Z-0.5100
G1 X19.8965 Y54.2021 F480
G1 X20.1515 Y55.1783
G1 X20.4991 Y56.1254
G1 X20.9358 Y57.0346
G1 X21.4579 Y57.8979
G1 X22.0605 Y58.7071
G1 X22.7378 Y59.4546
G1 X23.4837 Y60.1336
G1 X24.2916 Y60.7381
G1 X25.1535 Y61.2620
G1 X26.6701 Y61.9948
G1 Y89.5020
G1 X26.7120 Y90.0604
G1 X26.8283 Y90.5701
G1 X27.0193 Y91.0567
G1 X27.2806 Y91.5093
G1 X27.6065 Y91.9180
G1 X27.9897 Y92.2735
G1 X28.4215 Y92.5679
G1 X28.8924 Y92.7947
G1 X29.3920 Y92.9488
G1 X29.9088 Y93.0267
G1 X30.4315
G1 X30.9483 Y92.9488
G1 X31.4478 Y92.7947
G1 X31.9187 Y92.5679
G1 X32.3505 Y92.2735
G1 X32.7338 Y91.9180
G1 X33.0596 Y91.5093
G1 X33.3210 Y91.0567
G1 X33.5119 Y90.5701
G1 X33.6282 Y90.0604
G1 X33.6701 Y89.5019
G1 Y61.9948
G1 X35.1868 Y61.2620
G1 X36.0486 Y60.7381
G1 X36.8564 Y60.1336
G1 X37.6025 Y59.4545
G1 X38.2798 Y58.7071
G1 X38.8823 Y57.8979
G1 X39.4045 Y57.0345
G1 X39.8411 Y56.1254
G1 X40.1887 Y55.1783
G1 X40.4437 Y54.2022
G1 X40.6039 Y53.2062
G1 X40.6677 Y52.1994
G1 X40.6346 Y51.1913
G1 X40.5049 Y50.1908
G1 X40.2798 Y49.2074
G1 X39.9613 Y48.2502
G1 X39.5525 Y47.3280
G1 X39.0569 Y46.4492
G1 X38.4795 Y45.6222
G1 X37.8251 Y44.8541
G1 X37.1003 Y44.1527
G1 X36.3113 Y43.5239
G1 X35.4657 Y42.9739
G1 X34.5712 Y42.5074
G1 X33.6360 Y42.1290
G1 X32.6690 Y41.8422
G1 X31.6785 Y41.6494
G1 X30.6746 Y41.5526
G1 X29.6656
G1 X28.6617 Y41.6494
G1 X27.6713 Y41.8422
G1 X26.7043 Y42.1290
G1 X25.7690 Y42.5075
G1 X24.8745 Y42.9738
G1 X24.0289 Y43.5239
G1 X23.2400 Y44.1527
G1 X22.5151 Y44.8541
G1 X21.8607 Y45.6222
G1 X21.2833 Y46.4492
G1 X20.7877 Y47.3280
G1 X20.3789 Y48.2502
G1 X20.0604 Y49.2074
G1 X19.8353 Y50.1908
G1 X19.7056 Y51.1913
G1 X19.6725 Y52.1994
G1 X19.7363 Y53.2063
G00 Z4.9900
G00 X48.7059 Y45.8402
G1 Z0.0900 F150
G1 X48.7964 Y46.1288 Z0.0367
G1 X48.9432 Y46.3933 Z-0.0167
G1 X49.1402 Y46.6227 Z-0.0700
G1 X49.3794 Y46.8079 Z-0.1233
G1 X49.6510 Y46.9411 Z-0.1767
G1 X49.9437 Y47.0169 Z-0.2300
G1 X50.2459 Y47.0322 Z-0.2833
G1 X50.5448 Y46.9864 Z-0.3367
G1 X50.8285 Y46.8814 Z-0.3900
G1 X51.0851 Y46.7214 Z-0.4433
G1 X51.3044 Y46.5130 Z-0.4967
G1 X51.4771 Y46.2648 Z-0.5100
G1 X51.5964 Y45.9868 F480
G1 X51.6573 Y45.6905
G1 Y45.3881
G1 X51.5964 Y45.0918
G1 X51.4771 Y44.8138
G1 X51.3043 Y44.5656
G1 X51.0851 Y44.3572
G1 X50.8284 Y44.1972
G1 X50.5447 Y44.0922
G1 X50.2459 Y44.0464
G1 X49.9437 Y44.0617
G1 X49.6509 Y44.1375
G1 X49.3794 Y44.2707
G1 X49.1402 Y44.4558
G1 X48.9432 Y44.6854
G1 X48.7964 Y44.9498
G1 X48.7059 Y45.2384
G1 X48.6753 Y45.5393
G1 X48.7059 Y45.8402
G1 X48.7964 Y46.1288
G1 X48.9432 Y46.3933
G1 X49.1402 Y46.6227
G1 X49.3794 Y46.8079
G1 X49.6510 Y46.9411
G1 X49.9437 Y47.0169
G1 X50.2459 Y47.0322
G1 X50.5448 Y46.9864
G1 X50.8285 Y46.8814
G1 X51.0851 Y46.7214
G1 X51.3044 Y46.5130
G1 X51.4771 Y46.2648
G00 Z4.9900
G00 X50.2459 Y37.0322
G1 Z0.0900 F150
G1 X50.5447 Y36.9864 Z0.0367
G1 X50.8285 Y36.8813 Z-0.0167
G1 X51.0851 Y36.7214 Z-0.0700
G1 X51.3044 Y36.5130 Z-0.1233
G1 X51.4771 Y36.2648 Z-0.1766
G1 X51.5964 Y35.9868 Z-0.2300
G1 X51.6573 Y35.6905 Z-0.2833
G1 Y35.3881 Z-0.3366
G1 X51.5964 Y35.0918 Z-0.3900
G1 X51.4771 Y34.8139 Z-0.4433
G1 X51.3043 Y34.5656 Z-0.4966
G1 X51.0851 Y34.3572 Z-0.5100
G1 X50.8284 Y34.1972 F480
G1 X50.5447 Y34.0922
G1 X50.2459 Y34.0464
G1 X49.9438 Y34.0617
G1 X49.6509 Y34.1375
G1 X49.3794 Y34.2707
G1 X49.1402 Y34.4559
G1 X48.9432 Y34.6854
G1 X48.7964 Y34.9498
G1 X48.7059 Y35.2384
G1 X48.6753 Y35.5393
G1 X48.7059 Y35.8402
G1 X48.7964 Y36.1288
G1 X48.9432 Y36.3933
G1 X49.1402 Y36.6227
G1 X49.3794 Y36.8079
G1 X49.6510 Y36.9411
G1 X49.9437 Y37.0169
G1 X50.2459 Y37.0322
G1 X50.5447 Y36.9864
G1 X50.8285 Y36.8813
G1 X51.0851 Y36.7214
G1 X51.3044 Y36.5130
G1 X51.4771 Y36.2648
G1 X51.5964 Y35.9868
G1 X51.6573 Y35.6905
G1 Y35.3881
G1 X51.5964 Y35.0918
G1 X51.4771 Y34.8139
G1 X51.3043 Y34.5656
G1 X51.0851 Y34.3572
G00 Z4.9900
G00 X50.0 Y21.4967
G1 Z0.0900 F150
G1 X50.2429 Y21.4768 Z0.0470
G1 X50.4793 Y21.4178 Z0.0041
G1 X50.7031 Y21.3213 Z-0.0389
G1 X50.9082 Y21.1896 Z-0.0819
G1 X51.0892 Y21.0265 Z-0.1248
G1 X51.2413 Y20.8362 Z-0.1678
G1 X51.3605 Y20.6236 Z-0.2108
G1 X51.4437 Y20.3946 Z-0.2538
G1 X51.4886 Y20.1550 Z-0.2967
G1 X51.4940 Y19.9114 Z-0.3397
G1 X51.4598 Y19.6701 Z-0.3827
G1 X51.3870 Y19.4376 Z-0.4256
G1 X51.2773 Y19.2200 Z-0.4686
G1 X51.1338 Y19.0230 Z-0.5100
G1 X50.9602 Y18.8520 F480
G1 X50.7200 Y18.6823
G1 X50.5112 Y18.5536
G1 X50.3589 Y18.4864
G1 X50.2031 Y18.4554
G1 X50.0 Y18.4422
G1 X49.7969 Y18.4554
G1 X49.6411 Y18.4864
G1 X49.4884 Y18.5537
G1 X49.2802 Y18.6822
G1 X49.0397 Y18.8520
G1 X48.8662 Y19.0230
G1 X48.7227 Y19.2200
G1 X48.6130 Y19.4376
G1 X48.5401 Y19.6701
G1 X48.5059 Y19.9114
G1 X48.5114 Y20.1550
G1 X48.5563 Y20.3945
G1 X48.6394 Y20.6236
G1 X48.7587 Y20.8362
G1 X48.9108 Y21.0265
G1 X49.0918 Y21.1897
G1 X49.2969 Y21.3212
G1 X49.5207 Y21.4178
G1 X49.7571 Y21.4768
G1 X50.0 Y21.4967
G1 X50.2429 Y21.4768
G1 X50.4793 Y21.4178
G1 X50.7031 Y21.3213
G1 X50.9082 Y21.1896
G1 X51.0892 Y21.0265
G1 X51.2413 Y20.8362
G1 X51.3605 Y20.6236
G1 X51.4437 Y20.3946
G1 X51.4886 Y20.1550
G1 X51.4940 Y19.9114
G1 X51.4598 Y19.6701
G1 X51.3870 Y19.4376
G1 X51.2773 Y19.2200
G1 X51.1338 Y19.0230
G00 Z4.9900
G00 X50.2429 Y11.4768
G1 Z0.0900 F150
G1 X50.4793 Y11.4178 Z0.0470
G1 X50.7031 Y11.3213 Z0.0041
G1 X50.9081 Y11.1897 Z-0.0389
G1 X51.0892 Y11.0265 Z-0.0819
G1 X51.2413 Y10.8362 Z-0.1248
G1 X51.3605 Y10.6237 Z-0.1678
G1 X51.4437 Y10.3945 Z-0.2108
G1 X51.4886 Y10.1550 Z-0.2537
G1 X51.4940 Y9.9114 Z-0.2967
G1 X51.4598 Y9.6701 Z-0.3397
G1 X51.3870 Y9.4376 Z-0.3827
G1 X51.2773 Y9.2199 Z-0.4256
G1 X51.1338 Y9.0230 Z-0.4686
G1 X50.9602 Y8.8520 Z-0.5100
G1 X50.7200 Y8.6823 F480
G1 X50.5112 Y8.5536
G1 X50.3589 Y8.4864
G1 X50.2031 Y8.4554
G1 X50.0 Y8.4422
G1 X49.7969 Y8.4554
G1 X49.6411 Y8.4864
G1 X49.4884 Y8.5537
G1 X49.2800 Y8.6823
G1 X49.0398 Y8.8520
G1 X48.8662 Y9.0230
G1 X48.7227 Y9.2200
G1 X48.6130 Y9.4375
G1 X48.5401 Y9.6701
G1 X48.5059 Y9.9114
G1 X48.5114 Y10.1550
G1 X48.5563 Y10.3945
G1 X48.6394 Y10.6236
G1 X48.7587 Y10.8362
G1 X48.9108 Y11.0265
G1 X49.0918 Y11.1897
G1 X49.2969 Y11.3213
G1 X49.5207 Y11.4178
G1 X49.7571 Y11.4768
G1 X50.0 Y11.4967
G1 X50.2429 Y11.4768
G1 X50.4793 Y11.4178
G1 X50.7031 Y11.3213
G1 X50.9081 Y11.1897
G1 X51.0892 Y11.0265
G1 X51.2413 Y10.8362
G1 X51.3605 Y10.6237
G1 X51.4437 Y10.3945
G1 X51.4886 Y10.1550
G1 X51.4940 Y9.9114
G1 X51.4598 Y9.6701
G1 X51.3870 Y9.4376
G1 X51.2773 Y9.2199
G1 X51.1338 Y9.0230
G1 X50.9602 Y8.8520
G00 Z4.9900
G00 X10.7018 Y92.7134
G1 Z0.0900 F150
G1 X10.5833 Y92.6643 Z0.0674
G1 X10.4561 Y92.6475 Z0.0448
G1 X10.3290 Y92.6643 Z0.0222
G1 X10.2104 Y92.7134 Z-0.0005
G1 X10.1087 Y92.7914 Z-0.0231
G1 X10.0306 Y92.8932 Z-0.0457
G1 X9.9815 Y93.0118 Z-0.0683
G1 X9.9647 Y93.1389 Z-0.0909
G1 X9.9815 Y93.2660 Z-0.1136
G1 X10.0306 Y93.3846 Z-0.1362
G1 X10.1087 Y93.4864 Z-0.1588
G1 X10.2104 Y93.5644 Z-0.1814
G1 X10.3290 Y93.6135 Z-0.2040
G1 X10.4561 Y93.6303 Z-0.2266
G1 X10.5833 Y93.6135 Z-0.2493
G1 X10.7019 Y93.5644 Z-0.2719
G1 X10.8036 Y93.4863 Z-0.2945
G1 X10.8817 Y93.3846 Z-0.3171
G1 X10.9308 Y93.2661 Z-0.3397
G1 X10.9475 Y93.1389 Z-0.3624
G1 X10.9308 Y93.0117 Z-0.3850
G1 X10.8817 Y92.8932 Z-0.4076
G1 X10.8036 Y92.7915 Z-0.4302
G1 X10.7018 Y92.7134 Z-0.4528
G1 X10.5833 Y92.6643 Z-0.4755
G1 X10.4561 Y92.6475 Z-0.4981
G1 X10.3290 Y92.6643 Z-0.5100
G1 X10.2104 Y92.7134 F480
G1 X10.1087 Y92.7914
G1 X10.0306 Y92.8932
G1 X9.9815 Y93.0118
G1 X9.9647 Y93.1389
G1 X9.9815 Y93.2660
G1 X10.0306 Y93.3846
G1 X10.1087 Y93.4864
G1 X10.2104 Y93.5644
G1 X10.3290 Y93.6135
G1 X10.4561 Y93.6303
G1 X10.5833 Y93.6135
G1 X10.7019 Y93.5644
G1 X10.8036 Y93.4863
G1 X10.8817 Y93.3846
G1 X10.9308 Y93.2661
G1 X10.9475 Y93.1389
G1 X10.9308 Y93.0117
G1 X10.8817 Y92.8932
G1 X10.8036 Y92.7915
G1 X10.7018 Y92.7134
G1 X10.5833 Y92.6643
G1 X10.4561 Y92.6475
G1 X10.3290 Y92.6643
G1 X10.2104 Y92.7134 Z-0.5326 F150
G1 X10.1087 Y92.7914 Z-0.5552
G1 X10.0306 Y92.8932 Z-0.5779
G1 X9.9815 Y93.0118 Z-0.6005
G1 X9.9647 Y93.1389 Z-0.6231
G1 X9.9815 Y93.2660 Z-0.6457
G1 X10.0306 Y93.3846 Z-0.6683
G1 X10.1087 Y93.4864 Z-0.6910
G1 X10.2104 Y93.5644 Z-0.7136
G1 X10.3290 Y93.6135 Z-0.7362
G1 X10.4561 Y93.6303 Z-0.7588
G1 X10.5833 Y93.6135 Z-0.7814
G1 X10.7018 Y93.5644 Z-0.8040
G1 X10.8036 Y93.4863 Z-0.8267
G1 X10.8817 Y93.3846 Z-0.8493
G1 X10.9308 Y93.2661 Z-0.8719
G1 X10.9475 Y93.1389 Z-0.8945
G1 X10.9308 Y93.0117 Z-0.9171
G1 X10.8817 Y92.8932 Z-0.9398
G1 X10.8036 Y92.7914 Z-0.9624
G1 X10.7018 Y92.7134 Z-0.9850
G1 X10.5833 Y92.6643 Z-1.0076
G1 X10.4561 Y92.6475 Z-1.0100
G1 X10.3290 Y92.6643 F480
G1 X10.2104 Y92.7134
G1 X10.1087 Y92.7914
G1 X10.0306 Y92.8932
G1 X9.9815 Y93.0118
G1 X9.9647 Y93.1389
G1 X9.9815 Y93.2660
G1 X10.0306 Y93.3846
G1 X10.1087 Y93.4864
G1 X10.2104 Y93.5644
G1 X10.3290 Y93.6135
G1 X10.4561 Y93.6303
G1 X10.5833 Y93.6135
G1 X10.7018 Y93.5644
G1 X10.8036 Y93.4863
G1 X10.8817 Y93.3846
G1 X10.9308 Y93.2661
G1 X10.9475 Y93.1389
G1 X10.9308 Y93.0117
G1 X10.8817 Y92.8932
G1 X10.8036 Y92.7914
G1 X10.7018 Y92.7134
G1 X10.5833 Y92.6643
G1 X10.4561 Y92.6475
G00 Z4.9900
G00 X26.7120 Y90.0604
G1 Z0.0900 F150
G1 X26.8283 Y90.5701 Z-0.0022
G1 X27.0193 Y91.0567 Z-0.0943
G1 X27.2806 Y91.5093 Z-0.1865
G1 X27.6065 Y91.9180 Z-0.2787
G1 X27.9896 Y92.2735 Z-0.3708
G1 X28.4215 Y92.5679 Z-0.4630
G1 X28.8924 Y92.7947 Z-0.5552
G1 X29.3920 Y92.9488 Z-0.6473
G1 X29.9088 Y93.0267 Z-0.7395
G1 X30.4315 Z-0.8317
G1 X30.9482 Y92.9488 Z-0.9238
G1 X31.4478 Y92.7947 Z-1.0100
G1 X31.9187 Y92.5679 F480
G1 X32.3506 Y92.2735
G1 X32.7337 Y91.9180
G1 X33.0596 Y91.5093
G1 X33.3210 Y91.0567
G1 X33.5119 Y90.5701
G1 X33.6282 Y90.0604
G1 X33.6701 Y89.5019
G1 Y61.9949
G1 X35.1867 Y61.2620
G1 X36.0486 Y60.7381
G1 X36.8564 Y60.1336
G1 X37.6025 Y59.4545
G1 X38.2798 Y58.7071
G1 X38.8823 Y57.8979
G1 X39.4044 Y57.0346
G1 X39.8412 Y56.1254
G1 X40.1887 Y55.1783
G1 X40.4437 Y54.2022
G1 X40.6039 Y53.2062
G1 X40.6677 Y52.1994
G1 X40.6346 Y51.1913
G1 X40.5049 Y50.1908
G1 X40.2798 Y49.2074
G1 X39.9613 Y48.2501
G1 X39.5525 Y47.3280
G1 X39.0569 Y46.4492
G1 X38.4795 Y45.6221
G1 X37.8251 Y44.8542
G1 X37.1002 Y44.1526
G1 X36.3113 Y43.5239
G1 X35.4657 Y42.9739
G1 X34.5712 Y42.5074
G1 X33.6360 Y42.1290
G1 X32.6690 Y41.8422
G1 X31.6785 Y41.6494
G1 X30.6746 Y41.5526
G1 X29.6656
G1 X28.6617 Y41.6494
G1 X27.6713 Y41.8422
G1 X26.7043 Y42.1290
G1 X25.7690 Y42.5075
G1 X24.8745 Y42.9738
G1 X24.0289 Y43.5239
G1 X23.2400 Y44.1527
G1 X22.5151 Y44.8541
G1 X21.8607 Y45.6222
G1 X21.2833 Y46.4492
G1 X20.7877 Y47.3280
G1 X20.3789 Y48.2502
G1 X20.0605 Y49.2073
G1 X19.8353 Y50.1908
G1 X19.7056 Y51.1913
G1 X19.6725 Y52.1994
G1 X19.7363 Y53.2063
G1 X19.8965 Y54.2021
G1 X20.1515 Y55.1783
G1 X20.4991 Y56.1254
G1 X20.9358 Y57.0345
G1 X21.4580 Y57.8979
G1 X22.0605 Y58.7070
G1 X22.7378 Y59.4546
G1 X23.4837 Y60.1336
G1 X24.2916 Y60.7381
G1 X25.1535 Y61.2620
G1 X26.6701 Y61.9949
G1 Y89.5020
G1 X26.7120 Y90.0604
G1 X26.8283 Y90.5701
G1 X27.0193 Y91.0567
G1 X27.2806 Y91.5093
G1 X27.6065 Y91.9180
G1 X27.9896 Y92.2735
G1 X28.4215 Y92.5679
G1 X28.8924 Y92.7947
G1 X29.3920 Y92.9488
G1 X29.9088 Y93.0267
G1 X30.4315
G1 X30.9482 Y92.9488
G1 X31.4478 Y92.7947
G00 Z4.9900
G00 X49.6509 Y46.9411
G1 Z0.0900 F150
G1 X49.9437 Y47.0169 Z0.0367
G1 X50.2459 Y47.0322 Z-0.0167
G1 X50.5448 Y46.9864 Z-0.0700
G1 X50.8284 Y46.8814 Z-0.1233
G1 X51.0851 Y46.7214 Z-0.1767
G1 X51.3043 Y46.5130 Z-0.2300
G1 X51.4771 Y46.2648 Z-0.2833
G1 X51.5964 Y45.9868 Z-0.3367
G1 X51.6573 Y45.6905 Z-0.3900
G1 Y45.3881 Z-0.4433
G1 X51.5964 Y45.0918 Z-0.4967
G1 X51.4771 Y44.8138 Z-0.5500
G1 X51.3043 Y44.5656 Z-0.6033
G1 X51.0851 Y44.3572 Z-0.6567
G1 X50.8284 Y44.1972 Z-0.7100
G1 X50.5448 Y44.0922 Z-0.7633
G1 X50.2458 Y44.0464 Z-0.8166
G1 X49.9437 Y44.0617 Z-0.8700
G1 X49.6509 Y44.1375 Z-0.9233
G1 X49.3794 Y44.2707 Z-0.9766
G1 X49.1402 Y44.4558 Z-1.0100
G1 X48.9432 Y44.6854 F480
G1 X48.7964 Y44.9498
G1 X48.7059 Y45.2384
G1 X48.6752 Y45.5393
G1 X48.7059 Y45.8402
G1 X48.7964 Y46.1288
G1 X48.9432 Y46.3933
G1 X49.1402 Y46.6228
G1 X49.3794 Y46.8079
G1 X49.6509 Y46.9411
G1 X49.9437 Y47.0169
G1 X50.2459 Y47.0322
G1 X50.5448 Y46.9864
G1 X50.8284 Y46.8814
G1 X51.0851 Y46.7214
G1 X51.3043 Y46.5130
G1 X51.4771 Y46.2648
G1 X51.5964 Y45.9868
G1 X51.6573 Y45.6905
G1 Y45.3881
G1 X51.5964 Y45.0918
G1 X51.4771 Y44.8138
G1 X51.3043 Y44.5656
G1 X51.0851 Y44.3572
G1 X50.8284 Y44.1972
G1 X50.5448 Y44.0922
G1 X50.2458 Y44.0464
G1 X49.9437 Y44.0617
G1 X49.6509 Y44.1375
G1 X49.3794 Y44.2707
G1 X49.1402 Y44.4558
G00 Z4.9900
G00 X49.9437 Y37.0169
G1 Z0.0900 F150
G1 X50.2458 Y37.0322 Z0.0367
G1 X50.5448 Y36.9864 Z-0.0167
G1 X50.8284 Y36.8814 Z-0.0700
G1 X51.0851 Y36.7214 Z-0.1233
G1 X51.3044 Y36.5130 Z-0.1767
G1 X51.4771 Y36.2648 Z-0.2300
G1 X51.5964 Y35.9868 Z-0.2833
G1 X51.6573 Y35.6905 Z-0.3367
G1 Y35.3881 Z-0.3900
G1 X51.5964 Y35.0918 Z-0.4433
G1 X51.4771 Y34.8139 Z-0.4966
G1 X51.3043 Y34.5656 Z-0.5500
G1 X51.0851 Y34.3572 Z-0.6033
G1 X50.8284 Y34.1972 Z-0.6567
G1 X50.5448 Y34.0922 Z-0.7100
G1 X50.2459 Y34.0464 Z-0.7633
G1 X49.9438 Y34.0617 Z-0.8166
G1 X49.6509 Y34.1375 Z-0.8700
G1 X49.3794 Y34.2707 Z-0.9233
G1 X49.1402 Y34.4559 Z-0.9766
G1 X48.9432 Y34.6854 Z-1.0100
G1 X48.7964 Y34.9498 F480
G1 X48.7059 Y35.2384
G1 X48.6752 Y35.5392
G1 X48.7059 Y35.8402
G1 X48.7964 Y36.1288
G1 X48.9432 Y36.3933
G1 X49.1402 Y36.6227
G1 X49.3794 Y36.8079
G1 X49.6509 Y36.9411
G1 X49.9437 Y37.0169
G1 X50.2458 Y37.0322
G1 X50.5448 Y36.9864
G1 X50.8284 Y36.8814
G1 X51.0851 Y36.7214
G1 X51.3044 Y36.5130
G1 X51.4771 Y36.2648
G1 X51.5964 Y35.9868
G1 X51.6573 Y35.6905
G1 Y35.3881
G1 X51.5964 Y35.0918
G1 X51.4771 Y34.8139
G1 X51.3043 Y34.5656
G1 X51.0851 Y34.3572
G1 X50.8284 Y34.1972
G1 X50.5448 Y34.0922
G1 X50.2459 Y34.0464
G1 X49.9438 Y34.0617
G1 X49.6509 Y34.1375
G1 X49.3794 Y34.2707
G1 X49.1402 Y34.4559
G1 X48.9432 Y34.6854
G00 Z4.9900
G00 X50.0 Y21.4967
G1 Z0.0900 F150
G1 X50.2429 Y21.4768 Z0.0470
G1 X50.4793 Y21.4179 Z0.0041
G1 X50.7031 Y21.3213 Z-0.0389
G1 X50.9082 Y21.1897 Z-0.0819
G1 X51.0892 Y21.0265 Z-0.1248
G1 X51.2413 Y20.8362 Z-0.1678
G1 X51.3605 Y20.6236 Z-0.2108
G1 X51.4437 Y20.3946 Z-0.2538
G1 X51.4886 Y20.1550 Z-0.2967
G1 X51.4940 Y19.9114 Z-0.3397
G1 X51.4598 Y19.6701 Z-0.3827
G1 X51.3870 Y19.4376 Z-0.4256
G1 X51.2773 Y19.2199 Z-0.4686
G1 X51.1338 Y19.0230 Z-0.5116
G1 X50.9602 Y18.8520 Z-0.5545
G1 X50.7201 Y18.6823 Z-0.6064
G1 X50.5112 Y18.5535 Z-0.6497
G1 X50.3589 Y18.4864 Z-0.6790
G1 X50.2031 Y18.4554 Z-0.7070
G1 X50.0 Y18.4422 Z-0.7429
G1 X49.7969 Y18.4554 Z-0.7788
G1 X49.6411 Y18.4864 Z-0.8068
G1 X49.4884 Y18.5537 Z-0.8362
G1 X49.2801 Y18.6822 Z-0.8794
G1 X49.0397 Y18.8520 Z-0.9313
G1 X48.8662 Y19.0230 Z-0.9742
G1 X48.7227 Y19.2199 Z-1.0100
G1 X48.6130 Y19.4375 F480
G1 X48.5401 Y19.6701
G1 X48.5059 Y19.9115
G1 X48.5114 Y20.1550
G1 X48.5563 Y20.3945
G1 X48.6394 Y20.6237
G1 X48.7587 Y20.8362
G1 X48.9108 Y21.0265
G1 X49.0918 Y21.1897
G1 X49.2969 Y21.3213
G1 X49.5206 Y21.4178
G1 X49.7571 Y21.4768
G1 X50.0 Y21.4967
G1 X50.2429 Y21.4768
G1 X50.4793 Y21.4179
G1 X50.7031 Y21.3213
G1 X50.9082 Y21.1897
G1 X51.0892 Y21.0265
G1 X51.2413 Y20.8362
G1 X51.3605 Y20.6236
G1 X51.4437 Y20.3946
G1 X51.4886 Y20.1550
G1 X51.4940 Y19.9114
G1 X51.4598 Y19.6701
G1 X51.3870 Y19.4376
G1 X51.2773 Y19.2199
G1 X51.1338 Y19.0230
G1 X50.9602 Y18.8520
G1 X50.7201 Y18.6823
G1 X50.5112 Y18.5535
G1 X50.3589 Y18.4864
G1 X50.2031 Y18.4554
G1 X50.0 Y18.4422
G1 X49.7969 Y18.4554
G1 X49.6411 Y18.4864
G1 X49.4884 Y18.5537
G1 X49.2801 Y18.6822
G1 X49.0397 Y18.8520
G1 X48.8662 Y19.0230
G1 X48.7227 Y19.2199
G00 Z4.9900
G00 X49.7571 Y11.4768
G1 Z0.0900 F150
G1 X50.0 Y11.4967 Z0.0470
G1 X50.2429 Y11.4768 Z0.0040
G1 X50.4793 Y11.4178 Z-0.0389
G1 X50.7031 Y11.3213 Z-0.0819
G1 X50.9081 Y11.1897 Z-0.1248
G1 X51.0892 Y11.0265 Z-0.1678
G1 X51.2413 Y10.8362 Z-0.2108
G1 X51.3605 Y10.6237 Z-0.2538
G1 X51.4437 Y10.3945 Z-0.2967
G1 X51.4886 Y10.1550 Z-0.3397
G1 X51.4940 Y9.9114 Z-0.3827
G1 X51.4598 Y9.6701 Z-0.4256
G1 X51.3870 Y9.4376 Z-0.4686
G1 X51.2773 Y9.2199 Z-0.5116
G1 X51.1338 Y9.0230 Z-0.5545
G1 X50.9602 Y8.8520 Z-0.5975
G1 X50.7200 Y8.6823 Z-0.6494
G1 X50.5112 Y8.5536 Z-0.6926
G1 X50.3589 Y8.4864 Z-0.7220
G1 X50.2031 Y8.4554 Z-0.7500
G1 X50.0 Y8.4422 Z-0.7859
G1 X49.7969 Y8.4554 Z-0.8218
G1 X49.6411 Y8.4864 Z-0.8498
G1 X49.4884 Y8.5537 Z-0.8792
G1 X49.2800 Y8.6822 Z-0.9224
G1 X49.0397 Y8.8520 Z-0.9742
G1 X48.8662 Y9.0230 Z-1.0100
G1 X48.7227 Y9.2199 F480
G1 X48.6130 Y9.4375
G1 X48.5401 Y9.6701
G1 X48.5059 Y9.9115
G1 X48.5114 Y10.1550
G1 X48.5563 Y10.3946
G1 X48.6394 Y10.6236
G1 X48.7587 Y10.8362
G1 X48.9108 Y11.0265
G1 X49.0919 Y11.1897
G1 X49.2969 Y11.3213
G1 X49.5206 Y11.4178
G1 X49.7571 Y11.4768
G1 X50.0 Y11.4967
G1 X50.2429 Y11.4768
G1 X50.4793 Y11.4178
G1 X50.7031 Y11.3213
G1 X50.9081 Y11.1897
G1 X51.0892 Y11.0265
G1 X51.2413 Y10.8362
G1 X51.3605 Y10.6237
G1 X51.4437 Y10.3945
G1 X51.4886 Y10.1550
G1 X51.4940 Y9.9114
G1 X51.4598 Y9.6701
G1 X51.3870 Y9.4376
G1 X51.2773 Y9.2199
G1 X51.1338 Y9.0230
G1 X50.9602 Y8.8520
G1 X50.7200 Y8.6823
G1 X50.5112 Y8.5536
G1 X50.3589 Y8.4864
G1 X50.2031 Y8.4554
G1 X50.0 Y8.4422
G1 X49.7969 Y8.4554
G1 X49.6411 Y8.4864
G1 X49.4884 Y8.5537
G1 X49.2800 Y8.6822
G1 X49.0397 Y8.8520
G1 X48.8662 Y9.0230
G00 Z4.9900
G00 X11.4941 Y9.9114
G1 Z0.0900 F150
G1 X11.4599 Y9.6701 Z0.0470
G1 X11.3870 Y9.4376 Z0.0041
G1 X11.2773 Y9.2199 Z-0.0389
G1 X11.1338 Y9.0230 Z-0.0819
G1 X10.9602 Y8.8520 Z-0.1248
G1 X10.7200 Y8.6823 Z-0.1767
G1 X10.5113 Y8.5536 Z-0.2199
G1 X10.3589 Y8.4864 Z-0.2493
G1 X10.2031 Y8.4554 Z-0.2773
G1 X10.0 Y8.4422 Z-0.3132
G1 X9.7969 Y8.4554 Z-0.3491
G1 X9.6412 Y8.4864 Z-0.3771
G1 X9.4884 Y8.5538 Z-0.4065
G1 X9.2800 Y8.6823 Z-0.4497
G1 X9.0398 Y8.8519 Z-0.5016
G1 X8.8662 Y9.0230 Z-0.5445
G1 X8.7227 Y9.2199 Z-0.5875
G1 X8.6130 Y9.4376 Z-0.6305
G1 X8.5401 Y9.6701 Z-0.6734
G1 X8.5060 Y9.9114 Z-0.7164
G1 X8.5114 Y10.1550 Z-0.7594
G1 X8.5563 Y10.3945 Z-0.8023
G1 X8.6395 Y10.6237 Z-0.8453
G1 X8.7587 Y10.8362 Z-0.8883
G1 X8.9108 Y11.0265 Z-0.9312
G1 X9.0919 Y11.1897 Z-0.9742
G1 X9.2969 Y11.3213 Z-1.0100
G1 X9.5206 Y11.4178 F480
G1 X9.7571 Y11.4768
G1 X10.0 Y11.4967
G1 X10.2429 Y11.4768
G1 X10.4794 Y11.4178
G1 X10.7030 Y11.3213
G1 X10.9082 Y11.1897
G1 X11.0892 Y11.0265
G1 X11.2413 Y10.8362
G1 X11.3606 Y10.6236
G1 X11.4437 Y10.3945
G1 X11.4886 Y10.1550
G1 X11.4941 Y9.9114
G1 X11.4599 Y9.6701
G1 X11.3870 Y9.4376
G1 X11.2773 Y9.2199
G1 X11.1338 Y9.0230
G1 X10.9602 Y8.8520
G1 X10.7200 Y8.6823
G1 X10.5113 Y8.5536
G1 X10.3589 Y8.4864
G1 X10.2031 Y8.4554
G1 X10.0 Y8.4422
G1 X9.7969 Y8.4554
G1 X9.6412 Y8.4864
G1 X9.4884 Y8.5538
G1 X9.2800 Y8.6823
G1 X9.0398 Y8.8519
G1 X8.8662 Y9.0230
G1 X8.7227 Y9.2199
G1 X8.6130 Y9.4376
G1 X8.5401 Y9.6701
G1 X8.5060 Y9.9114
G1 X8.5114 Y10.1550
G1 X8.5563 Y10.3945
G1 X8.6395 Y10.6237
G1 X8.7587 Y10.8362
G1 X8.9108 Y11.0265
G1 X9.0919 Y11.1897
G1 X9.2969 Y11.3213
G00 Z4.9900
G00 X9.7969 Y18.4554
G1 Z0.0900 F150
G1 X9.6412 Y18.4864 Z0.0620
G1 X9.4884 Y18.5538 Z0.0326
G1 X9.2802 Y18.6822 Z-0.0106
G1 X9.0398 Y18.8520 Z-0.0625
G1 X8.8662 Y19.0230 Z-0.1054
G1 X8.7227 Y19.2199 Z-0.1484
G1 X8.6130 Y19.4376 Z-0.1914
G1 X8.5401 Y19.6701 Z-0.2343
G1 X8.5060 Y19.9114 Z-0.2773
G1 X8.5114 Y20.1550 Z-0.3203
G1 X8.5563 Y20.3946 Z-0.3633
G1 X8.6394 Y20.6236 Z-0.4062
G1 X8.7587 Y20.8362 Z-0.4492
G1 X8.9108 Y21.0265 Z-0.4922
G1 X9.0918 Y21.1897 Z-0.5351
G1 X9.2969 Y21.3213 Z-0.5781
G1 X9.5207 Y21.4178 Z-0.6211
G1 X9.7571 Y21.4768 Z-0.6640
G1 X10.0 Y21.4967 Z-0.7070
G1 X10.2429 Y21.4768 Z-0.7500
G1 X10.4794 Y21.4178 Z-0.7930
G1 X10.7030 Y21.3213 Z-0.8359
G1 X10.9082 Y21.1897 Z-0.8789
G1 X11.0892 Y21.0265 Z-0.9219
G1 X11.2413 Y20.8362 Z-0.9648
G1 X11.3606 Y20.6236 Z-1.0078
G1 X11.4437 Y20.3946 Z-1.0100
G1 X11.4886 Y20.1550 F480
G1 X11.4941 Y19.9114
G1 X11.4599 Y19.6701
G1 X11.3870 Y19.4376
G1 X11.2773 Y19.2199
G1 X11.1338 Y19.0230
G1 X10.9602 Y18.8520
G1 X10.7200 Y18.6823
G1 X10.5113 Y18.5536
G1 X10.3589 Y18.4864
G1 X10.2031 Y18.4554
G1 X10.0 Y18.4422
G1 X9.7969 Y18.4554
G1 X9.6412 Y18.4864
G1 X9.4884 Y18.5538
G1 X9.2802 Y18.6822
G1 X9.0398 Y18.8520
G1 X8.8662 Y19.0230
G1 X8.7227 Y19.2199
G1 X8.6130 Y19.4376
G1 X8.5401 Y19.6701
G1 X8.5060 Y19.9114
G1 X8.5114 Y20.1550
G1 X8.5563 Y20.3946
G1 X8.6394 Y20.6236
G1 X8.7587 Y20.8362
G1 X8.9108 Y21.0265
G1 X9.0918 Y21.1897
G1 X9.2969 Y21.3213
G1 X9.5207 Y21.4178
G1 X9.7571 Y21.4768
G1 X10.0 Y21.4967
G1 X10.2429 Y21.4768
G1 X10.4794 Y21.4178
G1 X10.7030 Y21.3213
G1 X10.9082 Y21.1897
G1 X11.0892 Y21.0265
G1 X11.2413 Y20.8362
G1 X11.3606 Y20.6236
G1 X11.4437 Y20.3946
G00 Z4.9900
G00 X10.2459 Y34.0464
G1 Z0.0900 F150
G1 X9.9438 Y34.0617 Z0.0367
G1 X9.6509 Y34.1375 Z-0.0167
G1 X9.3794 Y34.2707 Z-0.0700
G1 X9.1402 Y34.4559 Z-0.1233
G1 X8.9432 Y34.6853 Z-0.1767
G1 X8.7964 Y34.9498 Z-0.2300
G1 X8.7059 Y35.2384 Z-0.2833
G1 X8.6753 Y35.5393 Z-0.3367
G1 X8.7059 Y35.8402 Z-0.3900
G1 X8.7964 Y36.1288 Z-0.4433
G1 X8.9432 Y36.3932 Z-0.4967
G1 X9.1402 Y36.6228 Z-0.5500
G1 X9.3794 Y36.8079 Z-0.6033
G1 X9.6510 Y36.9411 Z-0.6567
G1 X9.9438 Y37.0169 Z-0.7100
G1 X10.2459 Y37.0322 Z-0.7633
G1 X10.5448 Y36.9864 Z-0.8166
G1 X10.8285 Y36.8814 Z-0.8700
G1 X11.0851 Y36.7214 Z-0.9233
G1 X11.3044 Y36.5130 Z-0.9767
G1 X11.4771 Y36.2648 Z-1.0100
G1 X11.5964 Y35.9868 F480
G1 X11.6573 Y35.6905
G1 Y35.3881
G1 X11.5964 Y35.0918
G1 X11.4771 Y34.8138
G1 X11.3044 Y34.5656
G1 X11.0851 Y34.3572
G1 X10.8284 Y34.1972
G1 X10.5448 Y34.0922
G1 X10.2459 Y34.0464
G1 X9.9438 Y34.0617
G1 X9.6509 Y34.1375
G1 X9.3794 Y34.2707
G1 X9.1402 Y34.4559
G1 X8.9432 Y34.6853
G1 X8.7964 Y34.9498
G1 X8.7059 Y35.2384
G1 X8.6753 Y35.5393
G1 X8.7059 Y35.8402
G1 X8.7964 Y36.1288
G1 X8.9432 Y36.3932
G1 X9.1402 Y36.6228
G1 X9.3794 Y36.8079
G1 X9.6510 Y36.9411
G1 X9.9438 Y37.0169
G1 X10.2459 Y37.0322
G1 X10.5448 Y36.9864
G1 X10.8285 Y36.8814
G1 X11.0851 Y36.7214
G1 X11.3044 Y36.5130
G1 X11.4771 Y36.2648
G00 Z4.9900
G00 X10.2459 Y44.0464
G1 Z0.0900 F150
G1 X9.9438 Y44.0617 Z0.0367
G1 X9.6510 Y44.1375 Z-0.0167
G1 X9.3794 Y44.2707 Z-0.0700
G1 X9.1402 Y44.4559 Z-0.1233
G1 X8.9432 Y44.6854 Z-0.1767
G1 X8.7964 Y44.9498 Z-0.2300
G1 X8.7059 Y45.2384 Z-0.2833
G1 X8.6753 Y45.5393 Z-0.3367
G1 X8.7059 Y45.8402 Z-0.3900
G1 X8.7964 Y46.1288 Z-0.4433
G1 X8.9432 Y46.3933 Z-0.4967
G1 X9.1402 Y46.6228 Z-0.5500
G1 X9.3794 Y46.8079 Z-0.6033
G1 X9.6510 Y46.9411 Z-0.6567
G1 X9.9438 Y47.0169 Z-0.7100
G1 X10.2459 Y47.0322 Z-0.7633
G1 X10.5448 Y46.9864 Z-0.8167
G1 X10.8284 Y46.8814 Z-0.8700
G1 X11.0851 Y46.7214 Z-0.9233
G1 X11.3044 Y46.5130 Z-0.9767
G1 X11.4771 Y46.2648 Z-1.0100
G1 X11.5964 Y45.9868 F480
G1 X11.6573 Y45.6905
G1 Y45.3881
G1 X11.5964 Y45.0918
G1 X11.4771 Y44.8139
G1 X11.3044 Y44.5656
G1 X11.0851 Y44.3572
G1 X10.8285 Y44.1972
G1 X10.5448 Y44.0922
G1 X10.2459 Y44.0464
G1 X9.9438 Y44.0617
G1 X9.6510 Y44.1375
G1 X9.3794 Y44.2707
G1 X9.1402 Y44.4559
G1 X8.9432 Y44.6854
G1 X8.7964 Y44.9498
G1 X8.7059 Y45.2384
G1 X8.6753 Y45.5393
G1 X8.7059 Y45.8402
G1 X8.7964 Y46.1288
G1 X8.9432 Y46.3933
G1 X9.1402 Y46.6228
G1 X9.3794 Y46.8079
G1 X9.6510 Y46.9411
G1 X9.9438 Y47.0169
G1 X10.2459 Y47.0322
G1 X10.5448 Y46.9864
G1 X10.8284 Y46.8814
G1 X11.0851 Y46.7214
G1 X11.3044 Y46.5130
G1 X11.4771 Y46.2648
G1 X11.5964 Y45.9868 Z-1.0633 F150
G1 X11.6573 Y45.6905 Z-1.1167
G1 Y45.3881 Z-1.1700
G1 X11.5964 Y45.0918 Z-1.2233
G1 X11.4771 Y44.8139 Z-1.2767
G1 X11.3044 Y44.5656 Z-1.3300
G1 X11.0851 Y44.3572 Z-1.3833
G1 X10.8285 Y44.1972 Z-1.4367
G1 X10.5448 Y44.0922 Z-1.4900
G1 X10.2459 Y44.0464 Z-1.5100
G1 X9.9438 Y44.0617 F480
G1 X9.6510 Y44.1375
G1 X9.3794 Y44.2707
G1 X9.1402 Y44.4559
G1 X8.9432 Y44.6854
G1 X8.7964 Y44.9498
G1 X8.7059 Y45.2384
G1 X8.6753 Y45.5393
G1 X8.7059 Y45.8402
G1 X8.7964 Y46.1288
G1 X8.9432 Y46.3933
G1 X9.1402 Y46.6228
G1 X9.3794 Y46.8079
G1 X9.6510 Y46.9411
G1 X9.9438 Y47.0169
G1 X10.2459 Y47.0322
G1 X10.5448 Y46.9864
G1 X10.8284 Y46.8814
G1 X11.0851 Y46.7214
G1 X11.3044 Y46.5130
G1 X11.4771 Y46.2648
G1 X11.5964 Y45.9868
G1 X11.6573 Y45.6905
G1 Y45.3881
G1 X11.5964 Y45.0918
G1 X11.4771 Y44.8139
G1 X11.3044 Y44.5656
G1 X11.0851 Y44.3572
G1 X10.8285 Y44.1972
G1 X10.5448 Y44.0922
G1 X10.2459 Y44.0464
G00 Z4.9900
G00 Y37.0322
G1 Z0.0900 F150
G1 X10.5448 Y36.9864 Z0.0367
G1 X10.8285 Y36.8814 Z-0.0167
G1 X11.0851 Y36.7214 Z-0.0700
G1 X11.3044 Y36.5130 Z-0.1233
G1 X11.4771 Y36.2648 Z-0.1766
G1 X11.5964 Y35.9868 Z-0.2300
G1 X11.6573 Y35.6905 Z-0.2833
G1 Y35.3881 Z-0.3366
G1 X11.5964 Y35.0918 Z-0.3900
G1 X11.4771 Y34.8138 Z-0.4433
G1 X11.3044 Y34.5656 Z-0.4966
G1 X11.0851 Y34.3572 Z-0.5500
G1 X10.8284 Y34.1972 Z-0.6033
G1 X10.5448 Y34.0922 Z-0.6566
G1 X10.2459 Y34.0464 Z-0.7100
G1 X9.9438 Y34.0617 Z-0.7633
G1 X9.6509 Y34.1375 Z-0.8166
G1 X9.3794 Y34.2707 Z-0.8700
G1 X9.1402 Y34.4559 Z-0.9233
G1 X8.9432 Y34.6853 Z-0.9766
G1 X8.7964 Y34.9498 Z-1.0300
G1 X8.7059 Y35.2384 Z-1.0833
G1 X8.6753 Y35.5393 Z-1.1366
G1 X8.7059 Y35.8402 Z-1.1900
G1 X8.7964 Y36.1288 Z-1.2433
G1 X8.9432 Y36.3932 Z-1.2966
G1 X9.1402 Y36.6228 Z-1.3500
G1 X9.3794 Y36.8079 Z-1.4033
G1 X9.6510 Y36.9411 Z-1.4566
G1 X9.9438 Y37.0169 Z-1.5099
G1 X10.2459 Y37.0322 Z-1.5100
G1 X10.5448 Y36.9864 F480
G1 X10.8285 Y36.8814
G1 X11.0851 Y36.7214
G1 X11.3044 Y36.5130
G1 X11.4771 Y36.2648
G1 X11.5964 Y35.9868
G1 X11.6573 Y35.6905
G1 Y35.3881
G1 X11.5964 Y35.0918
G1 X11.4771 Y34.8138
G1 X11.3044 Y34.5656
G1 X11.0851 Y34.3572
G1 X10.8284 Y34.1972
G1 X10.5448 Y34.0922
G1 X10.2459 Y34.0464
G1 X9.9438 Y34.0617
G1 X9.6509 Y34.1375
G1 X9.3794 Y34.2707
G1 X9.1402 Y34.4559
G1 X8.9432 Y34.6853
G1 X8.7964 Y34.9498
G1 X8.7059 Y35.2384
G1 X8.6753 Y35.5393
G1 X8.7059 Y35.8402
G1 X8.7964 Y36.1288
G1 X8.9432 Y36.3932
G1 X9.1402 Y36.6228
G1 X9.3794 Y36.8079
G1 X9.6510 Y36.9411
G1 X9.9438 Y37.0169
G1 X10.2459 Y37.0322
G00 Z4.9900
G00 X21.8607 Y45.6222
G1 Z0.0900 F150
G1 X21.2833 Y46.4492 Z-0.0879
G1 X20.7877 Y47.3280 Z-0.2657
G1 X20.3789 Y48.2502 Z-0.4436
G1 X20.0605 Y49.2073 Z-0.6215
G1 X19.8353 Y50.1908 Z-0.7994
G1 X19.7056 Y51.1913 Z-0.9773
G1 X19.6725 Y52.1994 Z-1.1551
G1 X19.7363 Y53.2063 Z-1.3330
G1 X19.8965 Y54.2021 Z-1.5100
G1 X20.1515 Y55.1783 F480
G1 X20.4991 Y56.1254
G1 X20.9358 Y57.0345
G1 X21.4580 Y57.8979
G1 X22.0605 Y58.7070
G1 X22.7378 Y59.4546
G1 X23.4837 Y60.1336
G1 X24.2916 Y60.7381
G1 X25.1535 Y61.2620
G1 X26.6701 Y61.9949
G1 Y89.5020
G1 X26.7120 Y90.0604
G1 X26.8283 Y90.5701
G1 X27.0193 Y91.0567
G1 X27.2806 Y91.5093
G1 X27.6065 Y91.9180
G1 X27.9896 Y92.2735
G1 X28.4215 Y92.5679
G1 X28.8924 Y92.7947
G1 X29.3920 Y92.9488
G1 X29.9088 Y93.0267
G1 X30.4315
G1 X30.9482 Y92.9488
G1 X31.4478 Y92.7947
G1 X31.9187 Y92.5679
G1 X32.3506 Y92.2735
G1 X32.7337 Y91.9180
G1 X33.0596 Y91.5093
G1 X33.3210 Y91.0567
G1 X33.5119 Y90.5701
G1 X33.6282 Y90.0604
G1 X33.6701 Y89.5019
G1 Y61.9949
G1 X35.1867 Y61.2620
G1 X36.0486 Y60.7381
G1 X36.8564 Y60.1336
G1 X37.6025 Y59.4545
G1 X38.2798 Y58.7071
G1 X38.8823 Y57.8979
G1 X39.4044 Y57.0346
G1 X39.8412 Y56.1254
G1 X40.1887 Y55.1783
G1 X40.4437 Y54.2022
G1 X40.6039 Y53.2062
G1 X40.6677 Y52.1994
G1 X40.6346 Y51.1913
G1 X40.5049 Y50.1908
G1 X40.2798 Y49.2074
G1 X39.9613 Y48.2501
G1 X39.5525 Y47.3280
G1 X39.0569 Y46.4492
G1 X38.4795 Y45.6221
G1 X37.8251 Y44.8542
G1 X37.1002 Y44.1526
G1 X36.3113 Y43.5239
G1 X35.4657 Y42.9739
G1 X34.5712 Y42.5074
G1 X33.6360 Y42.1290
G1 X32.6690 Y41.8422
G1 X31.6785 Y41.6494
G1 X30.6746 Y41.5526
G1 X29.6656
G1 X28.6617 Y41.6494
G1 X27.6713 Y41.8422
G1 X26.7043 Y42.1290
G1 X25.7690 Y42.5075
G1 X24.8745 Y42.9738
G1 X24.0289 Y43.5239
G1 X23.2400 Y44.1527
G1 X22.5151 Y44.8541
G1 X21.8607 Y45.6222
G1 X21.2833 Y46.4492
G1 X20.7877 Y47.3280
G1 X20.3789 Y48.2502
G1 X20.0605 Y49.2073
G1 X19.8353 Y50.1908
G1 X19.7056 Y51.1913
G1 X19.6725 Y52.1994
G1 X19.7363 Y53.2063
G1 X19.8965 Y54.2021
G00 Z4.9900
G00 X48.7059 Y45.8402
G1 Z0.0900 F150
G1 X48.7964 Y46.1288 Z0.0367
G1 X48.9432 Y46.3933 Z-0.0167
G1 X49.1402 Y46.6228 Z-0.0700
G1 X49.3794 Y46.8079 Z-0.1233
G1 X49.6509 Y46.9411 Z-0.1767
G1 X49.9437 Y47.0169 Z-0.2300
G1 X50.2459 Y47.0322 Z-0.2833
G1 X50.5448 Y46.9864 Z-0.3367
G1 X50.8284 Y46.8814 Z-0.3900
G1 X51.0851 Y46.7214 Z-0.4433
G1 X51.3043 Y46.5130 Z-0.4967
G1 X51.4771 Y46.2648 Z-0.5500
G1 X51.5964 Y45.9868 Z-0.6033
G1 X51.6573 Y45.6905 Z-0.6567
G1 Y45.3881 Z-0.7100
G1 X51.5964 Y45.0918 Z-0.7633
G1 X51.4771 Y44.8138 Z-0.8167
G1 X51.3043 Y44.5656 Z-0.8700
G1 X51.0851 Y44.3572 Z-0.9233
G1 X50.8284 Y44.1972 Z-0.9767
G1 X50.5448 Y44.0922 Z-1.0300
G1 X50.2458 Y44.0464 Z-1.0833
G1 X49.9437 Y44.0617 Z-1.1366
G1 X49.6509 Y44.1375 Z-1.1900
G1 X49.3794 Y44.2707 Z-1.2433
G1 X49.1402 Y44.4558 Z-1.2966
G1 X48.9432 Y44.6854 Z-1.3500
G1 X48.7964 Y44.9498 Z-1.4033
G1 X48.7059 Y45.2384 Z-1.4566
G1 X48.6752 Y45.5393 Z-1.5100
G1 X48.7059 Y45.8402 F322.2222
G1 X48.7964 Y46.1288 F480
G1 X48.9432 Y46.3933
G1 X49.1402 Y46.6228
G1 X49.3794 Y46.8079
G1 X49.6509 Y46.9411
G1 X49.9437 Y47.0169
G1 X50.2459 Y47.0322
G1 X50.5448 Y46.9864
G1 X50.8284 Y46.8814
G1 X51.0851 Y46.7214
G1 X51.3043 Y46.5130
G1 X51.4771 Y46.2648
G1 X51.5964 Y45.9868
G1 X51.6573 Y45.6905
G1 Y45.3881
G1 X51.5964 Y45.0918
G1 X51.4771 Y44.8138
G1 X51.3043 Y44.5656
G1 X51.0851 Y44.3572
G1 X50.8284 Y44.1972
G1 X50.5448 Y44.0922
G1 X50.2458 Y44.0464
G1 X49.9437 Y44.0617
G1 X49.6509 Y44.1375
G1 X49.3794 Y44.2707
G1 X49.1402 Y44.4558
G1 X48.9432 Y44.6854
G1 X48.7964 Y44.9498
G1 X48.7059 Y45.2384
G1 X48.6752 Y45.5393
G1 X48.7059 Y45.8402
G00 Z4.9900
G00 X49.9437 Y37.0169
G1 Z0.0900 F150
G1 X50.2458 Y37.0322 Z0.0367
G1 X50.5448 Y36.9864 Z-0.0167
G1 X50.8284 Y36.8814 Z-0.0700
G1 X51.0851 Y36.7214 Z-0.1233
G1 X51.3044 Y36.5130 Z-0.1767
G1 X51.4771 Y36.2648 Z-0.2300
G1 X51.5964 Y35.9868 Z-0.2833
G1 X51.6573 Y35.6905 Z-0.3367
G1 Y35.3881 Z-0.3900
G1 X51.5964 Y35.0918 Z-0.4433
G1 X51.4771 Y34.8139 Z-0.4966
G1 X51.3043 Y34.5656 Z-0.5500
G1 X51.0851 Y34.3572 Z-0.6033
G1 X50.8284 Y34.1972 Z-0.6567
G1 X50.5448 Y34.0922 Z-0.7100
G1 X50.2459 Y34.0464 Z-0.7633
G1 X49.9438 Y34.0617 Z-0.8166
G1 X49.6509 Y34.1375 Z-0.8700
G1 X49.3794 Y34.2707 Z-0.9233
G1 X49.1402 Y34.4559 Z-0.9766
G1 X48.9432 Y34.6854 Z-1.0300
G1 X48.7964 Y34.9498 Z-1.0833
G1 X48.7059 Y35.2384 Z-1.1366
G1 X48.6752 Y35.5392 Z-1.1900
G1 X48.7059 Y35.8402 Z-1.2433
G1 X48.7964 Y36.1288 Z-1.2966
G1 X48.9432 Y36.3933 Z-1.3500
G1 X49.1402 Y36.6227 Z-1.4033
G1 X49.3794 Y36.8079 Z-1.4566
G1 X49.6509 Y36.9411 Z-1.5100
G1 X49.9437 Y37.0169 F322.2222
G1 X50.2458 Y37.0322 F480
G1 X50.5448 Y36.9864
G1 X50.8284 Y36.8814
G1 X51.0851 Y36.7214
G1 X51.3044 Y36.5130
G1 X51.4771 Y36.2648
G1 X51.5964 Y35.9868
G1 X51.6573 Y35.6905
G1 Y35.3881
G1 X51.5964 Y35.0918
G1 X51.4771 Y34.8139
G1 X51.3043 Y34.5656
G1 X51.0851 Y34.3572
G1 X50.8284 Y34.1972
G1 X50.5448 Y34.0922
G1 X50.2459 Y34.0464
G1 X49.9438 Y34.0617
G1 X49.6509 Y34.1375
G1 X49.3794 Y34.2707
G1 X49.1402 Y34.4559
G1 X48.9432 Y34.6854
G1 X48.7964 Y34.9498
G1 X48.7059 Y35.2384
G1 X48.6752 Y35.5392
G1 X48.7059 Y35.8402
G1 X48.7964 Y36.1288
G1 X48.9432 Y36.3933
G1 X49.1402 Y36.6227
G1 X49.3794 Y36.8079
G1 X49.6509 Y36.9411
G1 X49.9437 Y37.0169
G00 Z4.9900
G00 X50.0 Y21.4967
G1 Z0.0900 F150
G1 X50.2429 Y21.4768 Z0.0470
G1 X50.4793 Y21.4179 Z0.0041
G1 X50.7031 Y21.3213 Z-0.0389
G1 X50.9082 Y21.1897 Z-0.0819
G1 X51.0892 Y21.0265 Z-0.1248
G1 X51.2413 Y20.8362 Z-0.1678
G1 X51.3605 Y20.6236 Z-0.2108
G1 X51.4437 Y20.3946 Z-0.2538
G1 X51.4886 Y20.1550 Z-0.2967
G1 X51.4940 Y19.9114 Z-0.3397
G1 X51.4598 Y19.6701 Z-0.3827
G1 X51.3870 Y19.4376 Z-0.4256
G1 X51.2773 Y19.2199 Z-0.4686
G1 X51.1338 Y19.0230 Z-0.5116
G1 X50.9602 Y18.8520 Z-0.5545
G1 X50.7201 Y18.6823 Z-0.6064
G1 X50.5112 Y18.5535 Z-0.6497
G1 X50.3589 Y18.4864 Z-0.6790
G1 X50.2031 Y18.4554 Z-0.7070
G1 X50.0 Y18.4422 Z-0.7429
G1 X49.7969 Y18.4554 Z-0.7788
G1 X49.6411 Y18.4864 Z-0.8068
G1 X49.4884 Y18.5537 Z-0.8362
G1 X49.2801 Y18.6822 Z-0.8794
G1 X49.0397 Y18.8520 Z-0.9313
G1 X48.8662 Y19.0230 Z-0.9742
G1 X48.7227 Y19.2199 Z-1.0172
G1 X48.6130 Y19.4375 Z-1.0602
G1 X48.5401 Y19.6701 Z-1.1031
G1 X48.5059 Y19.9115 Z-1.1461
G1 X48.5114 Y20.1550 Z-1.1891
G1 X48.5563 Y20.3945 Z-1.2320
G1 X48.6394 Y20.6237 Z-1.2750
G1 X48.7587 Y20.8362 Z-1.3180
G1 X48.9108 Y21.0265 Z-1.3610
G1 X49.0918 Y21.1897 Z-1.4039
G1 X49.2969 Y21.3213 Z-1.4469
G1 X49.5206 Y21.4178 Z-1.4899
G1 X49.7571 Y21.4768 Z-1.5100
G1 X50.0 Y21.4967 F480
G1 X50.2429 Y21.4768
G1 X50.4793 Y21.4179
G1 X50.7031 Y21.3213
G1 X50.9082 Y21.1897
G1 X51.0892 Y21.0265
G1 X51.2413 Y20.8362
G1 X51.3605 Y20.6236
G1 X51.4437 Y20.3946
G1 X51.4886 Y20.1550
G1 X51.4940 Y19.9114
G1 X51.4598 Y19.6701
G1 X51.3870 Y19.4376
G1 X51.2773 Y19.2199
G1 X51.1338 Y19.0230
G1 X50.9602 Y18.8520
G1 X50.7201 Y18.6823
G1 X50.5112 Y18.5535
G1 X50.3589 Y18.4864
G1 X50.2031 Y18.4554
G1 X50.0 Y18.4422
G1 X49.7969 Y18.4554
G1 X49.6411 Y18.4864
G1 X49.4884 Y18.5537
G1 X49.2801 Y18.6822
G1 X49.0397 Y18.8520
G1 X48.8662 Y19.0230
G1 X48.7227 Y19.2199
G1 X48.6130 Y19.4375
G1 X48.5401 Y19.6701
G1 X48.5059 Y19.9115
G1 X48.5114 Y20.1550
G1 X48.5563 Y20.3945
G1 X48.6394 Y20.6237
G1 X48.7587 Y20.8362
G1 X48.9108 Y21.0265
G1 X49.0918 Y21.1897
G1 X49.2969 Y21.3213
G1 X49.5206 Y21.4178
G1 X49.7571 Y21.4768
G00 Z4.9900
G00 X50.0 Y11.4967
G1 Z0.0900 F150
G1 X50.2429 Y11.4768 Z0.0470
G1 X50.4793 Y11.4178 Z0.0041
G1 X50.7031 Y11.3213 Z-0.0389
G1 X50.9081 Y11.1897 Z-0.0819
G1 X51.0892 Y11.0265 Z-0.1249
G1 X51.2413 Y10.8362 Z-0.1678
G1 X51.3605 Y10.6237 Z-0.2108
G1 X51.4437 Y10.3945 Z-0.2538
G1 X51.4886 Y10.1550 Z-0.2967
G1 X51.4940 Y9.9114 Z-0.3397
G1 X51.4598 Y9.6701 Z-0.3827
G1 X51.3870 Y9.4376 Z-0.4256
G1 X51.2773 Y9.2199 Z-0.4686
G1 X51.1338 Y9.0230 Z-0.5116
G1 X50.9602 Y8.8520 Z-0.5545
G1 X50.7200 Y8.6823 Z-0.6064
G1 X50.5112 Y8.5536 Z-0.6497
G1 X50.3589 Y8.4864 Z-0.6790
G1 X50.2031 Y8.4554 Z-0.7070
G1 X50.0 Y8.4422 Z-0.7429
G1 X49.7969 Y8.4554 Z-0.7788
G1 X49.6411 Y8.4864 Z-0.8068
G1 X49.4884 Y8.5537 Z-0.8362
G1 X49.2800 Y8.6822 Z-0.8794
G1 X49.0397 Y8.8520 Z-0.9313
G1 X48.8662 Y9.0230 Z-0.9742
G1 X48.7227 Y9.2199 Z-1.0172
G1 X48.6130 Y9.4375 Z-1.0602
G1 X48.5401 Y9.6701 Z-1.1031
G1 X48.5059 Y9.9115 Z-1.1461
G1 X48.5114 Y10.1550 Z-1.1891
G1 X48.5563 Y10.3946 Z-1.2320
G1 X48.6394 Y10.6236 Z-1.2750
G1 X48.7587 Y10.8362 Z-1.3180
G1 X48.9108 Y11.0265 Z-1.3609
G1 X49.0919 Y11.1897 Z-1.4039
G1 X49.2969 Y11.3213 Z-1.4469
G1 X49.5206 Y11.4178 Z-1.4899
G1 X49.7571 Y11.4768 Z-1.5100
G1 X50.0 Y11.4967 F480
G1 X50.2429 Y11.4768
G1 X50.4793 Y11.4178
G1 X50.7031 Y11.3213
G1 X50.9081 Y11.1897
G1 X51.0892 Y11.0265
G1 X51.2413 Y10.8362
G1 X51.3605 Y10.6237
G1 X51.4437 Y10.3945
G1 X51.4886 Y10.1550
G1 X51.4940 Y9.9114
G1 X51.4598 Y9.6701
G1 X51.3870 Y9.4376
G1 X51.2773 Y9.2199
G1 X51.1338 Y9.0230
G1 X50.9602 Y8.8520
G1 X50.7200 Y8.6823
G1 X50.5112 Y8.5536
G1 X50.3589 Y8.4864
G1 X50.2031 Y8.4554
G1 X50.0 Y8.4422
G1 X49.7969 Y8.4554
G1 X49.6411 Y8.4864
G1 X49.4884 Y8.5537
G1 X49.2800 Y8.6822
G1 X49.0397 Y8.8520
G1 X48.8662 Y9.0230
G1 X48.7227 Y9.2199
G1 X48.6130 Y9.4375
G1 X48.5401 Y9.6701
G1 X48.5059 Y9.9115
G1 X48.5114 Y10.1550
G1 X48.5563 Y10.3946
G1 X48.6394 Y10.6236
G1 X48.7587 Y10.8362
G1 X48.9108 Y11.0265
G1 X49.0919 Y11.1897
G1 X49.2969 Y11.3213
G1 X49.5206 Y11.4178
G1 X49.7571 Y11.4768
G00 Z4.9900
G00 X11.4886 Y10.1550
G1 Z0.0900 F150
G1 X11.4941 Y9.9114 Z0.0470
G1 X11.4599 Y9.6701 Z0.0041
G1 X11.3870 Y9.4376 Z-0.0389
G1 X11.2773 Y9.2199 Z-0.0819
G1 X11.1338 Y9.0230 Z-0.1248
G1 X10.9602 Y8.8520 Z-0.1678
G1 X10.7200 Y8.6823 Z-0.2197
G1 X10.5113 Y8.5536 Z-0.2629
G1 X10.3589 Y8.4864 Z-0.2923
G1 X10.2031 Y8.4554 Z-0.3203
G1 X10.0 Y8.4422 Z-0.3562
G1 X9.7969 Y8.4554 Z-0.3921
G1 X9.6412 Y8.4864 Z-0.4201
G1 X9.4884 Y8.5538 Z-0.4495
G1 X9.2800 Y8.6823 Z-0.4927
G1 X9.0398 Y8.8519 Z-0.5445
G1 X8.8662 Y9.0230 Z-0.5875
G1 X8.7227 Y9.2199 Z-0.6305
G1 X8.6130 Y9.4376 Z-0.6734
G1 X8.5401 Y9.6701 Z-0.7164
G1 X8.5060 Y9.9114 Z-0.7594
G1 X8.5114 Y10.1550 Z-0.8023
G1 X8.5563 Y10.3945 Z-0.8453
G1 X8.6395 Y10.6237 Z-0.8883
G1 X8.7587 Y10.8362 Z-0.9313
G1 X8.9108 Y11.0265 Z-0.9742
G1 X9.0919 Y11.1897 Z-1.0172
G1 X9.2969 Y11.3213 Z-1.0602
G1 X9.5206 Y11.4178 Z-1.1031
G1 X9.7571 Y11.4768 Z-1.1461
G1 X10.0 Y11.4967 Z-1.1891
G1 X10.2429 Y11.4768 Z-1.2321
G1 X10.4794 Y11.4178 Z-1.2750
G1 X10.7030 Y11.3213 Z-1.3180
G1 X10.9082 Y11.1897 Z-1.3610
G1 X11.0892 Y11.0265 Z-1.4039
G1 X11.2413 Y10.8362 Z-1.4469
G1 X11.3606 Y10.6236 Z-1.4899
G1 X11.4437 Y10.3945 Z-1.5100
G1 X11.4886 Y10.1550 F480
G1 X11.4941 Y9.9114
G1 X11.4599 Y9.6701
G1 X11.3870 Y9.4376
G1 X11.2773 Y9.2199
G1 X11.1338 Y9.0230
G1 X10.9602 Y8.8520
G1 X10.7200 Y8.6823
G1 X10.5113 Y8.5536
G1 X10.3589 Y8.4864
G1 X10.2031 Y8.4554
G1 X10.0 Y8.4422
G1 X9.7969 Y8.4554
G1 X9.6412 Y8.4864
G1 X9.4884 Y8.5538
G1 X9.2800 Y8.6823
G1 X9.0398 Y8.8519
G1 X8.8662 Y9.0230
G1 X8.7227 Y9.2199
G1 X8.6130 Y9.4376
G1 X8.5401 Y9.6701
G1 X8.5060 Y9.9114
G1 X8.5114 Y10.1550
G1 X8.5563 Y10.3945
G1 X8.6395 Y10.6237
G1 X8.7587 Y10.8362
G1 X8.9108 Y11.0265
G1 X9.0919 Y11.1897
G1 X9.2969 Y11.3213
G1 X9.5206 Y11.4178
G1 X9.7571 Y11.4768
G1 X10.0 Y11.4967
G1 X10.2429 Y11.4768
G1 X10.4794 Y11.4178
G1 X10.7030 Y11.3213
G1 X10.9082 Y11.1897
G1 X11.0892 Y11.0265
G1 X11.2413 Y10.8362
G1 X11.3606 Y10.6236
G1 X11.4437 Y10.3945
G00 Z4.9900
G00 X10.2031 Y18.4554
G1 Z0.0900 F150
G1 X10.0 Y18.4422 Z0.0541
G1 X9.7969 Y18.4554 Z0.0182
G1 X9.6412 Y18.4864 Z-0.0098
G1 X9.4884 Y18.5538 Z-0.0392
G1 X9.2802 Y18.6822 Z-0.0824
G1 X9.0398 Y18.8520 Z-0.1343
G1 X8.8662 Y19.0230 Z-0.1772
G1 X8.7227 Y19.2199 Z-0.2202
G1 X8.6130 Y19.4376 Z-0.2632
G1 X8.5401 Y19.6701 Z-0.3061
G1 X8.5060 Y19.9114 Z-0.3491
G1 X8.5114 Y20.1550 Z-0.3921
G1 X8.5563 Y20.3946 Z-0.4350
G1 X8.6394 Y20.6236 Z-0.4780
G1 X8.7587 Y20.8362 Z-0.5210
G1 X8.9108 Y21.0265 Z-0.5639
G1 X9.0918 Y21.1897 Z-0.6069
G1 X9.2969 Y21.3213 Z-0.6499
G1 X9.5207 Y21.4178 Z-0.6928
G1 X9.7571 Y21.4768 Z-0.7358
G1 X10.0 Y21.4967 Z-0.7788
G1 X10.2429 Y21.4768 Z-0.8218
G1 X10.4794 Y21.4178 Z-0.8647
G1 X10.7030 Y21.3213 Z-0.9077
G1 X10.9082 Y21.1897 Z-0.9507
G1 X11.0892 Y21.0265 Z-0.9936
G1 X11.2413 Y20.8362 Z-1.0366
G1 X11.3606 Y20.6236 Z-1.0796
G1 X11.4437 Y20.3946 Z-1.1225
G1 X11.4886 Y20.1550 Z-1.1655
G1 X11.4941 Y19.9114 Z-1.2085
G1 X11.4599 Y19.6701 Z-1.2515
G1 X11.3870 Y19.4376 Z-1.2944
G1 X11.2773 Y19.2199 Z-1.3374
G1 X11.1338 Y19.0230 Z-1.3804
G1 X10.9602 Y18.8520 Z-1.4233
G1 X10.7200 Y18.6823 Z-1.4752
G1 X10.5113 Y18.5536 Z-1.5100
G1 X10.3589 Y18.4864 F480
G1 X10.2031 Y18.4554
G1 X10.0 Y18.4422
G1 X9.7969 Y18.4554
G1 X9.6412 Y18.4864
G1 X9.4884 Y18.5538
G1 X9.2802 Y18.6822
G1 X9.0398 Y18.8520
G1 X8.8662 Y19.0230
G1 X8.7227 Y19.2199
G1 X8.6130 Y19.4376
G1 X8.5401 Y19.6701
G1 X8.5060 Y19.9114
G1 X8.5114 Y20.1550
G1 X8.5563 Y20.3946
G1 X8.6394 Y20.6236
G1 X8.7587 Y20.8362
G1 X8.9108 Y21.0265
G1 X9.0918 Y21.1897
G1 X9.2969 Y21.3213
G1 X9.5207 Y21.4178
G1 X9.7571 Y21.4768
G1 X10.0 Y21.4967
G1 X10.2429 Y21.4768
G1 X10.4794 Y21.4178
G1 X10.7030 Y21.3213
G1 X10.9082 Y21.1897
G1 X11.0892 Y21.0265
G1 X11.2413 Y20.8362
G1 X11.3606 Y20.6236
G1 X11.4437 Y20.3946
G1 X11.4886 Y20.1550
G1 X11.4941 Y19.9114
G1 X11.4599 Y19.6701
G1 X11.3870 Y19.4376
G1 X11.2773 Y19.2199
G1 X11.1338 Y19.0230
G1 X10.9602 Y18.8520
G1 X10.7200 Y18.6823
G1 X10.5113 Y18.5536
G00 Z4.9900
G00 X10.4561 Y92.6475
G1 Z0.0900 F150
G1 X10.3290 Y92.6643 Z0.0674
G1 X10.2104 Y92.7134 Z0.0448
G1 X10.1087 Y92.7914 Z0.0221
G1 X10.0306 Y92.8932 Z-0.0005
G1 X9.9815 Y93.0118 Z-0.0231
G1 X9.9647 Y93.1389 Z-0.0457
G1 X9.9815 Y93.2660 Z-0.0683
G1 X10.0306 Y93.3846 Z-0.0909
G1 X10.1087 Y93.4864 Z-0.1136
G1 X10.2104 Y93.5644 Z-0.1362
G1 X10.3290 Y93.6135 Z-0.1588
G1 X10.4561 Y93.6303 Z-0.1814
G1 X10.5833 Y93.6135 Z-0.2040
G1 X10.7018 Y93.5644 Z-0.2267
G1 X10.8036 Y93.4863 Z-0.2493
G1 X10.8817 Y93.3846 Z-0.2719
G1 X10.9308 Y93.2661 Z-0.2945
G1 X10.9475 Y93.1389 Z-0.3171
G1 X10.9308 Y93.0117 Z-0.3397
G1 X10.8817 Y92.8932 Z-0.3624
G1 X10.8036 Y92.7914 Z-0.3850
G1 X10.7018 Y92.7134 Z-0.4076
G1 X10.5833 Y92.6643 Z-0.4302
G1 X10.4561 Y92.6475 Z-0.4528
G1 X10.3290 Y92.6643 Z-0.4754
G1 X10.2104 Y92.7134 Z-0.4981
G1 X10.1087 Y92.7914 Z-0.5207
G1 X10.0306 Y92.8932 Z-0.5433
G1 X9.9815 Y93.0118 Z-0.5659
G1 X9.9647 Y93.1389 Z-0.5885
G1 X9.9815 Y93.2660 Z-0.6112
G1 X10.0306 Y93.3846 Z-0.6338
G1 X10.1087 Y93.4864 Z-0.6564
G1 X10.2104 Y93.5644 Z-0.6790
G1 X10.3290 Y93.6135 Z-0.7016
G1 X10.4561 Y93.6303 Z-0.7242
G1 X10.5833 Y93.6135 Z-0.7469
G1 X10.7018 Y93.5644 Z-0.7695
G1 X10.8036 Y93.4863 Z-0.7921
G1 X10.8817 Y93.3846 Z-0.8147
G1 X10.9308 Y93.2661 Z-0.8373
G1 X10.9475 Y93.1389 Z-0.8600
G1 X10.9308 Y93.0117 Z-0.8826
G1 X10.8817 Y92.8932 Z-0.9052
G1 X10.8036 Y92.7914 Z-0.9278
G1 X10.7018 Y92.7134 Z-0.9504
G1 X10.5833 Y92.6643 Z-0.9731
G1 X10.4561 Y92.6475 Z-0.9957
G1 X10.3290 Y92.6643 Z-1.0183
G1 X10.2104 Y92.7134 Z-1.0409
G1 X10.1087 Y92.7914 Z-1.0635
G1 X10.0306 Y92.8932 Z-1.0861
G1 X9.9815 Y93.0118 Z-1.1088
G1 X9.9647 Y93.1389 Z-1.1314
G1 X9.9815 Y93.2660 Z-1.1540
G1 X10.0306 Y93.3846 Z-1.1766
G1 X10.1087 Y93.4864 Z-1.1992
G1 X10.2104 Y93.5644 Z-1.2218
G1 X10.3290 Y93.6135 Z-1.2445
G1 X10.4561 Y93.6303 Z-1.2671
G1 X10.5833 Y93.6135 Z-1.2897
G1 X10.7018 Y93.5644 Z-1.3123
G1 X10.8036 Y93.4863 Z-1.3349
G1 X10.8817 Y93.3846 Z-1.3576
G1 X10.9308 Y93.2661 Z-1.3802
G1 X10.9475 Y93.1389 Z-1.4028
G1 X10.9308 Y93.0117 Z-1.4254
G1 X10.8817 Y92.8932 Z-1.4480
G1 X10.8036 Y92.7914 Z-1.4706
G1 X10.7018 Y92.7134 Z-1.4933
G1 X10.5833 Y92.6643 Z-1.5100
G1 X10.4561 Y92.6475 F480
G1 X10.3290 Y92.6643
G1 X10.2104 Y92.7134
G1 X10.1087 Y92.7914
G1 X10.0306 Y92.8932
G1 X9.9815 Y93.0118
G1 X9.9647 Y93.1389
G1 X9.9815 Y93.2660
G1 X10.0306 Y93.3846
G1 X10.1087 Y93.4864
G1 X10.2104 Y93.5644
G1 X10.3290 Y93.6135
G1 X10.4561 Y93.6303
G1 X10.5833 Y93.6135
G1 X10.7018 Y93.5644
G1 X10.8036 Y93.4863
G1 X10.8817 Y93.3846
G1 X10.9308 Y93.2661
G1 X10.9475 Y93.1389
G1 X10.9308 Y93.0117
G1 X10.8817 Y92.8932
G1 X10.8036 Y92.7914
G1 X10.7018 Y92.7134
G1 X10.5833 Y92.6643
G1 X10.4561 Y92.6475 Z-1.5326 F150
G1 X10.3290 Y92.6643 Z-1.5552
G1 X10.2104 Y92.7134 Z-1.5779
G1 X10.1087 Y92.7914 Z-1.6005
G1 X10.0306 Y92.8932 Z-1.6231
G1 X9.9815 Y93.0118 Z-1.6457
G1 X9.9647 Y93.1389 Z-1.6683
G1 X9.9815 Y93.2660 Z-1.6909
G1 X10.0306 Y93.3846 Z-1.7136
G1 X10.1087 Y93.4864 Z-1.7362
G1 X10.2104 Y93.5644 Z-1.7588
G1 X10.3290 Y93.6135 Z-1.7814
G1 X10.4561 Y93.6303 Z-1.8040
G1 X10.5833 Y93.6135 Z-1.8266
G1 X10.7018 Y93.5644 Z-1.8493
G1 X10.8036 Y93.4863 Z-1.8719
G1 X10.8817 Y93.3846 Z-1.8945
G1 X10.9308 Y93.2661 Z-1.9171
G1 X10.9475 Y93.1389 Z-1.9397
G1 X10.9308 Y93.0117 Z-1.9624
G1 X10.8817 Y92.8932 Z-1.9850
G1 X10.8036 Y92.7914 Z-2.0076
G1 X10.7018 Y92.7134 Z-2.0100
G1 X10.5833 Y92.6643 F480
G1 X10.4561 Y92.6475
G1 X10.3290 Y92.6643
G1 X10.2104 Y92.7134
G1 X10.1087 Y92.7914
G1 X10.0306 Y92.8932
G1 X9.9815 Y93.0118
G1 X9.9647 Y93.1389
G1 X9.9815 Y93.2660
G1 X10.0306 Y93.3846
G1 X10.1087 Y93.4864
G1 X10.2104 Y93.5644
G1 X10.3290 Y93.6135
G1 X10.4561 Y93.6303
G1 X10.5833 Y93.6135
G1 X10.7018 Y93.5644
G1 X10.8036 Y93.4863
G1 X10.8817 Y93.3846
G1 X10.9308 Y93.2661
G1 X10.9475 Y93.1389
G1 X10.9308 Y93.0117
G1 X10.8817 Y92.8932
G1 X10.8036 Y92.7914
G1 X10.7018 Y92.7134
G00 Z4.9900
G00 X26.7120 Y90.0604
G1 Z0.0900 F150
G1 X26.8283 Y90.5701 Z-0.0022
G1 X27.0193 Y91.0567 Z-0.0943
G1 X27.2806 Y91.5093 Z-0.1865
G1 X27.6065 Y91.9180 Z-0.2787
G1 X27.9896 Y92.2735 Z-0.3708
G1 X28.4215 Y92.5679 Z-0.4630
G1 X28.8924 Y92.7947 Z-0.5552
G1 X29.3920 Y92.9488 Z-0.6473
G1 X29.9088 Y93.0267 Z-0.7395
G1 X30.4315 Z-0.8317
G1 X30.9482 Y92.9488 Z-0.9238
G1 X31.4478 Y92.7947 Z-1.0160
G1 X31.9187 Y92.5679 Z-1.1082
G1 X32.3506 Y92.2735 Z-1.2003
G1 X32.7337 Y91.9180 Z-1.2925
G1 X33.0596 Y91.5093 Z-1.3846
G1 X33.3210 Y91.0567 Z-1.4768
G1 X33.5119 Y90.5701 Z-1.5690
G1 X33.6282 Y90.0604 Z-1.6611
G1 X33.6701 Y89.5019 Z-1.7599
G1 Y61.9949 Z-2.0100
G1 X35.1867 Y61.2620 F480
G1 X36.0486 Y60.7381
G1 X36.8564 Y60.1336
G1 X37.6025 Y59.4545
G1 X38.2798 Y58.7071
G1 X38.8823 Y57.8979
G1 X39.4044 Y57.0346
G1 X39.8412 Y56.1254
G1 X40.1887 Y55.1783
G1 X40.4437 Y54.2022
G1 X40.6039 Y53.2062
G1 X40.6677 Y52.1994
G1 X40.6346 Y51.1913
G1 X40.5049 Y50.1908
G1 X40.2798 Y49.2074
G1 X39.9613 Y48.2501
G1 X39.5525 Y47.3280
G1 X39.0569 Y46.4492
G1 X38.4795 Y45.6221
G1 X37.8251 Y44.8542
G1 X37.1002 Y44.1526
G1 X36.3113 Y43.5239
G1 X35.4657 Y42.9739
G1 X34.5712 Y42.5074
G1 X33.6360 Y42.1290
G1 X32.6690 Y41.8422
G1 X31.6785 Y41.6494
G1 X30.6746 Y41.5526
G1 X29.6656
G1 X28.6617 Y41.6494
G1 X27.6713 Y41.8422
G1 X26.7043 Y42.1290
G1 X25.7690 Y42.5075
G1 X24.8745 Y42.9738
G1 X24.0289 Y43.5239
G1 X23.2400 Y44.1527
G1 X22.5151 Y44.8541
G1 X21.8607 Y45.6222
G1 X21.2833 Y46.4492
G1 X20.7877 Y47.3280
G1 X20.3789 Y48.2502
G1 X20.0605 Y49.2073
G1 X19.8353 Y50.1908
G1 X19.7056 Y51.1913
G1 X19.6725 Y52.1994
G1 X19.7363 Y53.2063
G1 X19.8965 Y54.2021
G1 X20.1515 Y55.1783
G1 X20.4991 Y56.1254
G1 X20.9358 Y57.0345
G1 X21.4580 Y57.8979
G1 X22.0605 Y58.7070
G1 X22.7378 Y59.4546
G1 X23.4837 Y60.1336
G1 X24.2916 Y60.7381
G1 X25.1535 Y61.2620
G1 X26.6701 Y61.9949
G1 Y89.5020
G1 X26.7120 Y90.0604
G1 X26.8283 Y90.5701
G1 X27.0193 Y91.0567
G1 X27.2806 Y91.5093
G1 X27.6065 Y91.9180
G1 X27.9896 Y92.2735
G1 X28.4215 Y92.5679
G1 X28.8924 Y92.7947
G1 X29.3920 Y92.9488
G1 X29.9088 Y93.0267
G1 X30.4315
G1 X30.9482 Y92.9488
G1 X31.4478 Y92.7947
G1 X31.9187 Y92.5679
G1 X32.3506 Y92.2735
G1 X32.7337 Y91.9180
G1 X33.0596 Y91.5093
G1 X33.3210 Y91.0567
G1 X33.5119 Y90.5701
G1 X33.6282 Y90.0604
G1 X33.6701 Y89.5019
G1 Y61.9949
G00 Z4.9900
G00 X49.1402 Y46.6228
G1 Z0.0900 F150
G1 X49.3794 Y46.8079 Z0.0367
G1 X49.6509 Y46.9411 Z-0.0167
G1 X49.9437 Y47.0169 Z-0.0700
G1 X50.2459 Y47.0322 Z-0.1233
G1 X50.5448 Y46.9864 Z-0.1767
G1 X50.8284 Y46.8814 Z-0.2300
G1 X51.0851 Y46.7214 Z-0.2833
G1 X51.3043 Y46.5130 Z-0.3367
G1 X51.4771 Y46.2648 Z-0.3900
G1 X51.5964 Y45.9868 Z-0.4433
G1 X51.6573 Y45.6905 Z-0.4967
G1 Y45.3881 Z-0.5500
G1 X51.5964 Y45.0918 Z-0.6033
G1 X51.4771 Y44.8138 Z-0.6567
G1 X51.3043 Y44.5656 Z-0.7100
G1 X51.0851 Y44.3572 Z-0.7633
G1 X50.8284 Y44.1972 Z-0.8167
G1 X50.5448 Y44.0922 Z-0.8700
G1 X50.2458 Y44.0464 Z-0.9233
G1 X49.9437 Y44.0617 Z-0.9766
G1 X49.6509 Y44.1375 Z-1.0300
G1 X49.3794 Y44.2707 Z-1.0833
G1 X49.1402 Y44.4558 Z-1.1366
G1 X48.9432 Y44.6854 Z-1.1900
G1 X48.7964 Y44.9498 Z-1.2433
G1 X48.7059 Y45.2384 Z-1.2966
G1 X48.6752 Y45.5393 Z-1.3500
G1 X48.7059 Y45.8402 Z-1.4033
G1 X48.7964 Y46.1288 Z-1.4566
G1 X48.9432 Y46.3933 Z-1.5100
G1 X49.1402 Y46.6228 Z-1.5633
G1 X49.3794 Y46.8079 Z-1.6166
G1 X49.6509 Y46.9411 Z-1.6700
G1 X49.9437 Y47.0169 Z-1.7233
G1 X50.2459 Y47.0322 Z-1.7766
G1 X50.5448 Y46.9864 Z-1.8300
G1 X50.8284 Y46.8814 Z-1.8833
G1 X51.0851 Y46.7214 Z-1.9366
G1 X51.3043 Y46.5130 Z-1.9900
G1 X51.4771 Y46.2648 Z-2.0100
G1 X51.5964 Y45.9868 F480
G1 X51.6573 Y45.6905
G1 Y45.3881
G1 X51.5964 Y45.0918
G1 X51.4771 Y44.8138
G1 X51.3043 Y44.5656
G1 X51.0851 Y44.3572
G1 X50.8284 Y44.1972
G1 X50.5448 Y44.0922
G1 X50.2458 Y44.0464
G1 X49.9437 Y44.0617
G1 X49.6509 Y44.1375
G1 X49.3794 Y44.2707
G1 X49.1402 Y44.4558
G1 X48.9432 Y44.6854
G1 X48.7964 Y44.9498
G1 X48.7059 Y45.2384
G1 X48.6752 Y45.5393
G1 X48.7059 Y45.8402
G1 X48.7964 Y46.1288
G1 X48.9432 Y46.3933
G1 X49.1402 Y46.6228
G1 X49.3794 Y46.8079
G1 X49.6509 Y46.9411
G1 X49.9437 Y47.0169
G1 X50.2459 Y47.0322
G1 X50.5448 Y46.9864
G1 X50.8284 Y46.8814
G1 X51.0851 Y46.7214
G1 X51.3043 Y46.5130
G1 X51.4771 Y46.2648
G00 Z4.9900
G00 X50.2458 Y37.0322
G1 Z0.0900 F150
G1 X50.5448 Y36.9864 Z0.0367
G1 X50.8284 Y36.8814 Z-0.0167
G1 X51.0851 Y36.7214 Z-0.0700
G1 X51.3044 Y36.5130 Z-0.1233
G1 X51.4771 Y36.2648 Z-0.1767
G1 X51.5964 Y35.9868 Z-0.2300
G1 X51.6573 Y35.6905 Z-0.2833
G1 Y35.3881 Z-0.3366
G1 X51.5964 Y35.0918 Z-0.3900
G1 X51.4771 Y34.8139 Z-0.4433
G1 X51.3043 Y34.5656 Z-0.4967
G1 X51.0851 Y34.3572 Z-0.5500
G1 X50.8284 Y34.1972 Z-0.6033
G1 X50.5448 Y34.0922 Z-0.6566
G1 X50.2459 Y34.0464 Z-0.7100
G1 X49.9438 Y34.0617 Z-0.7633
G1 X49.6509 Y34.1375 Z-0.8166
G1 X49.3794 Y34.2707 Z-0.8700
G1 X49.1402 Y34.4559 Z-0.9233
G1 X48.9432 Y34.6854 Z-0.9766
G1 X48.7964 Y34.9498 Z-1.0300
G1 X48.7059 Y35.2384 Z-1.0833
G1 X48.6752 Y35.5392 Z-1.1366
G1 X48.7059 Y35.8402 Z-1.1900
G1 X48.7964 Y36.1288 Z-1.2433
G1 X48.9432 Y36.3933 Z-1.2966
G1 X49.1402 Y36.6227 Z-1.3500
G1 X49.3794 Y36.8079 Z-1.4033
G1 X49.6509 Y36.9411 Z-1.4566
G1 X49.9437 Y37.0169 Z-1.5100
G1 X50.2458 Y37.0322 Z-1.5633
G1 X50.5448 Y36.9864 Z-1.6166
G1 X50.8284 Y36.8814 Z-1.6699
G1 X51.0851 Y36.7214 Z-1.7233
G1 X51.3044 Y36.5130 Z-1.7766
G1 X51.4771 Y36.2648 Z-1.8299
G1 X51.5964 Y35.9868 Z-1.8833
G1 X51.6573 Y35.6905 Z-1.9366
G1 Y35.3881 Z-1.9899
G1 X51.5964 Y35.0918 Z-2.0100
G1 X51.4771 Y34.8139 F480
G1 X51.3043 Y34.5656
G1 X51.0851 Y34.3572
G1 X50.8284 Y34.1972
G1 X50.5448 Y34.0922
G1 X50.2459 Y34.0464
G1 X49.9438 Y34.0617
G1 X49.6509 Y34.1375
G1 X49.3794 Y34.2707
G1 X49.1402 Y34.4559
G1 X48.9432 Y34.6854
G1 X48.7964 Y34.9498
G1 X48.7059 Y35.2384
G1 X48.6752 Y35.5392
G1 X48.7059 Y35.8402
G1 X48.7964 Y36.1288
G1 X48.9432 Y36.3933
G1 X49.1402 Y36.6227
G1 X49.3794 Y36.8079
G1 X49.6509 Y36.9411
G1 X49.9437 Y37.0169
G1 X50.2458 Y37.0322
G1 X50.5448 Y36.9864
G1 X50.8284 Y36.8814
G1 X51.0851 Y36.7214
G1 X51.3044 Y36.5130
G1 X51.4771 Y36.2648
G1 X51.5964 Y35.9868
G1 X51.6573 Y35.6905
G1 Y35.3881
G1 X51.5964 Y35.0918
G00 Z4.9900
G00 X50.2429 Y21.4768
G1 Z0.0900 F150
G1 X50.4793 Y21.4179 Z0.0470
G1 X50.7031 Y21.3213 Z0.0041
G1 X50.9082 Y21.1897 Z-0.0389
G1 X51.0892 Y21.0265 Z-0.0819
G1 X51.2413 Y20.8362 Z-0.1248
G1 X51.3605 Y20.6236 Z-0.1678
G1 X51.4437 Y20.3946 Z-0.2108
G1 X51.4886 Y20.1550 Z-0.2537
G1 X51.4940 Y19.9114 Z-0.2967
G1 X51.4598 Y19.6701 Z-0.3397
G1 X51.3870 Y19.4376 Z-0.3827
G1 X51.2773 Y19.2199 Z-0.4256
G1 X51.1338 Y19.0230 Z-0.4686
G1 X50.9602 Y18.8520 Z-0.5116
G1 X50.7201 Y18.6823 Z-0.5634
G1 X50.5112 Y18.5535 Z-0.6067
G1 X50.3589 Y18.4864 Z-0.6360
G1 X50.2031 Y18.4554 Z-0.6640
G1 X50.0 Y18.4422 Z-0.6999
G1 X49.7969 Y18.4554 Z-0.7358
G1 X49.6411 Y18.4864 Z-0.7638
G1 X49.4884 Y18.5537 Z-0.7932
G1 X49.2801 Y18.6822 Z-0.8364
G1 X49.0397 Y18.8520 Z-0.8883
G1 X48.8662 Y19.0230 Z-0.9312
G1 X48.7227 Y19.2199 Z-0.9742
G1 X48.6130 Y19.4375 Z-1.0172
G1 X48.5401 Y19.6701 Z-1.0602
G1 X48.5059 Y19.9115 Z-1.1031
G1 X48.5114 Y20.1550 Z-1.1461
G1 X48.5563 Y20.3945 Z-1.1891
G1 X48.6394 Y20.6237 Z-1.2320
G1 X48.7587 Y20.8362 Z-1.2750
G1 X48.9108 Y21.0265 Z-1.3180
G1 X49.0918 Y21.1897 Z-1.3609
G1 X49.2969 Y21.3213 Z-1.4039
G1 X49.5206 Y21.4178 Z-1.4469
G1 X49.7571 Y21.4768 Z-1.4898
G1 X50.0 Y21.4967 Z-1.5328
G1 X50.2429 Y21.4768 Z-1.5758
G1 X50.4793 Y21.4179 Z-1.6188
G1 X50.7031 Y21.3213 Z-1.6617
G1 X50.9082 Y21.1897 Z-1.7047
G1 X51.0892 Y21.0265 Z-1.7477
G1 X51.2413 Y20.8362 Z-1.7906
G1 X51.3605 Y20.6236 Z-1.8336
G1 X51.4437 Y20.3946 Z-1.8766
G1 X51.4886 Y20.1550 Z-1.9196
G1 X51.4940 Y19.9114 Z-1.9625
G1 X51.4598 Y19.6701 Z-2.0055
G1 X51.3870 Y19.4376 Z-2.0100
G1 X51.2773 Y19.2199 F480
G1 X51.1338 Y19.0230
G1 X50.9602 Y18.8520
G1 X50.7201 Y18.6823
G1 X50.5112 Y18.5535
G1 X50.3589 Y18.4864
G1 X50.2031 Y18.4554
G1 X50.0 Y18.4422
G1 X49.7969 Y18.4554
G1 X49.6411 Y18.4864
G1 X49.4884 Y18.5537
G1 X49.2801 Y18.6822
G1 X49.0397 Y18.8520
G1 X48.8662 Y19.0230
G1 X48.7227 Y19.2199
G1 X48.6130 Y19.4375
G1 X48.5401 Y19.6701
G1 X48.5059 Y19.9115
G1 X48.5114 Y20.1550
G1 X48.5563 Y20.3945
G1 X48.6394 Y20.6237
G1 X48.7587 Y20.8362
G1 X48.9108 Y21.0265
G1 X49.0918 Y21.1897
G1 X49.2969 Y21.3213
G1 X49.5206 Y21.4178
G1 X49.7571 Y21.4768
G1 X50.0 Y21.4967
G1 X50.2429 Y21.4768
G1 X50.4793 Y21.4179
G1 X50.7031 Y21.3213
G1 X50.9082 Y21.1897
G1 X51.0892 Y21.0265
G1 X51.2413 Y20.8362
G1 X51.3605 Y20.6236
G1 X51.4437 Y20.3946
G1 X51.4886 Y20.1550
G1 X51.4940 Y19.9114
G1 X51.4598 Y19.6701
G1 X51.3870 Y19.4376
G00 Z4.9900
G00 X50.2429 Y11.4768
G1 Z0.0900 F150
G1 X50.4793 Y11.4178 Z0.0470
G1 X50.7031 Y11.3213 Z0.0041
G1 X50.9081 Y11.1897 Z-0.0389
G1 X51.0892 Y11.0265 Z-0.0819
G1 X51.2413 Y10.8362 Z-0.1248
G1 X51.3605 Y10.6237 Z-0.1678
G1 X51.4437 Y10.3945 Z-0.2108
G1 X51.4886 Y10.1550 Z-0.2537
G1 X51.4940 Y9.9114 Z-0.2967
G1 X51.4598 Y9.6701 Z-0.3397
G1 X51.3870 Y9.4376 Z-0.3827
G1 X51.2773 Y9.2199 Z-0.4256
G1 X51.1338 Y9.0230 Z-0.4686
G1 X50.9602 Y8.8520 Z-0.5116
G1 X50.7200 Y8.6823 Z-0.5634
G1 X50.5112 Y8.5536 Z-0.6067
G1 X50.3589 Y8.4864 Z-0.6360
G1 X50.2031 Y8.4554 Z-0.6640
G1 X50.0 Y8.4422 Z-0.6999
G1 X49.7969 Y8.4554 Z-0.7358
G1 X49.6411 Y8.4864 Z-0.7638
G1 X49.4884 Y8.5537 Z-0.7932
G1 X49.2800 Y8.6822 Z-0.8364
G1 X49.0397 Y8.8520 Z-0.8883
G1 X48.8662 Y9.0230 Z-0.9312
G1 X48.7227 Y9.2199 Z-0.9742
G1 X48.6130 Y9.4375 Z-1.0172
G1 X48.5401 Y9.6701 Z-1.0602
G1 X48.5059 Y9.9115 Z-1.1031
G1 X48.5114 Y10.1550 Z-1.1461
G1 X48.5563 Y10.3946 Z-1.1891
G1 X48.6394 Y10.6236 Z-1.2320
G1 X48.7587 Y10.8362 Z-1.2750
G1 X48.9108 Y11.0265 Z-1.3180
G1 X49.0919 Y11.1897 Z-1.3610
G1 X49.2969 Y11.3213 Z-1.4039
G1 X49.5206 Y11.4178 Z-1.4469
G1 X49.7571 Y11.4768 Z-1.4898
G1 X50.0 Y11.4967 Z-1.5328
G1 X50.2429 Y11.4768 Z-1.5758
G1 X50.4793 Y11.4178 Z-1.6188
G1 X50.7031 Y11.3213 Z-1.6617
G1 X50.9081 Y11.1897 Z-1.7047
G1 X51.0892 Y11.0265 Z-1.7477
G1 X51.2413 Y10.8362 Z-1.7906
G1 X51.3605 Y10.6237 Z-1.8336
G1 X51.4437 Y10.3945 Z-1.8766
G1 X51.4886 Y10.1550 Z-1.9195
G1 X51.4940 Y9.9114 Z-1.9625
G1 X51.4598 Y9.6701 Z-2.0055
G1 X51.3870 Y9.4376 Z-2.0100
G1 X51.2773 Y9.2199 F480
G1 X51.1338 Y9.0230
G1 X50.9602 Y8.8520
G1 X50.7200 Y8.6823
G1 X50.5112 Y8.5536
G1 X50.3589 Y8.4864
G1 X50.2031 Y8.4554
G1 X50.0 Y8.4422
G1 X49.7969 Y8.4554
G1 X49.6411 Y8.4864
G1 X49.4884 Y8.5537
G1 X49.2800 Y8.6822
G1 X49.0397 Y8.8520
G1 X48.8662 Y9.0230
G1 X48.7227 Y9.2199
G1 X48.6130 Y9.4375
G1 X48.5401 Y9.6701
G1 X48.5059 Y9.9115
G1 X48.5114 Y10.1550
G1 X48.5563 Y10.3946
G1 X48.6394 Y10.6236
G1 X48.7587 Y10.8362
G1 X48.9108 Y11.0265
G1 X49.0919 Y11.1897
G1 X49.2969 Y11.3213
G1 X49.5206 Y11.4178
G1 X49.7571 Y11.4768
G1 X50.0 Y11.4967
G1 X50.2429 Y11.4768
G1 X50.4793 Y11.4178
G1 X50.7031 Y11.3213
G1 X50.9081 Y11.1897
G1 X51.0892 Y11.0265
G1 X51.2413 Y10.8362
G1 X51.3605 Y10.6237
G1 X51.4437 Y10.3945
G1 X51.4886 Y10.1550
G1 X51.4940 Y9.9114
G1 X51.4598 Y9.6701
G1 X51.3870 Y9.4376
G00 Z4.9900
G00 X11.4941 Y9.9114
G1 Z0.0900 F150
G1 X11.4599 Y9.6701 Z0.0470
G1 X11.3870 Y9.4376 Z0.0041
G1 X11.2773 Y9.2199 Z-0.0389
G1 X11.1338 Y9.0230 Z-0.0819
G1 X10.9602 Y8.8520 Z-0.1248
G1 X10.7200 Y8.6823 Z-0.1767
G1 X10.5113 Y8.5536 Z-0.2199
G1 X10.3589 Y8.4864 Z-0.2493
G1 X10.2031 Y8.4554 Z-0.2773
G1 X10.0 Y8.4422 Z-0.3132
G1 X9.7969 Y8.4554 Z-0.3491
G1 X9.6412 Y8.4864 Z-0.3771
G1 X9.4884 Y8.5538 Z-0.4065
G1 X9.2800 Y8.6823 Z-0.4497
G1 X9.0398 Y8.8519 Z-0.5016
G1 X8.8662 Y9.0230 Z-0.5445
G1 X8.7227 Y9.2199 Z-0.5875
G1 X8.6130 Y9.4376 Z-0.6305
G1 X8.5401 Y9.6701 Z-0.6734
G1 X8.5060 Y9.9114 Z-0.7164
G1 X8.5114 Y10.1550 Z-0.7594
G1 X8.5563 Y10.3945 Z-0.8023
G1 X8.6395 Y10.6237 Z-0.8453
G1 X8.7587 Y10.8362 Z-0.8883
G1 X8.9108 Y11.0265 Z-0.9312
G1 X9.0919 Y11.1897 Z-0.9742
G1 X9.2969 Y11.3213 Z-1.0172
G1 X9.5206 Y11.4178 Z-1.0602
G1 X9.7571 Y11.4768 Z-1.1031
G1 X10.0 Y11.4967 Z-1.1461
G1 X10.2429 Y11.4768 Z-1.1891
G1 X10.4794 Y11.4178 Z-1.2321
G1 X10.7030 Y11.3213 Z-1.2750
G1 X10.9082 Y11.1897 Z-1.3180
G1 X11.0892 Y11.0265 Z-1.3610
G1 X11.2413 Y10.8362 Z-1.4039
G1 X11.3606 Y10.6236 Z-1.4469
G1 X11.4437 Y10.3945 Z-1.4899
G1 X11.4886 Y10.1550 Z-1.5328
G1 X11.4941 Y9.9114 Z-1.5758
G1 X11.4599 Y9.6701 Z-1.6188
G1 X11.3870 Y9.4376 Z-1.6617
G1 X11.2773 Y9.2199 Z-1.7047
G1 X11.1338 Y9.0230 Z-1.7477
G1 X10.9602 Y8.8520 Z-1.7907
G1 X10.7200 Y8.6823 Z-1.8425
G1 X10.5113 Y8.5536 Z-1.8857
G1 X10.3589 Y8.4864 Z-1.9151
G1 X10.2031 Y8.4554 Z-1.9431
G1 X10.0 Y8.4422 Z-1.9790
G1 X9.7969 Y8.4554 Z-2.0100
G1 X9.6412 Y8.4864 F480
G1 X9.4884 Y8.5538
G1 X9.2800 Y8.6823
G1 X9.0398 Y8.8519
G1 X8.8662 Y9.0230
G1 X8.7227 Y9.2199
G1 X8.6130 Y9.4376
G1 X8.5401 Y9.6701
G1 X8.5060 Y9.9114
G1 X8.5114 Y10.1550
G1 X8.5563 Y10.3945
G1 X8.6395 Y10.6237
G1 X8.7587 Y10.8362
G1 X8.9108 Y11.0265
G1 X9.0919 Y11.1897
G1 X9.2969 Y11.3213
G1 X9.5206 Y11.4178
G1 X9.7571 Y11.4768
G1 X10.0 Y11.4967
G1 X10.2429 Y11.4768
G1 X10.4794 Y11.4178
G1 X10.7030 Y11.3213
G1 X10.9082 Y11.1897
G1 X11.0892 Y11.0265
G1 X11.2413 Y10.8362
G1 X11.3606 Y10.6236
G1 X11.4437 Y10.3945
G1 X11.4886 Y10.1550
G1 X11.4941 Y9.9114
G1 X11.4599 Y9.6701
G1 X11.3870 Y9.4376
G1 X11.2773 Y9.2199
G1 X11.1338 Y9.0230
G1 X10.9602 Y8.8520
G1 X10.7200 Y8.6823
G1 X10.5113 Y8.5536
G1 X10.3589 Y8.4864
G1 X10.2031 Y8.4554
G1 X10.0 Y8.4422
G1 X9.7969 Y8.4554
G00 Z4.9900
G00 X10.0 Y18.4422
G1 Z0.0900 F150
G1 X9.7969 Y18.4554 Z0.0541
G1 X9.6412 Y18.4864 Z0.0261
G1 X9.4884 Y18.5538 Z-0.0033
G1 X9.2802 Y18.6822 Z-0.0465
G1 X9.0398 Y18.8520 Z-0.0984
G1 X8.8662 Y19.0230 Z-0.1413
G1 X8.7227 Y19.2199 Z-0.1843
G1 X8.6130 Y19.4376 Z-0.2273
G1 X8.5401 Y19.6701 Z-0.2702
G1 X8.5060 Y19.9114 Z-0.3132
G1 X8.5114 Y20.1550 Z-0.3562
G1 X8.5563 Y20.3946 Z-0.3991
G1 X8.6394 Y20.6236 Z-0.4421
G1 X8.7587 Y20.8362 Z-0.4851
G1 X8.9108 Y21.0265 Z-0.5281
G1 X9.0918 Y21.1897 Z-0.5710
G1 X9.2969 Y21.3213 Z-0.6140
G1 X9.5207 Y21.4178 Z-0.6570
G1 X9.7571 Y21.4768 Z-0.6999
G1 X10.0 Y21.4967 Z-0.7429
G1 X10.2429 Y21.4768 Z-0.7859
G1 X10.4794 Y21.4178 Z-0.8288
G1 X10.7030 Y21.3213 Z-0.8718
G1 X10.9082 Y21.1897 Z-0.9148
G1 X11.0892 Y21.0265 Z-0.9578
G1 X11.2413 Y20.8362 Z-1.0007
G1 X11.3606 Y20.6236 Z-1.0437
G1 X11.4437 Y20.3946 Z-1.0867
G1 X11.4886 Y20.1550 Z-1.1296
G1 X11.4941 Y19.9114 Z-1.1726
G1 X11.4599 Y19.6701 Z-1.2156
G1 X11.3870 Y19.4376 Z-1.2585
G1 X11.2773 Y19.2199 Z-1.3015
G1 X11.1338 Y19.0230 Z-1.3445
G1 X10.9602 Y18.8520 Z-1.3874
G1 X10.7200 Y18.6823 Z-1.4393
G1 X10.5113 Y18.5536 Z-1.4825
G1 X10.3589 Y18.4864 Z-1.5119
G1 X10.2031 Y18.4554 Z-1.5399
G1 X10.0 Y18.4422 Z-1.5758
G1 X9.7969 Y18.4554 Z-1.6117
G1 X9.6412 Y18.4864 Z-1.6397
G1 X9.4884 Y18.5538 Z-1.6691
G1 X9.2802 Y18.6822 Z-1.7123
G1 X9.0398 Y18.8520 Z-1.7642
G1 X8.8662 Y19.0230 Z-1.8071
G1 X8.7227 Y19.2199 Z-1.8501
G1 X8.6130 Y19.4376 Z-1.8931
G1 X8.5401 Y19.6701 Z-1.9360
G1 X8.5060 Y19.9114 Z-1.9790
G1 X8.5114 Y20.1550 Z-2.0100
G1 X8.5563 Y20.3946 F480
G1 X8.6394 Y20.6236
G1 X8.7587 Y20.8362
G1 X8.9108 Y21.0265
G1 X9.0918 Y21.1897
G1 X9.2969 Y21.3213
G1 X9.5207 Y21.4178
G1 X9.7571 Y21.4768
G1 X10.0 Y21.4967
G1 X10.2429 Y21.4768
G1 X10.4794 Y21.4178
G1 X10.7030 Y21.3213
G1 X10.9082 Y21.1897
G1 X11.0892 Y21.0265
G1 X11.2413 Y20.8362
G1 X11.3606 Y20.6236
G1 X11.4437 Y20.3946
G1 X11.4886 Y20.1550
G1 X11.4941 Y19.9114
G1 X11.4599 Y19.6701
G1 X11.3870 Y19.4376
G1 X11.2773 Y19.2199
G1 X11.1338 Y19.0230
G1 X10.9602 Y18.8520
G1 X10.7200 Y18.6823
G1 X10.5113 Y18.5536
G1 X10.3589 Y18.4864
G1 X10.2031 Y18.4554
G1 X10.0 Y18.4422
G1 X9.7969 Y18.4554
G1 X9.6412 Y18.4864
G1 X9.4884 Y18.5538
G1 X9.2802 Y18.6822
G1 X9.0398 Y18.8520
G1 X8.8662 Y19.0230
G1 X8.7227 Y19.2199
G1 X8.6130 Y19.4376
G1 X8.5401 Y19.6701
G1 X8.5060 Y19.9114
G1 X8.5114 Y20.1550
G00 Z4.9900
G00 X9.9438 Y34.0617
G1 Z0.0900 F150
G1 X9.6509 Y34.1375 Z0.0367
G1 X9.3794 Y34.2707 Z-0.0167
G1 X9.1402 Y34.4559 Z-0.0700
G1 X8.9432 Y34.6853 Z-0.1233
G1 X8.7964 Y34.9498 Z-0.1767
G1 X8.7059 Y35.2384 Z-0.2300
G1 X8.6753 Y35.5393 Z-0.2833
G1 X8.7059 Y35.8402 Z-0.3367
G1 X8.7964 Y36.1288 Z-0.3900
G1 X8.9432 Y36.3932 Z-0.4433
G1 X9.1402 Y36.6228 Z-0.4967
G1 X9.3794 Y36.8079 Z-0.5500
G1 X9.6510 Y36.9411 Z-0.6033
G1 X9.9438 Y37.0169 Z-0.6567
G1 X10.2459 Y37.0322 Z-0.7100
G1 X10.5448 Y36.9864 Z-0.7633
G1 X10.8285 Y36.8814 Z-0.8167
G1 X11.0851 Y36.7214 Z-0.8700
G1 X11.3044 Y36.5130 Z-0.9233
G1 X11.4771 Y36.2648 Z-0.9766
G1 X11.5964 Y35.9868 Z-1.0300
G1 X11.6573 Y35.6905 Z-1.0833
G1 Y35.3881 Z-1.1366
G1 X11.5964 Y35.0918 Z-1.1900
G1 X11.4771 Y34.8138 Z-1.2433
G1 X11.3044 Y34.5656 Z-1.2966
G1 X11.0851 Y34.3572 Z-1.3500
G1 X10.8284 Y34.1972 Z-1.4033
G1 X10.5448 Y34.0922 Z-1.4566
G1 X10.2459 Y34.0464 Z-1.5100
G1 X9.9438 Y34.0617 Z-1.5633
G1 X9.6509 Y34.1375 Z-1.6166
G1 X9.3794 Y34.2707 Z-1.6700
G1 X9.1402 Y34.4559 Z-1.7233
G1 X8.9432 Y34.6853 Z-1.7766
G1 X8.7964 Y34.9498 Z-1.8300
G1 X8.7059 Y35.2384 Z-1.8833
G1 X8.6753 Y35.5393 Z-1.9366
G1 X8.7059 Y35.8402 Z-1.9900
G1 X8.7964 Y36.1288 Z-2.0100
G1 X8.9432 Y36.3932 F480
G1 X9.1402 Y36.6228
G1 X9.3794 Y36.8079
G1 X9.6510 Y36.9411
G1 X9.9438 Y37.0169
G1 X10.2459 Y37.0322
G1 X10.5448 Y36.9864
G1 X10.8285 Y36.8814
G1 X11.0851 Y36.7214
G1 X11.3044 Y36.5130
G1 X11.4771 Y36.2648
G1 X11.5964 Y35.9868
G1 X11.6573 Y35.6905
G1 Y35.3881
G1 X11.5964 Y35.0918
G1 X11.4771 Y34.8138
G1 X11.3044 Y34.5656
G1 X11.0851 Y34.3572
G1 X10.8284 Y34.1972
G1 X10.5448 Y34.0922
G1 X10.2459 Y34.0464
G1 X9.9438 Y34.0617
G1 X9.6509 Y34.1375
G1 X9.3794 Y34.2707
G1 X9.1402 Y34.4559
G1 X8.9432 Y34.6853
G1 X8.7964 Y34.9498
G1 X8.7059 Y35.2384
G1 X8.6753 Y35.5393
G1 X8.7059 Y35.8402
G1 X8.7964 Y36.1288
G00 Z4.9900
G00 X9.9438 Y44.0617
G1 Z0.0900 F150
G1 X9.6510 Y44.1375 Z0.0367
G1 X9.3794 Y44.2707 Z-0.0167
G1 X9.1402 Y44.4559 Z-0.0700
G1 X8.9432 Y44.6854 Z-0.1233
G1 X8.7964 Y44.9498 Z-0.1767
G1 X8.7059 Y45.2384 Z-0.2300
G1 X8.6753 Y45.5393 Z-0.2833
G1 X8.7059 Y45.8402 Z-0.3367
G1 X8.7964 Y46.1288 Z-0.3900
G1 X8.9432 Y46.3933 Z-0.4433
G1 X9.1402 Y46.6228 Z-0.4967
G1 X9.3794 Y46.8079 Z-0.5500
G1 X9.6510 Y46.9411 Z-0.6033
G1 X9.9438 Y47.0169 Z-0.6566
G1 X10.2459 Y47.0322 Z-0.7100
G1 X10.5448 Y46.9864 Z-0.7633
G1 X10.8284 Y46.8814 Z-0.8166
G1 X11.0851 Y46.7214 Z-0.8700
G1 X11.3044 Y46.5130 Z-0.9233
G1 X11.4771 Y46.2648 Z-0.9766
G1 X11.5964 Y45.9868 Z-1.0300
G1 X11.6573 Y45.6905 Z-1.0833
G1 Y45.3881 Z-1.1366
G1 X11.5964 Y45.0918 Z-1.1900
G1 X11.4771 Y44.8139 Z-1.2433
G1 X11.3044 Y44.5656 Z-1.2966
G1 X11.0851 Y44.3572 Z-1.3500
G1 X10.8285 Y44.1972 Z-1.4033
G1 X10.5448 Y44.0922 Z-1.4566
G1 X10.2459 Y44.0464 Z-1.5100
G1 X9.9438 Y44.0617 Z-1.5633
G1 X9.6510 Y44.1375 Z-1.6166
G1 X9.3794 Y44.2707 Z-1.6700
G1 X9.1402 Y44.4559 Z-1.7233
G1 X8.9432 Y44.6854 Z-1.7766
G1 X8.7964 Y44.9498 Z-1.8300
G1 X8.7059 Y45.2384 Z-1.8833
G1 X8.6753 Y45.5393 Z-1.9366
G1 X8.7059 Y45.8402 Z-1.9900
G1 X8.7964 Y46.1288 Z-2.0100
G1 X8.9432 Y46.3933 F480
G1 X9.1402 Y46.6228
G1 X9.3794 Y46.8079
G1 X9.6510 Y46.9411
G1 X9.9438 Y47.0169
G1 X10.2459 Y47.0322
G1 X10.5448 Y46.9864
G1 X10.8284 Y46.8814
G1 X11.0851 Y46.7214
G1 X11.3044 Y46.5130
G1 X11.4771 Y46.2648
G1 X11.5964 Y45.9868
G1 X11.6573 Y45.6905
G1 Y45.3881
G1 X11.5964 Y45.0918
G1 X11.4771 Y44.8139
G1 X11.3044 Y44.5656
G1 X11.0851 Y44.3572
G1 X10.8285 Y44.1972
G1 X10.5448 Y44.0922
G1 X10.2459 Y44.0464
G1 X9.9438 Y44.0617
G1 X9.6510 Y44.1375
G1 X9.3794 Y44.2707
G1 X9.1402 Y44.4559
G1 X8.9432 Y44.6854
G1 X8.7964 Y44.9498
G1 X8.7059 Y45.2384
G1 X8.6753 Y45.5393
G1 X8.7059 Y45.8402
G1 X8.7964 Y46.1288
G1 X8.9432 Y46.3933 Z-2.0633 F150
G1 X9.1402 Y46.6228 Z-2.1167
G1 X9.3794 Y46.8079 Z-2.1700
G1 X9.6510 Y46.9411 Z-2.2233
G1 X9.9438 Y47.0169 Z-2.2767
G1 X10.2459 Y47.0322 Z-2.3300
G1 X10.5448 Y46.9864 Z-2.3833
G1 X10.8284 Y46.8814 Z-2.4367
G1 X11.0851 Y46.7214 Z-2.4900
G1 X11.3044 Y46.5130 Z-2.5100
G1 X11.4771 Y46.2648 F480
G1 X11.5964 Y45.9868
G1 X11.6573 Y45.6905
G1 Y45.3881
G1 X11.5964 Y45.0918
G1 X11.4771 Y44.8139
G1 X11.3044 Y44.5656
G1 X11.0851 Y44.3572
G1 X10.8285 Y44.1972
G1 X10.5448 Y44.0922
G1 X10.2459 Y44.0464
G1 X9.9438 Y44.0617
G1 X9.6510 Y44.1375
G1 X9.3794 Y44.2707
G1 X9.1402 Y44.4559
G1 X8.9432 Y44.6854
G1 X8.7964 Y44.9498
G1 X8.7059 Y45.2384
G1 X8.6753 Y45.5393
G1 X8.7059 Y45.8402
G1 X8.7964 Y46.1288
G1 X8.9432 Y46.3933
G1 X9.1402 Y46.6228
G1 X9.3794 Y46.8079
G1 X9.6510 Y46.9411
G1 X9.9438 Y47.0169
G1 X10.2459 Y47.0322
G1 X10.5448 Y46.9864
G1 X10.8284 Y46.8814
G1 X11.0851 Y46.7214
G1 X11.3044 Y46.5130
G00 Z4.9900
G00 X20.0605 Y49.2073
G1 Z0.0900 F150
G1 X19.8353 Y50.1908 Z-0.0879
G1 X19.7056 Y51.1913 Z-0.2658
G1 X19.6725 Y52.1994 Z-0.4436
G1 X19.7363 Y53.2063 Z-0.6215
G1 X19.8965 Y54.2021 Z-0.7994
G1 X20.1515 Y55.1783 Z-0.9773
G1 X20.4991 Y56.1254 Z-1.1552
G1 X20.9358 Y57.0345 Z-1.3330
G1 X21.4580 Y57.8979 Z-1.5109
G1 X22.0605 Y58.7070 Z-1.6888
G1 X22.7378 Y59.4546 Z-1.8667
G1 X23.4837 Y60.1336 Z-2.0445
G1 X24.2916 Y60.7381 Z-2.2225
G1 X25.1535 Y61.2620 Z-2.4003
G1 X26.6701 Y61.9949 Z-2.5100
G1 Y89.5020 F480
G1 X26.7120 Y90.0604
G1 X26.8283 Y90.5701
G1 X27.0193 Y91.0567
G1 X27.2806 Y91.5093
G1 X27.6065 Y91.9180
G1 X27.9896 Y92.2735
G1 X28.4215 Y92.5679
G1 X28.8924 Y92.7947
G1 X29.3920 Y92.9488
G1 X29.9088 Y93.0267
G1 X30.4315
G1 X30.9482 Y92.9488
G1 X31.4478 Y92.7947
G1 X31.9187 Y92.5679
G1 X32.3506 Y92.2735
G1 X32.7337 Y91.9180
G1 X33.0596 Y91.5093
G1 X33.3210 Y91.0567
G1 X33.5119 Y90.5701
G1 X33.6282 Y90.0604
G1 X33.6701 Y89.5019
G1 Y61.9949
G1 X35.1867 Y61.2620
G1 X36.0486 Y60.7381
G1 X36.8564 Y60.1336
G1 X37.6025 Y59.4545
G1 X38.2798 Y58.7071
G1 X38.8823 Y57.8979
G1 X39.4044 Y57.0346
G1 X39.8412 Y56.1254
G1 X40.1887 Y55.1783
G1 X40.4437 Y54.2022
G1 X40.6039 Y53.2062
G1 X40.6677 Y52.1994
G1 X40.6346 Y51.1913
G1 X40.5049 Y50.1908
G1 X40.2798 Y49.2074
G1 X39.9613 Y48.2501
G1 X39.5525 Y47.3280
G1 X39.0569 Y46.4492
G1 X38.4795 Y45.6221
G1 X37.8251 Y44.8542
G1 X37.1002 Y44.1526
G1 X36.3113 Y43.5239
G1 X35.4657 Y42.9739
G1 X34.5712 Y42.5074
G1 X33.6360 Y42.1290
G1 X32.6690 Y41.8422
G1 X31.6785 Y41.6494
G1 X30.6746 Y41.5526
G1 X29.6656
G1 X28.6617 Y41.6494
G1 X27.6713 Y41.8422
G1 X26.7043 Y42.1290
G1 X25.7690 Y42.5075
G1 X24.8745 Y42.9738
G1 X24.0289 Y43.5239
G1 X23.2400 Y44.1527
G1 X22.5151 Y44.8541
G1 X21.8607 Y45.6222
G1 X21.2833 Y46.4492
G1 X20.7877 Y47.3280
G1 X20.3789 Y48.2502
G1 X20.0605 Y49.2073
G1 X19.8353 Y50.1908
G1 X19.7056 Y51.1913
G1 X19.6725 Y52.1994
G1 X19.7363 Y53.2063
G1 X19.8965 Y54.2021
G1 X20.1515 Y55.1783
G1 X20.4991 Y56.1254
G1 X20.9358 Y57.0345
G1 X21.4580 Y57.8979
G1 X22.0605 Y58.7070
G1 X22.7378 Y59.4546
G1 X23.4837 Y60.1336
G1 X24.2916 Y60.7381
G1 X25.1535 Y61.2620
G1 X26.6701 Y61.9949
G00 Z4.9900
G00 X48.9432 Y46.3933
G1 Z0.0900 F150
G1 X49.1402 Y46.6228 Z0.0367
G1 X49.3794 Y46.8079 Z-0.0167
G1 X49.6509 Y46.9411 Z-0.0700
G1 X49.9437 Y47.0169 Z-0.1233
G1 X50.2459 Y47.0322 Z-0.1767
G1 X50.5448 Y46.9864 Z-0.2300
G1 X50.8284 Y46.8814 Z-0.2833
G1 X51.0851 Y46.7214 Z-0.3367
G1 X51.3043 Y46.5130 Z-0.3900
G1 X51.4771 Y46.2648 Z-0.4433
G1 X51.5964 Y45.9868 Z-0.4966
G1 X51.6573 Y45.6905 Z-0.5500
G1 Y45.3881 Z-0.6033
G1 X51.5964 Y45.0918 Z-0.6566
G1 X51.4771 Y44.8138 Z-0.7100
G1 X51.3043 Y44.5656 Z-0.7633
G1 X51.0851 Y44.3572 Z-0.8166
G1 X50.8284 Y44.1972 Z-0.8700
G1 X50.5448 Y44.0922 Z-0.9233
G1 X50.2458 Y44.0464 Z-0.9766
G1 X49.9437 Y44.0617 Z-1.0300
G1 X49.6509 Y44.1375 Z-1.0833
G1 X49.3794 Y44.2707 Z-1.1366
G1 X49.1402 Y44.4558 Z-1.1900
G1 X48.9432 Y44.6854 Z-1.2433
G1 X48.7964 Y44.9498 Z-1.2966
G1 X48.7059 Y45.2384 Z-1.3500
G1 X48.6752 Y45.5393 Z-1.4033
G1 X48.7059 Y45.8402 Z-1.4566
G1 X48.7964 Y46.1288 Z-1.5100
G1 X48.9432 Y46.3933 Z-1.5633
G1 X49.1402 Y46.6228 Z-1.6166
G1 X49.3794 Y46.8079 Z-1.6700
G1 X49.6509 Y46.9411 Z-1.7233
G1 X49.9437 Y47.0169 Z-1.7766
G1 X50.2459 Y47.0322 Z-1.8300
G1 X50.5448 Y46.9864 Z-1.8833
G1 X50.8284 Y46.8814 Z-1.9366
G1 X51.0851 Y46.7214 Z-1.9899
G1 X51.3043 Y46.5130 Z-2.0433
G1 X51.4771 Y46.2648 Z-2.0966
G1 X51.5964 Y45.9868 Z-2.1499
G1 X51.6573 Y45.6905 Z-2.2033
G1 Y45.3881 Z-2.2566
G1 X51.5964 Y45.0918 Z-2.3099
G1 X51.4771 Y44.8138 Z-2.3633
G1 X51.3043 Y44.5656 Z-2.4166
G1 X51.0851 Y44.3572 Z-2.4699
G1 X50.8284 Y44.1972 Z-2.5100
G1 X50.5448 Y44.0922 F480
G1 X50.2458 Y44.0464
G1 X49.9437 Y44.0617
G1 X49.6509 Y44.1375
G1 X49.3794 Y44.2707
G1 X49.1402 Y44.4558
G1 X48.9432 Y44.6854
G1 X48.7964 Y44.9498
G1 X48.7059 Y45.2384
G1 X48.6752 Y45.5393
G1 X48.7059 Y45.8402
G1 X48.7964 Y46.1288
G1 X48.9432 Y46.3933
G1 X49.1402 Y46.6228
G1 X49.3794 Y46.8079
G1 X49.6509 Y46.9411
G1 X49.9437 Y47.0169
G1 X50.2459 Y47.0322
G1 X50.5448 Y46.9864
G1 X50.8284 Y46.8814
G1 X51.0851 Y46.7214
G1 X51.3043 Y46.5130
G1 X51.4771 Y46.2648
G1 X51.5964 Y45.9868
G1 X51.6573 Y45.6905
G1 Y45.3881
G1 X51.5964 Y45.0918
G1 X51.4771 Y44.8138
G1 X51.3043 Y44.5656
G1 X51.0851 Y44.3572
G1 X50.8284 Y44.1972
G00 Z4.9900
G00 X50.2458 Y37.0322
G1 Z0.0900 F150
G1 X50.5448 Y36.9864 Z0.0367
G1 X50.8284 Y36.8814 Z-0.0167
G1 X51.0851 Y36.7214 Z-0.0700
G1 X51.3044 Y36.5130 Z-0.1233
G1 X51.4771 Y36.2648 Z-0.1767
G1 X51.5964 Y35.9868 Z-0.2300
G1 X51.6573 Y35.6905 Z-0.2833
G1 Y35.3881 Z-0.3366
G1 X51.5964 Y35.0918 Z-0.3900
G1 X51.4771 Y34.8139 Z-0.4433
G1 X51.3043 Y34.5656 Z-0.4967
G1 X51.0851 Y34.3572 Z-0.5500
G1 X50.8284 Y34.1972 Z-0.6033
G1 X50.5448 Y34.0922 Z-0.6566
G1 X50.2459 Y34.0464 Z-0.7100
G1 X49.9438 Y34.0617 Z-0.7633
G1 X49.6509 Y34.1375 Z-0.8166
G1 X49.3794 Y34.2707 Z-0.8700
G1 X49.1402 Y34.4559 Z-0.9233
G1 X48.9432 Y34.6854 Z-0.9766
G1 X48.7964 Y34.9498 Z-1.0300
G1 X48.7059 Y35.2384 Z-1.0833
G1 X48.6752 Y35.5392 Z-1.1366
G1 X48.7059 Y35.8402 Z-1.1900
G1 X48.7964 Y36.1288 Z-1.2433
G1 X48.9432 Y36.3933 Z-1.2966
G1 X49.1402 Y36.6227 Z-1.3500
G1 X49.3794 Y36.8079 Z-1.4033
G1 X49.6509 Y36.9411 Z-1.4566
G1 X49.9437 Y37.0169 Z-1.5100
G1 X50.2458 Y37.0322 Z-1.5633
G1 X50.5448 Y36.9864 Z-1.6166
G1 X50.8284 Y36.8814 Z-1.6699
G1 X51.0851 Y36.7214 Z-1.7233
G1 X51.3044 Y36.5130 Z-1.7766
G1 X51.4771 Y36.2648 Z-1.8299
G1 X51.5964 Y35.9868 Z-1.8833
G1 X51.6573 Y35.6905 Z-1.9366
G1 Y35.3881 Z-1.9899
G1 X51.5964 Y35.0918 Z-2.0433
G1 X51.4771 Y34.8139 Z-2.0966
G1 X51.3043 Y34.5656 Z-2.1499
G1 X51.0851 Y34.3572 Z-2.2033
G1 X50.8284 Y34.1972 Z-2.2566
G1 X50.5448 Y34.0922 Z-2.3099
G1 X50.2459 Y34.0464 Z-2.3633
G1 X49.9438 Y34.0617 Z-2.4166
G1 X49.6509 Y34.1375 Z-2.4699
G1 X49.3794 Y34.2707 Z-2.5100
G1 X49.1402 Y34.4559 F480
G1 X48.9432 Y34.6854
G1 X48.7964 Y34.9498
G1 X48.7059 Y35.2384
G1 X48.6752 Y35.5392
G1 X48.7059 Y35.8402
G1 X48.7964 Y36.1288
G1 X48.9432 Y36.3933
G1 X49.1402 Y36.6227
G1 X49.3794 Y36.8079
G1 X49.6509 Y36.9411
G1 X49.9437 Y37.0169
G1 X50.2458 Y37.0322
G1 X50.5448 Y36.9864
G1 X50.8284 Y36.8814
G1 X51.0851 Y36.7214
G1 X51.3044 Y36.5130
G1 X51.4771 Y36.2648
G1 X51.5964 Y35.9868
G1 X51.6573 Y35.6905
G1 Y35.3881
G1 X51.5964 Y35.0918
G1 X51.4771 Y34.8139
G1 X51.3043 Y34.5656
G1 X51.0851 Y34.3572
G1 X50.8284 Y34.1972
G1 X50.5448 Y34.0922
G1 X50.2459 Y34.0464
G1 X49.9438 Y34.0617
G1 X49.6509 Y34.1375
G1 X49.3794 Y34.2707
G00 Z4.9900
G00 X50.0 Y21.4967
G1 Z0.0900 F150
G1 X50.2429 Y21.4768 Z0.0470
G1 X50.4793 Y21.4179 Z0.0041
G1 X50.7031 Y21.3213 Z-0.0389
G1 X50.9082 Y21.1897 Z-0.0819
G1 X51.0892 Y21.0265 Z-0.1248
G1 X51.2413 Y20.8362 Z-0.1678
G1 X51.3605 Y20.6236 Z-0.2108
G1 X51.4437 Y20.3946 Z-0.2538
G1 X51.4886 Y20.1550 Z-0.2967
G1 X51.4940 Y19.9114 Z-0.3397
G1 X51.4598 Y19.6701 Z-0.3827
G1 X51.3870 Y19.4376 Z-0.4256
G1 X51.2773 Y19.2199 Z-0.4686
G1 X51.1338 Y19.0230 Z-0.5116
G1 X50.9602 Y18.8520 Z-0.5545
G1 X50.7201 Y18.6823 Z-0.6064
G1 X50.5112 Y18.5535 Z-0.6497
G1 X50.3589 Y18.4864 Z-0.6790
G1 X50.2031 Y18.4554 Z-0.7070
G1 X50.0 Y18.4422 Z-0.7429
G1 X49.7969 Y18.4554 Z-0.7788
G1 X49.6411 Y18.4864 Z-0.8068
G1 X49.4884 Y18.5537 Z-0.8362
G1 X49.2801 Y18.6822 Z-0.8794
G1 X49.0397 Y18.8520 Z-0.9313
G1 X48.8662 Y19.0230 Z-0.9742
G1 X48.7227 Y19.2199 Z-1.0172
G1 X48.6130 Y19.4375 Z-1.0602
G1 X48.5401 Y19.6701 Z-1.1031
G1 X48.5059 Y19.9115 Z-1.1461
G1 X48.5114 Y20.1550 Z-1.1891
G1 X48.5563 Y20.3945 Z-1.2320
G1 X48.6394 Y20.6237 Z-1.2750
G1 X48.7587 Y20.8362 Z-1.3180
G1 X48.9108 Y21.0265 Z-1.3610
G1 X49.0918 Y21.1897 Z-1.4039
G1 X49.2969 Y21.3213 Z-1.4469
G1 X49.5206 Y21.4178 Z-1.4899
G1 X49.7571 Y21.4768 Z-1.5328
G1 X50.0 Y21.4967 Z-1.5758
G1 X50.2429 Y21.4768 Z-1.6188
G1 X50.4793 Y21.4179 Z-1.6617
G1 X50.7031 Y21.3213 Z-1.7047
G1 X50.9082 Y21.1897 Z-1.7477
G1 X51.0892 Y21.0265 Z-1.7906
G1 X51.2413 Y20.8362 Z-1.8336
G1 X51.3605 Y20.6236 Z-1.8766
G1 X51.4437 Y20.3946 Z-1.9196
G1 X51.4886 Y20.1550 Z-1.9625
G1 X51.4940 Y19.9114 Z-2.0055
G1 X51.4598 Y19.6701 Z-2.0485
G1 X51.3870 Y19.4376 Z-2.0914
G1 X51.2773 Y19.2199 Z-2.1344
G1 X51.1338 Y19.0230 Z-2.1774
G1 X50.9602 Y18.8520 Z-2.2203
G1 X50.7201 Y18.6823 Z-2.2722
G1 X50.5112 Y18.5535 Z-2.3155
G1 X50.3589 Y18.4864 Z-2.3448
G1 X50.2031 Y18.4554 Z-2.3728
G1 X50.0 Y18.4422 Z-2.4087
G1 X49.7969 Y18.4554 Z-2.4446
G1 X49.6411 Y18.4864 Z-2.4726
G1 X49.4884 Y18.5537 Z-2.5020
G1 X49.2801 Y18.6822 Z-2.5100
G1 X49.0397 Y18.8520 F480
G1 X48.8662 Y19.0230
G1 X48.7227 Y19.2199
G1 X48.6130 Y19.4375
G1 X48.5401 Y19.6701
G1 X48.5059 Y19.9115
G1 X48.5114 Y20.1550
G1 X48.5563 Y20.3945
G1 X48.6394 Y20.6237
G1 X48.7587 Y20.8362
G1 X48.9108 Y21.0265
G1 X49.0918 Y21.1897
G1 X49.2969 Y21.3213
G1 X49.5206 Y21.4178
G1 X49.7571 Y21.4768
G1 X50.0 Y21.4967
G1 X50.2429 Y21.4768
G1 X50.4793 Y21.4179
G1 X50.7031 Y21.3213
G1 X50.9082 Y21.1897
G1 X51.0892 Y21.0265
G1 X51.2413 Y20.8362
G1 X51.3605 Y20.6236
G1 X51.4437 Y20.3946
G1 X51.4886 Y20.1550
G1 X51.4940 Y19.9114
G1 X51.4598 Y19.6701
G1 X51.3870 Y19.4376
G1 X51.2773 Y19.2199
G1 X51.1338 Y19.0230
G1 X50.9602 Y18.8520
G1 X50.7201 Y18.6823
G1 X50.5112 Y18.5535
G1 X50.3589 Y18.4864
G1 X50.2031 Y18.4554
G1 X50.0 Y18.4422
G1 X49.7969 Y18.4554
G1 X49.6411 Y18.4864
G1 X49.4884 Y18.5537
G1 X49.2801 Y18.6822
G00 Z4.9900
G00 X49.7571 Y11.4768
G1 Z0.0900 F150
G1 X50.0 Y11.4967 Z0.0470
G1 X50.2429 Y11.4768 Z0.0040
G1 X50.4793 Y11.4178 Z-0.0389
G1 X50.7031 Y11.3213 Z-0.0819
G1 X50.9081 Y11.1897 Z-0.1248
G1 X51.0892 Y11.0265 Z-0.1678
G1 X51.2413 Y10.8362 Z-0.2108
G1 X51.3605 Y10.6237 Z-0.2538
G1 X51.4437 Y10.3945 Z-0.2967
G1 X51.4886 Y10.1550 Z-0.3397
G1 X51.4940 Y9.9114 Z-0.3827
G1 X51.4598 Y9.6701 Z-0.4256
G1 X51.3870 Y9.4376 Z-0.4686
G1 X51.2773 Y9.2199 Z-0.5116
G1 X51.1338 Y9.0230 Z-0.5545
G1 X50.9602 Y8.8520 Z-0.5975
G1 X50.7200 Y8.6823 Z-0.6494
G1 X50.5112 Y8.5536 Z-0.6926
G1 X50.3589 Y8.4864 Z-0.7220
G1 X50.2031 Y8.4554 Z-0.7500
G1 X50.0 Y8.4422 Z-0.7859
G1 X49.7969 Y8.4554 Z-0.8218
G1 X49.6411 Y8.4864 Z-0.8498
G1 X49.4884 Y8.5537 Z-0.8792
G1 X49.2800 Y8.6822 Z-0.9224
G1 X49.0397 Y8.8520 Z-0.9742
G1 X48.8662 Y9.0230 Z-1.0172
G1 X48.7227 Y9.2199 Z-1.0602
G1 X48.6130 Y9.4375 Z-1.1031
G1 X48.5401 Y9.6701 Z-1.1461
G1 X48.5059 Y9.9115 Z-1.1891
G1 X48.5114 Y10.1550 Z-1.2320
G1 X48.5563 Y10.3946 Z-1.2750
G1 X48.6394 Y10.6236 Z-1.3180
G1 X48.7587 Y10.8362 Z-1.3610
G1 X48.9108 Y11.0265 Z-1.4039
G1 X49.0919 Y11.1897 Z-1.4469
G1 X49.2969 Y11.3213 Z-1.4899
G1 X49.5206 Y11.4178 Z-1.5328
G1 X49.7571 Y11.4768 Z-1.5758
G1 X50.0 Y11.4967 Z-1.6188
G1 X50.2429 Y11.4768 Z-1.6618
G1 X50.4793 Y11.4178 Z-1.7047
G1 X50.7031 Y11.3213 Z-1.7477
G1 X50.9081 Y11.1897 Z-1.7906
G1 X51.0892 Y11.0265 Z-1.8336
G1 X51.2413 Y10.8362 Z-1.8766
G1 X51.3605 Y10.6237 Z-1.9196
G1 X51.4437 Y10.3945 Z-1.9625
G1 X51.4886 Y10.1550 Z-2.0055
G1 X51.4940 Y9.9114 Z-2.0485
G1 X51.4598 Y9.6701 Z-2.0914
G1 X51.3870 Y9.4376 Z-2.1344
G1 X51.2773 Y9.2199 Z-2.1774
G1 X51.1338 Y9.0230 Z-2.2203
G1 X50.9602 Y8.8520 Z-2.2633
G1 X50.7200 Y8.6823 Z-2.3152
G1 X50.5112 Y8.5536 Z-2.3584
G1 X50.3589 Y8.4864 Z-2.3878
G1 X50.2031 Y8.4554 Z-2.4158
G1 X50.0 Y8.4422 Z-2.4517
G1 X49.7969 Y8.4554 Z-2.4876
G1 X49.6411 Y8.4864 Z-2.5100
G1 X49.4884 Y8.5537 F480
G1 X49.2800 Y8.6822
G1 X49.0397 Y8.8520
G1 X48.8662 Y9.0230
G1 X48.7227 Y9.2199
G1 X48.6130 Y9.4375
G1 X48.5401 Y9.6701
G1 X48.5059 Y9.9115
G1 X48.5114 Y10.1550
G1 X48.5563 Y10.3946
G1 X48.6394 Y10.6236
G1 X48.7587 Y10.8362
G1 X48.9108 Y11.0265
G1 X49.0919 Y11.1897
G1 X49.2969 Y11.3213
G1 X49.5206 Y11.4178
G1 X49.7571 Y11.4768
G1 X50.0 Y11.4967
G1 X50.2429 Y11.4768
G1 X50.4793 Y11.4178
G1 X50.7031 Y11.3213
G1 X50.9081 Y11.1897
G1 X51.0892 Y11.0265
G1 X51.2413 Y10.8362
G1 X51.3605 Y10.6237
G1 X51.4437 Y10.3945
G1 X51.4886 Y10.1550
G1 X51.4940 Y9.9114
G1 X51.4598 Y9.6701
G1 X51.3870 Y9.4376
G1 X51.2773 Y9.2199
G1 X51.1338 Y9.0230
G1 X50.9602 Y8.8520
G1 X50.7200 Y8.6823
G1 X50.5112 Y8.5536
G1 X50.3589 Y8.4864
G1 X50.2031 Y8.4554
G1 X50.0 Y8.4422
G1 X49.7969 Y8.4554
G1 X49.6411 Y8.4864
G00 Z4.9900
G00 X11.4941 Y9.9114
G1 Z0.0900 F150
G1 X11.4599 Y9.6701 Z0.0470
G1 X11.3870 Y9.4376 Z0.0041
G1 X11.2773 Y9.2199 Z-0.0389
G1 X11.1338 Y9.0230 Z-0.0819
G1 X10.9602 Y8.8520 Z-0.1248
G1 X10.7200 Y8.6823 Z-0.1767
G1 X10.5113 Y8.5536 Z-0.2199
G1 X10.3589 Y8.4864 Z-0.2493
G1 X10.2031 Y8.4554 Z-0.2773
G1 X10.0 Y8.4422 Z-0.3132
G1 X9.7969 Y8.4554 Z-0.3491
G1 X9.6412 Y8.4864 Z-0.3771
G1 X9.4884 Y8.5538 Z-0.4065
G1 X9.2800 Y8.6823 Z-0.4497
G1 X9.0398 Y8.8519 Z-0.5016
G1 X8.8662 Y9.0230 Z-0.5445
G1 X8.7227 Y9.2199 Z-0.5875
G1 X8.6130 Y9.4376 Z-0.6305
G1 X8.5401 Y9.6701 Z-0.6734
G1 X8.5060 Y9.9114 Z-0.7164
G1 X8.5114 Y10.1550 Z-0.7594
G1 X8.5563 Y10.3945 Z-0.8023
G1 X8.6395 Y10.6237 Z-0.8453
G1 X8.7587 Y10.8362 Z-0.8883
G1 X8.9108 Y11.0265 Z-0.9312
G1 X9.0919 Y11.1897 Z-0.9742
G1 X9.2969 Y11.3213 Z-1.0172
G1 X9.5206 Y11.4178 Z-1.0602
G1 X9.7571 Y11.4768 Z-1.1031
G1 X10.0 Y11.4967 Z-1.1461
G1 X10.2429 Y11.4768 Z-1.1891
G1 X10.4794 Y11.4178 Z-1.2321
G1 X10.7030 Y11.3213 Z-1.2750
G1 X10.9082 Y11.1897 Z-1.3180
G1 X11.0892 Y11.0265 Z-1.3610
G1 X11.2413 Y10.8362 Z-1.4039
G1 X11.3606 Y10.6236 Z-1.4469
G1 X11.4437 Y10.3945 Z-1.4899
G1 X11.4886 Y10.1550 Z-1.5328
G1 X11.4941 Y9.9114 Z-1.5758
G1 X11.4599 Y9.6701 Z-1.6188
G1 X11.3870 Y9.4376 Z-1.6617
G1 X11.2773 Y9.2199 Z-1.7047
G1 X11.1338 Y9.0230 Z-1.7477
G1 X10.9602 Y8.8520 Z-1.7907
G1 X10.7200 Y8.6823 Z-1.8425
G1 X10.5113 Y8.5536 Z-1.8857
G1 X10.3589 Y8.4864 Z-1.9151
G1 X10.2031 Y8.4554 Z-1.9431
G1 X10.0 Y8.4422 Z-1.9790
G1 X9.7969 Y8.4554 Z-2.0149
G1 X9.6412 Y8.4864 Z-2.0429
G1 X9.4884 Y8.5538 Z-2.0723
G1 X9.2800 Y8.6823 Z-2.1155
G1 X9.0398 Y8.8519 Z-2.1674
G1 X8.8662 Y9.0230 Z-2.2103
G1 X8.7227 Y9.2199 Z-2.2533
G1 X8.6130 Y9.4376 Z-2.2963
G1 X8.5401 Y9.6701 Z-2.3392
G1 X8.5060 Y9.9114 Z-2.3822
G1 X8.5114 Y10.1550 Z-2.4252
G1 X8.5563 Y10.3945 Z-2.4681
G1 X8.6395 Y10.6237 Z-2.5100
G1 X8.7587 Y10.8362 F480
G1 X8.9108 Y11.0265
G1 X9.0919 Y11.1897
G1 X9.2969 Y11.3213
G1 X9.5206 Y11.4178
G1 X9.7571 Y11.4768
G1 X10.0 Y11.4967
G1 X10.2429 Y11.4768
G1 X10.4794 Y11.4178
G1 X10.7030 Y11.3213
G1 X10.9082 Y11.1897
G1 X11.0892 Y11.0265
G1 X11.2413 Y10.8362
G1 X11.3606 Y10.6236
G1 X11.4437 Y10.3945
G1 X11.4886 Y10.1550
G1 X11.4941 Y9.9114
G1 X11.4599 Y9.6701
G1 X11.3870 Y9.4376
G1 X11.2773 Y9.2199
G1 X11.1338 Y9.0230
G1 X10.9602 Y8.8520
G1 X10.7200 Y8.6823
G1 X10.5113 Y8.5536
G1 X10.3589 Y8.4864
G1 X10.2031 Y8.4554
G1 X10.0 Y8.4422
G1 X9.7969 Y8.4554
G1 X9.6412 Y8.4864
G1 X9.4884 Y8.5538
G1 X9.2800 Y8.6823
G1 X9.0398 Y8.8519
G1 X8.8662 Y9.0230
G1 X8.7227 Y9.2199
G1 X8.6130 Y9.4376
G1 X8.5401 Y9.6701
G1 X8.5060 Y9.9114
G1 X8.5114 Y10.1550
G1 X8.5563 Y10.3945
G1 X8.6395 Y10.6237
G00 Z4.9900
G00 X9.7969 Y18.4554
G1 Z0.0900 F150
G1 X9.6412 Y18.4864 Z0.0620
G1 X9.4884 Y18.5538 Z0.0326
G1 X9.2802 Y18.6822 Z-0.0106
G1 X9.0398 Y18.8520 Z-0.0625
G1 X8.8662 Y19.0230 Z-0.1054
G1 X8.7227 Y19.2199 Z-0.1484
G1 X8.6130 Y19.4376 Z-0.1914
G1 X8.5401 Y19.6701 Z-0.2343
G1 X8.5060 Y19.9114 Z-0.2773
G1 X8.5114 Y20.1550 Z-0.3203
G1 X8.5563 Y20.3946 Z-0.3633
G1 X8.6394 Y20.6236 Z-0.4062
G1 X8.7587 Y20.8362 Z-0.4492
G1 X8.9108 Y21.0265 Z-0.4922
G1 X9.0918 Y21.1897 Z-0.5351
G1 X9.2969 Y21.3213 Z-0.5781
G1 X9.5207 Y21.4178 Z-0.6211
G1 X9.7571 Y21.4768 Z-0.6640
G1 X10.0 Y21.4967 Z-0.7070
G1 X10.2429 Y21.4768 Z-0.7500
G1 X10.4794 Y21.4178 Z-0.7930
G1 X10.7030 Y21.3213 Z-0.8359
G1 X10.9082 Y21.1897 Z-0.8789
G1 X11.0892 Y21.0265 Z-0.9219
G1 X11.2413 Y20.8362 Z-0.9648
G1 X11.3606 Y20.6236 Z-1.0078
G1 X11.4437 Y20.3946 Z-1.0508
G1 X11.4886 Y20.1550 Z-1.0937
G1 X11.4941 Y19.9114 Z-1.1367
G1 X11.4599 Y19.6701 Z-1.1797
G1 X11.3870 Y19.4376 Z-1.2226
G1 X11.2773 Y19.2199 Z-1.2656
G1 X11.1338 Y19.0230 Z-1.3086
G1 X10.9602 Y18.8520 Z-1.3516
G1 X10.7200 Y18.6823 Z-1.4034
G1 X10.5113 Y18.5536 Z-1.4467
G1 X10.3589 Y18.4864 Z-1.4760
G1 X10.2031 Y18.4554 Z-1.5040
G1 X10.0 Y18.4422 Z-1.5399
G1 X9.7969 Y18.4554 Z-1.5758
G1 X9.6412 Y18.4864 Z-1.6038
G1 X9.4884 Y18.5538 Z-1.6332
G1 X9.2802 Y18.6822 Z-1.6764
G1 X9.0398 Y18.8520 Z-1.7283
G1 X8.8662 Y19.0230 Z-1.7712
G1 X8.7227 Y19.2199 Z-1.8142
G1 X8.6130 Y19.4376 Z-1.8572
G1 X8.5401 Y19.6701 Z-1.9001
G1 X8.5060 Y19.9114 Z-1.9431
G1 X8.5114 Y20.1550 Z-1.9861
G1 X8.5563 Y20.3946 Z-2.0291
G1 X8.6394 Y20.6236 Z-2.0720
G1 X8.7587 Y20.8362 Z-2.1150
G1 X8.9108 Y21.0265 Z-2.1580
G1 X9.0918 Y21.1897 Z-2.2009
G1 X9.2969 Y21.3213 Z-2.2439
G1 X9.5207 Y21.4178 Z-2.2869
G1 X9.7571 Y21.4768 Z-2.3298
G1 X10.0 Y21.4967 Z-2.3728
G1 X10.2429 Y21.4768 Z-2.4158
G1 X10.4794 Y21.4178 Z-2.4588
G1 X10.7030 Y21.3213 Z-2.5017
G1 X10.9082 Y21.1897 Z-2.5100
G1 X11.0892 Y21.0265 F480
G1 X11.2413 Y20.8362
G1 X11.3606 Y20.6236
G1 X11.4437 Y20.3946
G1 X11.4886 Y20.1550
G1 X11.4941 Y19.9114
G1 X11.4599 Y19.6701
G1 X11.3870 Y19.4376
G1 X11.2773 Y19.2199
G1 X11.1338 Y19.0230
G1 X10.9602 Y18.8520
G1 X10.7200 Y18.6823
G1 X10.5113 Y18.5536
G1 X10.3589 Y18.4864
G1 X10.2031 Y18.4554
G1 X10.0 Y18.4422
G1 X9.7969 Y18.4554
G1 X9.6412 Y18.4864
G1 X9.4884 Y18.5538
G1 X9.2802 Y18.6822
G1 X9.0398 Y18.8520
G1 X8.8662 Y19.0230
G1 X8.7227 Y19.2199
G1 X8.6130 Y19.4376
G1 X8.5401 Y19.6701
G1 X8.5060 Y19.9114
G1 X8.5114 Y20.1550
G1 X8.5563 Y20.3946
G1 X8.6394 Y20.6236
G1 X8.7587 Y20.8362
G1 X8.9108 Y21.0265
G1 X9.0918 Y21.1897
G1 X9.2969 Y21.3213
G1 X9.5207 Y21.4178
G1 X9.7571 Y21.4768
G1 X10.0 Y21.4967
G1 X10.2429 Y21.4768
G1 X10.4794 Y21.4178
G1 X10.7030 Y21.3213
G1 X10.9082 Y21.1897
G00 Z4.9900
G00 X10.2459 Y34.0464
G1 Z0.0900 F150
G1 X9.9438 Y34.0617 Z0.0367
G1 X9.6509 Y34.1375 Z-0.0167
G1 X9.3794 Y34.2707 Z-0.0700
G1 X9.1402 Y34.4559 Z-0.1233
G1 X8.9432 Y34.6853 Z-0.1767
G1 X8.7964 Y34.9498 Z-0.2300
G1 X8.7059 Y35.2384 Z-0.2833
G1 X8.6753 Y35.5393 Z-0.3367
G1 X8.7059 Y35.8402 Z-0.3900
G1 X8.7964 Y36.1288 Z-0.4433
G1 X8.9432 Y36.3932 Z-0.4967
G1 X9.1402 Y36.6228 Z-0.5500
G1 X9.3794 Y36.8079 Z-0.6033
G1 X9.6510 Y36.9411 Z-0.6567
G1 X9.9438 Y37.0169 Z-0.7100
G1 X10.2459 Y37.0322 Z-0.7633
G1 X10.5448 Y36.9864 Z-0.8166
G1 X10.8285 Y36.8814 Z-0.8700
G1 X11.0851 Y36.7214 Z-0.9233
G1 X11.3044 Y36.5130 Z-0.9767
G1 X11.4771 Y36.2648 Z-1.0300
G1 X11.5964 Y35.9868 Z-1.0833
G1 X11.6573 Y35.6905 Z-1.1366
G1 Y35.3881 Z-1.1900
G1 X11.5964 Y35.0918 Z-1.2433
G1 X11.4771 Y34.8138 Z-1.2966
G1 X11.3044 Y34.5656 Z-1.3500
G1 X11.0851 Y34.3572 Z-1.4033
G1 X10.8284 Y34.1972 Z-1.4566
G1 X10.5448 Y34.0922 Z-1.5100
G1 X10.2459 Y34.0464 Z-1.5633
G1 X9.9438 Y34.0617 Z-1.6166
G1 X9.6509 Y34.1375 Z-1.6700
G1 X9.3794 Y34.2707 Z-1.7233
G1 X9.1402 Y34.4559 Z-1.7766
G1 X8.9432 Y34.6853 Z-1.8300
G1 X8.7964 Y34.9498 Z-1.8833
G1 X8.7059 Y35.2384 Z-1.9366
G1 X8.6753 Y35.5393 Z-1.9900
G1 X8.7059 Y35.8402 Z-2.0433
G1 X8.7964 Y36.1288 Z-2.0966
G1 X8.9432 Y36.3932 Z-2.1499
G1 X9.1402 Y36.6228 Z-2.2033
G1 X9.3794 Y36.8079 Z-2.2566
G1 X9.6510 Y36.9411 Z-2.3099
G1 X9.9438 Y37.0169 Z-2.3633
G1 X10.2459 Y37.0322 Z-2.4166
G1 X10.5448 Y36.9864 Z-2.4699
G1 X10.8285 Y36.8814 Z-2.5100
G1 X11.0851 Y36.7214 F480
G1 X11.3044 Y36.5130
G1 X11.4771 Y36.2648
G1 X11.5964 Y35.9868
G1 X11.6573 Y35.6905
G1 Y35.3881
G1 X11.5964 Y35.0918
G1 X11.4771 Y34.8138
G1 X11.3044 Y34.5656
G1 X11.0851 Y34.3572
G1 X10.8284 Y34.1972
G1 X10.5448 Y34.0922
G1 X10.2459 Y34.0464
G1 X9.9438 Y34.0617
G1 X9.6509 Y34.1375
G1 X9.3794 Y34.2707
G1 X9.1402 Y34.4559
G1 X8.9432 Y34.6853
G1 X8.7964 Y34.9498
G1 X8.7059 Y35.2384
G1 X8.6753 Y35.5393
G1 X8.7059 Y35.8402
G1 X8.7964 Y36.1288
G1 X8.9432 Y36.3932
G1 X9.1402 Y36.6228
G1 X9.3794 Y36.8079
G1 X9.6510 Y36.9411
G1 X9.9438 Y37.0169
G1 X10.2459 Y37.0322
G1 X10.5448 Y36.9864
G1 X10.8285 Y36.8814
G00 Z4.9900
G00 X10.4561 Y92.6475
G1 Z0.0900 F150
G1 X10.3290 Y92.6643 Z0.0674
G1 X10.2104 Y92.7134 Z0.0448
G1 X10.1087 Y92.7914 Z0.0221
G1 X10.0306 Y92.8932 Z-0.0005
G1 X9.9815 Y93.0118 Z-0.0231
G1 X9.9647 Y93.1389 Z-0.0457
G1 X9.9815 Y93.2660 Z-0.0683
G1 X10.0306 Y93.3846 Z-0.0909
G1 X10.1087 Y93.4864 Z-0.1136
G1 X10.2104 Y93.5644 Z-0.1362
G1 X10.3290 Y93.6135 Z-0.1588
G1 X10.4561 Y93.6303 Z-0.1814
G1 X10.5833 Y93.6135 Z-0.2040
G1 X10.7018 Y93.5644 Z-0.2267
G1 X10.8036 Y93.4863 Z-0.2493
G1 X10.8817 Y93.3846 Z-0.2719
G1 X10.9308 Y93.2661 Z-0.2945
G1 X10.9475 Y93.1389 Z-0.3171
G1 X10.9308 Y93.0117 Z-0.3397
G1 X10.8817 Y92.8932 Z-0.3624
G1 X10.8036 Y92.7914 Z-0.3850
G1 X10.7018 Y92.7134 Z-0.4076
G1 X10.5833 Y92.6643 Z-0.4302
G1 X10.4561 Y92.6475 Z-0.4528
G1 X10.3290 Y92.6643 Z-0.4754
G1 X10.2104 Y92.7134 Z-0.4981
G1 X10.1087 Y92.7914 Z-0.5207
G1 X10.0306 Y92.8932 Z-0.5433
G1 X9.9815 Y93.0118 Z-0.5659
G1 X9.9647 Y93.1389 Z-0.5885
G1 X9.9815 Y93.2660 Z-0.6112
G1 X10.0306 Y93.3846 Z-0.6338
G1 X10.1087 Y93.4864 Z-0.6564
G1 X10.2104 Y93.5644 Z-0.6790
G1 X10.3290 Y93.6135 Z-0.7016
G1 X10.4561 Y93.6303 Z-0.7242
G1 X10.5833 Y93.6135 Z-0.7469
G1 X10.7018 Y93.5644 Z-0.7695
G1 X10.8036 Y93.4863 Z-0.7921
G1 X10.8817 Y93.3846 Z-0.8147
G1 X10.9308 Y93.2661 Z-0.8373
G1 X10.9475 Y93.1389 Z-0.8600
G1 X10.9308 Y93.0117 Z-0.8826
G1 X10.8817 Y92.8932 Z-0.9052
G1 X10.8036 Y92.7914 Z-0.9278
G1 X10.7018 Y92.7134 Z-0.9504
G1 X10.5833 Y92.6643 Z-0.9731
G1 X10.4561 Y92.6475 Z-0.9957
G1 X10.3290 Y92.6643 Z-1.0183
G1 X10.2104 Y92.7134 Z-1.0409
G1 X10.1087 Y92.7914 Z-1.0635
G1 X10.0306 Y92.8932 Z-1.0861
G1 X9.9815 Y93.0118 Z-1.1088
G1 X9.9647 Y93.1389 Z-1.1314
G1 X9.9815 Y93.2660 Z-1.1540
G1 X10.0306 Y93.3846 Z-1.1766
G1 X10.1087 Y93.4864 Z-1.1992
G1 X10.2104 Y93.5644 Z-1.2218
G1 X10.3290 Y93.6135 Z-1.2445
G1 X10.4561 Y93.6303 Z-1.2671
G1 X10.5833 Y93.6135 Z-1.2897
G1 X10.7018 Y93.5644 Z-1.3123
G1 X10.8036 Y93.4863 Z-1.3349
G1 X10.8817 Y93.3846 Z-1.3576
G1 X10.9308 Y93.2661 Z-1.3802
G1 X10.9475 Y93.1389 Z-1.4028
G1 X10.9308 Y93.0117 Z-1.4254
G1 X10.8817 Y92.8932 Z-1.4480
G1 X10.8036 Y92.7914 Z-1.4706
G1 X10.7018 Y92.7134 Z-1.4933
G1 X10.5833 Y92.6643 Z-1.5159
G1 X10.4561 Y92.6475 Z-1.5385
G1 X10.3290 Y92.6643 Z-1.5611
G1 X10.2104 Y92.7134 Z-1.5837
G1 X10.1087 Y92.7914 Z-1.6064
G1 X10.0306 Y92.8932 Z-1.6290
G1 X9.9815 Y93.0118 Z-1.6516
G1 X9.9647 Y93.1389 Z-1.6742
G1 X9.9815 Y93.2660 Z-1.6968
G1 X10.0306 Y93.3846 Z-1.7194
G1 X10.1087 Y93.4864 Z-1.7421
G1 X10.2104 Y93.5644 Z-1.7647
G1 X10.3290 Y93.6135 Z-1.7873
G1 X10.4561 Y93.6303 Z-1.8099
G1 X10.5833 Y93.6135 Z-1.8325
G1 X10.7018 Y93.5644 Z-1.8552
G1 X10.8036 Y93.4863 Z-1.8778
G1 X10.8817 Y93.3846 Z-1.9004
G1 X10.9308 Y93.2661 Z-1.9230
G1 X10.9475 Y93.1389 Z-1.9456
G1 X10.9308 Y93.0117 Z-1.9682
G1 X10.8817 Y92.8932 Z-1.9909
G1 X10.8036 Y92.7914 Z-2.0135
G1 X10.7018 Y92.7134 Z-2.0361
G1 X10.5833 Y92.6643 Z-2.0587
G1 X10.4561 Y92.6475 Z-2.0813
G1 X10.3290 Y92.6643 Z-2.1040
G1 X10.2104 Y92.7134 Z-2.1266
G1 X10.1087 Y92.7914 Z-2.1492
G1 X10.0306 Y92.8932 Z-2.1718
G1 X9.9815 Y93.0118 Z-2.1944
G1 X9.9647 Y93.1389 Z-2.2170
G1 X9.9815 Y93.2660 Z-2.2397
G1 X10.0306 Y93.3846 Z-2.2623
G1 X10.1087 Y93.4864 Z-2.2849
G1 X10.2104 Y93.5644 Z-2.3075
G1 X10.3290 Y93.6135 Z-2.3301
G1 X10.4561 Y93.6303 Z-2.3528
G1 X10.5833 Y93.6135 Z-2.3754
G1 X10.7018 Y93.5644 Z-2.3980
G1 X10.8036 Y93.4863 Z-2.4206
G1 X10.8817 Y93.3846 Z-2.4432
G1 X10.9308 Y93.2661 Z-2.4658
G1 X10.9475 Y93.1389 Z-2.4885
G1 X10.9308 Y93.0117 Z-2.5100
G1 X10.8817 Y92.8932 F480
G1 X10.8036 Y92.7914
G1 X10.7018 Y92.7134
G1 X10.5833 Y92.6643
G1 X10.4561 Y92.6475
G1 X10.3290 Y92.6643
G1 X10.2104 Y92.7134
G1 X10.1087 Y92.7914
G1 X10.0306 Y92.8932
G1 X9.9815 Y93.0118
G1 X9.9647 Y93.1389
G1 X9.9815 Y93.2660
G1 X10.0306 Y93.3846
G1 X10.1087 Y93.4864
G1 X10.2104 Y93.5644
G1 X10.3290 Y93.6135
G1 X10.4561 Y93.6303
G1 X10.5833 Y93.6135
G1 X10.7018 Y93.5644
G1 X10.8036 Y93.4863
G1 X10.8817 Y93.3846
G1 X10.9308 Y93.2661
G1 X10.9475 Y93.1389
G1 X10.9308 Y93.0117
G1 X10.8817 Y92.8932 Z-2.5326 F150
G1 X10.8036 Y92.7914 Z-2.5552
G1 X10.7018 Y92.7134 Z-2.5779
G1 X10.5833 Y92.6643 Z-2.6005
G1 X10.4561 Y92.6475 Z-2.6231
G1 X10.3290 Y92.6643 Z-2.6457
G1 X10.2104 Y92.7134 Z-2.6683
G1 X10.1087 Y92.7914 Z-2.6909
G1 X10.0306 Y92.8932 Z-2.7136
G1 X9.9815 Y93.0118 Z-2.7362
G1 X9.9647 Y93.1389 Z-2.7588
G1 X9.9815 Y93.2660 Z-2.7814
G1 X10.0306 Y93.3846 Z-2.8040
G1 X10.1087 Y93.4864 Z-2.8267
G1 X10.2104 Y93.5644 Z-2.8493
G1 X10.3290 Y93.6135 Z-2.8719
G1 X10.4561 Y93.6303 Z-2.8945
G1 X10.5833 Y93.6135 Z-2.9171
G1 X10.7018 Y93.5644 Z-2.9397
G1 X10.8036 Y93.4863 Z-2.9624
G1 X10.8817 Y93.3846 Z-2.9850
G1 X10.9308 Y93.2661 Z-3.0076
G1 X10.9475 Y93.1389 Z-3.0100
G1 X10.9308 Y93.0117 F480
G1 X10.8817 Y92.8932
G1 X10.8036 Y92.7914
G1 X10.7018 Y92.7134
G1 X10.5833 Y92.6643
G1 X10.4561 Y92.6475
G1 X10.3290 Y92.6643
G1 X10.2104 Y92.7134
G1 X10.1087 Y92.7914
G1 X10.0306 Y92.8932
G1 X9.9815 Y93.0118
G1 X9.9647 Y93.1389
G1 X9.9815 Y93.2660
G1 X10.0306 Y93.3846
G1 X10.1087 Y93.4864
G1 X10.2104 Y93.5644
G1 X10.3290 Y93.6135
G1 X10.4561 Y93.6303
G1 X10.5833 Y93.6135
G1 X10.7018 Y93.5644
G1 X10.8036 Y93.4863
G1 X10.8817 Y93.3846
G1 X10.9308 Y93.2661
G1 X10.9475 Y93.1389
G00 Z4.9900
G00 X26.7120 Y90.0604
G1 Z0.0900 F150
G1 X26.8283 Y90.5701 Z-0.0022
G1 X27.0193 Y91.0567 Z-0.0943
G1 X27.2806 Y91.5093 Z-0.1865
G1 X27.6065 Y91.9180 Z-0.2787
G1 X27.9896 Y92.2735 Z-0.3708
G1 X28.4215 Y92.5679 Z-0.4630
G1 X28.8924 Y92.7947 Z-0.5552
G1 X29.3920 Y92.9488 Z-0.6473
G1 X29.9088 Y93.0267 Z-0.7395
G1 X30.4315 Z-0.8317
G1 X30.9482 Y92.9488 Z-0.9238
G1 X31.4478 Y92.7947 Z-1.0160
G1 X31.9187 Y92.5679 Z-1.1082
G1 X32.3506 Y92.2735 Z-1.2003
G1 X32.7337 Y91.9180 Z-1.2925
G1 X33.0596 Y91.5093 Z-1.3846
G1 X33.3210 Y91.0567 Z-1.4768
G1 X33.5119 Y90.5701 Z-1.5690
G1 X33.6282 Y90.0604 Z-1.6611
G1 X33.6701 Y89.5019 Z-1.7599
G1 Y61.9949 Z-3.0100
G1 X35.1867 Y61.2620 F480
G1 X36.0486 Y60.7381
G1 X36.8564 Y60.1336
G1 X37.6025 Y59.4545
G1 X38.2798 Y58.7071
G1 X38.8823 Y57.8979
G1 X39.4044 Y57.0346
G1 X39.8412 Y56.1254
G1 X40.1887 Y55.1783
G1 X40.4437 Y54.2022
G1 X40.6039 Y53.2062
G1 X40.6677 Y52.1994
G1 X40.6346 Y51.1913
G1 X40.5049 Y50.1908
G1 X40.2798 Y49.2074
G1 X39.9613 Y48.2501
G1 X39.5525 Y47.3280
G1 X39.0569 Y46.4492
G1 X38.4795 Y45.6221
G1 X37.8251 Y44.8542
G1 X37.1002 Y44.1526
G1 X36.3113 Y43.5239
G1 X35.4657 Y42.9739
G1 X34.5712 Y42.5074
G1 X33.6360 Y42.1290
G1 X32.6690 Y41.8422
G1 X31.6785 Y41.6494
G1 X30.6746 Y41.5526
G1 X29.6656
G1 X28.6617 Y41.6494
G1 X27.6713 Y41.8422
G1 X26.7043 Y42.1290
G1 X25.7690 Y42.5075
G1 X24.8745 Y42.9738
G1 X24.0289 Y43.5239
G1 X23.2400 Y44.1527
G1 X22.5151 Y44.8541
G1 X21.8607 Y45.6222
G1 X21.2833 Y46.4492
G1 X20.7877 Y47.3280
G1 X20.3789 Y48.2502
G1 X20.0605 Y49.2073
G1 X19.8353 Y50.1908
G1 X19.7056 Y51.1913
G1 X19.6725 Y52.1994
G1 X19.7363 Y53.2063
G1 X19.8965 Y54.2021
G1 X20.1515 Y55.1783
G1 X20.4991 Y56.1254
G1 X20.9358 Y57.0345
G1 X21.4580 Y57.8979
G1 X22.0605 Y58.7070
G1 X22.7378 Y59.4546
G1 X23.4837 Y60.1336
G1 X24.2916 Y60.7381
G1 X25.1535 Y61.2620
G1 X26.6701 Y61.9949
G1 Y89.5020
G1 X26.7120 Y90.0604
G1 X26.8283 Y90.5701
G1 X27.0193 Y91.0567
G1 X27.2806 Y91.5093
G1 X27.6065 Y91.9180
G1 X27.9896 Y92.2735
G1 X28.4215 Y92.5679
G1 X28.8924 Y92.7947
G1 X29.3920 Y92.9488
G1 X29.9088 Y93.0267
G1 X30.4315
G1 X30.9482 Y92.9488
G1 X31.4478 Y92.7947
G1 X31.9187 Y92.5679
G1 X32.3506 Y92.2735
G1 X32.7337 Y91.9180
G1 X33.0596 Y91.5093
G1 X33.3210 Y91.0567
G1 X33.5119 Y90.5701
G1 X33.6282 Y90.0604
G1 X33.6701 Y89.5019
G1 Y61.9949
G00 Z4.9900
G00 X49.1402 Y46.6228
G1 Z0.0900 F150
G1 X49.3794 Y46.8079 Z0.0367
G1 X49.6509 Y46.9411 Z-0.0167
G1 X49.9437 Y47.0169 Z-0.0700
G1 X50.2459 Y47.0322 Z-0.1233
G1 X50.5448 Y46.9864 Z-0.1767
G1 X50.8284 Y46.8814 Z-0.2300
G1 X51.0851 Y46.7214 Z-0.2833
G1 X51.3043 Y46.5130 Z-0.3367
G1 X51.4771 Y46.2648 Z-0.3900
G1 X51.5964 Y45.9868 Z-0.4433
G1 X51.6573 Y45.6905 Z-0.4967
G1 Y45.3881 Z-0.5500
G1 X51.5964 Y45.0918 Z-0.6033
G1 X51.4771 Y44.8138 Z-0.6567
G1 X51.3043 Y44.5656 Z-0.7100
G1 X51.0851 Y44.3572 Z-0.7633
G1 X50.8284 Y44.1972 Z-0.8167
G1 X50.5448 Y44.0922 Z-0.8700
G1 X50.2458 Y44.0464 Z-0.9233
G1 X49.9437 Y44.0617 Z-0.9766
G1 X49.6509 Y44.1375 Z-1.0300
G1 X49.3794 Y44.2707 Z-1.0833
G1 X49.1402 Y44.4558 Z-1.1366
G1 X48.9432 Y44.6854 Z-1.1900
G1 X48.7964 Y44.9498 Z-1.2433
G1 X48.7059 Y45.2384 Z-1.2966
G1 X48.6752 Y45.5393 Z-1.3500
G1 X48.7059 Y45.8402 Z-1.4033
G1 X48.7964 Y46.1288 Z-1.4566
G1 X48.9432 Y46.3933 Z-1.5100
G1 X49.1402 Y46.6228 Z-1.5633
G1 X49.3794 Y46.8079 Z-1.6166
G1 X49.6509 Y46.9411 Z-1.6700
G1 X49.9437 Y47.0169 Z-1.7233
G1 X50.2459 Y47.0322 Z-1.7766
G1 X50.5448 Y46.9864 Z-1.8300
G1 X50.8284 Y46.8814 Z-1.8833
G1 X51.0851 Y46.7214 Z-1.9366
G1 X51.3043 Y46.5130 Z-1.9900
G1 X51.4771 Y46.2648 Z-2.0433
G1 X51.5964 Y45.9868 Z-2.0966
G1 X51.6573 Y45.6905 Z-2.1500
G1 Y45.3881 Z-2.2033
G1 X51.5964 Y45.0918 Z-2.2566
G1 X51.4771 Y44.8138 Z-2.3099
G1 X51.3043 Y44.5656 Z-2.3633
G1 X51.0851 Y44.3572 Z-2.4166
G1 X50.8284 Y44.1972 Z-2.4699
G1 X50.5448 Y44.0922 Z-2.5233
G1 X50.2458 Y44.0464 Z-2.5766
G1 X49.9437 Y44.0617 Z-2.6299
G1 X49.6509 Y44.1375 Z-2.6833
G1 X49.3794 Y44.2707 Z-2.7366
G1 X49.1402 Y44.4558 Z-2.7899
G1 X48.9432 Y44.6854 Z-2.8433
G1 X48.7964 Y44.9498 Z-2.8966
G1 X48.7059 Y45.2384 Z-2.9499
G1 X48.6752 Y45.5393 Z-3.0033
G1 X48.7059 Y45.8402 Z-3.0100
G1 X48.7964 Y46.1288 F480
G1 X48.9432 Y46.3933
G1 X49.1402 Y46.6228
G1 X49.3794 Y46.8079
G1 X49.6509 Y46.9411
G1 X49.9437 Y47.0169
G1 X50.2459 Y47.0322
G1 X50.5448 Y46.9864
G1 X50.8284 Y46.8814
G1 X51.0851 Y46.7214
G1 X51.3043 Y46.5130
G1 X51.4771 Y46.2648
G1 X51.5964 Y45.9868
G1 X51.6573 Y45.6905
G1 Y45.3881
G1 X51.5964 Y45.0918
G1 X51.4771 Y44.8138
G1 X51.3043 Y44.5656
G1 X51.0851 Y44.3572
G1 X50.8284 Y44.1972
G1 X50.5448 Y44.0922
G1 X50.2458 Y44.0464
G1 X49.9437 Y44.0617
G1 X49.6509 Y44.1375
G1 X49.3794 Y44.2707
G1 X49.1402 Y44.4558
G1 X48.9432 Y44.6854
G1 X48.7964 Y44.9498
G1 X48.7059 Y45.2384
G1 X48.6752 Y45.5393
G1 X48.7059 Y45.8402
G00 Z4.9900
G00 X49.9437 Y37.0169
G1 Z0.0900 F150
G1 X50.2458 Y37.0322 Z0.0367
G1 X50.5448 Y36.9864 Z-0.0167
G1 X50.8284 Y36.8814 Z-0.0700
G1 X51.0851 Y36.7214 Z-0.1233
G1 X51.3044 Y36.5130 Z-0.1767
G1 X51.4771 Y36.2648 Z-0.2300
G1 X51.5964 Y35.9868 Z-0.2833
G1 X51.6573 Y35.6905 Z-0.3367
G1 Y35.3881 Z-0.3900
G1 X51.5964 Y35.0918 Z-0.4433
G1 X51.4771 Y34.8139 Z-0.4966
G1 X51.3043 Y34.5656 Z-0.5500
G1 X51.0851 Y34.3572 Z-0.6033
G1 X50.8284 Y34.1972 Z-0.6567
G1 X50.5448 Y34.0922 Z-0.7100
G1 X50.2459 Y34.0464 Z-0.7633
G1 X49.9438 Y34.0617 Z-0.8166
G1 X49.6509 Y34.1375 Z-0.8700
G1 X49.3794 Y34.2707 Z-0.9233
G1 X49.1402 Y34.4559 Z-0.9766
G1 X48.9432 Y34.6854 Z-1.0300
G1 X48.7964 Y34.9498 Z-1.0833
G1 X48.7059 Y35.2384 Z-1.1366
G1 X48.6752 Y35.5392 Z-1.1900
G1 X48.7059 Y35.8402 Z-1.2433
G1 X48.7964 Y36.1288 Z-1.2966
G1 X48.9432 Y36.3933 Z-1.3500
G1 X49.1402 Y36.6227 Z-1.4033
G1 X49.3794 Y36.8079 Z-1.4566
G1 X49.6509 Y36.9411 Z-1.5100
G1 X49.9437 Y37.0169 Z-1.5633
G1 X50.2458 Y37.0322 Z-1.6166
G1 X50.5448 Y36.9864 Z-1.6700
G1 X50.8284 Y36.8814 Z-1.7233
G1 X51.0851 Y36.7214 Z-1.7766
G1 X51.3044 Y36.5130 Z-1.8300
G1 X51.4771 Y36.2648 Z-1.8833
G1 X51.5964 Y35.9868 Z-1.9366
G1 X51.6573 Y35.6905 Z-1.9900
G1 Y35.3881 Z-2.0433
G1 X51.5964 Y35.0918 Z-2.0966
G1 X51.4771 Y34.8139 Z-2.1499
G1 X51.3043 Y34.5656 Z-2.2033
G1 X51.0851 Y34.3572 Z-2.2566
G1 X50.8284 Y34.1972 Z-2.3100
G1 X50.5448 Y34.0922 Z-2.3633
G1 X50.2459 Y34.0464 Z-2.4166
G1 X49.9438 Y34.0617 Z-2.4699
G1 X49.6509 Y34.1375 Z-2.5233
G1 X49.3794 Y34.2707 Z-2.5766
G1 X49.1402 Y34.4559 Z-2.6299
G1 X48.9432 Y34.6854 Z-2.6833
G1 X48.7964 Y34.9498 Z-2.7366
G1 X48.7059 Y35.2384 Z-2.7899
G1 X48.6752 Y35.5392 Z-2.8433
G1 X48.7059 Y35.8402 Z-2.8966
G1 X48.7964 Y36.1288 Z-2.9499
G1 X48.9432 Y36.3933 Z-3.0033
G1 X49.1402 Y36.6227 Z-3.0100
G1 X49.3794 Y36.8079 F480
G1 X49.6509 Y36.9411
G1 X49.9437 Y37.0169
G1 X50.2458 Y37.0322
G1 X50.5448 Y36.9864
G1 X50.8284 Y36.8814
G1 X51.0851 Y36.7214
G1 X51.3044 Y36.5130
G1 X51.4771 Y36.2648
G1 X51.5964 Y35.9868
G1 X51.6573 Y35.6905
G1 Y35.3881
G1 X51.5964 Y35.0918
G1 X51.4771 Y34.8139
G1 X51.3043 Y34.5656
G1 X51.0851 Y34.3572
G1 X50.8284 Y34.1972
G1 X50.5448 Y34.0922
G1 X50.2459 Y34.0464
G1 X49.9438 Y34.0617
G1 X49.6509 Y34.1375
G1 X49.3794 Y34.2707
G1 X49.1402 Y34.4559
G1 X48.9432 Y34.6854
G1 X48.7964 Y34.9498
G1 X48.7059 Y35.2384
G1 X48.6752 Y35.5392
G1 X48.7059 Y35.8402
G1 X48.7964 Y36.1288
G1 X48.9432 Y36.3933
G1 X49.1402 Y36.6227
G00 Z4.9900
G00 X50.0 Y21.4967
G1 Z0.0900 F150
G1 X50.2429 Y21.4768 Z0.0470
G1 X50.4793 Y21.4179 Z0.0041
G1 X50.7031 Y21.3213 Z-0.0389
G1 X50.9082 Y21.1897 Z-0.0819
G1 X51.0892 Y21.0265 Z-0.1248
G1 X51.2413 Y20.8362 Z-0.1678
G1 X51.3605 Y20.6236 Z-0.2108
G1 X51.4437 Y20.3946 Z-0.2538
G1 X51.4886 Y20.1550 Z-0.2967
G1 X51.4940 Y19.9114 Z-0.3397
G1 X51.4598 Y19.6701 Z-0.3827
G1 X51.3870 Y19.4376 Z-0.4256
G1 X51.2773 Y19.2199 Z-0.4686
G1 X51.1338 Y19.0230 Z-0.5116
G1 X50.9602 Y18.8520 Z-0.5545
G1 X50.7201 Y18.6823 Z-0.6064
G1 X50.5112 Y18.5535 Z-0.6497
G1 X50.3589 Y18.4864 Z-0.6790
G1 X50.2031 Y18.4554 Z-0.7070
G1 X50.0 Y18.4422 Z-0.7429
G1 X49.7969 Y18.4554 Z-0.7788
G1 X49.6411 Y18.4864 Z-0.8068
G1 X49.4884 Y18.5537 Z-0.8362
G1 X49.2801 Y18.6822 Z-0.8794
G1 X49.0397 Y18.8520 Z-0.9313
G1 X48.8662 Y19.0230 Z-0.9742
G1 X48.7227 Y19.2199 Z-1.0172
G1 X48.6130 Y19.4375 Z-1.0602
G1 X48.5401 Y19.6701 Z-1.1031
G1 X48.5059 Y19.9115 Z-1.1461
G1 X48.5114 Y20.1550 Z-1.1891
G1 X48.5563 Y20.3945 Z-1.2320
G1 X48.6394 Y20.6237 Z-1.2750
G1 X48.7587 Y20.8362 Z-1.3180
G1 X48.9108 Y21.0265 Z-1.3610
G1 X49.0918 Y21.1897 Z-1.4039
G1 X49.2969 Y21.3213 Z-1.4469
G1 X49.5206 Y21.4178 Z-1.4899
G1 X49.7571 Y21.4768 Z-1.5328
G1 X50.0 Y21.4967 Z-1.5758
G1 X50.2429 Y21.4768 Z-1.6188
G1 X50.4793 Y21.4179 Z-1.6617
G1 X50.7031 Y21.3213 Z-1.7047
G1 X50.9082 Y21.1897 Z-1.7477
G1 X51.0892 Y21.0265 Z-1.7906
G1 X51.2413 Y20.8362 Z-1.8336
G1 X51.3605 Y20.6236 Z-1.8766
G1 X51.4437 Y20.3946 Z-1.9196
G1 X51.4886 Y20.1550 Z-1.9625
G1 X51.4940 Y19.9114 Z-2.0055
G1 X51.4598 Y19.6701 Z-2.0485
G1 X51.3870 Y19.4376 Z-2.0914
G1 X51.2773 Y19.2199 Z-2.1344
G1 X51.1338 Y19.0230 Z-2.1774
G1 X50.9602 Y18.8520 Z-2.2203
G1 X50.7201 Y18.6823 Z-2.2722
G1 X50.5112 Y18.5535 Z-2.3155
G1 X50.3589 Y18.4864 Z-2.3448
G1 X50.2031 Y18.4554 Z-2.3728
G1 X50.0 Y18.4422 Z-2.4087
G1 X49.7969 Y18.4554 Z-2.4446
G1 X49.6411 Y18.4864 Z-2.4726
G1 X49.4884 Y18.5537 Z-2.5020
G1 X49.2801 Y18.6822 Z-2.5452
G1 X49.0397 Y18.8520 Z-2.5971
G1 X48.8662 Y19.0230 Z-2.6400
G1 X48.7227 Y19.2199 Z-2.6830
G1 X48.6130 Y19.4375 Z-2.7260
G1 X48.5401 Y19.6701 Z-2.7689
G1 X48.5059 Y19.9115 Z-2.8119
G1 X48.5114 Y20.1550 Z-2.8549
G1 X48.5563 Y20.3945 Z-2.8978
G1 X48.6394 Y20.6237 Z-2.9408
G1 X48.7587 Y20.8362 Z-2.9838
G1 X48.9108 Y21.0265 Z-3.0100
G1 X49.0918 Y21.1897 F480
G1 X49.2969 Y21.3213
G1 X49.5206 Y21.4178
G1 X49.7571 Y21.4768
G1 X50.0 Y21.4967
G1 X50.2429 Y21.4768
G1 X50.4793 Y21.4179
G1 X50.7031 Y21.3213
G1 X50.9082 Y21.1897
G1 X51.0892 Y21.0265
G1 X51.2413 Y20.8362
G1 X51.3605 Y20.6236
G1 X51.4437 Y20.3946
G1 X51.4886 Y20.1550
G1 X51.4940 Y19.9114
G1 X51.4598 Y19.6701
G1 X51.3870 Y19.4376
G1 X51.2773 Y19.2199
G1 X51.1338 Y19.0230
G1 X50.9602 Y18.8520
G1 X50.7201 Y18.6823
G1 X50.5112 Y18.5535
G1 X50.3589 Y18.4864
G1 X50.2031 Y18.4554
G1 X50.0 Y18.4422
G1 X49.7969 Y18.4554
G1 X49.6411 Y18.4864
G1 X49.4884 Y18.5537
G1 X49.2801 Y18.6822
G1 X49.0397 Y18.8520
G1 X48.8662 Y19.0230
G1 X48.7227 Y19.2199
G1 X48.6130 Y19.4375
G1 X48.5401 Y19.6701
G1 X48.5059 Y19.9115
G1 X48.5114 Y20.1550
G1 X48.5563 Y20.3945
G1 X48.6394 Y20.6237
G1 X48.7587 Y20.8362
G1 X48.9108 Y21.0265
G00 Z4.9900
G00 X49.7571 Y11.4768
G1 Z0.0900 F150
G1 X50.0 Y11.4967 Z0.0470
G1 X50.2429 Y11.4768 Z0.0040
G1 X50.4793 Y11.4178 Z-0.0389
G1 X50.7031 Y11.3213 Z-0.0819
G1 X50.9081 Y11.1897 Z-0.1248
G1 X51.0892 Y11.0265 Z-0.1678
G1 X51.2413 Y10.8362 Z-0.2108
G1 X51.3605 Y10.6237 Z-0.2538
G1 X51.4437 Y10.3945 Z-0.2967
G1 X51.4886 Y10.1550 Z-0.3397
G1 X51.4940 Y9.9114 Z-0.3827
G1 X51.4598 Y9.6701 Z-0.4256
G1 X51.3870 Y9.4376 Z-0.4686
G1 X51.2773 Y9.2199 Z-0.5116
G1 X51.1338 Y9.0230 Z-0.5545
G1 X50.9602 Y8.8520 Z-0.5975
G1 X50.7200 Y8.6823 Z-0.6494
G1 X50.5112 Y8.5536 Z-0.6926
G1 X50.3589 Y8.4864 Z-0.7220
G1 X50.2031 Y8.4554 Z-0.7500
G1 X50.0 Y8.4422 Z-0.7859
G1 X49.7969 Y8.4554 Z-0.8218
G1 X49.6411 Y8.4864 Z-0.8498
G1 X49.4884 Y8.5537 Z-0.8792
G1 X49.2800 Y8.6822 Z-0.9224
G1 X49.0397 Y8.8520 Z-0.9742
G1 X48.8662 Y9.0230 Z-1.0172
G1 X48.7227 Y9.2199 Z-1.0602
G1 X48.6130 Y9.4375 Z-1.1031
G1 X48.5401 Y9.6701 Z-1.1461
G1 X48.5059 Y9.9115 Z-1.1891
G1 X48.5114 Y10.1550 Z-1.2320
G1 X48.5563 Y10.3946 Z-1.2750
G1 X48.6394 Y10.6236 Z-1.3180
G1 X48.7587 Y10.8362 Z-1.3610
G1 X48.9108 Y11.0265 Z-1.4039
G1 X49.0919 Y11.1897 Z-1.4469
G1 X49.2969 Y11.3213 Z-1.4899
G1 X49.5206 Y11.4178 Z-1.5328
G1 X49.7571 Y11.4768 Z-1.5758
G1 X50.0 Y11.4967 Z-1.6188
G1 X50.2429 Y11.4768 Z-1.6618
G1 X50.4793 Y11.4178 Z-1.7047
G1 X50.7031 Y11.3213 Z-1.7477
G1 X50.9081 Y11.1897 Z-1.7906
G1 X51.0892 Y11.0265 Z-1.8336
G1 X51.2413 Y10.8362 Z-1.8766
G1 X51.3605 Y10.6237 Z-1.9196
G1 X51.4437 Y10.3945 Z-1.9625
G1 X51.4886 Y10.1550 Z-2.0055
G1 X51.4940 Y9.9114 Z-2.0485
G1 X51.4598 Y9.6701 Z-2.0914
G1 X51.3870 Y9.4376 Z-2.1344
G1 X51.2773 Y9.2199 Z-2.1774
G1 X51.1338 Y9.0230 Z-2.2203
G1 X50.9602 Y8.8520 Z-2.2633
G1 X50.7200 Y8.6823 Z-2.3152
G1 X50.5112 Y8.5536 Z-2.3584
G1 X50.3589 Y8.4864 Z-2.3878
G1 X50.2031 Y8.4554 Z-2.4158
G1 X50.0 Y8.4422 Z-2.4517
G1 X49.7969 Y8.4554 Z-2.4876
G1 X49.6411 Y8.4864 Z-2.5156
G1 X49.4884 Y8.5537 Z-2.5450
G1 X49.2800 Y8.6822 Z-2.5882
G1 X49.0397 Y8.8520 Z-2.6400
G1 X48.8662 Y9.0230 Z-2.6830
G1 X48.7227 Y9.2199 Z-2.7260
G1 X48.6130 Y9.4375 Z-2.7689
G1 X48.5401 Y9.6701 Z-2.8119
G1 X48.5059 Y9.9115 Z-2.8549
G1 X48.5114 Y10.1550 Z-2.8978
G1 X48.5563 Y10.3946 Z-2.9408
G1 X48.6394 Y10.6236 Z-2.9838
G1 X48.7587 Y10.8362 Z-3.0100
G1 X48.9108 Y11.0265 F480
G1 X49.0919 Y11.1897
G1 X49.2969 Y11.3213
G1 X49.5206 Y11.4178
G1 X49.7571 Y11.4768
G1 X50.0 Y11.4967
G1 X50.2429 Y11.4768
G1 X50.4793 Y11.4178
G1 X50.7031 Y11.3213
G1 X50.9081 Y11.1897
G1 X51.0892 Y11.0265
G1 X51.2413 Y10.8362
G1 X51.3605 Y10.6237
G1 X51.4437 Y10.3945
G1 X51.4886 Y10.1550
G1 X51.4940 Y9.9114
G1 X51.4598 Y9.6701
G1 X51.3870 Y9.4376
G1 X51.2773 Y9.2199
G1 X51.1338 Y9.0230
G1 X50.9602 Y8.8520
G1 X50.7200 Y8.6823
G1 X50.5112 Y8.5536
G1 X50.3589 Y8.4864
G1 X50.2031 Y8.4554
G1 X50.0 Y8.4422
G1 X49.7969 Y8.4554
G1 X49.6411 Y8.4864
G1 X49.4884 Y8.5537
G1 X49.2800 Y8.6822
G1 X49.0397 Y8.8520
G1 X48.8662 Y9.0230
G1 X48.7227 Y9.2199
G1 X48.6130 Y9.4375
G1 X48.5401 Y9.6701
G1 X48.5059 Y9.9115
G1 X48.5114 Y10.1550
G1 X48.5563 Y10.3946
G1 X48.6394 Y10.6236
G1 X48.7587 Y10.8362
G00 Z4.9900
G00 X11.4941 Y9.9114
G1 Z0.0900 F150
G1 X11.4599 Y9.6701 Z0.0470
G1 X11.3870 Y9.4376 Z0.0041
G1 X11.2773 Y9.2199 Z-0.0389
G1 X11.1338 Y9.0230 Z-0.0819
G1 X10.9602 Y8.8520 Z-0.1248
G1 X10.7200 Y8.6823 Z-0.1767
G1 X10.5113 Y8.5536 Z-0.2199
G1 X10.3589 Y8.4864 Z-0.2493
G1 X10.2031 Y8.4554 Z-0.2773
G1 X10.0 Y8.4422 Z-0.3132
G1 X9.7969 Y8.4554 Z-0.3491
G1 X9.6412 Y8.4864 Z-0.3771
G1 X9.4884 Y8.5538 Z-0.4065
G1 X9.2800 Y8.6823 Z-0.4497
G1 X9.0398 Y8.8519 Z-0.5016
G1 X8.8662 Y9.0230 Z-0.5445
G1 X8.7227 Y9.2199 Z-0.5875
G1 X8.6130 Y9.4376 Z-0.6305
G1 X8.5401 Y9.6701 Z-0.6734
G1 X8.5060 Y9.9114 Z-0.7164
G1 X8.5114 Y10.1550 Z-0.7594
G1 X8.5563 Y10.3945 Z-0.8023
G1 X8.6395 Y10.6237 Z-0.8453
G1 X8.7587 Y10.8362 Z-0.8883
G1 X8.9108 Y11.0265 Z-0.9312
G1 X9.0919 Y11.1897 Z-0.9742
G1 X9.2969 Y11.3213 Z-1.0172
G1 X9.5206 Y11.4178 Z-1.0602
G1 X9.7571 Y11.4768 Z-1.1031
G1 X10.0 Y11.4967 Z-1.1461
G1 X10.2429 Y11.4768 Z-1.1891
G1 X10.4794 Y11.4178 Z-1.2321
G1 X10.7030 Y11.3213 Z-1.2750
G1 X10.9082 Y11.1897 Z-1.3180
G1 X11.0892 Y11.0265 Z-1.3610
G1 X11.2413 Y10.8362 Z-1.4039
G1 X11.3606 Y10.6236 Z-1.4469
G1 X11.4437 Y10.3945 Z-1.4899
G1 X11.4886 Y10.1550 Z-1.5328
G1 X11.4941 Y9.9114 Z-1.5758
G1 X11.4599 Y9.6701 Z-1.6188
G1 X11.3870 Y9.4376 Z-1.6617
G1 X11.2773 Y9.2199 Z-1.7047
G1 X11.1338 Y9.0230 Z-1.7477
G1 X10.9602 Y8.8520 Z-1.7907
G1 X10.7200 Y8.6823 Z-1.8425
G1 X10.5113 Y8.5536 Z-1.8857
G1 X10.3589 Y8.4864 Z-1.9151
G1 X10.2031 Y8.4554 Z-1.9431
G1 X10.0 Y8.4422 Z-1.9790
G1 X9.7969 Y8.4554 Z-2.0149
G1 X9.6412 Y8.4864 Z-2.0429
G1 X9.4884 Y8.5538 Z-2.0723
G1 X9.2800 Y8.6823 Z-2.1155
G1 X9.0398 Y8.8519 Z-2.1674
G1 X8.8662 Y9.0230 Z-2.2103
G1 X8.7227 Y9.2199 Z-2.2533
G1 X8.6130 Y9.4376 Z-2.2963
G1 X8.5401 Y9.6701 Z-2.3392
G1 X8.5060 Y9.9114 Z-2.3822
G1 X8.5114 Y10.1550 Z-2.4252
G1 X8.5563 Y10.3945 Z-2.4681
G1 X8.6395 Y10.6237 Z-2.5111
G1 X8.7587 Y10.8362 Z-2.5541
G1 X8.9108 Y11.0265 Z-2.5970
G1 X9.0919 Y11.1897 Z-2.6400
G1 X9.2969 Y11.3213 Z-2.6830
G1 X9.5206 Y11.4178 Z-2.7260
G1 X9.7571 Y11.4768 Z-2.7689
G1 X10.0 Y11.4967 Z-2.8119
G1 X10.2429 Y11.4768 Z-2.8549
G1 X10.4794 Y11.4178 Z-2.8979
G1 X10.7030 Y11.3213 Z-2.9408
G1 X10.9082 Y11.1897 Z-2.9838
G1 X11.0892 Y11.0265 Z-3.0100
G1 X11.2413 Y10.8362 F480
G1 X11.3606 Y10.6236
G1 X11.4437 Y10.3945
G1 X11.4886 Y10.1550
G1 X11.4941 Y9.9114
G1 X11.4599 Y9.6701
G1 X11.3870 Y9.4376
G1 X11.2773 Y9.2199
G1 X11.1338 Y9.0230
G1 X10.9602 Y8.8520
G1 X10.7200 Y8.6823
G1 X10.5113 Y8.5536
G1 X10.3589 Y8.4864
G1 X10.2031 Y8.4554
G1 X10.0 Y8.4422
G1 X9.7969 Y8.4554
G1 X9.6412 Y8.4864
G1 X9.4884 Y8.5538
G1 X9.2800 Y8.6823
G1 X9.0398 Y8.8519
G1 X8.8662 Y9.0230
G1 X8.7227 Y9.2199
G1 X8.6130 Y9.4376
G1 X8.5401 Y9.6701
G1 X8.5060 Y9.9114
G1 X8.5114 Y10.1550
G1 X8.5563 Y10.3945
G1 X8.6395 Y10.6237
G1 X8.7587 Y10.8362
G1 X8.9108 Y11.0265
G1 X9.0919 Y11.1897
G1 X9.2969 Y11.3213
G1 X9.5206 Y11.4178
G1 X9.7571 Y11.4768
G1 X10.0 Y11.4967
G1 X10.2429 Y11.4768
G1 X10.4794 Y11.4178
G1 X10.7030 Y11.3213
G1 X10.9082 Y11.1897
G1 X11.0892 Y11.0265
G00 Z4.9900
G00 X10.2031 Y18.4554
G1 Z0.0900 F150
G1 X10.0 Y18.4422 Z0.0541
G1 X9.7969 Y18.4554 Z0.0182
G1 X9.6412 Y18.4864 Z-0.0098
G1 X9.4884 Y18.5538 Z-0.0392
G1 X9.2802 Y18.6822 Z-0.0824
G1 X9.0398 Y18.8520 Z-0.1343
G1 X8.8662 Y19.0230 Z-0.1772
G1 X8.7227 Y19.2199 Z-0.2202
G1 X8.6130 Y19.4376 Z-0.2632
G1 X8.5401 Y19.6701 Z-0.3061
G1 X8.5060 Y19.9114 Z-0.3491
G1 X8.5114 Y20.1550 Z-0.3921
G1 X8.5563 Y20.3946 Z-0.4350
G1 X8.6394 Y20.6236 Z-0.4780
G1 X8.7587 Y20.8362 Z-0.5210
G1 X8.9108 Y21.0265 Z-0.5639
G1 X9.0918 Y21.1897 Z-0.6069
G1 X9.2969 Y21.3213 Z-0.6499
G1 X9.5207 Y21.4178 Z-0.6928
G1 X9.7571 Y21.4768 Z-0.7358
G1 X10.0 Y21.4967 Z-0.7788
G1 X10.2429 Y21.4768 Z-0.8218
G1 X10.4794 Y21.4178 Z-0.8647
G1 X10.7030 Y21.3213 Z-0.9077
G1 X10.9082 Y21.1897 Z-0.9507
G1 X11.0892 Y21.0265 Z-0.9936
G1 X11.2413 Y20.8362 Z-1.0366
G1 X11.3606 Y20.6236 Z-1.0796
G1 X11.4437 Y20.3946 Z-1.1225
G1 X11.4886 Y20.1550 Z-1.1655
G1 X11.4941 Y19.9114 Z-1.2085
G1 X11.4599 Y19.6701 Z-1.2515
G1 X11.3870 Y19.4376 Z-1.2944
G1 X11.2773 Y19.2199 Z-1.3374
G1 X11.1338 Y19.0230 Z-1.3804
G1 X10.9602 Y18.8520 Z-1.4233
G1 X10.7200 Y18.6823 Z-1.4752
G1 X10.5113 Y18.5536 Z-1.5184
G1 X10.3589 Y18.4864 Z-1.5478
G1 X10.2031 Y18.4554 Z-1.5758
G1 X10.0 Y18.4422 Z-1.6117
G1 X9.7969 Y18.4554 Z-1.6476
G1 X9.6412 Y18.4864 Z-1.6756
G1 X9.4884 Y18.5538 Z-1.7050
G1 X9.2802 Y18.6822 Z-1.7482
G1 X9.0398 Y18.8520 Z-1.8001
G1 X8.8662 Y19.0230 Z-1.8430
G1 X8.7227 Y19.2199 Z-1.8860
G1 X8.6130 Y19.4376 Z-1.9290
G1 X8.5401 Y19.6701 Z-1.9719
G1 X8.5060 Y19.9114 Z-2.0149
G1 X8.5114 Y20.1550 Z-2.0579
G1 X8.5563 Y20.3946 Z-2.1008
G1 X8.6394 Y20.6236 Z-2.1438
G1 X8.7587 Y20.8362 Z-2.1868
G1 X8.9108 Y21.0265 Z-2.2297
G1 X9.0918 Y21.1897 Z-2.2727
G1 X9.2969 Y21.3213 Z-2.3157
G1 X9.5207 Y21.4178 Z-2.3586
G1 X9.7571 Y21.4768 Z-2.4016
G1 X10.0 Y21.4967 Z-2.4446
G1 X10.2429 Y21.4768 Z-2.4876
G1 X10.4794 Y21.4178 Z-2.5305
G1 X10.7030 Y21.3213 Z-2.5735
G1 X10.9082 Y21.1897 Z-2.6165
G1 X11.0892 Y21.0265 Z-2.6594
G1 X11.2413 Y20.8362 Z-2.7024
G1 X11.3606 Y20.6236 Z-2.7454
G1 X11.4437 Y20.3946 Z-2.7883
G1 X11.4886 Y20.1550 Z-2.8313
G1 X11.4941 Y19.9114 Z-2.8743
G1 X11.4599 Y19.6701 Z-2.9173
G1 X11.3870 Y19.4376 Z-2.9602
G1 X11.2773 Y19.2199 Z-3.0032
G1 X11.1338 Y19.0230 Z-3.0100
G1 X10.9602 Y18.8520 F480
G1 X10.7200 Y18.6823
G1 X10.5113 Y18.5536
G1 X10.3589 Y18.4864
G1 X10.2031 Y18.4554
G1 X10.0 Y18.4422
G1 X9.7969 Y18.4554
G1 X9.6412 Y18.4864
G1 X9.4884 Y18.5538
G1 X9.2802 Y18.6822
G1 X9.0398 Y18.8520
G1 X8.8662 Y19.0230
G1 X8.7227 Y19.2199
G1 X8.6130 Y19.4376
G1 X8.5401 Y19.6701
G1 X8.5060 Y19.9114
G1 X8.5114 Y20.1550
G1 X8.5563 Y20.3946
G1 X8.6394 Y20.6236
G1 X8.7587 Y20.8362
G1 X8.9108 Y21.0265
G1 X9.0918 Y21.1897
G1 X9.2969 Y21.3213
G1 X9.5207 Y21.4178
G1 X9.7571 Y21.4768
G1 X10.0 Y21.4967
G1 X10.2429 Y21.4768
G1 X10.4794 Y21.4178
G1 X10.7030 Y21.3213
G1 X10.9082 Y21.1897
G1 X11.0892 Y21.0265
G1 X11.2413 Y20.8362
G1 X11.3606 Y20.6236
G1 X11.4437 Y20.3946
G1 X11.4886 Y20.1550
G1 X11.4941 Y19.9114
G1 X11.4599 Y19.6701
G1 X11.3870 Y19.4376
G1 X11.2773 Y19.2199
G1 X11.1338 Y19.0230
G00 Z4.9900
G00 X10.2459 Y34.0464
G1 Z0.0900 F150
G1 X9.9438 Y34.0617 Z0.0367
G1 X9.6509 Y34.1375 Z-0.0167
G1 X9.3794 Y34.2707 Z-0.0700
G1 X9.1402 Y34.4559 Z-0.1233
G1 X8.9432 Y34.6853 Z-0.1767
G1 X8.7964 Y34.9498 Z-0.2300
G1 X8.7059 Y35.2384 Z-0.2833
G1 X8.6753 Y35.5393 Z-0.3367
G1 X8.7059 Y35.8402 Z-0.3900
G1 X8.7964 Y36.1288 Z-0.4433
G1 X8.9432 Y36.3932 Z-0.4967
G1 X9.1402 Y36.6228 Z-0.5500
G1 X9.3794 Y36.8079 Z-0.6033
G1 X9.6510 Y36.9411 Z-0.6567
G1 X9.9438 Y37.0169 Z-0.7100
G1 X10.2459 Y37.0322 Z-0.7633
G1 X10.5448 Y36.9864 Z-0.8166
G1 X10.8285 Y36.8814 Z-0.8700
G1 X11.0851 Y36.7214 Z-0.9233
G1 X11.3044 Y36.5130 Z-0.9767
G1 X11.4771 Y36.2648 Z-1.0300
G1 X11.5964 Y35.9868 Z-1.0833
G1 X11.6573 Y35.6905 Z-1.1366
G1 Y35.3881 Z-1.1900
G1 X11.5964 Y35.0918 Z-1.2433
G1 X11.4771 Y34.8138 Z-1.2966
G1 X11.3044 Y34.5656 Z-1.3500
G1 X11.0851 Y34.3572 Z-1.4033
G1 X10.8284 Y34.1972 Z-1.4566
G1 X10.5448 Y34.0922 Z-1.5100
G1 X10.2459 Y34.0464 Z-1.5633
G1 X9.9438 Y34.0617 Z-1.6166
G1 X9.6509 Y34.1375 Z-1.6700
G1 X9.3794 Y34.2707 Z-1.7233
G1 X9.1402 Y34.4559 Z-1.7766
G1 X8.9432 Y34.6853 Z-1.8300
G1 X8.7964 Y34.9498 Z-1.8833
G1 X8.7059 Y35.2384 Z-1.9366
G1 X8.6753 Y35.5393 Z-1.9900
G1 X8.7059 Y35.8402 Z-2.0433
G1 X8.7964 Y36.1288 Z-2.0966
G1 X8.9432 Y36.3932 Z-2.1499
G1 X9.1402 Y36.6228 Z-2.2033
G1 X9.3794 Y36.8079 Z-2.2566
G1 X9.6510 Y36.9411 Z-2.3099
G1 X9.9438 Y37.0169 Z-2.3633
G1 X10.2459 Y37.0322 Z-2.4166
G1 X10.5448 Y36.9864 Z-2.4699
G1 X10.8285 Y36.8814 Z-2.5233
G1 X11.0851 Y36.7214 Z-2.5766
G1 X11.3044 Y36.5130 Z-2.6300
G1 X11.4771 Y36.2648 Z-2.6833
G1 X11.5964 Y35.9868 Z-2.7366
G1 X11.6573 Y35.6905 Z-2.7899
G1 Y35.3881 Z-2.8433
G1 X11.5964 Y35.0918 Z-2.8966
G1 X11.4771 Y34.8138 Z-2.9499
G1 X11.3044 Y34.5656 Z-3.0033
G1 X11.0851 Y34.3572 Z-3.0100
G1 X10.8284 Y34.1972 F480
G1 X10.5448 Y34.0922
G1 X10.2459 Y34.0464
G1 X9.9438 Y34.0617
G1 X9.6509 Y34.1375
G1 X9.3794 Y34.2707
G1 X9.1402 Y34.4559
G1 X8.9432 Y34.6853
G1 X8.7964 Y34.9498
G1 X8.7059 Y35.2384
G1 X8.6753 Y35.5393
G1 X8.7059 Y35.8402
G1 X8.7964 Y36.1288
G1 X8.9432 Y36.3932
G1 X9.1402 Y36.6228
G1 X9.3794 Y36.8079
G1 X9.6510 Y36.9411
G1 X9.9438 Y37.0169
G1 X10.2459 Y37.0322
G1 X10.5448 Y36.9864
G1 X10.8285 Y36.8814
G1 X11.0851 Y36.7214
G1 X11.3044 Y36.5130
G1 X11.4771 Y36.2648
G1 X11.5964 Y35.9868
G1 X11.6573 Y35.6905
G1 Y35.3881
G1 X11.5964 Y35.0918
G1 X11.4771 Y34.8138
G1 X11.3044 Y34.5656
G1 X11.0851 Y34.3572
G00 Z4.9900
G00 X10.2459 Y44.0464
G1 Z0.0900 F150
G1 X9.9438 Y44.0617 Z0.0367
G1 X9.6510 Y44.1375 Z-0.0167
G1 X9.3794 Y44.2707 Z-0.0700
G1 X9.1402 Y44.4559 Z-0.1233
G1 X8.9432 Y44.6854 Z-0.1767
G1 X8.7964 Y44.9498 Z-0.2300
G1 X8.7059 Y45.2384 Z-0.2833
G1 X8.6753 Y45.5393 Z-0.3367
G1 X8.7059 Y45.8402 Z-0.3900
G1 X8.7964 Y46.1288 Z-0.4433
G1 X8.9432 Y46.3933 Z-0.4967
G1 X9.1402 Y46.6228 Z-0.5500
G1 X9.3794 Y46.8079 Z-0.6033
G1 X9.6510 Y46.9411 Z-0.6567
G1 X9.9438 Y47.0169 Z-0.7100
G1 X10.2459 Y47.0322 Z-0.7633
G1 X10.5448 Y46.9864 Z-0.8167
G1 X10.8284 Y46.8814 Z-0.8700
G1 X11.0851 Y46.7214 Z-0.9233
G1 X11.3044 Y46.5130 Z-0.9767
G1 X11.4771 Y46.2648 Z-1.0300
G1 X11.5964 Y45.9868 Z-1.0833
G1 X11.6573 Y45.6905 Z-1.1367
G1 Y45.3881 Z-1.1900
G1 X11.5964 Y45.0918 Z-1.2433
G1 X11.4771 Y44.8139 Z-1.2966
G1 X11.3044 Y44.5656 Z-1.3500
G1 X11.0851 Y44.3572 Z-1.4033
G1 X10.8285 Y44.1972 Z-1.4566
G1 X10.5448 Y44.0922 Z-1.5100
G1 X10.2459 Y44.0464 Z-1.5633
G1 X9.9438 Y44.0617 Z-1.6166
G1 X9.6510 Y44.1375 Z-1.6700
G1 X9.3794 Y44.2707 Z-1.7233
G1 X9.1402 Y44.4559 Z-1.7766
G1 X8.9432 Y44.6854 Z-1.8300
G1 X8.7964 Y44.9498 Z-1.8833
G1 X8.7059 Y45.2384 Z-1.9366
G1 X8.6753 Y45.5393 Z-1.9900
G1 X8.7059 Y45.8402 Z-2.0433
G1 X8.7964 Y46.1288 Z-2.0966
G1 X8.9432 Y46.3933 Z-2.1500
G1 X9.1402 Y46.6228 Z-2.2033
G1 X9.3794 Y46.8079 Z-2.2566
G1 X9.6510 Y46.9411 Z-2.3100
G1 X9.9438 Y47.0169 Z-2.3633
G1 X10.2459 Y47.0322 Z-2.4166
G1 X10.5448 Y46.9864 Z-2.4700
G1 X10.8284 Y46.8814 Z-2.5233
G1 X11.0851 Y46.7214 Z-2.5766
G1 X11.3044 Y46.5130 Z-2.6300
G1 X11.4771 Y46.2648 Z-2.6833
G1 X11.5964 Y45.9868 Z-2.7366
G1 X11.6573 Y45.6905 Z-2.7900
G1 Y45.3881 Z-2.8433
G1 X11.5964 Y45.0918 Z-2.8966
G1 X11.4771 Y44.8139 Z-2.9499
G1 X11.3044 Y44.5656 Z-3.0033
G1 X11.0851 Y44.3572 Z-3.0100
G1 X10.8285 Y44.1972 F480
G1 X10.5448 Y44.0922
G1 X10.2459 Y44.0464
G1 X9.9438 Y44.0617
G1 X9.6510 Y44.1375
G1 X9.3794 Y44.2707
G1 X9.1402 Y44.4559
G1 X8.9432 Y44.6854
G1 X8.7964 Y44.9498
G1 X8.7059 Y45.2384
G1 X8.6753 Y45.5393
G1 X8.7059 Y45.8402
G1 X8.7964 Y46.1288
G1 X8.9432 Y46.3933
G1 X9.1402 Y46.6228
G1 X9.3794 Y46.8079
G1 X9.6510 Y46.9411
G1 X9.9438 Y47.0169
G1 X10.2459 Y47.0322
G1 X10.5448 Y46.9864
G1 X10.8284 Y46.8814
G1 X11.0851 Y46.7214
G1 X11.3044 Y46.5130
G1 X11.4771 Y46.2648
G1 X11.5964 Y45.9868
G1 X11.6573 Y45.6905
G1 Y45.3881
G1 X11.5964 Y45.0918
G1 X11.4771 Y44.8139
G1 X11.3044 Y44.5656
G1 X11.0851 Y44.3572
G1 X10.8285 Y44.1972 Z-3.0633 F150
G1 X10.5448 Y44.0922 Z-3.1167
G1 X10.2459 Y44.0464 Z-3.1700
G1 X9.9438 Y44.0617 Z-3.2233
G1 X9.6510 Y44.1375 Z-3.2767
G1 X9.3794 Y44.2707 Z-3.3300
G1 X9.1402 Y44.4559 Z-3.3833
G1 X8.9432 Y44.6854 Z-3.4367
G1 X8.7964 Y44.9498 Z-3.4900
G1 X8.7059 Y45.2384 Z-3.5100
G1 X8.6753 Y45.5393 F480
G1 X8.7059 Y45.8402
G1 X8.7964 Y46.1288
G1 X8.9432 Y46.3933
G1 X9.1402 Y46.6228
G1 X9.3794 Y46.8079
G1 X9.6510 Y46.9411
G1 X9.9438 Y47.0169
G1 X10.2459 Y47.0322
G1 X10.5448 Y46.9864
G1 X10.8284 Y46.8814
G1 X11.0851 Y46.7214
G1 X11.3044 Y46.5130
G1 X11.4771 Y46.2648
G1 X11.5964 Y45.9868
G1 X11.6573 Y45.6905
G1 Y45.3881
G1 X11.5964 Y45.0918
G1 X11.4771 Y44.8139
G1 X11.3044 Y44.5656
G1 X11.0851 Y44.3572
G1 X10.8285 Y44.1972
G1 X10.5448 Y44.0922
G1 X10.2459 Y44.0464
G1 X9.9438 Y44.0617
G1 X9.6510 Y44.1375
G1 X9.3794 Y44.2707
G1 X9.1402 Y44.4559
G1 X8.9432 Y44.6854
G1 X8.7964 Y44.9498
G1 X8.7059 Y45.2384
G00 Z4.9900
G00 X9.9438 Y37.0169
G1 Z0.0900 F150
G1 X10.2459 Y37.0322 Z0.0367
G1 X10.5448 Y36.9864 Z-0.0167
G1 X10.8285 Y36.8814 Z-0.0700
G1 X11.0851 Y36.7214 Z-0.1233
G1 X11.3044 Y36.5130 Z-0.1767
G1 X11.4771 Y36.2648 Z-0.2300
G1 X11.5964 Y35.9868 Z-0.2833
G1 X11.6573 Y35.6905 Z-0.3367
G1 Y35.3881 Z-0.3900
G1 X11.5964 Y35.0918 Z-0.4433
G1 X11.4771 Y34.8138 Z-0.4967
G1 X11.3044 Y34.5656 Z-0.5500
G1 X11.0851 Y34.3572 Z-0.6033
G1 X10.8284 Y34.1972 Z-0.6567
G1 X10.5448 Y34.0922 Z-0.7100
G1 X10.2459 Y34.0464 Z-0.7633
G1 X9.9438 Y34.0617 Z-0.8166
G1 X9.6509 Y34.1375 Z-0.8700
G1 X9.3794 Y34.2707 Z-0.9233
G1 X9.1402 Y34.4559 Z-0.9766
G1 X8.9432 Y34.6853 Z-1.0300
G1 X8.7964 Y34.9498 Z-1.0833
G1 X8.7059 Y35.2384 Z-1.1366
G1 X8.6753 Y35.5393 Z-1.1900
G1 X8.7059 Y35.8402 Z-1.2433
G1 X8.7964 Y36.1288 Z-1.2966
G1 X8.9432 Y36.3932 Z-1.3500
G1 X9.1402 Y36.6228 Z-1.4033
G1 X9.3794 Y36.8079 Z-1.4566
G1 X9.6510 Y36.9411 Z-1.5100
G1 X9.9438 Y37.0169 Z-1.5633
G1 X10.2459 Y37.0322 Z-1.6166
G1 X10.5448 Y36.9864 Z-1.6699
G1 X10.8285 Y36.8814 Z-1.7233
G1 X11.0851 Y36.7214 Z-1.7766
G1 X11.3044 Y36.5130 Z-1.8300
G1 X11.4771 Y36.2648 Z-1.8833
G1 X11.5964 Y35.9868 Z-1.9366
G1 X11.6573 Y35.6905 Z-1.9900
G1 Y35.3881 Z-2.0433
G1 X11.5964 Y35.0918 Z-2.0966
G1 X11.4771 Y34.8138 Z-2.1499
G1 X11.3044 Y34.5656 Z-2.2033
G1 X11.0851 Y34.3572 Z-2.2566
G1 X10.8284 Y34.1972 Z-2.3099
G1 X10.5448 Y34.0922 Z-2.3633
G1 X10.2459 Y34.0464 Z-2.4166
G1 X9.9438 Y34.0617 Z-2.4699
G1 X9.6509 Y34.1375 Z-2.5233
G1 X9.3794 Y34.2707 Z-2.5766
G1 X9.1402 Y34.4559 Z-2.6299
G1 X8.9432 Y34.6853 Z-2.6833
G1 X8.7964 Y34.9498 Z-2.7366
G1 X8.7059 Y35.2384 Z-2.7899
G1 X8.6753 Y35.5393 Z-2.8433
G1 X8.7059 Y35.8402 Z-2.8966
G1 X8.7964 Y36.1288 Z-2.9499
G1 X8.9432 Y36.3932 Z-3.0033
G1 X9.1402 Y36.6228 Z-3.0566
G1 X9.3794 Y36.8079 Z-3.1099
G1 X9.6510 Y36.9411 Z-3.1633
G1 X9.9438 Y37.0169 Z-3.2166
G1 X10.2459 Y37.0322 Z-3.2699
G1 X10.5448 Y36.9864 Z-3.3232
G1 X10.8285 Y36.8814 Z-3.3766
G1 X11.0851 Y36.7214 Z-3.4299
G1 X11.3044 Y36.5130 Z-3.4833
G1 X11.4771 Y36.2648 Z-3.5100
G1 X11.5964 Y35.9868 F480
G1 X11.6573 Y35.6905
G1 Y35.3881
G1 X11.5964 Y35.0918
G1 X11.4771 Y34.8138
G1 X11.3044 Y34.5656
G1 X11.0851 Y34.3572
G1 X10.8284 Y34.1972
G1 X10.5448 Y34.0922
G1 X10.2459 Y34.0464
G1 X9.9438 Y34.0617
G1 X9.6509 Y34.1375
G1 X9.3794 Y34.2707
G1 X9.1402 Y34.4559
G1 X8.9432 Y34.6853
G1 X8.7964 Y34.9498
G1 X8.7059 Y35.2384
G1 X8.6753 Y35.5393
G1 X8.7059 Y35.8402
G1 X8.7964 Y36.1288
G1 X8.9432 Y36.3932
G1 X9.1402 Y36.6228
G1 X9.3794 Y36.8079
G1 X9.6510 Y36.9411
G1 X9.9438 Y37.0169
G1 X10.2459 Y37.0322
G1 X10.5448 Y36.9864
G1 X10.8285 Y36.8814
G1 X11.0851 Y36.7214
G1 X11.3044 Y36.5130
G1 X11.4771 Y36.2648
G00 Z4.9900
G00 X21.8607 Y45.6222
G1 Z0.0900 F150
G1 X21.2833 Y46.4492 Z-0.0879
G1 X20.7877 Y47.3280 Z-0.2657
G1 X20.3789 Y48.2502 Z-0.4436
G1 X20.0605 Y49.2073 Z-0.6215
G1 X19.8353 Y50.1908 Z-0.7994
G1 X19.7056 Y51.1913 Z-0.9773
G1 X19.6725 Y52.1994 Z-1.1551
G1 X19.7363 Y53.2063 Z-1.3330
G1 X19.8965 Y54.2021 Z-1.5109
G1 X20.1515 Y55.1783 Z-1.6888
G1 X20.4991 Y56.1254 Z-1.8667
G1 X20.9358 Y57.0345 Z-2.0445
G1 X21.4580 Y57.8979 Z-2.2224
G1 X22.0605 Y58.7070 Z-2.4003
G1 X22.7378 Y59.4546 Z-2.5782
G1 X23.4837 Y60.1336 Z-2.7560
G1 X24.2916 Y60.7381 Z-2.9340
G1 X25.1535 Y61.2620 Z-3.1118
G1 X26.6701 Y61.9949 Z-3.4088
G1 Y89.5020 Z-3.5100
G1 X26.7120 Y90.0604 F480
G1 X26.8283 Y90.5701
G1 X27.0193 Y91.0567
G1 X27.2806 Y91.5093
G1 X27.6065 Y91.9180
G1 X27.9896 Y92.2735
G1 X28.4215 Y92.5679
G1 X28.8924 Y92.7947
G1 X29.3920 Y92.9488
G1 X29.9088 Y93.0267
G1 X30.4315
G1 X30.9482 Y92.9488
G1 X31.4478 Y92.7947
G1 X31.9187 Y92.5679
G1 X32.3506 Y92.2735
G1 X32.7337 Y91.9180
G1 X33.0596 Y91.5093
G1 X33.3210 Y91.0567
G1 X33.5119 Y90.5701
G1 X33.6282 Y90.0604
G1 X33.6701 Y89.5019
G1 Y61.9949
G1 X35.1867 Y61.2620
G1 X36.0486 Y60.7381
G1 X36.8564 Y60.1336
G1 X37.6025 Y59.4545
G1 X38.2798 Y58.7071
G1 X38.8823 Y57.8979
G1 X39.4044 Y57.0346
G1 X39.8412 Y56.1254
G1 X40.1887 Y55.1783
G1 X40.4437 Y54.2022
G1 X40.6039 Y53.2062
G1 X40.6677 Y52.1994
G1 X40.6346 Y51.1913
G1 X40.5049 Y50.1908
G1 X40.2798 Y49.2074
G1 X39.9613 Y48.2501
G1 X39.5525 Y47.3280
G1 X39.0569 Y46.4492
G1 X38.4795 Y45.6221
G1 X37.8251 Y44.8542
G1 X37.1002 Y44.1526
G1 X36.3113 Y43.5239
G1 X35.4657 Y42.9739
G1 X34.5712 Y42.5074
G1 X33.6360 Y42.1290
G1 X32.6690 Y41.8422
G1 X31.6785 Y41.6494
G1 X30.6746 Y41.5526
G1 X29.6656
G1 X28.6617 Y41.6494
G1 X27.6713 Y41.8422
G1 X26.7043 Y42.1290
G1 X25.7690 Y42.5075
G1 X24.8745 Y42.9738
G1 X24.0289 Y43.5239
G1 X23.2400 Y44.1527
G1 X22.5151 Y44.8541
G1 X21.8607 Y45.6222
G1 X21.2833 Y46.4492
G1 X20.7877 Y47.3280
G1 X20.3789 Y48.2502
G1 X20.0605 Y49.2073
G1 X19.8353 Y50.1908
G1 X19.7056 Y51.1913
G1 X19.6725 Y52.1994
G1 X19.7363 Y53.2063
G1 X19.8965 Y54.2021
G1 X20.1515 Y55.1783
G1 X20.4991 Y56.1254
G1 X20.9358 Y57.0345
G1 X21.4580 Y57.8979
G1 X22.0605 Y58.7070
G1 X22.7378 Y59.4546
G1 X23.4837 Y60.1336
G1 X24.2916 Y60.7381
G1 X25.1535 Y61.2620
G1 X26.6701 Y61.9949
G1 Y89.5020
G00 Z4.9900
G00 X10.9308 Y93.0117
G1 Z0.0900 F150
G1 X10.8817 Y92.8932 Z0.0674
G1 X10.8036 Y92.7914 Z0.0448
G1 X10.7018 Y92.7134 Z0.0221
G1 X10.5833 Y92.6643 Z-0.0005
G1 X10.4561 Y92.6475 Z-0.0231
G1 X10.3290 Y92.6643 Z-0.0457
G1 X10.2104 Y92.7134 Z-0.0683
G1 X10.1087 Y92.7914 Z-0.0909
G1 X10.0306 Y92.8932 Z-0.1136
G1 X9.9815 Y93.0118 Z-0.1362
G1 X9.9647 Y93.1389 Z-0.1588
G1 X9.9815 Y93.2660 Z-0.1814
G1 X10.0306 Y93.3846 Z-0.2040
G1 X10.1087 Y93.4864 Z-0.2267
G1 X10.2104 Y93.5644 Z-0.2493
G1 X10.3290 Y93.6135 Z-0.2719
G1 X10.4561 Y93.6303 Z-0.2945
G1 X10.5833 Y93.6135 Z-0.3171
G1 X10.7018 Y93.5644 Z-0.3397
G1 X10.8036 Y93.4863 Z-0.3624
G1 X10.8817 Y93.3846 Z-0.3850
G1 X10.9308 Y93.2661 Z-0.4076
G1 X10.9475 Y93.1389 Z-0.4302
G1 X10.9308 Y93.0117 Z-0.4528
G1 X10.8817 Y92.8932 Z-0.4755
G1 X10.8036 Y92.7914 Z-0.4981
G1 X10.7018 Y92.7134 Z-0.5207
G1 X10.5833 Y92.6643 Z-0.5433
G1 X10.4561 Y92.6475 Z-0.5659
G1 X10.3290 Y92.6643 Z-0.5885
G1 X10.2104 Y92.7134 Z-0.6112
G1 X10.1087 Y92.7914 Z-0.6338
G1 X10.0306 Y92.8932 Z-0.6564
G1 X9.9815 Y93.0118 Z-0.6790
G1 X9.9647 Y93.1389 Z-0.7016
G1 X9.9815 Y93.2660 Z-0.7242
G1 X10.0306 Y93.3846 Z-0.7469
G1 X10.1087 Y93.4864 Z-0.7695
G1 X10.2104 Y93.5644 Z-0.7921
G1 X10.3290 Y93.6135 Z-0.8147
G1 X10.4561 Y93.6303 Z-0.8373
G1 X10.5833 Y93.6135 Z-0.8600
G1 X10.7018 Y93.5644 Z-0.8826
G1 X10.8036 Y93.4863 Z-0.9052
G1 X10.8817 Y93.3846 Z-0.9278
G1 X10.9308 Y93.2661 Z-0.9504
G1 X10.9475 Y93.1389 Z-0.9731
G1 X10.9308 Y93.0117 Z-0.9957
G1 X10.8817 Y92.8932 Z-1.0183
G1 X10.8036 Y92.7914 Z-1.0409
G1 X10.7018 Y92.7134 Z-1.0635
G1 X10.5833 Y92.6643 Z-1.0861
G1 X10.4561 Y92.6475 Z-1.1088
G1 X10.3290 Y92.6643 Z-1.1314
G1 X10.2104 Y92.7134 Z-1.1540
G1 X10.1087 Y92.7914 Z-1.1766
G1 X10.0306 Y92.8932 Z-1.1992
G1 X9.9815 Y93.0118 Z-1.2219
G1 X9.9647 Y93.1389 Z-1.2445
G1 X9.9815 Y93.2660 Z-1.2671
G1 X10.0306 Y93.3846 Z-1.2897
G1 X10.1087 Y93.4864 Z-1.3123
G1 X10.2104 Y93.5644 Z-1.3349
G1 X10.3290 Y93.6135 Z-1.3576
G1 X10.4561 Y93.6303 Z-1.3802
G1 X10.5833 Y93.6135 Z-1.4028
G1 X10.7018 Y93.5644 Z-1.4254
G1 X10.8036 Y93.4863 Z-1.4480
G1 X10.8817 Y93.3846 Z-1.4707
G1 X10.9308 Y93.2661 Z-1.4933
G1 X10.9475 Y93.1389 Z-1.5159
G1 X10.9308 Y93.0117 Z-1.5385
G1 X10.8817 Y92.8932 Z-1.5611
G1 X10.8036 Y92.7914 Z-1.5837
G1 X10.7018 Y92.7134 Z-1.6064
G1 X10.5833 Y92.6643 Z-1.6290
G1 X10.4561 Y92.6475 Z-1.6516
G1 X10.3290 Y92.6643 Z-1.6742
G1 X10.2104 Y92.7134 Z-1.6968
G1 X10.1087 Y92.7914 Z-1.7195
G1 X10.0306 Y92.8932 Z-1.7421
G1 X9.9815 Y93.0118 Z-1.7647
G1 X9.9647 Y93.1389 Z-1.7873
G1 X9.9815 Y93.2660 Z-1.8099
G1 X10.0306 Y93.3846 Z-1.8325
G1 X10.1087 Y93.4864 Z-1.8552
G1 X10.2104 Y93.5644 Z-1.8778
G1 X10.3290 Y93.6135 Z-1.9004
G1 X10.4561 Y93.6303 Z-1.9230
G1 X10.5833 Y93.6135 Z-1.9456
G1 X10.7018 Y93.5644 Z-1.9683
G1 X10.8036 Y93.4863 Z-1.9909
G1 X10.8817 Y93.3846 Z-2.0135
G1 X10.9308 Y93.2661 Z-2.0361
G1 X10.9475 Y93.1389 Z-2.0587
G1 X10.9308 Y93.0117 Z-2.0813
G1 X10.8817 Y92.8932 Z-2.1040
G1 X10.8036 Y92.7914 Z-2.1266
G1 X10.7018 Y92.7134 Z-2.1492
G1 X10.5833 Y92.6643 Z-2.1718
G1 X10.4561 Y92.6475 Z-2.1944
G1 X10.3290 Y92.6643 Z-2.2170
G1 X10.2104 Y92.7134 Z-2.2397
G1 X10.1087 Y92.7914 Z-2.2623
G1 X10.0306 Y92.8932 Z-2.2849
G1 X9.9815 Y93.0118 Z-2.3075
G1 X9.9647 Y93.1389 Z-2.3301
G1 X9.9815 Y93.2660 Z-2.3528
G1 X10.0306 Y93.3846 Z-2.3754
G1 X10.1087 Y93.4864 Z-2.3980
G1 X10.2104 Y93.5644 Z-2.4206
G1 X10.3290 Y93.6135 Z-2.4432
G1 X10.4561 Y93.6303 Z-2.4658
G1 X10.5833 Y93.6135 Z-2.4885
G1 X10.7018 Y93.5644 Z-2.5111
G1 X10.8036 Y93.4863 Z-2.5337
G1 X10.8817 Y93.3846 Z-2.5563
G1 X10.9308 Y93.2661 Z-2.5789
G1 X10.9475 Y93.1389 Z-2.6016
G1 X10.9308 Y93.0117 Z-2.6242
G1 X10.8817 Y92.8932 Z-2.6468
G1 X10.8036 Y92.7914 Z-2.6694
G1 X10.7018 Y92.7134 Z-2.6920
G1 X10.5833 Y92.6643 Z-2.7147
G1 X10.4561 Y92.6475 Z-2.7373
G1 X10.3290 Y92.6643 Z-2.7599
G1 X10.2104 Y92.7134 Z-2.7825
G1 X10.1087 Y92.7914 Z-2.8051
G1 X10.0306 Y92.8932 Z-2.8277
G1 X9.9815 Y93.0118 Z-2.8504
G1 X9.9647 Y93.1389 Z-2.8730
G1 X9.9815 Y93.2660 Z-2.8956
G1 X10.0306 Y93.3846 Z-2.9182
G1 X10.1087 Y93.4864 Z-2.9408
G1 X10.2104 Y93.5644 Z-2.9634
G1 X10.3290 Y93.6135 Z-2.9861
G1 X10.4561 Y93.6303 Z-3.0087
G1 X10.5833 Y93.6135 Z-3.0313
G1 X10.7018 Y93.5644 Z-3.0539
G1 X10.8036 Y93.4863 Z-3.0765
G1 X10.8817 Y93.3846 Z-3.0992
G1 X10.9308 Y93.2661 Z-3.1218
G1 X10.9475 Y93.1389 Z-3.1444
G1 X10.9308 Y93.0117 Z-3.1670
G1 X10.8817 Y92.8932 Z-3.1896
G1 X10.8036 Y92.7914 Z-3.2122
G1 X10.7018 Y92.7134 Z-3.2349
G1 X10.5833 Y92.6643 Z-3.2575
G1 X10.4561 Y92.6475 Z-3.2801
G1 X10.3290 Y92.6643 Z-3.3027
G1 X10.2104 Y92.7134 Z-3.3253
G1 X10.1087 Y92.7914 Z-3.3480
G1 X10.0306 Y92.8932 Z-3.3706
G1 X9.9815 Y93.0118 Z-3.3932
G1 X9.9647 Y93.1389 Z-3.4158
G1 X9.9815 Y93.2660 Z-3.4384
G1 X10.0306 Y93.3846 Z-3.4610
G1 X10.1087 Y93.4864 Z-3.4837
G1 X10.2104 Y93.5644 Z-3.5063
G1 X10.3290 Y93.6135 Z-3.5100
G1 X10.4561 Y93.6303 F480
G1 X10.5833 Y93.6135
G1 X10.7018 Y93.5644
G1 X10.8036 Y93.4863
G1 X10.8817 Y93.3846
G1 X10.9308 Y93.2661
G1 X10.9475 Y93.1389
G1 X10.9308 Y93.0117
G1 X10.8817 Y92.8932
G1 X10.8036 Y92.7914
G1 X10.7018 Y92.7134
G1 X10.5833 Y92.6643
G1 X10.4561 Y92.6475
G1 X10.3290 Y92.6643
G1 X10.2104 Y92.7134
G1 X10.1087 Y92.7914
G1 X10.0306 Y92.8932
G1 X9.9815 Y93.0118
G1 X9.9647 Y93.1389
G1 X9.9815 Y93.2660
G1 X10.0306 Y93.3846
G1 X10.1087 Y93.4864
G1 X10.2104 Y93.5644
G1 X10.3290 Y93.6135
G00 Z4.9900
G00 X49.1402 Y46.6228
G1 Z0.0900 F150
G1 X49.3794 Y46.8079 Z0.0367
G1 X49.6509 Y46.9411 Z-0.0167
G1 X49.9437 Y47.0169 Z-0.0700
G1 X50.2459 Y47.0322 Z-0.1233
G1 X50.5448 Y46.9864 Z-0.1767
G1 X50.8284 Y46.8814 Z-0.2300
G1 X51.0851 Y46.7214 Z-0.2833
G1 X51.3043 Y46.5130 Z-0.3367
G1 X51.4771 Y46.2648 Z-0.3900
G1 X51.5964 Y45.9868 Z-0.4433
G1 X51.6573 Y45.6905 Z-0.4967
G1 Y45.3881 Z-0.5500
G1 X51.5964 Y45.0918 Z-0.6033
G1 X51.4771 Y44.8138 Z-0.6567
G1 X51.3043 Y44.5656 Z-0.7100
G1 X51.0851 Y44.3572 Z-0.7633
G1 X50.8284 Y44.1972 Z-0.8167
G1 X50.5448 Y44.0922 Z-0.8700
G1 X50.2458 Y44.0464 Z-0.9233
G1 X49.9437 Y44.0617 Z-0.9766
G1 X49.6509 Y44.1375 Z-1.0300
G1 X49.3794 Y44.2707 Z-1.0833
G1 X49.1402 Y44.4558 Z-1.1366
G1 X48.9432 Y44.6854 Z-1.1900
G1 X48.7964 Y44.9498 Z-1.2433
G1 X48.7059 Y45.2384 Z-1.2966
G1 X48.6752 Y45.5393 Z-1.3500
G1 X48.7059 Y45.8402 Z-1.4033
G1 X48.7964 Y46.1288 Z-1.4566
G1 X48.9432 Y46.3933 Z-1.5100
G1 X49.1402 Y46.6228 Z-1.5633
G1 X49.3794 Y46.8079 Z-1.6166
G1 X49.6509 Y46.9411 Z-1.6700
G1 X49.9437 Y47.0169 Z-1.7233
G1 X50.2459 Y47.0322 Z-1.7766
G1 X50.5448 Y46.9864 Z-1.8300
G1 X50.8284 Y46.8814 Z-1.8833
G1 X51.0851 Y46.7214 Z-1.9366
G1 X51.3043 Y46.5130 Z-1.9900
G1 X51.4771 Y46.2648 Z-2.0433
G1 X51.5964 Y45.9868 Z-2.0966
G1 X51.6573 Y45.6905 Z-2.1500
G1 Y45.3881 Z-2.2033
G1 X51.5964 Y45.0918 Z-2.2566
G1 X51.4771 Y44.8138 Z-2.3099
G1 X51.3043 Y44.5656 Z-2.3633
G1 X51.0851 Y44.3572 Z-2.4166
G1 X50.8284 Y44.1972 Z-2.4699
G1 X50.5448 Y44.0922 Z-2.5233
G1 X50.2458 Y44.0464 Z-2.5766
G1 X49.9437 Y44.0617 Z-2.6299
G1 X49.6509 Y44.1375 Z-2.6833
G1 X49.3794 Y44.2707 Z-2.7366
G1 X49.1402 Y44.4558 Z-2.7899
G1 X48.9432 Y44.6854 Z-2.8433
G1 X48.7964 Y44.9498 Z-2.8966
G1 X48.7059 Y45.2384 Z-2.9499
G1 X48.6752 Y45.5393 Z-3.0033
G1 X48.7059 Y45.8402 Z-3.0566
G1 X48.7964 Y46.1288 Z-3.1099
G1 X48.9432 Y46.3933 Z-3.1633
G1 X49.1402 Y46.6228 Z-3.2166
G1 X49.3794 Y46.8079 Z-3.2699
G1 X49.6509 Y46.9411 Z-3.3232
G1 X49.9437 Y47.0169 Z-3.3766
G1 X50.2459 Y47.0322 Z-3.4299
G1 X50.5448 Y46.9864 Z-3.4833
G1 X50.8284 Y46.8814 Z-3.5100
G1 X51.0851 Y46.7214 F480
G1 X51.3043 Y46.5130
G1 X51.4771 Y46.2648
G1 X51.5964 Y45.9868
G1 X51.6573 Y45.6905
G1 Y45.3881
G1 X51.5964 Y45.0918
G1 X51.4771 Y44.8138
G1 X51.3043 Y44.5656
G1 X51.0851 Y44.3572
G1 X50.8284 Y44.1972
G1 X50.5448 Y44.0922
G1 X50.2458 Y44.0464
G1 X49.9437 Y44.0617
G1 X49.6509 Y44.1375
G1 X49.3794 Y44.2707
G1 X49.1402 Y44.4558
G1 X48.9432 Y44.6854
G1 X48.7964 Y44.9498
G1 X48.7059 Y45.2384
G1 X48.6752 Y45.5393
G1 X48.7059 Y45.8402
G1 X48.7964 Y46.1288
G1 X48.9432 Y46.3933
G1 X49.1402 Y46.6228
G1 X49.3794 Y46.8079
G1 X49.6509 Y46.9411
G1 X49.9437 Y47.0169
G1 X50.2459 Y47.0322
G1 X50.5448 Y46.9864
G1 X50.8284 Y46.8814
G00 Z4.9900
G00 X50.2458 Y37.0322
G1 Z0.0900 F150
G1 X50.5448 Y36.9864 Z0.0367
G1 X50.8284 Y36.8814 Z-0.0167
G1 X51.0851 Y36.7214 Z-0.0700
G1 X51.3044 Y36.5130 Z-0.1233
G1 X51.4771 Y36.2648 Z-0.1767
G1 X51.5964 Y35.9868 Z-0.2300
G1 X51.6573 Y35.6905 Z-0.2833
G1 Y35.3881 Z-0.3366
G1 X51.5964 Y35.0918 Z-0.3900
G1 X51.4771 Y34.8139 Z-0.4433
G1 X51.3043 Y34.5656 Z-0.4967
G1 X51.0851 Y34.3572 Z-0.5500
G1 X50.8284 Y34.1972 Z-0.6033
G1 X50.5448 Y34.0922 Z-0.6566
G1 X50.2459 Y34.0464 Z-0.7100
G1 X49.9438 Y34.0617 Z-0.7633
G1 X49.6509 Y34.1375 Z-0.8166
G1 X49.3794 Y34.2707 Z-0.8700
G1 X49.1402 Y34.4559 Z-0.9233
G1 X48.9432 Y34.6854 Z-0.9766
G1 X48.7964 Y34.9498 Z-1.0300
G1 X48.7059 Y35.2384 Z-1.0833
G1 X48.6752 Y35.5392 Z-1.1366
G1 X48.7059 Y35.8402 Z-1.1900
G1 X48.7964 Y36.1288 Z-1.2433
G1 X48.9432 Y36.3933 Z-1.2966
G1 X49.1402 Y36.6227 Z-1.3500
G1 X49.3794 Y36.8079 Z-1.4033
G1 X49.6509 Y36.9411 Z-1.4566
G1 X49.9437 Y37.0169 Z-1.5100
G1 X50.2458 Y37.0322 Z-1.5633
G1 X50.5448 Y36.9864 Z-1.6166
G1 X50.8284 Y36.8814 Z-1.6699
G1 X51.0851 Y36.7214 Z-1.7233
G1 X51.3044 Y36.5130 Z-1.7766
G1 X51.4771 Y36.2648 Z-1.8299
G1 X51.5964 Y35.9868 Z-1.8833
G1 X51.6573 Y35.6905 Z-1.9366
G1 Y35.3881 Z-1.9899
G1 X51.5964 Y35.0918 Z-2.0433
G1 X51.4771 Y34.8139 Z-2.0966
G1 X51.3043 Y34.5656 Z-2.1499
G1 X51.0851 Y34.3572 Z-2.2033
G1 X50.8284 Y34.1972 Z-2.2566
G1 X50.5448 Y34.0922 Z-2.3099
G1 X50.2459 Y34.0464 Z-2.3633
G1 X49.9438 Y34.0617 Z-2.4166
G1 X49.6509 Y34.1375 Z-2.4699
G1 X49.3794 Y34.2707 Z-2.5233
G1 X49.1402 Y34.4559 Z-2.5766
G1 X48.9432 Y34.6854 Z-2.6299
G1 X48.7964 Y34.9498 Z-2.6833
G1 X48.7059 Y35.2384 Z-2.7366
G1 X48.6752 Y35.5392 Z-2.7899
G1 X48.7059 Y35.8402 Z-2.8433
G1 X48.7964 Y36.1288 Z-2.8966
G1 X48.9432 Y36.3933 Z-2.9499
G1 X49.1402 Y36.6227 Z-3.0033
G1 X49.3794 Y36.8079 Z-3.0566
G1 X49.6509 Y36.9411 Z-3.1099
G1 X49.9437 Y37.0169 Z-3.1632
G1 X50.2458 Y37.0322 Z-3.2166
G1 X50.5448 Y36.9864 Z-3.2699
G1 X50.8284 Y36.8814 Z-3.3232
G1 X51.0851 Y36.7214 Z-3.3766
G1 X51.3044 Y36.5130 Z-3.4299
G1 X51.4771 Y36.2648 Z-3.4832
G1 X51.5964 Y35.9868 Z-3.5100
G1 X51.6573 Y35.6905 F480
G1 Y35.3881
G1 X51.5964 Y35.0918
G1 X51.4771 Y34.8139
G1 X51.3043 Y34.5656
G1 X51.0851 Y34.3572
G1 X50.8284 Y34.1972
G1 X50.5448 Y34.0922
G1 X50.2459 Y34.0464
G1 X49.9438 Y34.0617
G1 X49.6509 Y34.1375
G1 X49.3794 Y34.2707
G1 X49.1402 Y34.4559
G1 X48.9432 Y34.6854
G1 X48.7964 Y34.9498
G1 X48.7059 Y35.2384
G1 X48.6752 Y35.5392
G1 X48.7059 Y35.8402
G1 X48.7964 Y36.1288
G1 X48.9432 Y36.3933
G1 X49.1402 Y36.6227
G1 X49.3794 Y36.8079
G1 X49.6509 Y36.9411
G1 X49.9437 Y37.0169
G1 X50.2458 Y37.0322
G1 X50.5448 Y36.9864
G1 X50.8284 Y36.8814
G1 X51.0851 Y36.7214
G1 X51.3044 Y36.5130
G1 X51.4771 Y36.2648
G1 X51.5964 Y35.9868
G00 Z4.9900
G00 X50.2429 Y21.4768
G1 Z0.0900 F150
G1 X50.4793 Y21.4179 Z0.0470
G1 X50.7031 Y21.3213 Z0.0041
G1 X50.9082 Y21.1897 Z-0.0389
G1 X51.0892 Y21.0265 Z-0.0819
G1 X51.2413 Y20.8362 Z-0.1248
G1 X51.3605 Y20.6236 Z-0.1678
G1 X51.4437 Y20.3946 Z-0.2108
G1 X51.4886 Y20.1550 Z-0.2537
G1 X51.4940 Y19.9114 Z-0.2967
G1 X51.4598 Y19.6701 Z-0.3397
G1 X51.3870 Y19.4376 Z-0.3827
G1 X51.2773 Y19.2199 Z-0.4256
G1 X51.1338 Y19.0230 Z-0.4686
G1 X50.9602 Y18.8520 Z-0.5116
G1 X50.7201 Y18.6823 Z-0.5634
G1 X50.5112 Y18.5535 Z-0.6067
G1 X50.3589 Y18.4864 Z-0.6360
G1 X50.2031 Y18.4554 Z-0.6640
G1 X50.0 Y18.4422 Z-0.6999
G1 X49.7969 Y18.4554 Z-0.7358
G1 X49.6411 Y18.4864 Z-0.7638
G1 X49.4884 Y18.5537 Z-0.7932
G1 X49.2801 Y18.6822 Z-0.8364
G1 X49.0397 Y18.8520 Z-0.8883
G1 X48.8662 Y19.0230 Z-0.9312
G1 X48.7227 Y19.2199 Z-0.9742
G1 X48.6130 Y19.4375 Z-1.0172
G1 X48.5401 Y19.6701 Z-1.0602
G1 X48.5059 Y19.9115 Z-1.1031
G1 X48.5114 Y20.1550 Z-1.1461
G1 X48.5563 Y20.3945 Z-1.1891
G1 X48.6394 Y20.6237 Z-1.2320
G1 X48.7587 Y20.8362 Z-1.2750
G1 X48.9108 Y21.0265 Z-1.3180
G1 X49.0918 Y21.1897 Z-1.3609
G1 X49.2969 Y21.3213 Z-1.4039
G1 X49.5206 Y21.4178 Z-1.4469
G1 X49.7571 Y21.4768 Z-1.4898
G1 X50.0 Y21.4967 Z-1.5328
G1 X50.2429 Y21.4768 Z-1.5758
G1 X50.4793 Y21.4179 Z-1.6188
G1 X50.7031 Y21.3213 Z-1.6617
G1 X50.9082 Y21.1897 Z-1.7047
G1 X51.0892 Y21.0265 Z-1.7477
G1 X51.2413 Y20.8362 Z-1.7906
G1 X51.3605 Y20.6236 Z-1.8336
G1 X51.4437 Y20.3946 Z-1.8766
G1 X51.4886 Y20.1550 Z-1.9196
G1 X51.4940 Y19.9114 Z-1.9625
G1 X51.4598 Y19.6701 Z-2.0055
G1 X51.3870 Y19.4376 Z-2.0485
G1 X51.2773 Y19.2199 Z-2.0914
G1 X51.1338 Y19.0230 Z-2.1344
G1 X50.9602 Y18.8520 Z-2.1774
G1 X50.7201 Y18.6823 Z-2.2292
G1 X50.5112 Y18.5535 Z-2.2725
G1 X50.3589 Y18.4864 Z-2.3018
G1 X50.2031 Y18.4554 Z-2.3298
G1 X50.0 Y18.4422 Z-2.3657
G1 X49.7969 Y18.4554 Z-2.4016
G1 X49.6411 Y18.4864 Z-2.4296
G1 X49.4884 Y18.5537 Z-2.4590
G1 X49.2801 Y18.6822 Z-2.5022
G1 X49.0397 Y18.8520 Z-2.5541
G1 X48.8662 Y19.0230 Z-2.5970
G1 X48.7227 Y19.2199 Z-2.6400
G1 X48.6130 Y19.4375 Z-2.6830
G1 X48.5401 Y19.6701 Z-2.7260
G1 X48.5059 Y19.9115 Z-2.7689
G1 X48.5114 Y20.1550 Z-2.8119
G1 X48.5563 Y20.3945 Z-2.8549
G1 X48.6394 Y20.6237 Z-2.8978
G1 X48.7587 Y20.8362 Z-2.9408
G1 X48.9108 Y21.0265 Z-2.9838
G1 X49.0918 Y21.1897 Z-3.0267
G1 X49.2969 Y21.3213 Z-3.0697
G1 X49.5206 Y21.4178 Z-3.1127
G1 X49.7571 Y21.4768 Z-3.1557
G1 X50.0 Y21.4967 Z-3.1986
G1 X50.2429 Y21.4768 Z-3.2416
G1 X50.4793 Y21.4179 Z-3.2846
G1 X50.7031 Y21.3213 Z-3.3275
G1 X50.9082 Y21.1897 Z-3.3705
G1 X51.0892 Y21.0265 Z-3.4135
G1 X51.2413 Y20.8362 Z-3.4564
G1 X51.3605 Y20.6236 Z-3.4994
G1 X51.4437 Y20.3946 Z-3.5100
G1 X51.4886 Y20.1550 F480
G1 X51.4940 Y19.9114
G1 X51.4598 Y19.6701
G1 X51.3870 Y19.4376
G1 X51.2773 Y19.2199
G1 X51.1338 Y19.0230
G1 X50.9602 Y18.8520
G1 X50.7201 Y18.6823
G1 X50.5112 Y18.5535
G1 X50.3589 Y18.4864
G1 X50.2031 Y18.4554
G1 X50.0 Y18.4422
G1 X49.7969 Y18.4554
G1 X49.6411 Y18.4864
G1 X49.4884 Y18.5537
G1 X49.2801 Y18.6822
G1 X49.0397 Y18.8520
G1 X48.8662 Y19.0230
G1 X48.7227 Y19.2199
G1 X48.6130 Y19.4375
G1 X48.5401 Y19.6701
G1 X48.5059 Y19.9115
G1 X48.5114 Y20.1550
G1 X48.5563 Y20.3945
G1 X48.6394 Y20.6237
G1 X48.7587 Y20.8362
G1 X48.9108 Y21.0265
G1 X49.0918 Y21.1897
G1 X49.2969 Y21.3213
G1 X49.5206 Y21.4178
G1 X49.7571 Y21.4768
G1 X50.0 Y21.4967
G1 X50.2429 Y21.4768
G1 X50.4793 Y21.4179
G1 X50.7031 Y21.3213
G1 X50.9082 Y21.1897
G1 X51.0892 Y21.0265
G1 X51.2413 Y20.8362
G1 X51.3605 Y20.6236
G1 X51.4437 Y20.3946
G00 Z4.9900
G00 X50.2429 Y11.4768
G1 Z0.0900 F150
G1 X50.4793 Y11.4178 Z0.0470
G1 X50.7031 Y11.3213 Z0.0041
G1 X50.9081 Y11.1897 Z-0.0389
G1 X51.0892 Y11.0265 Z-0.0819
G1 X51.2413 Y10.8362 Z-0.1248
G1 X51.3605 Y10.6237 Z-0.1678
G1 X51.4437 Y10.3945 Z-0.2108
G1 X51.4886 Y10.1550 Z-0.2537
G1 X51.4940 Y9.9114 Z-0.2967
G1 X51.4598 Y9.6701 Z-0.3397
G1 X51.3870 Y9.4376 Z-0.3827
G1 X51.2773 Y9.2199 Z-0.4256
G1 X51.1338 Y9.0230 Z-0.4686
G1 X50.9602 Y8.8520 Z-0.5116
G1 X50.7200 Y8.6823 Z-0.5634
G1 X50.5112 Y8.5536 Z-0.6067
G1 X50.3589 Y8.4864 Z-0.6360
G1 X50.2031 Y8.4554 Z-0.6640
G1 X50.0 Y8.4422 Z-0.6999
G1 X49.7969 Y8.4554 Z-0.7358
G1 X49.6411 Y8.4864 Z-0.7638
G1 X49.4884 Y8.5537 Z-0.7932
G1 X49.2800 Y8.6822 Z-0.8364
G1 X49.0397 Y8.8520 Z-0.8883
G1 X48.8662 Y9.0230 Z-0.9312
G1 X48.7227 Y9.2199 Z-0.9742
G1 X48.6130 Y9.4375 Z-1.0172
G1 X48.5401 Y9.6701 Z-1.0602
G1 X48.5059 Y9.9115 Z-1.1031
G1 X48.5114 Y10.1550 Z-1.1461
G1 X48.5563 Y10.3946 Z-1.1891
G1 X48.6394 Y10.6236 Z-1.2320
G1 X48.7587 Y10.8362 Z-1.2750
G1 X48.9108 Y11.0265 Z-1.3180
G1 X49.0919 Y11.1897 Z-1.3610
G1 X49.2969 Y11.3213 Z-1.4039
G1 X49.5206 Y11.4178 Z-1.4469
G1 X49.7571 Y11.4768 Z-1.4898
G1 X50.0 Y11.4967 Z-1.5328
G1 X50.2429 Y11.4768 Z-1.5758
G1 X50.4793 Y11.4178 Z-1.6188
G1 X50.7031 Y11.3213 Z-1.6617
G1 X50.9081 Y11.1897 Z-1.7047
G1 X51.0892 Y11.0265 Z-1.7477
G1 X51.2413 Y10.8362 Z-1.7906
G1 X51.3605 Y10.6237 Z-1.8336
G1 X51.4437 Y10.3945 Z-1.8766
G1 X51.4886 Y10.1550 Z-1.9195
G1 X51.4940 Y9.9114 Z-1.9625
G1 X51.4598 Y9.6701 Z-2.0055
G1 X51.3870 Y9.4376 Z-2.0485
G1 X51.2773 Y9.2199 Z-2.0914
G1 X51.1338 Y9.0230 Z-2.1344
G1 X50.9602 Y8.8520 Z-2.1774
G1 X50.7200 Y8.6823 Z-2.2292
G1 X50.5112 Y8.5536 Z-2.2725
G1 X50.3589 Y8.4864 Z-2.3018
G1 X50.2031 Y8.4554 Z-2.3298
G1 X50.0 Y8.4422 Z-2.3657
G1 X49.7969 Y8.4554 Z-2.4016
G1 X49.6411 Y8.4864 Z-2.4296
G1 X49.4884 Y8.5537 Z-2.4590
G1 X49.2800 Y8.6822 Z-2.5022
G1 X49.0397 Y8.8520 Z-2.5541
G1 X48.8662 Y9.0230 Z-2.5970
G1 X48.7227 Y9.2199 Z-2.6400
G1 X48.6130 Y9.4375 Z-2.6830
G1 X48.5401 Y9.6701 Z-2.7260
G1 X48.5059 Y9.9115 Z-2.7689
G1 X48.5114 Y10.1550 Z-2.8119
G1 X48.5563 Y10.3946 Z-2.8549
G1 X48.6394 Y10.6236 Z-2.8978
G1 X48.7587 Y10.8362 Z-2.9408
G1 X48.9108 Y11.0265 Z-2.9838
G1 X49.0919 Y11.1897 Z-3.0268
G1 X49.2969 Y11.3213 Z-3.0697
G1 X49.5206 Y11.4178 Z-3.1127
G1 X49.7571 Y11.4768 Z-3.1556
G1 X50.0 Y11.4967 Z-3.1986
G1 X50.2429 Y11.4768 Z-3.2416
G1 X50.4793 Y11.4178 Z-3.2846
G1 X50.7031 Y11.3213 Z-3.3275
G1 X50.9081 Y11.1897 Z-3.3705
G1 X51.0892 Y11.0265 Z-3.4135
G1 X51.2413 Y10.8362 Z-3.4564
G1 X51.3605 Y10.6237 Z-3.4994
G1 X51.4437 Y10.3945 Z-3.5100
G1 X51.4886 Y10.1550 F480
G1 X51.4940 Y9.9114
G1 X51.4598 Y9.6701
G1 X51.3870 Y9.4376
G1 X51.2773 Y9.2199
G1 X51.1338 Y9.0230
G1 X50.9602 Y8.8520
G1 X50.7200 Y8.6823
G1 X50.5112 Y8.5536
G1 X50.3589 Y8.4864
G1 X50.2031 Y8.4554
G1 X50.0 Y8.4422
G1 X49.7969 Y8.4554
G1 X49.6411 Y8.4864
G1 X49.4884 Y8.5537
G1 X49.2800 Y8.6822
G1 X49.0397 Y8.8520
G1 X48.8662 Y9.0230
G1 X48.7227 Y9.2199
G1 X48.6130 Y9.4375
G1 X48.5401 Y9.6701
G1 X48.5059 Y9.9115
G1 X48.5114 Y10.1550
G1 X48.5563 Y10.3946
G1 X48.6394 Y10.6236
G1 X48.7587 Y10.8362
G1 X48.9108 Y11.0265
G1 X49.0919 Y11.1897
G1 X49.2969 Y11.3213
G1 X49.5206 Y11.4178
G1 X49.7571 Y11.4768
G1 X50.0 Y11.4967
G1 X50.2429 Y11.4768
G1 X50.4793 Y11.4178
G1 X50.7031 Y11.3213
G1 X50.9081 Y11.1897
G1 X51.0892 Y11.0265
G1 X51.2413 Y10.8362
G1 X51.3605 Y10.6237
G1 X51.4437 Y10.3945
G00 Z4.9900
G00 X11.4941 Y9.9114
G1 Z0.0900 F150
G1 X11.4599 Y9.6701 Z0.0470
G1 X11.3870 Y9.4376 Z0.0041
G1 X11.2773 Y9.2199 Z-0.0389
G1 X11.1338 Y9.0230 Z-0.0819
G1 X10.9602 Y8.8520 Z-0.1248
G1 X10.7200 Y8.6823 Z-0.1767
G1 X10.5113 Y8.5536 Z-0.2199
G1 X10.3589 Y8.4864 Z-0.2493
G1 X10.2031 Y8.4554 Z-0.2773
G1 X10.0 Y8.4422 Z-0.3132
G1 X9.7969 Y8.4554 Z-0.3491
G1 X9.6412 Y8.4864 Z-0.3771
G1 X9.4884 Y8.5538 Z-0.4065
G1 X9.2800 Y8.6823 Z-0.4497
G1 X9.0398 Y8.8519 Z-0.5016
G1 X8.8662 Y9.0230 Z-0.5445
G1 X8.7227 Y9.2199 Z-0.5875
G1 X8.6130 Y9.4376 Z-0.6305
G1 X8.5401 Y9.6701 Z-0.6734
G1 X8.5060 Y9.9114 Z-0.7164
G1 X8.5114 Y10.1550 Z-0.7594
G1 X8.5563 Y10.3945 Z-0.8023
G1 X8.6395 Y10.6237 Z-0.8453
G1 X8.7587 Y10.8362 Z-0.8883
G1 X8.9108 Y11.0265 Z-0.9312
G1 X9.0919 Y11.1897 Z-0.9742
G1 X9.2969 Y11.3213 Z-1.0172
G1 X9.5206 Y11.4178 Z-1.0602
G1 X9.7571 Y11.4768 Z-1.1031
G1 X10.0 Y11.4967 Z-1.1461
G1 X10.2429 Y11.4768 Z-1.1891
G1 X10.4794 Y11.4178 Z-1.2321
G1 X10.7030 Y11.3213 Z-1.2750
G1 X10.9082 Y11.1897 Z-1.3180
G1 X11.0892 Y11.0265 Z-1.3610
G1 X11.2413 Y10.8362 Z-1.4039
G1 X11.3606 Y10.6236 Z-1.4469
G1 X11.4437 Y10.3945 Z-1.4899
G1 X11.4886 Y10.1550 Z-1.5328
G1 X11.4941 Y9.9114 Z-1.5758
G1 X11.4599 Y9.6701 Z-1.6188
G1 X11.3870 Y9.4376 Z-1.6617
G1 X11.2773 Y9.2199 Z-1.7047
G1 X11.1338 Y9.0230 Z-1.7477
G1 X10.9602 Y8.8520 Z-1.7907
G1 X10.7200 Y8.6823 Z-1.8425
G1 X10.5113 Y8.5536 Z-1.8857
G1 X10.3589 Y8.4864 Z-1.9151
G1 X10.2031 Y8.4554 Z-1.9431
G1 X10.0 Y8.4422 Z-1.9790
G1 X9.7969 Y8.4554 Z-2.0149
G1 X9.6412 Y8.4864 Z-2.0429
G1 X9.4884 Y8.5538 Z-2.0723
G1 X9.2800 Y8.6823 Z-2.1155
G1 X9.0398 Y8.8519 Z-2.1674
G1 X8.8662 Y9.0230 Z-2.2103
G1 X8.7227 Y9.2199 Z-2.2533
G1 X8.6130 Y9.4376 Z-2.2963
G1 X8.5401 Y9.6701 Z-2.3392
G1 X8.5060 Y9.9114 Z-2.3822
G1 X8.5114 Y10.1550 Z-2.4252
G1 X8.5563 Y10.3945 Z-2.4681
G1 X8.6395 Y10.6237 Z-2.5111
G1 X8.7587 Y10.8362 Z-2.5541
G1 X8.9108 Y11.0265 Z-2.5970
G1 X9.0919 Y11.1897 Z-2.6400
G1 X9.2969 Y11.3213 Z-2.6830
G1 X9.5206 Y11.4178 Z-2.7260
G1 X9.7571 Y11.4768 Z-2.7689
G1 X10.0 Y11.4967 Z-2.8119
G1 X10.2429 Y11.4768 Z-2.8549
G1 X10.4794 Y11.4178 Z-2.8979
G1 X10.7030 Y11.3213 Z-2.9408
G1 X10.9082 Y11.1897 Z-2.9838
G1 X11.0892 Y11.0265 Z-3.0268
G1 X11.2413 Y10.8362 Z-3.0697
G1 X11.3606 Y10.6236 Z-3.1127
G1 X11.4437 Y10.3945 Z-3.1557
G1 X11.4886 Y10.1550 Z-3.1986
G1 X11.4941 Y9.9114 Z-3.2416
G1 X11.4599 Y9.6701 Z-3.2846
G1 X11.3870 Y9.4376 Z-3.3275
G1 X11.2773 Y9.2199 Z-3.3705
G1 X11.1338 Y9.0230 Z-3.4135
G1 X10.9602 Y8.8520 Z-3.4565
G1 X10.7200 Y8.6823 Z-3.5083
G1 X10.5113 Y8.5536 Z-3.5100
G1 X10.3589 Y8.4864 F480
G1 X10.2031 Y8.4554
G1 X10.0 Y8.4422
G1 X9.7969 Y8.4554
G1 X9.6412 Y8.4864
G1 X9.4884 Y8.5538
G1 X9.2800 Y8.6823
G1 X9.0398 Y8.8519
G1 X8.8662 Y9.0230
G1 X8.7227 Y9.2199
G1 X8.6130 Y9.4376
G1 X8.5401 Y9.6701
G1 X8.5060 Y9.9114
G1 X8.5114 Y10.1550
G1 X8.5563 Y10.3945
G1 X8.6395 Y10.6237
G1 X8.7587 Y10.8362
G1 X8.9108 Y11.0265
G1 X9.0919 Y11.1897
G1 X9.2969 Y11.3213
G1 X9.5206 Y11.4178
G1 X9.7571 Y11.4768
G1 X10.0 Y11.4967
G1 X10.2429 Y11.4768
G1 X10.4794 Y11.4178
G1 X10.7030 Y11.3213
G1 X10.9082 Y11.1897
G1 X11.0892 Y11.0265
G1 X11.2413 Y10.8362
G1 X11.3606 Y10.6236
G1 X11.4437 Y10.3945
G1 X11.4886 Y10.1550
G1 X11.4941 Y9.9114
G1 X11.4599 Y9.6701
G1 X11.3870 Y9.4376
G1 X11.2773 Y9.2199
G1 X11.1338 Y9.0230
G1 X10.9602 Y8.8520
G1 X10.7200 Y8.6823
G1 X10.5113 Y8.5536
G00 Z4.9900
G00 X10.0 Y18.4422
G1 Z0.0900 F150
G1 X9.7969 Y18.4554 Z0.0541
G1 X9.6412 Y18.4864 Z0.0261
G1 X9.4884 Y18.5538 Z-0.0033
G1 X9.2802 Y18.6822 Z-0.0465
G1 X9.0398 Y18.8520 Z-0.0984
G1 X8.8662 Y19.0230 Z-0.1413
G1 X8.7227 Y19.2199 Z-0.1843
G1 X8.6130 Y19.4376 Z-0.2273
G1 X8.5401 Y19.6701 Z-0.2702
G1 X8.5060 Y19.9114 Z-0.3132
G1 X8.5114 Y20.1550 Z-0.3562
G1 X8.5563 Y20.3946 Z-0.3991
G1 X8.6394 Y20.6236 Z-0.4421
G1 X8.7587 Y20.8362 Z-0.4851
G1 X8.9108 Y21.0265 Z-0.5281
G1 X9.0918 Y21.1897 Z-0.5710
G1 X9.2969 Y21.3213 Z-0.6140
G1 X9.5207 Y21.4178 Z-0.6570
G1 X9.7571 Y21.4768 Z-0.6999
G1 X10.0 Y21.4967 Z-0.7429
G1 X10.2429 Y21.4768 Z-0.7859
G1 X10.4794 Y21.4178 Z-0.8288
G1 X10.7030 Y21.3213 Z-0.8718
G1 X10.9082 Y21.1897 Z-0.9148
G1 X11.0892 Y21.0265 Z-0.9578
G1 X11.2413 Y20.8362 Z-1.0007
G1 X11.3606 Y20.6236 Z-1.0437
G1 X11.4437 Y20.3946 Z-1.0867
G1 X11.4886 Y20.1550 Z-1.1296
G1 X11.4941 Y19.9114 Z-1.1726
G1 X11.4599 Y19.6701 Z-1.2156
G1 X11.3870 Y19.4376 Z-1.2585
G1 X11.2773 Y19.2199 Z-1.3015
G1 X11.1338 Y19.0230 Z-1.3445
G1 X10.9602 Y18.8520 Z-1.3874
G1 X10.7200 Y18.6823 Z-1.4393
G1 X10.5113 Y18.5536 Z-1.4825
G1 X10.3589 Y18.4864 Z-1.5119
G1 X10.2031 Y18.4554 Z-1.5399
G1 X10.0 Y18.4422 Z-1.5758
G1 X9.7969 Y18.4554 Z-1.6117
G1 X9.6412 Y18.4864 Z-1.6397
G1 X9.4884 Y18.5538 Z-1.6691
G1 X9.2802 Y18.6822 Z-1.7123
G1 X9.0398 Y18.8520 Z-1.7642
G1 X8.8662 Y19.0230 Z-1.8071
G1 X8.7227 Y19.2199 Z-1.8501
G1 X8.6130 Y19.4376 Z-1.8931
G1 X8.5401 Y19.6701 Z-1.9360
G1 X8.5060 Y19.9114 Z-1.9790
G1 X8.5114 Y20.1550 Z-2.0220
G1 X8.5563 Y20.3946 Z-2.0649
G1 X8.6394 Y20.6236 Z-2.1079
G1 X8.7587 Y20.8362 Z-2.1509
G1 X8.9108 Y21.0265 Z-2.1939
G1 X9.0918 Y21.1897 Z-2.2368
G1 X9.2969 Y21.3213 Z-2.2798
G1 X9.5207 Y21.4178 Z-2.3228
G1 X9.7571 Y21.4768 Z-2.3657
G1 X10.0 Y21.4967 Z-2.4087
G1 X10.2429 Y21.4768 Z-2.4517
G1 X10.4794 Y21.4178 Z-2.4946
G1 X10.7030 Y21.3213 Z-2.5376
G1 X10.9082 Y21.1897 Z-2.5806
G1 X11.0892 Y21.0265 Z-2.6236
G1 X11.2413 Y20.8362 Z-2.6665
G1 X11.3606 Y20.6236 Z-2.7095
G1 X11.4437 Y20.3946 Z-2.7525
G1 X11.4886 Y20.1550 Z-2.7954
G1 X11.4941 Y19.9114 Z-2.8384
G1 X11.4599 Y19.6701 Z-2.8814
G1 X11.3870 Y19.4376 Z-2.9243
G1 X11.2773 Y19.2199 Z-2.9673
G1 X11.1338 Y19.0230 Z-3.0103
G1 X10.9602 Y18.8520 Z-3.0532
G1 X10.7200 Y18.6823 Z-3.1051
G1 X10.5113 Y18.5536 Z-3.1483
G1 X10.3589 Y18.4864 Z-3.1777
G1 X10.2031 Y18.4554 Z-3.2057
G1 X10.0 Y18.4422 Z-3.2416
G1 X9.7969 Y18.4554 Z-3.2775
G1 X9.6412 Y18.4864 Z-3.3055
G1 X9.4884 Y18.5538 Z-3.3349
G1 X9.2802 Y18.6822 Z-3.3781
G1 X9.0398 Y18.8520 Z-3.4300
G1 X8.8662 Y19.0230 Z-3.4729
G1 X8.7227 Y19.2199 Z-3.5100
G1 X8.6130 Y19.4376 F480
G1 X8.5401 Y19.6701
G1 X8.5060 Y19.9114
G1 X8.5114 Y20.1550
G1 X8.5563 Y20.3946
G1 X8.6394 Y20.6236
G1 X8.7587 Y20.8362
G1 X8.9108 Y21.0265
G1 X9.0918 Y21.1897
G1 X9.2969 Y21.3213
G1 X9.5207 Y21.4178
G1 X9.7571 Y21.4768
G1 X10.0 Y21.4967
G1 X10.2429 Y21.4768
G1 X10.4794 Y21.4178
G1 X10.7030 Y21.3213
G1 X10.9082 Y21.1897
G1 X11.0892 Y21.0265
G1 X11.2413 Y20.8362
G1 X11.3606 Y20.6236
G1 X11.4437 Y20.3946
G1 X11.4886 Y20.1550
G1 X11.4941 Y19.9114
G1 X11.4599 Y19.6701
G1 X11.3870 Y19.4376
G1 X11.2773 Y19.2199
G1 X11.1338 Y19.0230
G1 X10.9602 Y18.8520
G1 X10.7200 Y18.6823
G1 X10.5113 Y18.5536
G1 X10.3589 Y18.4864
G1 X10.2031 Y18.4554
G1 X10.0 Y18.4422
G1 X9.7969 Y18.4554
G1 X9.6412 Y18.4864
G1 X9.4884 Y18.5538
G1 X9.2802 Y18.6822
G1 X9.0398 Y18.8520
G1 X8.8662 Y19.0230
G1 X8.7227 Y19.2199
G1 X8.6130 Y19.4376 Z-3.5530 F150
G1 X8.5401 Y19.6701 Z-3.5959
G1 X8.5060 Y19.9114 Z-3.6389
G1 X8.5114 Y20.1550 Z-3.6819
G1 X8.5563 Y20.3946 Z-3.7249
G1 X8.6394 Y20.6236 Z-3.7678
G1 X8.7587 Y20.8362 Z-3.8108
G1 X8.9108 Y21.0265 Z-3.8538
G1 X9.0918 Y21.1897 Z-3.8967
G1 X9.2969 Y21.3213 Z-3.9397
G1 X9.5207 Y21.4178 Z-3.9827
G1 X9.7571 Y21.4768 Z-4.0100
G1 X10.0 Y21.4967 F480
G1 X10.2429 Y21.4768
G1 X10.4794 Y21.4178
G1 X10.7030 Y21.3213
G1 X10.9082 Y21.1897
G1 X11.0892 Y21.0265
G1 X11.2413 Y20.8362
G1 X11.3606 Y20.6236
G1 X11.4437 Y20.3946
G1 X11.4886 Y20.1550
G1 X11.4941 Y19.9114
G1 X11.4599 Y19.6701
G1 X11.3870 Y19.4376
G1 X11.2773 Y19.2199
G1 X11.1338 Y19.0230
G1 X10.9602 Y18.8520
G1 X10.7200 Y18.6823
G1 X10.5113 Y18.5536
G1 X10.3589 Y18.4864
G1 X10.2031 Y18.4554
G1 X10.0 Y18.4422
G1 X9.7969 Y18.4554
G1 X9.6412 Y18.4864
G1 X9.4884 Y18.5538
G1 X9.2802 Y18.6822
G1 X9.0398 Y18.8520
G1 X8.8662 Y19.0230
G1 X8.7227 Y19.2199
G1 X8.6130 Y19.4376
G1 X8.5401 Y19.6701
G1 X8.5060 Y19.9114
G1 X8.5114 Y20.1550
G1 X8.5563 Y20.3946
G1 X8.6394 Y20.6236
G1 X8.7587 Y20.8362
G1 X8.9108 Y21.0265
G1 X9.0918 Y21.1897
G1 X9.2969 Y21.3213
G1 X9.5207 Y21.4178
G1 X9.7571 Y21.4768
G00 Z4.9900
G00 X10.0 Y11.4967
G1 Z0.0900 F150
G1 X10.2429 Y11.4768 Z0.0470
G1 X10.4794 Y11.4178 Z0.0041
G1 X10.7030 Y11.3213 Z-0.0389
G1 X10.9082 Y11.1897 Z-0.0819
G1 X11.0892 Y11.0265 Z-0.1249
G1 X11.2413 Y10.8362 Z-0.1678
G1 X11.3606 Y10.6236 Z-0.2108
G1 X11.4437 Y10.3945 Z-0.2538
G1 X11.4886 Y10.1550 Z-0.2967
G1 X11.4941 Y9.9114 Z-0.3397
G1 X11.4599 Y9.6701 Z-0.3827
G1 X11.3870 Y9.4376 Z-0.4256
G1 X11.2773 Y9.2199 Z-0.4686
G1 X11.1338 Y9.0230 Z-0.5116
G1 X10.9602 Y8.8520 Z-0.5545
G1 X10.7200 Y8.6823 Z-0.6064
G1 X10.5113 Y8.5536 Z-0.6496
G1 X10.3589 Y8.4864 Z-0.6790
G1 X10.2031 Y8.4554 Z-0.7070
G1 X10.0 Y8.4422 Z-0.7429
G1 X9.7969 Y8.4554 Z-0.7788
G1 X9.6412 Y8.4864 Z-0.8068
G1 X9.4884 Y8.5538 Z-0.8362
G1 X9.2800 Y8.6823 Z-0.8794
G1 X9.0398 Y8.8519 Z-0.9313
G1 X8.8662 Y9.0230 Z-0.9742
G1 X8.7227 Y9.2199 Z-1.0172
G1 X8.6130 Y9.4376 Z-1.0602
G1 X8.5401 Y9.6701 Z-1.1031
G1 X8.5060 Y9.9114 Z-1.1461
G1 X8.5114 Y10.1550 Z-1.1891
G1 X8.5563 Y10.3945 Z-1.2320
G1 X8.6395 Y10.6237 Z-1.2750
G1 X8.7587 Y10.8362 Z-1.3180
G1 X8.9108 Y11.0265 Z-1.3609
G1 X9.0919 Y11.1897 Z-1.4039
G1 X9.2969 Y11.3213 Z-1.4469
G1 X9.5206 Y11.4178 Z-1.4899
G1 X9.7571 Y11.4768 Z-1.5328
G1 X10.0 Y11.4967 Z-1.5758
G1 X10.2429 Y11.4768 Z-1.6188
G1 X10.4794 Y11.4178 Z-1.6618
G1 X10.7030 Y11.3213 Z-1.7047
G1 X10.9082 Y11.1897 Z-1.7477
G1 X11.0892 Y11.0265 Z-1.7907
G1 X11.2413 Y10.8362 Z-1.8336
G1 X11.3606 Y10.6236 Z-1.8766
G1 X11.4437 Y10.3945 Z-1.9196
G1 X11.4886 Y10.1550 Z-1.9625
G1 X11.4941 Y9.9114 Z-2.0055
G1 X11.4599 Y9.6701 Z-2.0485
G1 X11.3870 Y9.4376 Z-2.0914
G1 X11.2773 Y9.2199 Z-2.1344
G1 X11.1338 Y9.0230 Z-2.1774
G1 X10.9602 Y8.8520 Z-2.2204
G1 X10.7200 Y8.6823 Z-2.2722
G1 X10.5113 Y8.5536 Z-2.3154
G1 X10.3589 Y8.4864 Z-2.3448
G1 X10.2031 Y8.4554 Z-2.3728
G1 X10.0 Y8.4422 Z-2.4087
G1 X9.7969 Y8.4554 Z-2.4446
G1 X9.6412 Y8.4864 Z-2.4726
G1 X9.4884 Y8.5538 Z-2.5020
G1 X9.2800 Y8.6823 Z-2.5452
G1 X9.0398 Y8.8519 Z-2.5971
G1 X8.8662 Y9.0230 Z-2.6400
G1 X8.7227 Y9.2199 Z-2.6830
G1 X8.6130 Y9.4376 Z-2.7260
G1 X8.5401 Y9.6701 Z-2.7689
G1 X8.5060 Y9.9114 Z-2.8119
G1 X8.5114 Y10.1550 Z-2.8549
G1 X8.5563 Y10.3945 Z-2.8978
G1 X8.6395 Y10.6237 Z-2.9408
G1 X8.7587 Y10.8362 Z-2.9838
G1 X8.9108 Y11.0265 Z-3.0267
G1 X9.0919 Y11.1897 Z-3.0697
G1 X9.2969 Y11.3213 Z-3.1127
G1 X9.5206 Y11.4178 Z-3.1557
G1 X9.7571 Y11.4768 Z-3.1986
G1 X10.0 Y11.4967 Z-3.2416
G1 X10.2429 Y11.4768 Z-3.2846
G1 X10.4794 Y11.4178 Z-3.3276
G1 X10.7030 Y11.3213 Z-3.3705
G1 X10.9082 Y11.1897 Z-3.4135
G1 X11.0892 Y11.0265 Z-3.4565
G1 X11.2413 Y10.8362 Z-3.4994
G1 X11.3606 Y10.6236 Z-3.5424
G1 X11.4437 Y10.3945 Z-3.5854
G1 X11.4886 Y10.1550 Z-3.6283
G1 X11.4941 Y9.9114 Z-3.6713
G1 X11.4599 Y9.6701 Z-3.7143
G1 X11.3870 Y9.4376 Z-3.7572
G1 X11.2773 Y9.2199 Z-3.8002
G1 X11.1338 Y9.0230 Z-3.8432
G1 X10.9602 Y8.8520 Z-3.8862
G1 X10.7200 Y8.6823 Z-3.9380
G1 X10.5113 Y8.5536 Z-3.9812
G1 X10.3589 Y8.4864 Z-4.0100
G1 X10.2031 Y8.4554 F480
G1 X10.0 Y8.4422
G1 X9.7969 Y8.4554
G1 X9.6412 Y8.4864
G1 X9.4884 Y8.5538
G1 X9.2800 Y8.6823
G1 X9.0398 Y8.8519
G1 X8.8662 Y9.0230
G1 X8.7227 Y9.2199
G1 X8.6130 Y9.4376
G1 X8.5401 Y9.6701
G1 X8.5060 Y9.9114
G1 X8.5114 Y10.1550
G1 X8.5563 Y10.3945
G1 X8.6395 Y10.6237
G1 X8.7587 Y10.8362
G1 X8.9108 Y11.0265
G1 X9.0919 Y11.1897
G1 X9.2969 Y11.3213
G1 X9.5206 Y11.4178
G1 X9.7571 Y11.4768
G1 X10.0 Y11.4967
G1 X10.2429 Y11.4768
G1 X10.4794 Y11.4178
G1 X10.7030 Y11.3213
G1 X10.9082 Y11.1897
G1 X11.0892 Y11.0265
G1 X11.2413 Y10.8362
G1 X11.3606 Y10.6236
G1 X11.4437 Y10.3945
G1 X11.4886 Y10.1550
G1 X11.4941 Y9.9114
G1 X11.4599 Y9.6701
G1 X11.3870 Y9.4376
G1 X11.2773 Y9.2199
G1 X11.1338 Y9.0230
G1 X10.9602 Y8.8520
G1 X10.7200 Y8.6823
G1 X10.5113 Y8.5536
G1 X10.3589 Y8.4864
G00 Z4.9900
G00 X10.2459 Y34.0464
G1 Z0.0900 F150
G1 X9.9438 Y34.0617 Z0.0367
G1 X9.6509 Y34.1375 Z-0.0167
G1 X9.3794 Y34.2707 Z-0.0700
G1 X9.1402 Y34.4559 Z-0.1233
G1 X8.9432 Y34.6853 Z-0.1767
G1 X8.7964 Y34.9498 Z-0.2300
G1 X8.7059 Y35.2384 Z-0.2833
G1 X8.6753 Y35.5393 Z-0.3367
G1 X8.7059 Y35.8402 Z-0.3900
G1 X8.7964 Y36.1288 Z-0.4433
G1 X8.9432 Y36.3932 Z-0.4967
G1 X9.1402 Y36.6228 Z-0.5500
G1 X9.3794 Y36.8079 Z-0.6033
G1 X9.6510 Y36.9411 Z-0.6567
G1 X9.9438 Y37.0169 Z-0.7100
G1 X10.2459 Y37.0322 Z-0.7633
G1 X10.5448 Y36.9864 Z-0.8166
G1 X10.8285 Y36.8814 Z-0.8700
G1 X11.0851 Y36.7214 Z-0.9233
G1 X11.3044 Y36.5130 Z-0.9767
G1 X11.4771 Y36.2648 Z-1.0300
G1 X11.5964 Y35.9868 Z-1.0833
G1 X11.6573 Y35.6905 Z-1.1366
G1 Y35.3881 Z-1.1900
G1 X11.5964 Y35.0918 Z-1.2433
G1 X11.4771 Y34.8138 Z-1.2966
G1 X11.3044 Y34.5656 Z-1.3500
G1 X11.0851 Y34.3572 Z-1.4033
G1 X10.8284 Y34.1972 Z-1.4566
G1 X10.5448 Y34.0922 Z-1.5100
G1 X10.2459 Y34.0464 Z-1.5633
G1 X9.9438 Y34.0617 Z-1.6166
G1 X9.6509 Y34.1375 Z-1.6700
G1 X9.3794 Y34.2707 Z-1.7233
G1 X9.1402 Y34.4559 Z-1.7766
G1 X8.9432 Y34.6853 Z-1.8300
G1 X8.7964 Y34.9498 Z-1.8833
G1 X8.7059 Y35.2384 Z-1.9366
G1 X8.6753 Y35.5393 Z-1.9900
G1 X8.7059 Y35.8402 Z-2.0433
G1 X8.7964 Y36.1288 Z-2.0966
G1 X8.9432 Y36.3932 Z-2.1499
G1 X9.1402 Y36.6228 Z-2.2033
G1 X9.3794 Y36.8079 Z-2.2566
G1 X9.6510 Y36.9411 Z-2.3099
G1 X9.9438 Y37.0169 Z-2.3633
G1 X10.2459 Y37.0322 Z-2.4166
G1 X10.5448 Y36.9864 Z-2.4699
G1 X10.8285 Y36.8814 Z-2.5233
G1 X11.0851 Y36.7214 Z-2.5766
G1 X11.3044 Y36.5130 Z-2.6300
G1 X11.4771 Y36.2648 Z-2.6833
G1 X11.5964 Y35.9868 Z-2.7366
G1 X11.6573 Y35.6905 Z-2.7899
G1 Y35.3881 Z-2.8433
G1 X11.5964 Y35.0918 Z-2.8966
G1 X11.4771 Y34.8138 Z-2.9499
G1 X11.3044 Y34.5656 Z-3.0033
G1 X11.0851 Y34.3572 Z-3.0566
G1 X10.8284 Y34.1972 Z-3.1099
G1 X10.5448 Y34.0922 Z-3.1633
G1 X10.2459 Y34.0464 Z-3.2166
G1 X9.9438 Y34.0617 Z-3.2699
G1 X9.6509 Y34.1375 Z-3.3233
G1 X9.3794 Y34.2707 Z-3.3766
G1 X9.1402 Y34.4559 Z-3.4299
G1 X8.9432 Y34.6853 Z-3.4833
G1 X8.7964 Y34.9498 Z-3.5366
G1 X8.7059 Y35.2384 Z-3.5899
G1 X8.6753 Y35.5393 Z-3.6432
G1 X8.7059 Y35.8402 Z-3.6966
G1 X8.7964 Y36.1288 Z-3.7499
G1 X8.9432 Y36.3932 Z-3.8032
G1 X9.1402 Y36.6228 Z-3.8566
G1 X9.3794 Y36.8079 Z-3.9099
G1 X9.6510 Y36.9411 Z-3.9632
G1 X9.9438 Y37.0169 Z-4.0100
G1 X10.2459 Y37.0322 F480
G1 X10.5448 Y36.9864
G1 X10.8285 Y36.8814
G1 X11.0851 Y36.7214
G1 X11.3044 Y36.5130
G1 X11.4771 Y36.2648
G1 X11.5964 Y35.9868
G1 X11.6573 Y35.6905
G1 Y35.3881
G1 X11.5964 Y35.0918
G1 X11.4771 Y34.8138
G1 X11.3044 Y34.5656
G1 X11.0851 Y34.3572
G1 X10.8284 Y34.1972
G1 X10.5448 Y34.0922
G1 X10.2459 Y34.0464
G1 X9.9438 Y34.0617
G1 X9.6509 Y34.1375
G1 X9.3794 Y34.2707
G1 X9.1402 Y34.4559
G1 X8.9432 Y34.6853
G1 X8.7964 Y34.9498
G1 X8.7059 Y35.2384
G1 X8.6753 Y35.5393
G1 X8.7059 Y35.8402
G1 X8.7964 Y36.1288
G1 X8.9432 Y36.3932
G1 X9.1402 Y36.6228
G1 X9.3794 Y36.8079
G1 X9.6510 Y36.9411
G1 X9.9438 Y37.0169
G00 Z4.9900
G00 X10.2459 Y44.0464
G1 Z0.0900 F150
G1 X9.9438 Y44.0617 Z0.0367
G1 X9.6510 Y44.1375 Z-0.0167
G1 X9.3794 Y44.2707 Z-0.0700
G1 X9.1402 Y44.4559 Z-0.1233
G1 X8.9432 Y44.6854 Z-0.1767
G1 X8.7964 Y44.9498 Z-0.2300
G1 X8.7059 Y45.2384 Z-0.2833
G1 X8.6753 Y45.5393 Z-0.3367
G1 X8.7059 Y45.8402 Z-0.3900
G1 X8.7964 Y46.1288 Z-0.4433
G1 X8.9432 Y46.3933 Z-0.4967
G1 X9.1402 Y46.6228 Z-0.5500
G1 X9.3794 Y46.8079 Z-0.6033
G1 X9.6510 Y46.9411 Z-0.6567
G1 X9.9438 Y47.0169 Z-0.7100
G1 X10.2459 Y47.0322 Z-0.7633
G1 X10.5448 Y46.9864 Z-0.8167
G1 X10.8284 Y46.8814 Z-0.8700
G1 X11.0851 Y46.7214 Z-0.9233
G1 X11.3044 Y46.5130 Z-0.9767
G1 X11.4771 Y46.2648 Z-1.0300
G1 X11.5964 Y45.9868 Z-1.0833
G1 X11.6573 Y45.6905 Z-1.1367
G1 Y45.3881 Z-1.1900
G1 X11.5964 Y45.0918 Z-1.2433
G1 X11.4771 Y44.8139 Z-1.2966
G1 X11.3044 Y44.5656 Z-1.3500
G1 X11.0851 Y44.3572 Z-1.4033
G1 X10.8285 Y44.1972 Z-1.4566
G1 X10.5448 Y44.0922 Z-1.5100
G1 X10.2459 Y44.0464 Z-1.5633
G1 X9.9438 Y44.0617 Z-1.6166
G1 X9.6510 Y44.1375 Z-1.6700
G1 X9.3794 Y44.2707 Z-1.7233
G1 X9.1402 Y44.4559 Z-1.7766
G1 X8.9432 Y44.6854 Z-1.8300
G1 X8.7964 Y44.9498 Z-1.8833
G1 X8.7059 Y45.2384 Z-1.9366
G1 X8.6753 Y45.5393 Z-1.9900
G1 X8.7059 Y45.8402 Z-2.0433
G1 X8.7964 Y46.1288 Z-2.0966
G1 X8.9432 Y46.3933 Z-2.1500
G1 X9.1402 Y46.6228 Z-2.2033
G1 X9.3794 Y46.8079 Z-2.2566
G1 X9.6510 Y46.9411 Z-2.3100
G1 X9.9438 Y47.0169 Z-2.3633
G1 X10.2459 Y47.0322 Z-2.4166
G1 X10.5448 Y46.9864 Z-2.4700
G1 X10.8284 Y46.8814 Z-2.5233
G1 X11.0851 Y46.7214 Z-2.5766
G1 X11.3044 Y46.5130 Z-2.6300
G1 X11.4771 Y46.2648 Z-2.6833
G1 X11.5964 Y45.9868 Z-2.7366
G1 X11.6573 Y45.6905 Z-2.7900
G1 Y45.3881 Z-2.8433
G1 X11.5964 Y45.0918 Z-2.8966
G1 X11.4771 Y44.8139 Z-2.9499
G1 X11.3044 Y44.5656 Z-3.0033
G1 X11.0851 Y44.3572 Z-3.0566
G1 X10.8285 Y44.1972 Z-3.1099
G1 X10.5448 Y44.0922 Z-3.1633
G1 X10.2459 Y44.0464 Z-3.2166
G1 X9.9438 Y44.0617 Z-3.2699
G1 X9.6510 Y44.1375 Z-3.3233
G1 X9.3794 Y44.2707 Z-3.3766
G1 X9.1402 Y44.4559 Z-3.4299
G1 X8.9432 Y44.6854 Z-3.4833
G1 X8.7964 Y44.9498 Z-3.5366
G1 X8.7059 Y45.2384 Z-3.5899
G1 X8.6753 Y45.5393 Z-3.6433
G1 X8.7059 Y45.8402 Z-3.6966
G1 X8.7964 Y46.1288 Z-3.7499
G1 X8.9432 Y46.3933 Z-3.8033
G1 X9.1402 Y46.6228 Z-3.8566
G1 X9.3794 Y46.8079 Z-3.9099
G1 X9.6510 Y46.9411 Z-3.9633
G1 X9.9438 Y47.0169 Z-4.0100
G1 X10.2459 Y47.0322 F480
G1 X10.5448 Y46.9864
G1 X10.8284 Y46.8814
G1 X11.0851 Y46.7214
G1 X11.3044 Y46.5130
G1 X11.4771 Y46.2648
G1 X11.5964 Y45.9868
G1 X11.6573 Y45.6905
G1 Y45.3881
G1 X11.5964 Y45.0918
G1 X11.4771 Y44.8139
G1 X11.3044 Y44.5656
G1 X11.0851 Y44.3572
G1 X10.8285 Y44.1972
G1 X10.5448 Y44.0922
G1 X10.2459 Y44.0464
G1 X9.9438 Y44.0617
G1 X9.6510 Y44.1375
G1 X9.3794 Y44.2707
G1 X9.1402 Y44.4559
G1 X8.9432 Y44.6854
G1 X8.7964 Y44.9498
G1 X8.7059 Y45.2384
G1 X8.6753 Y45.5393
G1 X8.7059 Y45.8402
G1 X8.7964 Y46.1288
G1 X8.9432 Y46.3933
G1 X9.1402 Y46.6228
G1 X9.3794 Y46.8079
G1 X9.6510 Y46.9411
G1 X9.9438 Y47.0169
G00 Z4.9900
G00 X20.0605 Y49.2073
G1 Z0.0900 F150
G1 X19.8353 Y50.1908 Z-0.0879
G1 X19.7056 Y51.1913 Z-0.2658
G1 X19.6725 Y52.1994 Z-0.4436
G1 X19.7363 Y53.2063 Z-0.6215
G1 X19.8965 Y54.2021 Z-0.7994
G1 X20.1515 Y55.1783 Z-0.9773
G1 X20.4991 Y56.1254 Z-1.1552
G1 X20.9358 Y57.0345 Z-1.3330
G1 X21.4580 Y57.8979 Z-1.5109
G1 X22.0605 Y58.7070 Z-1.6888
G1 X22.7378 Y59.4546 Z-1.8667
G1 X23.4837 Y60.1336 Z-2.0445
G1 X24.2916 Y60.7381 Z-2.2225
G1 X25.1535 Y61.2620 Z-2.4003
G1 X26.6701 Y61.9949 Z-2.6973
G1 Y89.5020 Z-4.0100
G1 X26.7120 Y90.0604 F480
G1 X26.8283 Y90.5701
G1 X27.0193 Y91.0567
G1 X27.2806 Y91.5093
G1 X27.6065 Y91.9180
G1 X27.9896 Y92.2735
G1 X28.4215 Y92.5679
G1 X28.8924 Y92.7947
G1 X29.3920 Y92.9488
G1 X29.9088 Y93.0267
G1 X30.4315
G1 X30.9482 Y92.9488
G1 X31.4478 Y92.7947
G1 X31.9187 Y92.5679
G1 X32.3506 Y92.2735
G1 X32.7337 Y91.9180
G1 X33.0596 Y91.5093
G1 X33.3210 Y91.0567
G1 X33.5119 Y90.5701
G1 X33.6282 Y90.0604
G1 X33.6701 Y89.5019
G1 Y61.9949
G1 X35.1867 Y61.2620
G1 X36.0486 Y60.7381
G1 X36.8564 Y60.1336
G1 X37.6025 Y59.4545
G1 X38.2798 Y58.7071
G1 X38.8823 Y57.8979
G1 X39.4044 Y57.0346
G1 X39.8412 Y56.1254
G1 X40.1887 Y55.1783
G1 X40.4437 Y54.2022
G1 X40.6039 Y53.2062
G1 X40.6677 Y52.1994
G1 X40.6346 Y51.1913
G1 X40.5049 Y50.1908
G1 X40.2798 Y49.2074
G1 X39.9613 Y48.2501
G1 X39.5525 Y47.3280
G1 X39.0569 Y46.4492
G1 X38.4795 Y45.6221
G1 X37.8251 Y44.8542
G1 X37.1002 Y44.1526
G1 X36.3113 Y43.5239
G1 X35.4657 Y42.9739
G1 X34.5712 Y42.5074
G1 X33.6360 Y42.1290
G1 X32.6690 Y41.8422
G1 X31.6785 Y41.6494
G1 X30.6746 Y41.5526
G1 X29.6656
G1 X28.6617 Y41.6494
G1 X27.6713 Y41.8422
G1 X26.7043 Y42.1290
G1 X25.7690 Y42.5075
G1 X24.8745 Y42.9738
G1 X24.0289 Y43.5239
G1 X23.2400 Y44.1527
G1 X22.5151 Y44.8541
G1 X21.8607 Y45.6222
G1 X21.2833 Y46.4492
G1 X20.7877 Y47.3280
G1 X20.3789 Y48.2502
G1 X20.0605 Y49.2073
G1 X19.8353 Y50.1908
G1 X19.7056 Y51.1913
G1 X19.6725 Y52.1994
G1 X19.7363 Y53.2063
G1 X19.8965 Y54.2021
G1 X20.1515 Y55.1783
G1 X20.4991 Y56.1254
G1 X20.9358 Y57.0345
G1 X21.4580 Y57.8979
G1 X22.0605 Y58.7070
G1 X22.7378 Y59.4546
G1 X23.4837 Y60.1336
G1 X24.2916 Y60.7381
G1 X25.1535 Y61.2620
G1 X26.6701 Y61.9949
G1 Y89.5020
G00 Z4.9900
G00 X10.9308 Y93.0117
G1 Z0.0900 F150
G1 X10.8817 Y92.8932 Z0.0674
G1 X10.8036 Y92.7914 Z0.0448
G1 X10.7018 Y92.7134 Z0.0221
G1 X10.5833 Y92.6643 Z-0.0005
G1 X10.4561 Y92.6475 Z-0.0231
G1 X10.3290 Y92.6643 Z-0.0457
G1 X10.2104 Y92.7134 Z-0.0683
G1 X10.1087 Y92.7914 Z-0.0909
G1 X10.0306 Y92.8932 Z-0.1136
G1 X9.9815 Y93.0118 Z-0.1362
G1 X9.9647 Y93.1389 Z-0.1588
G1 X9.9815 Y93.2660 Z-0.1814
G1 X10.0306 Y93.3846 Z-0.2040
G1 X10.1087 Y93.4864 Z-0.2267
G1 X10.2104 Y93.5644 Z-0.2493
G1 X10.3290 Y93.6135 Z-0.2719
G1 X10.4561 Y93.6303 Z-0.2945
G1 X10.5833 Y93.6135 Z-0.3171
G1 X10.7018 Y93.5644 Z-0.3397
G1 X10.8036 Y93.4863 Z-0.3624
G1 X10.8817 Y93.3846 Z-0.3850
G1 X10.9308 Y93.2661 Z-0.4076
G1 X10.9475 Y93.1389 Z-0.4302
G1 X10.9308 Y93.0117 Z-0.4528
G1 X10.8817 Y92.8932 Z-0.4755
G1 X10.8036 Y92.7914 Z-0.4981
G1 X10.7018 Y92.7134 Z-0.5207
G1 X10.5833 Y92.6643 Z-0.5433
G1 X10.4561 Y92.6475 Z-0.5659
G1 X10.3290 Y92.6643 Z-0.5885
G1 X10.2104 Y92.7134 Z-0.6112
G1 X10.1087 Y92.7914 Z-0.6338
G1 X10.0306 Y92.8932 Z-0.6564
G1 X9.9815 Y93.0118 Z-0.6790
G1 X9.9647 Y93.1389 Z-0.7016
G1 X9.9815 Y93.2660 Z-0.7242
G1 X10.0306 Y93.3846 Z-0.7469
G1 X10.1087 Y93.4864 Z-0.7695
G1 X10.2104 Y93.5644 Z-0.7921
G1 X10.3290 Y93.6135 Z-0.8147
G1 X10.4561 Y93.6303 Z-0.8373
G1 X10.5833 Y93.6135 Z-0.8600
G1 X10.7018 Y93.5644 Z-0.8826
G1 X10.8036 Y93.4863 Z-0.9052
G1 X10.8817 Y93.3846 Z-0.9278
G1 X10.9308 Y93.2661 Z-0.9504
G1 X10.9475 Y93.1389 Z-0.9731
G1 X10.9308 Y93.0117 Z-0.9957
G1 X10.8817 Y92.8932 Z-1.0183
G1 X10.8036 Y92.7914 Z-1.0409
G1 X10.7018 Y92.7134 Z-1.0635
G1 X10.5833 Y92.6643 Z-1.0861
G1 X10.4561 Y92.6475 Z-1.1088
G1 X10.3290 Y92.6643 Z-1.1314
G1 X10.2104 Y92.7134 Z-1.1540
G1 X10.1087 Y92.7914 Z-1.1766
G1 X10.0306 Y92.8932 Z-1.1992
G1 X9.9815 Y93.0118 Z-1.2219
G1 X9.9647 Y93.1389 Z-1.2445
G1 X9.9815 Y93.2660 Z-1.2671
G1 X10.0306 Y93.3846 Z-1.2897
G1 X10.1087 Y93.4864 Z-1.3123
G1 X10.2104 Y93.5644 Z-1.3349
G1 X10.3290 Y93.6135 Z-1.3576
G1 X10.4561 Y93.6303 Z-1.3802
G1 X10.5833 Y93.6135 Z-1.4028
G1 X10.7018 Y93.5644 Z-1.4254
G1 X10.8036 Y93.4863 Z-1.4480
G1 X10.8817 Y93.3846 Z-1.4707
G1 X10.9308 Y93.2661 Z-1.4933
G1 X10.9475 Y93.1389 Z-1.5159
G1 X10.9308 Y93.0117 Z-1.5385
G1 X10.8817 Y92.8932 Z-1.5611
G1 X10.8036 Y92.7914 Z-1.5837
G1 X10.7018 Y92.7134 Z-1.6064
G1 X10.5833 Y92.6643 Z-1.6290
G1 X10.4561 Y92.6475 Z-1.6516
G1 X10.3290 Y92.6643 Z-1.6742
G1 X10.2104 Y92.7134 Z-1.6968
G1 X10.1087 Y92.7914 Z-1.7195
G1 X10.0306 Y92.8932 Z-1.7421
G1 X9.9815 Y93.0118 Z-1.7647
G1 X9.9647 Y93.1389 Z-1.7873
G1 X9.9815 Y93.2660 Z-1.8099
G1 X10.0306 Y93.3846 Z-1.8325
G1 X10.1087 Y93.4864 Z-1.8552
G1 X10.2104 Y93.5644 Z-1.8778
G1 X10.3290 Y93.6135 Z-1.9004
G1 X10.4561 Y93.6303 Z-1.9230
G1 X10.5833 Y93.6135 Z-1.9456
G1 X10.7018 Y93.5644 Z-1.9683
G1 X10.8036 Y93.4863 Z-1.9909
G1 X10.8817 Y93.3846 Z-2.0135
G1 X10.9308 Y93.2661 Z-2.0361
G1 X10.9475 Y93.1389 Z-2.0587
G1 X10.9308 Y93.0117 Z-2.0813
G1 X10.8817 Y92.8932 Z-2.1040
G1 X10.8036 Y92.7914 Z-2.1266
G1 X10.7018 Y92.7134 Z-2.1492
G1 X10.5833 Y92.6643 Z-2.1718
G1 X10.4561 Y92.6475 Z-2.1944
G1 X10.3290 Y92.6643 Z-2.2170
G1 X10.2104 Y92.7134 Z-2.2397
G1 X10.1087 Y92.7914 Z-2.2623
G1 X10.0306 Y92.8932 Z-2.2849
G1 X9.9815 Y93.0118 Z-2.3075
G1 X9.9647 Y93.1389 Z-2.3301
G1 X9.9815 Y93.2660 Z-2.3528
G1 X10.0306 Y93.3846 Z-2.3754
G1 X10.1087 Y93.4864 Z-2.3980
G1 X10.2104 Y93.5644 Z-2.4206
G1 X10.3290 Y93.6135 Z-2.4432
G1 X10.4561 Y93.6303 Z-2.4658
G1 X10.5833 Y93.6135 Z-2.4885
G1 X10.7018 Y93.5644 Z-2.5111
G1 X10.8036 Y93.4863 Z-2.5337
G1 X10.8817 Y93.3846 Z-2.5563
G1 X10.9308 Y93.2661 Z-2.5789
G1 X10.9475 Y93.1389 Z-2.6016
G1 X10.9308 Y93.0117 Z-2.6242
G1 X10.8817 Y92.8932 Z-2.6468
G1 X10.8036 Y92.7914 Z-2.6694
G1 X10.7018 Y92.7134 Z-2.6920
G1 X10.5833 Y92.6643 Z-2.7147
G1 X10.4561 Y92.6475 Z-2.7373
G1 X10.3290 Y92.6643 Z-2.7599
G1 X10.2104 Y92.7134 Z-2.7825
G1 X10.1087 Y92.7914 Z-2.8051
G1 X10.0306 Y92.8932 Z-2.8277
G1 X9.9815 Y93.0118 Z-2.8504
G1 X9.9647 Y93.1389 Z-2.8730
G1 X9.9815 Y93.2660 Z-2.8956
G1 X10.0306 Y93.3846 Z-2.9182
G1 X10.1087 Y93.4864 Z-2.9408
G1 X10.2104 Y93.5644 Z-2.9634
G1 X10.3290 Y93.6135 Z-2.9861
G1 X10.4561 Y93.6303 Z-3.0087
G1 X10.5833 Y93.6135 Z-3.0313
G1 X10.7018 Y93.5644 Z-3.0539
G1 X10.8036 Y93.4863 Z-3.0765
G1 X10.8817 Y93.3846 Z-3.0992
G1 X10.9308 Y93.2661 Z-3.1218
G1 X10.9475 Y93.1389 Z-3.1444
G1 X10.9308 Y93.0117 Z-3.1670
G1 X10.8817 Y92.8932 Z-3.1896
G1 X10.8036 Y92.7914 Z-3.2122
G1 X10.7018 Y92.7134 Z-3.2349
G1 X10.5833 Y92.6643 Z-3.2575
G1 X10.4561 Y92.6475 Z-3.2801
G1 X10.3290 Y92.6643 Z-3.3027
G1 X10.2104 Y92.7134 Z-3.3253
G1 X10.1087 Y92.7914 Z-3.3480
G1 X10.0306 Y92.8932 Z-3.3706
G1 X9.9815 Y93.0118 Z-3.3932
G1 X9.9647 Y93.1389 Z-3.4158
G1 X9.9815 Y93.2660 Z-3.4384
G1 X10.0306 Y93.3846 Z-3.4610
G1 X10.1087 Y93.4864 Z-3.4837
G1 X10.2104 Y93.5644 Z-3.5063
G1 X10.3290 Y93.6135 Z-3.5289
G1 X10.4561 Y93.6303 Z-3.5515
G1 X10.5833 Y93.6135 Z-3.5741
G1 X10.7018 Y93.5644 Z-3.5968
G1 X10.8036 Y93.4863 Z-3.6194
G1 X10.8817 Y93.3846 Z-3.6420
G1 X10.9308 Y93.2661 Z-3.6646
G1 X10.9475 Y93.1389 Z-3.6872
G1 X10.9308 Y93.0117 Z-3.7098
G1 X10.8817 Y92.8932 Z-3.7325
G1 X10.8036 Y92.7914 Z-3.7551
G1 X10.7018 Y92.7134 Z-3.7777
G1 X10.5833 Y92.6643 Z-3.8003
G1 X10.4561 Y92.6475 Z-3.8229
G1 X10.3290 Y92.6643 Z-3.8456
G1 X10.2104 Y92.7134 Z-3.8682
G1 X10.1087 Y92.7914 Z-3.8908
G1 X10.0306 Y92.8932 Z-3.9134
G1 X9.9815 Y93.0118 Z-3.9360
G1 X9.9647 Y93.1389 Z-3.9586
G1 X9.9815 Y93.2660 Z-3.9813
G1 X10.0306 Y93.3846 Z-4.0039
G1 X10.1087 Y93.4864 Z-4.0100
G1 X10.2104 Y93.5644 F480
G1 X10.3290 Y93.6135
G1 X10.4561 Y93.6303
G1 X10.5833 Y93.6135
G1 X10.7018 Y93.5644
G1 X10.8036 Y93.4863
G1 X10.8817 Y93.3846
G1 X10.9308 Y93.2661
G1 X10.9475 Y93.1389
G1 X10.9308 Y93.0117
G1 X10.8817 Y92.8932
G1 X10.8036 Y92.7914
G1 X10.7018 Y92.7134
G1 X10.5833 Y92.6643
G1 X10.4561 Y92.6475
G1 X10.3290 Y92.6643
G1 X10.2104 Y92.7134
G1 X10.1087 Y92.7914
G1 X10.0306 Y92.8932
G1 X9.9815 Y93.0118
G1 X9.9647 Y93.1389
G1 X9.9815 Y93.2660
G1 X10.0306 Y93.3846
G1 X10.1087 Y93.4864
G00 Z4.9900
G00 X49.1402 Y46.6228
G1 Z0.0900 F150
G1 X49.3794 Y46.8079 Z0.0367
G1 X49.6509 Y46.9411 Z-0.0167
G1 X49.9437 Y47.0169 Z-0.0700
G1 X50.2459 Y47.0322 Z-0.1233
G1 X50.5448 Y46.9864 Z-0.1767
G1 X50.8284 Y46.8814 Z-0.2300
G1 X51.0851 Y46.7214 Z-0.2833
G1 X51.3043 Y46.5130 Z-0.3367
G1 X51.4771 Y46.2648 Z-0.3900
G1 X51.5964 Y45.9868 Z-0.4433
G1 X51.6573 Y45.6905 Z-0.4967
G1 Y45.3881 Z-0.5500
G1 X51.5964 Y45.0918 Z-0.6033
G1 X51.4771 Y44.8138 Z-0.6567
G1 X51.3043 Y44.5656 Z-0.7100
G1 X51.0851 Y44.3572 Z-0.7633
G1 X50.8284 Y44.1972 Z-0.8167
G1 X50.5448 Y44.0922 Z-0.8700
G1 X50.2458 Y44.0464 Z-0.9233
G1 X49.9437 Y44.0617 Z-0.9766
G1 X49.6509 Y44.1375 Z-1.0300
G1 X49.3794 Y44.2707 Z-1.0833
G1 X49.1402 Y44.4558 Z-1.1366
G1 X48.9432 Y44.6854 Z-1.1900
G1 X48.7964 Y44.9498 Z-1.2433
G1 X48.7059 Y45.2384 Z-1.2966
G1 X48.6752 Y45.5393 Z-1.3500
G1 X48.7059 Y45.8402 Z-1.4033
G1 X48.7964 Y46.1288 Z-1.4566
G1 X48.9432 Y46.3933 Z-1.5100
G1 X49.1402 Y46.6228 Z-1.5633
G1 X49.3794 Y46.8079 Z-1.6166
G1 X49.6509 Y46.9411 Z-1.6700
G1 X49.9437 Y47.0169 Z-1.7233
G1 X50.2459 Y47.0322 Z-1.7766
G1 X50.5448 Y46.9864 Z-1.8300
G1 X50.8284 Y46.8814 Z-1.8833
G1 X51.0851 Y46.7214 Z-1.9366
G1 X51.3043 Y46.5130 Z-1.9900
G1 X51.4771 Y46.2648 Z-2.0433
G1 X51.5964 Y45.9868 Z-2.0966
G1 X51.6573 Y45.6905 Z-2.1500
G1 Y45.3881 Z-2.2033
G1 X51.5964 Y45.0918 Z-2.2566
G1 X51.4771 Y44.8138 Z-2.3099
G1 X51.3043 Y44.5656 Z-2.3633
G1 X51.0851 Y44.3572 Z-2.4166
G1 X50.8284 Y44.1972 Z-2.4699
G1 X50.5448 Y44.0922 Z-2.5233
G1 X50.2458 Y44.0464 Z-2.5766
G1 X49.9437 Y44.0617 Z-2.6299
G1 X49.6509 Y44.1375 Z-2.6833
G1 X49.3794 Y44.2707 Z-2.7366
G1 X49.1402 Y44.4558 Z-2.7899
G1 X48.9432 Y44.6854 Z-2.8433
G1 X48.7964 Y44.9498 Z-2.8966
G1 X48.7059 Y45.2384 Z-2.9499
G1 X48.6752 Y45.5393 Z-3.0033
G1 X48.7059 Y45.8402 Z-3.0566
G1 X48.7964 Y46.1288 Z-3.1099
G1 X48.9432 Y46.3933 Z-3.1633
G1 X49.1402 Y46.6228 Z-3.2166
G1 X49.3794 Y46.8079 Z-3.2699
G1 X49.6509 Y46.9411 Z-3.3232
G1 X49.9437 Y47.0169 Z-3.3766
G1 X50.2459 Y47.0322 Z-3.4299
G1 X50.5448 Y46.9864 Z-3.4833
G1 X50.8284 Y46.8814 Z-3.5366
G1 X51.0851 Y46.7214 Z-3.5899
G1 X51.3043 Y46.5130 Z-3.6433
G1 X51.4771 Y46.2648 Z-3.6966
G1 X51.5964 Y45.9868 Z-3.7499
G1 X51.6573 Y45.6905 Z-3.8032
G1 Y45.3881 Z-3.8566
G1 X51.5964 Y45.0918 Z-3.9099
G1 X51.4771 Y44.8138 Z-3.9632
G1 X51.3043 Y44.5656 Z-4.0100
G1 X51.0851 Y44.3572 F480
G1 X50.8284 Y44.1972
G1 X50.5448 Y44.0922
G1 X50.2458 Y44.0464
G1 X49.9437 Y44.0617
G1 X49.6509 Y44.1375
G1 X49.3794 Y44.2707
G1 X49.1402 Y44.4558
G1 X48.9432 Y44.6854
G1 X48.7964 Y44.9498
G1 X48.7059 Y45.2384
G1 X48.6752 Y45.5393
G1 X48.7059 Y45.8402
G1 X48.7964 Y46.1288
G1 X48.9432 Y46.3933
G1 X49.1402 Y46.6228
G1 X49.3794 Y46.8079
G1 X49.6509 Y46.9411
G1 X49.9437 Y47.0169
G1 X50.2459 Y47.0322
G1 X50.5448 Y46.9864
G1 X50.8284 Y46.8814
G1 X51.0851 Y46.7214
G1 X51.3043 Y46.5130
G1 X51.4771 Y46.2648
G1 X51.5964 Y45.9868
G1 X51.6573 Y45.6905
G1 Y45.3881
G1 X51.5964 Y45.0918
G1 X51.4771 Y44.8138
G1 X51.3043 Y44.5656
G00 Z4.9900
G00 X50.2458 Y37.0322
G1 Z0.0900 F150
G1 X50.5448 Y36.9864 Z0.0367
G1 X50.8284 Y36.8814 Z-0.0167
G1 X51.0851 Y36.7214 Z-0.0700
G1 X51.3044 Y36.5130 Z-0.1233
G1 X51.4771 Y36.2648 Z-0.1767
G1 X51.5964 Y35.9868 Z-0.2300
G1 X51.6573 Y35.6905 Z-0.2833
G1 Y35.3881 Z-0.3366
G1 X51.5964 Y35.0918 Z-0.3900
G1 X51.4771 Y34.8139 Z-0.4433
G1 X51.3043 Y34.5656 Z-0.4967
G1 X51.0851 Y34.3572 Z-0.5500
G1 X50.8284 Y34.1972 Z-0.6033
G1 X50.5448 Y34.0922 Z-0.6566
G1 X50.2459 Y34.0464 Z-0.7100
G1 X49.9438 Y34.0617 Z-0.7633
G1 X49.6509 Y34.1375 Z-0.8166
G1 X49.3794 Y34.2707 Z-0.8700
G1 X49.1402 Y34.4559 Z-0.9233
G1 X48.9432 Y34.6854 Z-0.9766
G1 X48.7964 Y34.9498 Z-1.0300
G1 X48.7059 Y35.2384 Z-1.0833
G1 X48.6752 Y35.5392 Z-1.1366
G1 X48.7059 Y35.8402 Z-1.1900
G1 X48.7964 Y36.1288 Z-1.2433
G1 X48.9432 Y36.3933 Z-1.2966
G1 X49.1402 Y36.6227 Z-1.3500
G1 X49.3794 Y36.8079 Z-1.4033
G1 X49.6509 Y36.9411 Z-1.4566
G1 X49.9437 Y37.0169 Z-1.5100
G1 X50.2458 Y37.0322 Z-1.5633
G1 X50.5448 Y36.9864 Z-1.6166
G1 X50.8284 Y36.8814 Z-1.6699
G1 X51.0851 Y36.7214 Z-1.7233
G1 X51.3044 Y36.5130 Z-1.7766
G1 X51.4771 Y36.2648 Z-1.8299
G1 X51.5964 Y35.9868 Z-1.8833
G1 X51.6573 Y35.6905 Z-1.9366
G1 Y35.3881 Z-1.9899
G1 X51.5964 Y35.0918 Z-2.0433
G1 X51.4771 Y34.8139 Z-2.0966
G1 X51.3043 Y34.5656 Z-2.1499
G1 X51.0851 Y34.3572 Z-2.2033
G1 X50.8284 Y34.1972 Z-2.2566
G1 X50.5448 Y34.0922 Z-2.3099
G1 X50.2459 Y34.0464 Z-2.3633
G1 X49.9438 Y34.0617 Z-2.4166
G1 X49.6509 Y34.1375 Z-2.4699
G1 X49.3794 Y34.2707 Z-2.5233
G1 X49.1402 Y34.4559 Z-2.5766
G1 X48.9432 Y34.6854 Z-2.6299
G1 X48.7964 Y34.9498 Z-2.6833
G1 X48.7059 Y35.2384 Z-2.7366
G1 X48.6752 Y35.5392 Z-2.7899
G1 X48.7059 Y35.8402 Z-2.8433
G1 X48.7964 Y36.1288 Z-2.8966
G1 X48.9432 Y36.3933 Z-2.9499
G1 X49.1402 Y36.6227 Z-3.0033
G1 X49.3794 Y36.8079 Z-3.0566
G1 X49.6509 Y36.9411 Z-3.1099
G1 X49.9437 Y37.0169 Z-3.1632
G1 X50.2458 Y37.0322 Z-3.2166
G1 X50.5448 Y36.9864 Z-3.2699
G1 X50.8284 Y36.8814 Z-3.3232
G1 X51.0851 Y36.7214 Z-3.3766
G1 X51.3044 Y36.5130 Z-3.4299
G1 X51.4771 Y36.2648 Z-3.4832
G1 X51.5964 Y35.9868 Z-3.5366
G1 X51.6573 Y35.6905 Z-3.5899
G1 Y35.3881 Z-3.6432
G1 X51.5964 Y35.0918 Z-3.6966
G1 X51.4771 Y34.8139 Z-3.7499
G1 X51.3043 Y34.5656 Z-3.8032
G1 X51.0851 Y34.3572 Z-3.8566
G1 X50.8284 Y34.1972 Z-3.9099
G1 X50.5448 Y34.0922 Z-3.9632
G1 X50.2459 Y34.0464 Z-4.0100
G1 X49.9438 Y34.0617 F480
G1 X49.6509 Y34.1375
G1 X49.3794 Y34.2707
G1 X49.1402 Y34.4559
G1 X48.9432 Y34.6854
G1 X48.7964 Y34.9498
G1 X48.7059 Y35.2384
G1 X48.6752 Y35.5392
G1 X48.7059 Y35.8402
G1 X48.7964 Y36.1288
G1 X48.9432 Y36.3933
G1 X49.1402 Y36.6227
G1 X49.3794 Y36.8079
G1 X49.6509 Y36.9411
G1 X49.9437 Y37.0169
G1 X50.2458 Y37.0322
G1 X50.5448 Y36.9864
G1 X50.8284 Y36.8814
G1 X51.0851 Y36.7214
G1 X51.3044 Y36.5130
G1 X51.4771 Y36.2648
G1 X51.5964 Y35.9868
G1 X51.6573 Y35.6905
G1 Y35.3881
G1 X51.5964 Y35.0918
G1 X51.4771 Y34.8139
G1 X51.3043 Y34.5656
G1 X51.0851 Y34.3572
G1 X50.8284 Y34.1972
G1 X50.5448 Y34.0922
G1 X50.2459 Y34.0464
G00 Z4.9900
G00 X50.0 Y21.4967
G1 Z0.0900 F150
G1 X50.2429 Y21.4768 Z0.0470
G1 X50.4793 Y21.4179 Z0.0041
G1 X50.7031 Y21.3213 Z-0.0389
G1 X50.9082 Y21.1897 Z-0.0819
G1 X51.0892 Y21.0265 Z-0.1248
G1 X51.2413 Y20.8362 Z-0.1678
G1 X51.3605 Y20.6236 Z-0.2108
G1 X51.4437 Y20.3946 Z-0.2538
G1 X51.4886 Y20.1550 Z-0.2967
G1 X51.4940 Y19.9114 Z-0.3397
G1 X51.4598 Y19.6701 Z-0.3827
G1 X51.3870 Y19.4376 Z-0.4256
G1 X51.2773 Y19.2199 Z-0.4686
G1 X51.1338 Y19.0230 Z-0.5116
G1 X50.9602 Y18.8520 Z-0.5545
G1 X50.7201 Y18.6823 Z-0.6064
G1 X50.5112 Y18.5535 Z-0.6497
G1 X50.3589 Y18.4864 Z-0.6790
G1 X50.2031 Y18.4554 Z-0.7070
G1 X50.0 Y18.4422 Z-0.7429
G1 X49.7969 Y18.4554 Z-0.7788
G1 X49.6411 Y18.4864 Z-0.8068
G1 X49.4884 Y18.5537 Z-0.8362
G1 X49.2801 Y18.6822 Z-0.8794
G1 X49.0397 Y18.8520 Z-0.9313
G1 X48.8662 Y19.0230 Z-0.9742
G1 X48.7227 Y19.2199 Z-1.0172
G1 X48.6130 Y19.4375 Z-1.0602
G1 X48.5401 Y19.6701 Z-1.1031
G1 X48.5059 Y19.9115 Z-1.1461
G1 X48.5114 Y20.1550 Z-1.1891
G1 X48.5563 Y20.3945 Z-1.2320
G1 X48.6394 Y20.6237 Z-1.2750
G1 X48.7587 Y20.8362 Z-1.3180
G1 X48.9108 Y21.0265 Z-1.3610
G1 X49.0918 Y21.1897 Z-1.4039
G1 X49.2969 Y21.3213 Z-1.4469
G1 X49.5206 Y21.4178 Z-1.4899
G1 X49.7571 Y21.4768 Z-1.5328
G1 X50.0 Y21.4967 Z-1.5758
G1 X50.2429 Y21.4768 Z-1.6188
G1 X50.4793 Y21.4179 Z-1.6617
G1 X50.7031 Y21.3213 Z-1.7047
G1 X50.9082 Y21.1897 Z-1.7477
G1 X51.0892 Y21.0265 Z-1.7906
G1 X51.2413 Y20.8362 Z-1.8336
G1 X51.3605 Y20.6236 Z-1.8766
G1 X51.4437 Y20.3946 Z-1.9196
G1 X51.4886 Y20.1550 Z-1.9625
G1 X51.4940 Y19.9114 Z-2.0055
G1 X51.4598 Y19.6701 Z-2.0485
G1 X51.3870 Y19.4376 Z-2.0914
G1 X51.2773 Y19.2199 Z-2.1344
G1 X51.1338 Y19.0230 Z-2.1774
G1 X50.9602 Y18.8520 Z-2.2203
G1 X50.7201 Y18.6823 Z-2.2722
G1 X50.5112 Y18.5535 Z-2.3155
G1 X50.3589 Y18.4864 Z-2.3448
G1 X50.2031 Y18.4554 Z-2.3728
G1 X50.0 Y18.4422 Z-2.4087
G1 X49.7969 Y18.4554 Z-2.4446
G1 X49.6411 Y18.4864 Z-2.4726
G1 X49.4884 Y18.5537 Z-2.5020
G1 X49.2801 Y18.6822 Z-2.5452
G1 X49.0397 Y18.8520 Z-2.5971
G1 X48.8662 Y19.0230 Z-2.6400
G1 X48.7227 Y19.2199 Z-2.6830
G1 X48.6130 Y19.4375 Z-2.7260
G1 X48.5401 Y19.6701 Z-2.7689
G1 X48.5059 Y19.9115 Z-2.8119
G1 X48.5114 Y20.1550 Z-2.8549
G1 X48.5563 Y20.3945 Z-2.8978
G1 X48.6394 Y20.6237 Z-2.9408
G1 X48.7587 Y20.8362 Z-2.9838
G1 X48.9108 Y21.0265 Z-3.0268
G1 X49.0918 Y21.1897 Z-3.0697
G1 X49.2969 Y21.3213 Z-3.1127
G1 X49.5206 Y21.4178 Z-3.1557
G1 X49.7571 Y21.4768 Z-3.1986
G1 X50.0 Y21.4967 Z-3.2416
G1 X50.2429 Y21.4768 Z-3.2846
G1 X50.4793 Y21.4179 Z-3.3275
G1 X50.7031 Y21.3213 Z-3.3705
G1 X50.9082 Y21.1897 Z-3.4135
G1 X51.0892 Y21.0265 Z-3.4565
G1 X51.2413 Y20.8362 Z-3.4994
G1 X51.3605 Y20.6236 Z-3.5424
G1 X51.4437 Y20.3946 Z-3.5854
G1 X51.4886 Y20.1550 Z-3.6283
G1 X51.4940 Y19.9114 Z-3.6713
G1 X51.4598 Y19.6701 Z-3.7143
G1 X51.3870 Y19.4376 Z-3.7572
G1 X51.2773 Y19.2199 Z-3.8002
G1 X51.1338 Y19.0230 Z-3.8432
G1 X50.9602 Y18.8520 Z-3.8861
G1 X50.7201 Y18.6823 Z-3.9380
G1 X50.5112 Y18.5535 Z-3.9813
G1 X50.3589 Y18.4864 Z-4.0100
G1 X50.2031 Y18.4554 F480
G1 X50.0 Y18.4422
G1 X49.7969 Y18.4554
G1 X49.6411 Y18.4864
G1 X49.4884 Y18.5537
G1 X49.2801 Y18.6822
G1 X49.0397 Y18.8520
G1 X48.8662 Y19.0230
G1 X48.7227 Y19.2199
G1 X48.6130 Y19.4375
G1 X48.5401 Y19.6701
G1 X48.5059 Y19.9115
G1 X48.5114 Y20.1550
G1 X48.5563 Y20.3945
G1 X48.6394 Y20.6237
G1 X48.7587 Y20.8362
G1 X48.9108 Y21.0265
G1 X49.0918 Y21.1897
G1 X49.2969 Y21.3213
G1 X49.5206 Y21.4178
G1 X49.7571 Y21.4768
G1 X50.0 Y21.4967
G1 X50.2429 Y21.4768
G1 X50.4793 Y21.4179
G1 X50.7031 Y21.3213
G1 X50.9082 Y21.1897
G1 X51.0892 Y21.0265
G1 X51.2413 Y20.8362
G1 X51.3605 Y20.6236
G1 X51.4437 Y20.3946
G1 X51.4886 Y20.1550
G1 X51.4940 Y19.9114
G1 X51.4598 Y19.6701
G1 X51.3870 Y19.4376
G1 X51.2773 Y19.2199
G1 X51.1338 Y19.0230
G1 X50.9602 Y18.8520
G1 X50.7201 Y18.6823
G1 X50.5112 Y18.5535
G1 X50.3589 Y18.4864
G00 Z4.9900
G00 X50.0 Y11.4967
G1 Z0.0900 F150
G1 X50.2429 Y11.4768 Z0.0470
G1 X50.4793 Y11.4178 Z0.0041
G1 X50.7031 Y11.3213 Z-0.0389
G1 X50.9081 Y11.1897 Z-0.0819
G1 X51.0892 Y11.0265 Z-0.1249
G1 X51.2413 Y10.8362 Z-0.1678
G1 X51.3605 Y10.6237 Z-0.2108
G1 X51.4437 Y10.3945 Z-0.2538
G1 X51.4886 Y10.1550 Z-0.2967
G1 X51.4940 Y9.9114 Z-0.3397
G1 X51.4598 Y9.6701 Z-0.3827
G1 X51.3870 Y9.4376 Z-0.4256
G1 X51.2773 Y9.2199 Z-0.4686
G1 X51.1338 Y9.0230 Z-0.5116
G1 X50.9602 Y8.8520 Z-0.5545
G1 X50.7200 Y8.6823 Z-0.6064
G1 X50.5112 Y8.5536 Z-0.6497
G1 X50.3589 Y8.4864 Z-0.6790
G1 X50.2031 Y8.4554 Z-0.7070
G1 X50.0 Y8.4422 Z-0.7429
G1 X49.7969 Y8.4554 Z-0.7788
G1 X49.6411 Y8.4864 Z-0.8068
G1 X49.4884 Y8.5537 Z-0.8362
G1 X49.2800 Y8.6822 Z-0.8794
G1 X49.0397 Y8.8520 Z-0.9313
G1 X48.8662 Y9.0230 Z-0.9742
G1 X48.7227 Y9.2199 Z-1.0172
G1 X48.6130 Y9.4375 Z-1.0602
G1 X48.5401 Y9.6701 Z-1.1031
G1 X48.5059 Y9.9115 Z-1.1461
G1 X48.5114 Y10.1550 Z-1.1891
G1 X48.5563 Y10.3946 Z-1.2320
G1 X48.6394 Y10.6236 Z-1.2750
G1 X48.7587 Y10.8362 Z-1.3180
G1 X48.9108 Y11.0265 Z-1.3609
G1 X49.0919 Y11.1897 Z-1.4039
G1 X49.2969 Y11.3213 Z-1.4469
G1 X49.5206 Y11.4178 Z-1.4899
G1 X49.7571 Y11.4768 Z-1.5328
G1 X50.0 Y11.4967 Z-1.5758
G1 X50.2429 Y11.4768 Z-1.6188
G1 X50.4793 Y11.4178 Z-1.6617
G1 X50.7031 Y11.3213 Z-1.7047
G1 X50.9081 Y11.1897 Z-1.7477
G1 X51.0892 Y11.0265 Z-1.7907
G1 X51.2413 Y10.8362 Z-1.8336
G1 X51.3605 Y10.6237 Z-1.8766
G1 X51.4437 Y10.3945 Z-1.9196
G1 X51.4886 Y10.1550 Z-1.9625
G1 X51.4940 Y9.9114 Z-2.0055
G1 X51.4598 Y9.6701 Z-2.0485
G1 X51.3870 Y9.4376 Z-2.0914
G1 X51.2773 Y9.2199 Z-2.1344
G1 X51.1338 Y9.0230 Z-2.1774
G1 X50.9602 Y8.8520 Z-2.2203
G1 X50.7200 Y8.6823 Z-2.2722
G1 X50.5112 Y8.5536 Z-2.3155
G1 X50.3589 Y8.4864 Z-2.3448
G1 X50.2031 Y8.4554 Z-2.3728
G1 X50.0 Y8.4422 Z-2.4087
G1 X49.7969 Y8.4554 Z-2.4446
G1 X49.6411 Y8.4864 Z-2.4726
G1 X49.4884 Y8.5537 Z-2.5020
G1 X49.2800 Y8.6822 Z-2.5452
G1 X49.0397 Y8.8520 Z-2.5971
G1 X48.8662 Y9.0230 Z-2.6400
G1 X48.7227 Y9.2199 Z-2.6830
G1 X48.6130 Y9.4375 Z-2.7260
G1 X48.5401 Y9.6701 Z-2.7689
G1 X48.5059 Y9.9115 Z-2.8119
G1 X48.5114 Y10.1550 Z-2.8549
G1 X48.5563 Y10.3946 Z-2.8978
G1 X48.6394 Y10.6236 Z-2.9408
G1 X48.7587 Y10.8362 Z-2.9838
G1 X48.9108 Y11.0265 Z-3.0267
G1 X49.0919 Y11.1897 Z-3.0697
G1 X49.2969 Y11.3213 Z-3.1127
G1 X49.5206 Y11.4178 Z-3.1557
G1 X49.7571 Y11.4768 Z-3.1986
G1 X50.0 Y11.4967 Z-3.2416
G1 X50.2429 Y11.4768 Z-3.2846
G1 X50.4793 Y11.4178 Z-3.3275
G1 X50.7031 Y11.3213 Z-3.3705
G1 X50.9081 Y11.1897 Z-3.4135
G1 X51.0892 Y11.0265 Z-3.4565
G1 X51.2413 Y10.8362 Z-3.4994
G1 X51.3605 Y10.6237 Z-3.5424
G1 X51.4437 Y10.3945 Z-3.5854
G1 X51.4886 Y10.1550 Z-3.6283
G1 X51.4940 Y9.9114 Z-3.6713
G1 X51.4598 Y9.6701 Z-3.7143
G1 X51.3870 Y9.4376 Z-3.7572
G1 X51.2773 Y9.2199 Z-3.8002
G1 X51.1338 Y9.0230 Z-3.8432
G1 X50.9602 Y8.8520 Z-3.8861
G1 X50.7200 Y8.6823 Z-3.9380
G1 X50.5112 Y8.5536 Z-3.9813
G1 X50.3589 Y8.4864 Z-4.0100
G1 X50.2031 Y8.4554 F480
G1 X50.0 Y8.4422
G1 X49.7969 Y8.4554
G1 X49.6411 Y8.4864
G1 X49.4884 Y8.5537
G1 X49.2800 Y8.6822
G1 X49.0397 Y8.8520
G1 X48.8662 Y9.0230
G1 X48.7227 Y9.2199
G1 X48.6130 Y9.4375
G1 X48.5401 Y9.6701
G1 X48.5059 Y9.9115
G1 X48.5114 Y10.1550
G1 X48.5563 Y10.3946
G1 X48.6394 Y10.6236
G1 X48.7587 Y10.8362
G1 X48.9108 Y11.0265
G1 X49.0919 Y11.1897
G1 X49.2969 Y11.3213
G1 X49.5206 Y11.4178
G1 X49.7571 Y11.4768
G1 X50.0 Y11.4967
G1 X50.2429 Y11.4768
G1 X50.4793 Y11.4178
G1 X50.7031 Y11.3213
G1 X50.9081 Y11.1897
G1 X51.0892 Y11.0265
G1 X51.2413 Y10.8362
G1 X51.3605 Y10.6237
G1 X51.4437 Y10.3945
G1 X51.4886 Y10.1550
G1 X51.4940 Y9.9114
G1 X51.4598 Y9.6701
G1 X51.3870 Y9.4376
G1 X51.2773 Y9.2199
G1 X51.1338 Y9.0230
G1 X50.9602 Y8.8520
G1 X50.7200 Y8.6823
G1 X50.5112 Y8.5536
G1 X50.3589 Y8.4864
G1 X50.2031 Y8.4554 Z-4.0380 F150
G1 X50.0 Y8.4422 Z-4.0739
G1 X49.7969 Y8.4554 Z-4.1098
G1 X49.6411 Y8.4864 Z-4.1378
G1 X49.4884 Y8.5537 Z-4.1672
G1 X49.2800 Y8.6822 Z-4.2104
G1 X49.0397 Y8.8520 Z-4.2623
G1 X48.8662 Y9.0230 Z-4.3052
G1 X48.7227 Y9.2199 Z-4.3482
G1 X48.6130 Y9.4375 Z-4.3912
G1 X48.5401 Y9.6701 Z-4.4341
G1 X48.5059 Y9.9115 Z-4.4771
G1 X48.5114 Y10.1550 Z-4.5100
G1 X48.5563 Y10.3946 F480
G1 X48.6394 Y10.6236
G1 X48.7587 Y10.8362
G1 X48.9108 Y11.0265
G1 X49.0919 Y11.1897
G1 X49.2969 Y11.3213
G1 X49.5206 Y11.4178
G1 X49.7571 Y11.4768
G1 X50.0 Y11.4967
G1 X50.2429 Y11.4768
G1 X50.4793 Y11.4178
G1 X50.7031 Y11.3213
G1 X50.9081 Y11.1897
G1 X51.0892 Y11.0265
G1 X51.2413 Y10.8362
G1 X51.3605 Y10.6237
G1 X51.4437 Y10.3945
G1 X51.4886 Y10.1550
G1 X51.4940 Y9.9114
G1 X51.4598 Y9.6701
G1 X51.3870 Y9.4376
G1 X51.2773 Y9.2199
G1 X51.1338 Y9.0230
G1 X50.9602 Y8.8520
G1 X50.7200 Y8.6823
G1 X50.5112 Y8.5536
G1 X50.3589 Y8.4864
G1 X50.2031 Y8.4554
G1 X50.0 Y8.4422
G1 X49.7969 Y8.4554
G1 X49.6411 Y8.4864
G1 X49.4884 Y8.5537
G1 X49.2800 Y8.6822
G1 X49.0397 Y8.8520
G1 X48.8662 Y9.0230
G1 X48.7227 Y9.2199
G1 X48.6130 Y9.4375
G1 X48.5401 Y9.6701
G1 X48.5059 Y9.9115
G1 X48.5114 Y10.1550
G00 Z4.9900
G00 X49.7969 Y18.4554
G1 Z0.0900 F150
G1 X49.6411 Y18.4864 Z0.0620
G1 X49.4884 Y18.5537 Z0.0326
G1 X49.2801 Y18.6822 Z-0.0106
G1 X49.0397 Y18.8520 Z-0.0625
G1 X48.8662 Y19.0230 Z-0.1054
G1 X48.7227 Y19.2199 Z-0.1484
G1 X48.6130 Y19.4375 Z-0.1914
G1 X48.5401 Y19.6701 Z-0.2343
G1 X48.5059 Y19.9115 Z-0.2773
G1 X48.5114 Y20.1550 Z-0.3203
G1 X48.5563 Y20.3945 Z-0.3632
G1 X48.6394 Y20.6237 Z-0.4062
G1 X48.7587 Y20.8362 Z-0.4492
G1 X48.9108 Y21.0265 Z-0.4922
G1 X49.0918 Y21.1897 Z-0.5351
G1 X49.2969 Y21.3213 Z-0.5781
G1 X49.5206 Y21.4178 Z-0.6211
G1 X49.7571 Y21.4768 Z-0.6640
G1 X50.0 Y21.4967 Z-0.7070
G1 X50.2429 Y21.4768 Z-0.7500
G1 X50.4793 Y21.4179 Z-0.7929
G1 X50.7031 Y21.3213 Z-0.8359
G1 X50.9082 Y21.1897 Z-0.8789
G1 X51.0892 Y21.0265 Z-0.9219
G1 X51.2413 Y20.8362 Z-0.9648
G1 X51.3605 Y20.6236 Z-1.0078
G1 X51.4437 Y20.3946 Z-1.0508
G1 X51.4886 Y20.1550 Z-1.0937
G1 X51.4940 Y19.9114 Z-1.1367
G1 X51.4598 Y19.6701 Z-1.1797
G1 X51.3870 Y19.4376 Z-1.2226
G1 X51.2773 Y19.2199 Z-1.2656
G1 X51.1338 Y19.0230 Z-1.3086
G1 X50.9602 Y18.8520 Z-1.3516
G1 X50.7201 Y18.6823 Z-1.4034
G1 X50.5112 Y18.5535 Z-1.4467
G1 X50.3589 Y18.4864 Z-1.4760
G1 X50.2031 Y18.4554 Z-1.5040
G1 X50.0 Y18.4422 Z-1.5399
G1 X49.7969 Y18.4554 Z-1.5758
G1 X49.6411 Y18.4864 Z-1.6038
G1 X49.4884 Y18.5537 Z-1.6332
G1 X49.2801 Y18.6822 Z-1.6764
G1 X49.0397 Y18.8520 Z-1.7283
G1 X48.8662 Y19.0230 Z-1.7712
G1 X48.7227 Y19.2199 Z-1.8142
G1 X48.6130 Y19.4375 Z-1.8572
G1 X48.5401 Y19.6701 Z-1.9001
G1 X48.5059 Y19.9115 Z-1.9431
G1 X48.5114 Y20.1550 Z-1.9861
G1 X48.5563 Y20.3945 Z-2.0290
G1 X48.6394 Y20.6237 Z-2.0720
G1 X48.7587 Y20.8362 Z-2.1150
G1 X48.9108 Y21.0265 Z-2.1580
G1 X49.0918 Y21.1897 Z-2.2009
G1 X49.2969 Y21.3213 Z-2.2439
G1 X49.5206 Y21.4178 Z-2.2869
G1 X49.7571 Y21.4768 Z-2.3298
G1 X50.0 Y21.4967 Z-2.3728
G1 X50.2429 Y21.4768 Z-2.4158
G1 X50.4793 Y21.4179 Z-2.4587
G1 X50.7031 Y21.3213 Z-2.5017
G1 X50.9082 Y21.1897 Z-2.5447
G1 X51.0892 Y21.0265 Z-2.5877
G1 X51.2413 Y20.8362 Z-2.6306
G1 X51.3605 Y20.6236 Z-2.6736
G1 X51.4437 Y20.3946 Z-2.7166
G1 X51.4886 Y20.1550 Z-2.7595
G1 X51.4940 Y19.9114 Z-2.8025
G1 X51.4598 Y19.6701 Z-2.8455
G1 X51.3870 Y19.4376 Z-2.8884
G1 X51.2773 Y19.2199 Z-2.9314
G1 X51.1338 Y19.0230 Z-2.9744
G1 X50.9602 Y18.8520 Z-3.0174
G1 X50.7201 Y18.6823 Z-3.0692
G1 X50.5112 Y18.5535 Z-3.1125
G1 X50.3589 Y18.4864 Z-3.1418
G1 X50.2031 Y18.4554 Z-3.1698
G1 X50.0 Y18.4422 Z-3.2057
G1 X49.7969 Y18.4554 Z-3.2416
G1 X49.6411 Y18.4864 Z-3.2696
G1 X49.4884 Y18.5537 Z-3.2990
G1 X49.2801 Y18.6822 Z-3.3422
G1 X49.0397 Y18.8520 Z-3.3941
G1 X48.8662 Y19.0230 Z-3.4370
G1 X48.7227 Y19.2199 Z-3.4800
G1 X48.6130 Y19.4375 Z-3.5230
G1 X48.5401 Y19.6701 Z-3.5659
G1 X48.5059 Y19.9115 Z-3.6089
G1 X48.5114 Y20.1550 Z-3.6519
G1 X48.5563 Y20.3945 Z-3.6949
G1 X48.6394 Y20.6237 Z-3.7378
G1 X48.7587 Y20.8362 Z-3.7808
G1 X48.9108 Y21.0265 Z-3.8238
G1 X49.0918 Y21.1897 Z-3.8667
G1 X49.2969 Y21.3213 Z-3.9097
G1 X49.5206 Y21.4178 Z-3.9527
G1 X49.7571 Y21.4768 Z-3.9956
G1 X50.0 Y21.4967 Z-4.0386
G1 X50.2429 Y21.4768 Z-4.0816
G1 X50.4793 Y21.4179 Z-4.1245
G1 X50.7031 Y21.3213 Z-4.1675
G1 X50.9082 Y21.1897 Z-4.2105
G1 X51.0892 Y21.0265 Z-4.2535
G1 X51.2413 Y20.8362 Z-4.2964
G1 X51.3605 Y20.6236 Z-4.3394
G1 X51.4437 Y20.3946 Z-4.3824
G1 X51.4886 Y20.1550 Z-4.4253
G1 X51.4940 Y19.9114 Z-4.4683
G1 X51.4598 Y19.6701 Z-4.5100
G1 X51.3870 Y19.4376 F480
G1 X51.2773 Y19.2199
G1 X51.1338 Y19.0230
G1 X50.9602 Y18.8520
G1 X50.7201 Y18.6823
G1 X50.5112 Y18.5535
G1 X50.3589 Y18.4864
G1 X50.2031 Y18.4554
G1 X50.0 Y18.4422
G1 X49.7969 Y18.4554
G1 X49.6411 Y18.4864
G1 X49.4884 Y18.5537
G1 X49.2801 Y18.6822
G1 X49.0397 Y18.8520
G1 X48.8662 Y19.0230
G1 X48.7227 Y19.2199
G1 X48.6130 Y19.4375
G1 X48.5401 Y19.6701
G1 X48.5059 Y19.9115
G1 X48.5114 Y20.1550
G1 X48.5563 Y20.3945
G1 X48.6394 Y20.6237
G1 X48.7587 Y20.8362
G1 X48.9108 Y21.0265
G1 X49.0918 Y21.1897
G1 X49.2969 Y21.3213
G1 X49.5206 Y21.4178
G1 X49.7571 Y21.4768
G1 X50.0 Y21.4967
G1 X50.2429 Y21.4768
G1 X50.4793 Y21.4179
G1 X50.7031 Y21.3213
G1 X50.9082 Y21.1897
G1 X51.0892 Y21.0265
G1 X51.2413 Y20.8362
G1 X51.3605 Y20.6236
G1 X51.4437 Y20.3946
G1 X51.4886 Y20.1550
G1 X51.4940 Y19.9114
G1 X51.4598 Y19.6701
G00 Z4.9900
G00 X50.2459 Y34.0464
G1 Z0.0900 F150
G1 X49.9438 Y34.0617 Z0.0367
G1 X49.6509 Y34.1375 Z-0.0167
G1 X49.3794 Y34.2707 Z-0.0700
G1 X49.1402 Y34.4559 Z-0.1233
G1 X48.9432 Y34.6854 Z-0.1767
G1 X48.7964 Y34.9498 Z-0.2300
G1 X48.7059 Y35.2384 Z-0.2833
G1 X48.6752 Y35.5392 Z-0.3367
G1 X48.7059 Y35.8402 Z-0.3900
G1 X48.7964 Y36.1288 Z-0.4433
G1 X48.9432 Y36.3933 Z-0.4967
G1 X49.1402 Y36.6227 Z-0.5500
G1 X49.3794 Y36.8079 Z-0.6033
G1 X49.6509 Y36.9411 Z-0.6566
G1 X49.9437 Y37.0169 Z-0.7100
G1 X50.2458 Y37.0322 Z-0.7633
G1 X50.5448 Y36.9864 Z-0.8167
G1 X50.8284 Y36.8814 Z-0.8700
G1 X51.0851 Y36.7214 Z-0.9233
G1 X51.3044 Y36.5130 Z-0.9767
G1 X51.4771 Y36.2648 Z-1.0300
G1 X51.5964 Y35.9868 Z-1.0833
G1 X51.6573 Y35.6905 Z-1.1366
G1 Y35.3881 Z-1.1900
G1 X51.5964 Y35.0918 Z-1.2433
G1 X51.4771 Y34.8139 Z-1.2966
G1 X51.3043 Y34.5656 Z-1.3500
G1 X51.0851 Y34.3572 Z-1.4033
G1 X50.8284 Y34.1972 Z-1.4566
G1 X50.5448 Y34.0922 Z-1.5100
G1 X50.2459 Y34.0464 Z-1.5633
G1 X49.9438 Y34.0617 Z-1.6166
G1 X49.6509 Y34.1375 Z-1.6700
G1 X49.3794 Y34.2707 Z-1.7233
G1 X49.1402 Y34.4559 Z-1.7766
G1 X48.9432 Y34.6854 Z-1.8300
G1 X48.7964 Y34.9498 Z-1.8833
G1 X48.7059 Y35.2384 Z-1.9366
G1 X48.6752 Y35.5392 Z-1.9899
G1 X48.7059 Y35.8402 Z-2.0433
G1 X48.7964 Y36.1288 Z-2.0966
G1 X48.9432 Y36.3933 Z-2.1500
G1 X49.1402 Y36.6227 Z-2.2033
G1 X49.3794 Y36.8079 Z-2.2566
G1 X49.6509 Y36.9411 Z-2.3099
G1 X49.9437 Y37.0169 Z-2.3633
G1 X50.2458 Y37.0322 Z-2.4166
G1 X50.5448 Y36.9864 Z-2.4699
G1 X50.8284 Y36.8814 Z-2.5233
G1 X51.0851 Y36.7214 Z-2.5766
G1 X51.3044 Y36.5130 Z-2.6299
G1 X51.4771 Y36.2648 Z-2.6833
G1 X51.5964 Y35.9868 Z-2.7366
G1 X51.6573 Y35.6905 Z-2.7899
G1 Y35.3881 Z-2.8433
G1 X51.5964 Y35.0918 Z-2.8966
G1 X51.4771 Y34.8139 Z-2.9499
G1 X51.3043 Y34.5656 Z-3.0033
G1 X51.0851 Y34.3572 Z-3.0566
G1 X50.8284 Y34.1972 Z-3.1099
G1 X50.5448 Y34.0922 Z-3.1633
G1 X50.2459 Y34.0464 Z-3.2166
G1 X49.9438 Y34.0617 Z-3.2699
G1 X49.6509 Y34.1375 Z-3.3233
G1 X49.3794 Y34.2707 Z-3.3766
G1 X49.1402 Y34.4559 Z-3.4299
G1 X48.9432 Y34.6854 Z-3.4833
G1 X48.7964 Y34.9498 Z-3.5366
G1 X48.7059 Y35.2384 Z-3.5899
G1 X48.6752 Y35.5392 Z-3.6432
G1 X48.7059 Y35.8402 Z-3.6966
G1 X48.7964 Y36.1288 Z-3.7499
G1 X48.9432 Y36.3933 Z-3.8032
G1 X49.1402 Y36.6227 Z-3.8566
G1 X49.3794 Y36.8079 Z-3.9099
G1 X49.6509 Y36.9411 Z-3.9632
G1 X49.9437 Y37.0169 Z-4.0166
G1 X50.2458 Y37.0322 Z-4.0699
G1 X50.5448 Y36.9864 Z-4.1232
G1 X50.8284 Y36.8814 Z-4.1766
G1 X51.0851 Y36.7214 Z-4.2299
G1 X51.3044 Y36.5130 Z-4.2832
G1 X51.4771 Y36.2648 Z-4.3366
G1 X51.5964 Y35.9868 Z-4.3899
G1 X51.6573 Y35.6905 Z-4.4432
G1 Y35.3881 Z-4.4966
G1 X51.5964 Y35.0918 Z-4.5100
G1 X51.4771 Y34.8139 F480
G1 X51.3043 Y34.5656
G1 X51.0851 Y34.3572
G1 X50.8284 Y34.1972
G1 X50.5448 Y34.0922
G1 X50.2459 Y34.0464
G1 X49.9438 Y34.0617
G1 X49.6509 Y34.1375
G1 X49.3794 Y34.2707
G1 X49.1402 Y34.4559
G1 X48.9432 Y34.6854
G1 X48.7964 Y34.9498
G1 X48.7059 Y35.2384
G1 X48.6752 Y35.5392
G1 X48.7059 Y35.8402
G1 X48.7964 Y36.1288
G1 X48.9432 Y36.3933
G1 X49.1402 Y36.6227
G1 X49.3794 Y36.8079
G1 X49.6509 Y36.9411
G1 X49.9437 Y37.0169
G1 X50.2458 Y37.0322
G1 X50.5448 Y36.9864
G1 X50.8284 Y36.8814
G1 X51.0851 Y36.7214
G1 X51.3044 Y36.5130
G1 X51.4771 Y36.2648
G1 X51.5964 Y35.9868
G1 X51.6573 Y35.6905
G1 Y35.3881
G1 X51.5964 Y35.0918
G00 Z4.9900
G00 X50.2458 Y44.0464
G1 Z0.0900 F150
G1 X49.9437 Y44.0617 Z0.0367
G1 X49.6509 Y44.1375 Z-0.0167
G1 X49.3794 Y44.2707 Z-0.0700
G1 X49.1402 Y44.4558 Z-0.1233
G1 X48.9432 Y44.6854 Z-0.1767
G1 X48.7964 Y44.9498 Z-0.2300
G1 X48.7059 Y45.2384 Z-0.2833
G1 X48.6752 Y45.5393 Z-0.3367
G1 X48.7059 Y45.8402 Z-0.3900
G1 X48.7964 Y46.1288 Z-0.4433
G1 X48.9432 Y46.3933 Z-0.4967
G1 X49.1402 Y46.6228 Z-0.5500
G1 X49.3794 Y46.8079 Z-0.6033
G1 X49.6509 Y46.9411 Z-0.6566
G1 X49.9437 Y47.0169 Z-0.7100
G1 X50.2459 Y47.0322 Z-0.7633
G1 X50.5448 Y46.9864 Z-0.8167
G1 X50.8284 Y46.8814 Z-0.8700
G1 X51.0851 Y46.7214 Z-0.9233
G1 X51.3043 Y46.5130 Z-0.9767
G1 X51.4771 Y46.2648 Z-1.0300
G1 X51.5964 Y45.9868 Z-1.0833
G1 X51.6573 Y45.6905 Z-1.1366
G1 Y45.3881 Z-1.1900
G1 X51.5964 Y45.0918 Z-1.2433
G1 X51.4771 Y44.8138 Z-1.2966
G1 X51.3043 Y44.5656 Z-1.3500
G1 X51.0851 Y44.3572 Z-1.4033
G1 X50.8284 Y44.1972 Z-1.4566
G1 X50.5448 Y44.0922 Z-1.5100
G1 X50.2458 Y44.0464 Z-1.5633
G1 X49.9437 Y44.0617 Z-1.6166
G1 X49.6509 Y44.1375 Z-1.6700
G1 X49.3794 Y44.2707 Z-1.7233
G1 X49.1402 Y44.4558 Z-1.7766
G1 X48.9432 Y44.6854 Z-1.8300
G1 X48.7964 Y44.9498 Z-1.8833
G1 X48.7059 Y45.2384 Z-1.9366
G1 X48.6752 Y45.5393 Z-1.9900
G1 X48.7059 Y45.8402 Z-2.0433
G1 X48.7964 Y46.1288 Z-2.0966
G1 X48.9432 Y46.3933 Z-2.1500
G1 X49.1402 Y46.6228 Z-2.2033
G1 X49.3794 Y46.8079 Z-2.2566
G1 X49.6509 Y46.9411 Z-2.3099
G1 X49.9437 Y47.0169 Z-2.3633
G1 X50.2459 Y47.0322 Z-2.4166
G1 X50.5448 Y46.9864 Z-2.4699
G1 X50.8284 Y46.8814 Z-2.5233
G1 X51.0851 Y46.7214 Z-2.5766
G1 X51.3043 Y46.5130 Z-2.6299
G1 X51.4771 Y46.2648 Z-2.6833
G1 X51.5964 Y45.9868 Z-2.7366
G1 X51.6573 Y45.6905 Z-2.7899
G1 Y45.3881 Z-2.8433
G1 X51.5964 Y45.0918 Z-2.8966
G1 X51.4771 Y44.8138 Z-2.9499
G1 X51.3043 Y44.5656 Z-3.0033
G1 X51.0851 Y44.3572 Z-3.0566
G1 X50.8284 Y44.1972 Z-3.1099
G1 X50.5448 Y44.0922 Z-3.1633
G1 X50.2458 Y44.0464 Z-3.2166
G1 X49.9437 Y44.0617 Z-3.2699
G1 X49.6509 Y44.1375 Z-3.3233
G1 X49.3794 Y44.2707 Z-3.3766
G1 X49.1402 Y44.4558 Z-3.4299
G1 X48.9432 Y44.6854 Z-3.4833
G1 X48.7964 Y44.9498 Z-3.5366
G1 X48.7059 Y45.2384 Z-3.5899
G1 X48.6752 Y45.5393 Z-3.6433
G1 X48.7059 Y45.8402 Z-3.6966
G1 X48.7964 Y46.1288 Z-3.7499
G1 X48.9432 Y46.3933 Z-3.8033
G1 X49.1402 Y46.6228 Z-3.8566
G1 X49.3794 Y46.8079 Z-3.9099
G1 X49.6509 Y46.9411 Z-3.9632
G1 X49.9437 Y47.0169 Z-4.0166
G1 X50.2459 Y47.0322 Z-4.0699
G1 X50.5448 Y46.9864 Z-4.1232
G1 X50.8284 Y46.8814 Z-4.1766
G1 X51.0851 Y46.7214 Z-4.2299
G1 X51.3043 Y46.5130 Z-4.2832
G1 X51.4771 Y46.2648 Z-4.3366
G1 X51.5964 Y45.9868 Z-4.3899
G1 X51.6573 Y45.6905 Z-4.4432
G1 Y45.3881 Z-4.4966
G1 X51.5964 Y45.0918 Z-4.5100
G1 X51.4771 Y44.8138 F480
G1 X51.3043 Y44.5656
G1 X51.0851 Y44.3572
G1 X50.8284 Y44.1972
G1 X50.5448 Y44.0922
G1 X50.2458 Y44.0464
G1 X49.9437 Y44.0617
G1 X49.6509 Y44.1375
G1 X49.3794 Y44.2707
G1 X49.1402 Y44.4558
G1 X48.9432 Y44.6854
G1 X48.7964 Y44.9498
G1 X48.7059 Y45.2384
G1 X48.6752 Y45.5393
G1 X48.7059 Y45.8402
G1 X48.7964 Y46.1288
G1 X48.9432 Y46.3933
G1 X49.1402 Y46.6228
G1 X49.3794 Y46.8079
G1 X49.6509 Y46.9411
G1 X49.9437 Y47.0169
G1 X50.2459 Y47.0322
G1 X50.5448 Y46.9864
G1 X50.8284 Y46.8814
G1 X51.0851 Y46.7214
G1 X51.3043 Y46.5130
G1 X51.4771 Y46.2648
G1 X51.5964 Y45.9868
G1 X51.6573 Y45.6905
G1 Y45.3881
G1 X51.5964 Y45.0918
G00 Z4.9900
G00 X40.2798 Y49.2074
G1 Z0.0900 F150
G1 X39.9613 Y48.2501 Z-0.0879
G1 X39.5525 Y47.3280 Z-0.2657
G1 X39.0569 Y46.4492 Z-0.4436
G1 X38.4795 Y45.6221 Z-0.6215
G1 X37.8251 Y44.8542 Z-0.7994
G1 X37.1002 Y44.1526 Z-0.9773
G1 X36.3113 Y43.5239 Z-1.1552
G1 X35.4657 Y42.9739 Z-1.3330
G1 X34.5712 Y42.5074 Z-1.5109
G1 X33.6360 Y42.1290 Z-1.6888
G1 X32.6690 Y41.8422 Z-1.8667
G1 X31.6785 Y41.6494 Z-2.0446
G1 X30.6746 Y41.5526 Z-2.2224
G1 X29.6656 Z-2.4003
G1 X28.6617 Y41.6494 Z-2.5782
G1 X27.6713 Y41.8422 Z-2.7561
G1 X26.7043 Y42.1290 Z-2.9339
G1 X25.7690 Y42.5075 Z-3.1118
G1 X24.8745 Y42.9738 Z-3.2897
G1 X24.0289 Y43.5239 Z-3.4676
G1 X23.2400 Y44.1527 Z-3.6455
G1 X22.5151 Y44.8541 Z-3.8233
G1 X21.8607 Y45.6222 Z-4.0012
G1 X21.2833 Y46.4492 Z-4.1791
G1 X20.7877 Y47.3280 Z-4.3570
G1 X20.3789 Y48.2502 Z-4.5100
G1 X20.0605 Y49.2073 F480
G1 X19.8353 Y50.1908
G1 X19.7056 Y51.1913
G1 X19.6725 Y52.1994
G1 X19.7363 Y53.2063
G1 X19.8965 Y54.2021
G1 X20.1515 Y55.1783
G1 X20.4991 Y56.1254
G1 X20.9358 Y57.0345
G1 X21.4580 Y57.8979
G1 X22.0605 Y58.7070
G1 X22.7378 Y59.4546
G1 X23.4837 Y60.1336
G1 X24.2916 Y60.7381
G1 X25.1535 Y61.2620
G1 X26.6701 Y61.9949
G1 Y89.5020
G1 X26.7120 Y90.0604
G1 X26.8283 Y90.5701
G1 X27.0193 Y91.0567
G1 X27.2806 Y91.5093
G1 X27.6065 Y91.9180
G1 X27.9896 Y92.2735
G1 X28.4215 Y92.5679
G1 X28.8924 Y92.7947
G1 X29.3920 Y92.9488
G1 X29.9088 Y93.0267
G1 X30.4315
G1 X30.9482 Y92.9488
G1 X31.4478 Y92.7947
G1 X31.9187 Y92.5679
G1 X32.3506 Y92.2735
G1 X32.7337 Y91.9180
G1 X33.0596 Y91.5093
G1 X33.3210 Y91.0567
G1 X33.5119 Y90.5701
G1 X33.6282 Y90.0604
G1 X33.6701 Y89.5019
G1 Y61.9949
G1 X35.1867 Y61.2620
G1 X36.0486 Y60.7381
G1 X36.8564 Y60.1336
G1 X37.6025 Y59.4545
G1 X38.2798 Y58.7071
G1 X38.8823 Y57.8979
G1 X39.4044 Y57.0346
G1 X39.8412 Y56.1254
G1 X40.1887 Y55.1783
G1 X40.4437 Y54.2022
G1 X40.6039 Y53.2062
G1 X40.6677 Y52.1994
G1 X40.6346 Y51.1913
G1 X40.5049 Y50.1908
G1 X40.2798 Y49.2074
G1 X39.9613 Y48.2501
G1 X39.5525 Y47.3280
G1 X39.0569 Y46.4492
G1 X38.4795 Y45.6221
G1 X37.8251 Y44.8542
G1 X37.1002 Y44.1526
G1 X36.3113 Y43.5239
G1 X35.4657 Y42.9739
G1 X34.5712 Y42.5074
G1 X33.6360 Y42.1290
G1 X32.6690 Y41.8422
G1 X31.6785 Y41.6494
G1 X30.6746 Y41.5526
G1 X29.6656
G1 X28.6617 Y41.6494
G1 X27.6713 Y41.8422
G1 X26.7043 Y42.1290
G1 X25.7690 Y42.5075
G1 X24.8745 Y42.9738
G1 X24.0289 Y43.5239
G1 X23.2400 Y44.1527
G1 X22.5151 Y44.8541
G1 X21.8607 Y45.6222
G1 X21.2833 Y46.4492
G1 X20.7877 Y47.3280
G1 X20.3789 Y48.2502
G00 Z4.9900
G00 X11.5964 Y45.9868
G1 Z0.0900 F150
G1 X11.6573 Y45.6905 Z0.0367
G1 Y45.3881 Z-0.0167
G1 X11.5964 Y45.0918 Z-0.0700
G1 X11.4771 Y44.8139 Z-0.1233
G1 X11.3044 Y44.5656 Z-0.1767
G1 X11.0851 Y44.3572 Z-0.2300
G1 X10.8285 Y44.1972 Z-0.2833
G1 X10.5448 Y44.0922 Z-0.3367
G1 X10.2459 Y44.0464 Z-0.3900
G1 X9.9438 Y44.0617 Z-0.4433
G1 X9.6510 Y44.1375 Z-0.4967
G1 X9.3794 Y44.2707 Z-0.5500
G1 X9.1402 Y44.4559 Z-0.6033
G1 X8.9432 Y44.6854 Z-0.6567
G1 X8.7964 Y44.9498 Z-0.7100
G1 X8.7059 Y45.2384 Z-0.7633
G1 X8.6753 Y45.5393 Z-0.8166
G1 X8.7059 Y45.8402 Z-0.8700
G1 X8.7964 Y46.1288 Z-0.9233
G1 X8.9432 Y46.3933 Z-0.9766
G1 X9.1402 Y46.6228 Z-1.0300
G1 X9.3794 Y46.8079 Z-1.0833
G1 X9.6510 Y46.9411 Z-1.1366
G1 X9.9438 Y47.0169 Z-1.1900
G1 X10.2459 Y47.0322 Z-1.2433
G1 X10.5448 Y46.9864 Z-1.2966
G1 X10.8284 Y46.8814 Z-1.3500
G1 X11.0851 Y46.7214 Z-1.4033
G1 X11.3044 Y46.5130 Z-1.4566
G1 X11.4771 Y46.2648 Z-1.5100
G1 X11.5964 Y45.9868 Z-1.5633
G1 X11.6573 Y45.6905 Z-1.6166
G1 Y45.3881 Z-1.6700
G1 X11.5964 Y45.0918 Z-1.7233
G1 X11.4771 Y44.8139 Z-1.7766
G1 X11.3044 Y44.5656 Z-1.8300
G1 X11.0851 Y44.3572 Z-1.8833
G1 X10.8285 Y44.1972 Z-1.9366
G1 X10.5448 Y44.0922 Z-1.9900
G1 X10.2459 Y44.0464 Z-2.0433
G1 X9.9438 Y44.0617 Z-2.0966
G1 X9.6510 Y44.1375 Z-2.1499
G1 X9.3794 Y44.2707 Z-2.2033
G1 X9.1402 Y44.4559 Z-2.2566
G1 X8.9432 Y44.6854 Z-2.3099
G1 X8.7964 Y44.9498 Z-2.3633
G1 X8.7059 Y45.2384 Z-2.4166
G1 X8.6753 Y45.5393 Z-2.4699
G1 X8.7059 Y45.8402 Z-2.5233
G1 X8.7964 Y46.1288 Z-2.5766
G1 X8.9432 Y46.3933 Z-2.6299
G1 X9.1402 Y46.6228 Z-2.6833
G1 X9.3794 Y46.8079 Z-2.7366
G1 X9.6510 Y46.9411 Z-2.7899
G1 X9.9438 Y47.0169 Z-2.8433
G1 X10.2459 Y47.0322 Z-2.8966
G1 X10.5448 Y46.9864 Z-2.9499
G1 X10.8284 Y46.8814 Z-3.0033
G1 X11.0851 Y46.7214 Z-3.0566
G1 X11.3044 Y46.5130 Z-3.1099
G1 X11.4771 Y46.2648 Z-3.1632
G1 X11.5964 Y45.9868 Z-3.2166
G1 X11.6573 Y45.6905 Z-3.2699
G1 Y45.3881 Z-3.3233
G1 X11.5964 Y45.0918 Z-3.3766
G1 X11.4771 Y44.8139 Z-3.4299
G1 X11.3044 Y44.5656 Z-3.4832
G1 X11.0851 Y44.3572 Z-3.5366
G1 X10.8285 Y44.1972 Z-3.5899
G1 X10.5448 Y44.0922 Z-3.6433
G1 X10.2459 Y44.0464 Z-3.6966
G1 X9.9438 Y44.0617 Z-3.7499
G1 X9.6510 Y44.1375 Z-3.8032
G1 X9.3794 Y44.2707 Z-3.8566
G1 X9.1402 Y44.4559 Z-3.9099
G1 X8.9432 Y44.6854 Z-3.9632
G1 X8.7964 Y44.9498 Z-4.0166
G1 X8.7059 Y45.2384 Z-4.0699
G1 X8.6753 Y45.5393 Z-4.1232
G1 X8.7059 Y45.8402 Z-4.1766
G1 X8.7964 Y46.1288 Z-4.2299
G1 X8.9432 Y46.3933 Z-4.2832
G1 X9.1402 Y46.6228 Z-4.3366
G1 X9.3794 Y46.8079 Z-4.3899
G1 X9.6510 Y46.9411 Z-4.4432
G1 X9.9438 Y47.0169 Z-4.4966
G1 X10.2459 Y47.0322 Z-4.5100
G1 X10.5448 Y46.9864 F480
G1 X10.8284 Y46.8814
G1 X11.0851 Y46.7214
G1 X11.3044 Y46.5130
G1 X11.4771 Y46.2648
G1 X11.5964 Y45.9868
G1 X11.6573 Y45.6905
G1 Y45.3881
G1 X11.5964 Y45.0918
G1 X11.4771 Y44.8139
G1 X11.3044 Y44.5656
G1 X11.0851 Y44.3572
G1 X10.8285 Y44.1972
G1 X10.5448 Y44.0922
G1 X10.2459 Y44.0464
G1 X9.9438 Y44.0617
G1 X9.6510 Y44.1375
G1 X9.3794 Y44.2707
G1 X9.1402 Y44.4559
G1 X8.9432 Y44.6854
G1 X8.7964 Y44.9498
G1 X8.7059 Y45.2384
G1 X8.6753 Y45.5393
G1 X8.7059 Y45.8402
G1 X8.7964 Y46.1288
G1 X8.9432 Y46.3933
G1 X9.1402 Y46.6228
G1 X9.3794 Y46.8079
G1 X9.6510 Y46.9411
G1 X9.9438 Y47.0169
G1 X10.2459 Y47.0322
G00 Z4.9900
G00 Y37.0322
G1 Z0.0900 F150
G1 X10.5448 Y36.9864 Z0.0367
G1 X10.8285 Y36.8814 Z-0.0167
G1 X11.0851 Y36.7214 Z-0.0700
G1 X11.3044 Y36.5130 Z-0.1233
G1 X11.4771 Y36.2648 Z-0.1766
G1 X11.5964 Y35.9868 Z-0.2300
G1 X11.6573 Y35.6905 Z-0.2833
G1 Y35.3881 Z-0.3366
G1 X11.5964 Y35.0918 Z-0.3900
G1 X11.4771 Y34.8138 Z-0.4433
G1 X11.3044 Y34.5656 Z-0.4966
G1 X11.0851 Y34.3572 Z-0.5500
G1 X10.8284 Y34.1972 Z-0.6033
G1 X10.5448 Y34.0922 Z-0.6566
G1 X10.2459 Y34.0464 Z-0.7100
G1 X9.9438 Y34.0617 Z-0.7633
G1 X9.6509 Y34.1375 Z-0.8166
G1 X9.3794 Y34.2707 Z-0.8700
G1 X9.1402 Y34.4559 Z-0.9233
G1 X8.9432 Y34.6853 Z-0.9766
G1 X8.7964 Y34.9498 Z-1.0300
G1 X8.7059 Y35.2384 Z-1.0833
G1 X8.6753 Y35.5393 Z-1.1366
G1 X8.7059 Y35.8402 Z-1.1900
G1 X8.7964 Y36.1288 Z-1.2433
G1 X8.9432 Y36.3932 Z-1.2966
G1 X9.1402 Y36.6228 Z-1.3500
G1 X9.3794 Y36.8079 Z-1.4033
G1 X9.6510 Y36.9411 Z-1.4566
G1 X9.9438 Y37.0169 Z-1.5099
G1 X10.2459 Y37.0322 Z-1.5633
G1 X10.5448 Y36.9864 Z-1.6166
G1 X10.8285 Y36.8814 Z-1.6699
G1 X11.0851 Y36.7214 Z-1.7233
G1 X11.3044 Y36.5130 Z-1.7766
G1 X11.4771 Y36.2648 Z-1.8299
G1 X11.5964 Y35.9868 Z-1.8833
G1 X11.6573 Y35.6905 Z-1.9366
G1 Y35.3881 Z-1.9899
G1 X11.5964 Y35.0918 Z-2.0433
G1 X11.4771 Y34.8138 Z-2.0966
G1 X11.3044 Y34.5656 Z-2.1499
G1 X11.0851 Y34.3572 Z-2.2033
G1 X10.8284 Y34.1972 Z-2.2566
G1 X10.5448 Y34.0922 Z-2.3099
G1 X10.2459 Y34.0464 Z-2.3633
G1 X9.9438 Y34.0617 Z-2.4166
G1 X9.6509 Y34.1375 Z-2.4699
G1 X9.3794 Y34.2707 Z-2.5233
G1 X9.1402 Y34.4559 Z-2.5766
G1 X8.9432 Y34.6853 Z-2.6299
G1 X8.7964 Y34.9498 Z-2.6833
G1 X8.7059 Y35.2384 Z-2.7366
G1 X8.6753 Y35.5393 Z-2.7899
G1 X8.7059 Y35.8402 Z-2.8433
G1 X8.7964 Y36.1288 Z-2.8966
G1 X8.9432 Y36.3932 Z-2.9499
G1 X9.1402 Y36.6228 Z-3.0032
G1 X9.3794 Y36.8079 Z-3.0566
G1 X9.6510 Y36.9411 Z-3.1099
G1 X9.9438 Y37.0169 Z-3.1632
G1 X10.2459 Y37.0322 Z-3.2166
G1 X10.5448 Y36.9864 Z-3.2699
G1 X10.8285 Y36.8814 Z-3.3232
G1 X11.0851 Y36.7214 Z-3.3766
G1 X11.3044 Y36.5130 Z-3.4299
G1 X11.4771 Y36.2648 Z-3.4832
G1 X11.5964 Y35.9868 Z-3.5366
G1 X11.6573 Y35.6905 Z-3.5899
G1 Y35.3881 Z-3.6432
G1 X11.5964 Y35.0918 Z-3.6966
G1 X11.4771 Y34.8138 Z-3.7499
G1 X11.3044 Y34.5656 Z-3.8032
G1 X11.0851 Y34.3572 Z-3.8566
G1 X10.8284 Y34.1972 Z-3.9099
G1 X10.5448 Y34.0922 Z-3.9632
G1 X10.2459 Y34.0464 Z-4.0165
G1 X9.9438 Y34.0617 Z-4.0699
G1 X9.6509 Y34.1375 Z-4.1232
G1 X9.3794 Y34.2707 Z-4.1766
G1 X9.1402 Y34.4559 Z-4.2299
G1 X8.9432 Y34.6853 Z-4.2832
G1 X8.7964 Y34.9498 Z-4.3365
G1 X8.7059 Y35.2384 Z-4.3899
G1 X8.6753 Y35.5393 Z-4.4432
G1 X8.7059 Y35.8402 Z-4.4965
G1 X8.7964 Y36.1288 Z-4.5100
G1 X8.9432 Y36.3932 F480
G1 X9.1402 Y36.6228
G1 X9.3794 Y36.8079
G1 X9.6510 Y36.9411
G1 X9.9438 Y37.0169
G1 X10.2459 Y37.0322
G1 X10.5448 Y36.9864
G1 X10.8285 Y36.8814
G1 X11.0851 Y36.7214
G1 X11.3044 Y36.5130
G1 X11.4771 Y36.2648
G1 X11.5964 Y35.9868
G1 X11.6573 Y35.6905
G1 Y35.3881
G1 X11.5964 Y35.0918
G1 X11.4771 Y34.8138
G1 X11.3044 Y34.5656
G1 X11.0851 Y34.3572
G1 X10.8284 Y34.1972
G1 X10.5448 Y34.0922
G1 X10.2459 Y34.0464
G1 X9.9438 Y34.0617
G1 X9.6509 Y34.1375
G1 X9.3794 Y34.2707
G1 X9.1402 Y34.4559
G1 X8.9432 Y34.6853
G1 X8.7964 Y34.9498
G1 X8.7059 Y35.2384
G1 X8.6753 Y35.5393
G1 X8.7059 Y35.8402
G1 X8.7964 Y36.1288
G00 Z4.9900
G00 X10.0 Y21.4967
G1 Z0.0900 F150
G1 X10.2429 Y21.4768 Z0.0470
G1 X10.4794 Y21.4178 Z0.0041
G1 X10.7030 Y21.3213 Z-0.0389
G1 X10.9082 Y21.1897 Z-0.0819
G1 X11.0892 Y21.0265 Z-0.1249
G1 X11.2413 Y20.8362 Z-0.1678
G1 X11.3606 Y20.6236 Z-0.2108
G1 X11.4437 Y20.3946 Z-0.2538
G1 X11.4886 Y20.1550 Z-0.2967
G1 X11.4941 Y19.9114 Z-0.3397
G1 X11.4599 Y19.6701 Z-0.3827
G1 X11.3870 Y19.4376 Z-0.4256
G1 X11.2773 Y19.2199 Z-0.4686
G1 X11.1338 Y19.0230 Z-0.5116
G1 X10.9602 Y18.8520 Z-0.5545
G1 X10.7200 Y18.6823 Z-0.6064
G1 X10.5113 Y18.5536 Z-0.6496
G1 X10.3589 Y18.4864 Z-0.6790
G1 X10.2031 Y18.4554 Z-0.7070
G1 X10.0 Y18.4422 Z-0.7429
G1 X9.7969 Y18.4554 Z-0.7788
G1 X9.6412 Y18.4864 Z-0.8068
G1 X9.4884 Y18.5538 Z-0.8362
G1 X9.2802 Y18.6822 Z-0.8794
G1 X9.0398 Y18.8520 Z-0.9313
G1 X8.8662 Y19.0230 Z-0.9742
G1 X8.7227 Y19.2199 Z-1.0172
G1 X8.6130 Y19.4376 Z-1.0602
G1 X8.5401 Y19.6701 Z-1.1031
G1 X8.5060 Y19.9114 Z-1.1461
G1 X8.5114 Y20.1550 Z-1.1891
G1 X8.5563 Y20.3946 Z-1.2320
G1 X8.6394 Y20.6236 Z-1.2750
G1 X8.7587 Y20.8362 Z-1.3180
G1 X8.9108 Y21.0265 Z-1.3610
G1 X9.0918 Y21.1897 Z-1.4039
G1 X9.2969 Y21.3213 Z-1.4469
G1 X9.5207 Y21.4178 Z-1.4899
G1 X9.7571 Y21.4768 Z-1.5328
G1 X10.0 Y21.4967 Z-1.5758
G1 X10.2429 Y21.4768 Z-1.6188
G1 X10.4794 Y21.4178 Z-1.6617
G1 X10.7030 Y21.3213 Z-1.7047
G1 X10.9082 Y21.1897 Z-1.7477
G1 X11.0892 Y21.0265 Z-1.7907
G1 X11.2413 Y20.8362 Z-1.8336
G1 X11.3606 Y20.6236 Z-1.8766
G1 X11.4437 Y20.3946 Z-1.9196
G1 X11.4886 Y20.1550 Z-1.9625
G1 X11.4941 Y19.9114 Z-2.0055
G1 X11.4599 Y19.6701 Z-2.0485
G1 X11.3870 Y19.4376 Z-2.0914
G1 X11.2773 Y19.2199 Z-2.1344
G1 X11.1338 Y19.0230 Z-2.1774
G1 X10.9602 Y18.8520 Z-2.2203
G1 X10.7200 Y18.6823 Z-2.2722
G1 X10.5113 Y18.5536 Z-2.3154
G1 X10.3589 Y18.4864 Z-2.3448
G1 X10.2031 Y18.4554 Z-2.3728
G1 X10.0 Y18.4422 Z-2.4087
G1 X9.7969 Y18.4554 Z-2.4446
G1 X9.6412 Y18.4864 Z-2.4726
G1 X9.4884 Y18.5538 Z-2.5020
G1 X9.2802 Y18.6822 Z-2.5452
G1 X9.0398 Y18.8520 Z-2.5971
G1 X8.8662 Y19.0230 Z-2.6400
G1 X8.7227 Y19.2199 Z-2.6830
G1 X8.6130 Y19.4376 Z-2.7260
G1 X8.5401 Y19.6701 Z-2.7689
G1 X8.5060 Y19.9114 Z-2.8119
G1 X8.5114 Y20.1550 Z-2.8549
G1 X8.5563 Y20.3946 Z-2.8978
G1 X8.6394 Y20.6236 Z-2.9408
G1 X8.7587 Y20.8362 Z-2.9838
G1 X8.9108 Y21.0265 Z-3.0268
G1 X9.0918 Y21.1897 Z-3.0697
G1 X9.2969 Y21.3213 Z-3.1127
G1 X9.5207 Y21.4178 Z-3.1557
G1 X9.7571 Y21.4768 Z-3.1986
G1 X10.0 Y21.4967 Z-3.2416
G1 X10.2429 Y21.4768 Z-3.2846
G1 X10.4794 Y21.4178 Z-3.3276
G1 X10.7030 Y21.3213 Z-3.3705
G1 X10.9082 Y21.1897 Z-3.4135
G1 X11.0892 Y21.0265 Z-3.4565
G1 X11.2413 Y20.8362 Z-3.4994
G1 X11.3606 Y20.6236 Z-3.5424
G1 X11.4437 Y20.3946 Z-3.5854
G1 X11.4886 Y20.1550 Z-3.6283
G1 X11.4941 Y19.9114 Z-3.6713
G1 X11.4599 Y19.6701 Z-3.7143
G1 X11.3870 Y19.4376 Z-3.7572
G1 X11.2773 Y19.2199 Z-3.8002
G1 X11.1338 Y19.0230 Z-3.8432
G1 X10.9602 Y18.8520 Z-3.8862
G1 X10.7200 Y18.6823 Z-3.9380
G1 X10.5113 Y18.5536 Z-3.9812
G1 X10.3589 Y18.4864 Z-4.0106
G1 X10.2031 Y18.4554 Z-4.0386
G1 X10.0 Y18.4422 Z-4.0745
G1 X9.7969 Y18.4554 Z-4.1104
G1 X9.6412 Y18.4864 Z-4.1384
G1 X9.4884 Y18.5538 Z-4.1678
G1 X9.2802 Y18.6822 Z-4.2110
G1 X9.0398 Y18.8520 Z-4.2629
G1 X8.8662 Y19.0230 Z-4.3058
G1 X8.7227 Y19.2199 Z-4.3488
G1 X8.6130 Y19.4376 Z-4.3918
G1 X8.5401 Y19.6701 Z-4.4347
G1 X8.5060 Y19.9114 Z-4.4777
G1 X8.5114 Y20.1550 Z-4.5100
G1 X8.5563 Y20.3946 F480
G1 X8.6394 Y20.6236
G1 X8.7587 Y20.8362
G1 X8.9108 Y21.0265
G1 X9.0918 Y21.1897
G1 X9.2969 Y21.3213
G1 X9.5207 Y21.4178
G1 X9.7571 Y21.4768
G1 X10.0 Y21.4967
G1 X10.2429 Y21.4768
G1 X10.4794 Y21.4178
G1 X10.7030 Y21.3213
G1 X10.9082 Y21.1897
G1 X11.0892 Y21.0265
G1 X11.2413 Y20.8362
G1 X11.3606 Y20.6236
G1 X11.4437 Y20.3946
G1 X11.4886 Y20.1550
G1 X11.4941 Y19.9114
G1 X11.4599 Y19.6701
G1 X11.3870 Y19.4376
G1 X11.2773 Y19.2199
G1 X11.1338 Y19.0230
G1 X10.9602 Y18.8520
G1 X10.7200 Y18.6823
G1 X10.5113 Y18.5536
G1 X10.3589 Y18.4864
G1 X10.2031 Y18.4554
G1 X10.0 Y18.4422
G1 X9.7969 Y18.4554
G1 X9.6412 Y18.4864
G1 X9.4884 Y18.5538
G1 X9.2802 Y18.6822
G1 X9.0398 Y18.8520
G1 X8.8662 Y19.0230
G1 X8.7227 Y19.2199
G1 X8.6130 Y19.4376
G1 X8.5401 Y19.6701
G1 X8.5060 Y19.9114
G1 X8.5114 Y20.1550
G00 Z4.9900
G00 X9.7571 Y11.4768
G1 Z0.0900 F150
G1 X10.0 Y11.4967 Z0.0470
G1 X10.2429 Y11.4768 Z0.0040
G1 X10.4794 Y11.4178 Z-0.0389
G1 X10.7030 Y11.3213 Z-0.0819
G1 X10.9082 Y11.1897 Z-0.1249
G1 X11.0892 Y11.0265 Z-0.1678
G1 X11.2413 Y10.8362 Z-0.2108
G1 X11.3606 Y10.6236 Z-0.2538
G1 X11.4437 Y10.3945 Z-0.2967
G1 X11.4886 Y10.1550 Z-0.3397
G1 X11.4941 Y9.9114 Z-0.3827
G1 X11.4599 Y9.6701 Z-0.4256
G1 X11.3870 Y9.4376 Z-0.4686
G1 X11.2773 Y9.2199 Z-0.5116
G1 X11.1338 Y9.0230 Z-0.5545
G1 X10.9602 Y8.8520 Z-0.5975
G1 X10.7200 Y8.6823 Z-0.6494
G1 X10.5113 Y8.5536 Z-0.6926
G1 X10.3589 Y8.4864 Z-0.7220
G1 X10.2031 Y8.4554 Z-0.7500
G1 X10.0 Y8.4422 Z-0.7859
G1 X9.7969 Y8.4554 Z-0.8218
G1 X9.6412 Y8.4864 Z-0.8498
G1 X9.4884 Y8.5538 Z-0.8792
G1 X9.2800 Y8.6823 Z-0.9224
G1 X9.0398 Y8.8519 Z-0.9742
G1 X8.8662 Y9.0230 Z-1.0172
G1 X8.7227 Y9.2199 Z-1.0602
G1 X8.6130 Y9.4376 Z-1.1031
G1 X8.5401 Y9.6701 Z-1.1461
G1 X8.5060 Y9.9114 Z-1.1891
G1 X8.5114 Y10.1550 Z-1.2320
G1 X8.5563 Y10.3945 Z-1.2750
G1 X8.6395 Y10.6237 Z-1.3180
G1 X8.7587 Y10.8362 Z-1.3610
G1 X8.9108 Y11.0265 Z-1.4039
G1 X9.0919 Y11.1897 Z-1.4469
G1 X9.2969 Y11.3213 Z-1.4899
G1 X9.5206 Y11.4178 Z-1.5328
G1 X9.7571 Y11.4768 Z-1.5758
G1 X10.0 Y11.4967 Z-1.6188
G1 X10.2429 Y11.4768 Z-1.6618
G1 X10.4794 Y11.4178 Z-1.7047
G1 X10.7030 Y11.3213 Z-1.7477
G1 X10.9082 Y11.1897 Z-1.7907
G1 X11.0892 Y11.0265 Z-1.8336
G1 X11.2413 Y10.8362 Z-1.8766
G1 X11.3606 Y10.6236 Z-1.9196
G1 X11.4437 Y10.3945 Z-1.9625
G1 X11.4886 Y10.1550 Z-2.0055
G1 X11.4941 Y9.9114 Z-2.0485
G1 X11.4599 Y9.6701 Z-2.0914
G1 X11.3870 Y9.4376 Z-2.1344
G1 X11.2773 Y9.2199 Z-2.1774
G1 X11.1338 Y9.0230 Z-2.2203
G1 X10.9602 Y8.8520 Z-2.2633
G1 X10.7200 Y8.6823 Z-2.3152
G1 X10.5113 Y8.5536 Z-2.3584
G1 X10.3589 Y8.4864 Z-2.3878
G1 X10.2031 Y8.4554 Z-2.4158
G1 X10.0 Y8.4422 Z-2.4517
G1 X9.7969 Y8.4554 Z-2.4876
G1 X9.6412 Y8.4864 Z-2.5156
G1 X9.4884 Y8.5538 Z-2.5450
G1 X9.2800 Y8.6823 Z-2.5882
G1 X9.0398 Y8.8519 Z-2.6400
G1 X8.8662 Y9.0230 Z-2.6830
G1 X8.7227 Y9.2199 Z-2.7260
G1 X8.6130 Y9.4376 Z-2.7689
G1 X8.5401 Y9.6701 Z-2.8119
G1 X8.5060 Y9.9114 Z-2.8549
G1 X8.5114 Y10.1550 Z-2.8978
G1 X8.5563 Y10.3945 Z-2.9408
G1 X8.6395 Y10.6237 Z-2.9838
G1 X8.7587 Y10.8362 Z-3.0268
G1 X8.9108 Y11.0265 Z-3.0697
G1 X9.0919 Y11.1897 Z-3.1127
G1 X9.2969 Y11.3213 Z-3.1557
G1 X9.5206 Y11.4178 Z-3.1986
G1 X9.7571 Y11.4768 Z-3.2416
G1 X10.0 Y11.4967 Z-3.2846
G1 X10.2429 Y11.4768 Z-3.3276
G1 X10.4794 Y11.4178 Z-3.3705
G1 X10.7030 Y11.3213 Z-3.4135
G1 X10.9082 Y11.1897 Z-3.4565
G1 X11.0892 Y11.0265 Z-3.4994
G1 X11.2413 Y10.8362 Z-3.5424
G1 X11.3606 Y10.6236 Z-3.5854
G1 X11.4437 Y10.3945 Z-3.6283
G1 X11.4886 Y10.1550 Z-3.6713
G1 X11.4941 Y9.9114 Z-3.7143
G1 X11.4599 Y9.6701 Z-3.7572
G1 X11.3870 Y9.4376 Z-3.8002
G1 X11.2773 Y9.2199 Z-3.8432
G1 X11.1338 Y9.0230 Z-3.8862
G1 X10.9602 Y8.8520 Z-3.9291
G1 X10.7200 Y8.6823 Z-3.9810
G1 X10.5113 Y8.5536 Z-4.0242
G1 X10.3589 Y8.4864 Z-4.0536
G1 X10.2031 Y8.4554 Z-4.0816
G1 X10.0 Y8.4422 Z-4.1175
G1 X9.7969 Y8.4554 Z-4.1534
G1 X9.6412 Y8.4864 Z-4.1814
G1 X9.4884 Y8.5538 Z-4.2108
G1 X9.2800 Y8.6823 Z-4.2540
G1 X9.0398 Y8.8519 Z-4.3058
G1 X8.8662 Y9.0230 Z-4.3488
G1 X8.7227 Y9.2199 Z-4.3918
G1 X8.6130 Y9.4376 Z-4.4347
G1 X8.5401 Y9.6701 Z-4.4777
G1 X8.5060 Y9.9114 Z-4.5100
G1 X8.5114 Y10.1550 F480
G1 X8.5563 Y10.3945
G1 X8.6395 Y10.6237
G1 X8.7587 Y10.8362
G1 X8.9108 Y11.0265
G1 X9.0919 Y11.1897
G1 X9.2969 Y11.3213
G1 X9.5206 Y11.4178
G1 X9.7571 Y11.4768
G1 X10.0 Y11.4967
G1 X10.2429 Y11.4768
G1 X10.4794 Y11.4178
G1 X10.7030 Y11.3213
G1 X10.9082 Y11.1897
G1 X11.0892 Y11.0265
G1 X11.2413 Y10.8362
G1 X11.3606 Y10.6236
G1 X11.4437 Y10.3945
G1 X11.4886 Y10.1550
G1 X11.4941 Y9.9114
G1 X11.4599 Y9.6701
G1 X11.3870 Y9.4376
G1 X11.2773 Y9.2199
G1 X11.1338 Y9.0230
G1 X10.9602 Y8.8520
G1 X10.7200 Y8.6823
G1 X10.5113 Y8.5536
G1 X10.3589 Y8.4864
G1 X10.2031 Y8.4554
G1 X10.0 Y8.4422
G1 X9.7969 Y8.4554
G1 X9.6412 Y8.4864
G1 X9.4884 Y8.5538
G1 X9.2800 Y8.6823
G1 X9.0398 Y8.8519
G1 X8.8662 Y9.0230
G1 X8.7227 Y9.2199
G1 X8.6130 Y9.4376
G1 X8.5401 Y9.6701
G1 X8.5060 Y9.9114
G00 Z4.9900
G00 X10.4561 Y92.6475
G1 Z0.0900 F150
G1 X10.3290 Y92.6643 Z0.0674
G1 X10.2104 Y92.7134 Z0.0448
G1 X10.1087 Y92.7914 Z0.0221
G1 X10.0306 Y92.8932 Z-0.0005
G1 X9.9815 Y93.0118 Z-0.0231
G1 X9.9647 Y93.1389 Z-0.0457
G1 X9.9815 Y93.2660 Z-0.0683
G1 X10.0306 Y93.3846 Z-0.0909
G1 X10.1087 Y93.4864 Z-0.1136
G1 X10.2104 Y93.5644 Z-0.1362
G1 X10.3290 Y93.6135 Z-0.1588
G1 X10.4561 Y93.6303 Z-0.1814
G1 X10.5833 Y93.6135 Z-0.2040
G1 X10.7018 Y93.5644 Z-0.2267
G1 X10.8036 Y93.4863 Z-0.2493
G1 X10.8817 Y93.3846 Z-0.2719
G1 X10.9308 Y93.2661 Z-0.2945
G1 X10.9475 Y93.1389 Z-0.3171
G1 X10.9308 Y93.0117 Z-0.3397
G1 X10.8817 Y92.8932 Z-0.3624
G1 X10.8036 Y92.7914 Z-0.3850
G1 X10.7018 Y92.7134 Z-0.4076
G1 X10.5833 Y92.6643 Z-0.4302
G1 X10.4561 Y92.6475 Z-0.4528
G1 X10.3290 Y92.6643 Z-0.4754
G1 X10.2104 Y92.7134 Z-0.4981
G1 X10.1087 Y92.7914 Z-0.5207
G1 X10.0306 Y92.8932 Z-0.5433
G1 X9.9815 Y93.0118 Z-0.5659
G1 X9.9647 Y93.1389 Z-0.5885
G1 X9.9815 Y93.2660 Z-0.6112
G1 X10.0306 Y93.3846 Z-0.6338
G1 X10.1087 Y93.4864 Z-0.6564
G1 X10.2104 Y93.5644 Z-0.6790
G1 X10.3290 Y93.6135 Z-0.7016
G1 X10.4561 Y93.6303 Z-0.7242
G1 X10.5833 Y93.6135 Z-0.7469
G1 X10.7018 Y93.5644 Z-0.7695
G1 X10.8036 Y93.4863 Z-0.7921
G1 X10.8817 Y93.3846 Z-0.8147
G1 X10.9308 Y93.2661 Z-0.8373
G1 X10.9475 Y93.1389 Z-0.8600
G1 X10.9308 Y93.0117 Z-0.8826
G1 X10.8817 Y92.8932 Z-0.9052
G1 X10.8036 Y92.7914 Z-0.9278
G1 X10.7018 Y92.7134 Z-0.9504
G1 X10.5833 Y92.6643 Z-0.9731
G1 X10.4561 Y92.6475 Z-0.9957
G1 X10.3290 Y92.6643 Z-1.0183
G1 X10.2104 Y92.7134 Z-1.0409
G1 X10.1087 Y92.7914 Z-1.0635
G1 X10.0306 Y92.8932 Z-1.0861
G1 X9.9815 Y93.0118 Z-1.1088
G1 X9.9647 Y93.1389 Z-1.1314
G1 X9.9815 Y93.2660 Z-1.1540
G1 X10.0306 Y93.3846 Z-1.1766
G1 X10.1087 Y93.4864 Z-1.1992
G1 X10.2104 Y93.5644 Z-1.2218
G1 X10.3290 Y93.6135 Z-1.2445
G1 X10.4561 Y93.6303 Z-1.2671
G1 X10.5833 Y93.6135 Z-1.2897
G1 X10.7018 Y93.5644 Z-1.3123
G1 X10.8036 Y93.4863 Z-1.3349
G1 X10.8817 Y93.3846 Z-1.3576
G1 X10.9308 Y93.2661 Z-1.3802
G1 X10.9475 Y93.1389 Z-1.4028
G1 X10.9308 Y93.0117 Z-1.4254
G1 X10.8817 Y92.8932 Z-1.4480
G1 X10.8036 Y92.7914 Z-1.4706
G1 X10.7018 Y92.7134 Z-1.4933
G1 X10.5833 Y92.6643 Z-1.5159
G1 X10.4561 Y92.6475 Z-1.5385
G1 X10.3290 Y92.6643 Z-1.5611
G1 X10.2104 Y92.7134 Z-1.5837
G1 X10.1087 Y92.7914 Z-1.6064
G1 X10.0306 Y92.8932 Z-1.6290
G1 X9.9815 Y93.0118 Z-1.6516
G1 X9.9647 Y93.1389 Z-1.6742
G1 X9.9815 Y93.2660 Z-1.6968
G1 X10.0306 Y93.3846 Z-1.7194
G1 X10.1087 Y93.4864 Z-1.7421
G1 X10.2104 Y93.5644 Z-1.7647
G1 X10.3290 Y93.6135 Z-1.7873
G1 X10.4561 Y93.6303 Z-1.8099
G1 X10.5833 Y93.6135 Z-1.8325
G1 X10.7018 Y93.5644 Z-1.8552
G1 X10.8036 Y93.4863 Z-1.8778
G1 X10.8817 Y93.3846 Z-1.9004
G1 X10.9308 Y93.2661 Z-1.9230
G1 X10.9475 Y93.1389 Z-1.9456
G1 X10.9308 Y93.0117 Z-1.9682
G1 X10.8817 Y92.8932 Z-1.9909
G1 X10.8036 Y92.7914 Z-2.0135
G1 X10.7018 Y92.7134 Z-2.0361
G1 X10.5833 Y92.6643 Z-2.0587
G1 X10.4561 Y92.6475 Z-2.0813
G1 X10.3290 Y92.6643 Z-2.1040
G1 X10.2104 Y92.7134 Z-2.1266
G1 X10.1087 Y92.7914 Z-2.1492
G1 X10.0306 Y92.8932 Z-2.1718
G1 X9.9815 Y93.0118 Z-2.1944
G1 X9.9647 Y93.1389 Z-2.2170
G1 X9.9815 Y93.2660 Z-2.2397
G1 X10.0306 Y93.3846 Z-2.2623
G1 X10.1087 Y93.4864 Z-2.2849
G1 X10.2104 Y93.5644 Z-2.3075
G1 X10.3290 Y93.6135 Z-2.3301
G1 X10.4561 Y93.6303 Z-2.3528
G1 X10.5833 Y93.6135 Z-2.3754
G1 X10.7018 Y93.5644 Z-2.3980
G1 X10.8036 Y93.4863 Z-2.4206
G1 X10.8817 Y93.3846 Z-2.4432
G1 X10.9308 Y93.2661 Z-2.4658
G1 X10.9475 Y93.1389 Z-2.4885
G1 X10.9308 Y93.0117 Z-2.5111
G1 X10.8817 Y92.8932 Z-2.5337
G1 X10.8036 Y92.7914 Z-2.5563
G1 X10.7018 Y92.7134 Z-2.5789
G1 X10.5833 Y92.6643 Z-2.6016
G1 X10.4561 Y92.6475 Z-2.6242
G1 X10.3290 Y92.6643 Z-2.6468
G1 X10.2104 Y92.7134 Z-2.6694
G1 X10.1087 Y92.7914 Z-2.6920
G1 X10.0306 Y92.8932 Z-2.7146
G1 X9.9815 Y93.0118 Z-2.7373
G1 X9.9647 Y93.1389 Z-2.7599
G1 X9.9815 Y93.2660 Z-2.7825
G1 X10.0306 Y93.3846 Z-2.8051
G1 X10.1087 Y93.4864 Z-2.8277
G1 X10.2104 Y93.5644 Z-2.8503
G1 X10.3290 Y93.6135 Z-2.8730
G1 X10.4561 Y93.6303 Z-2.8956
G1 X10.5833 Y93.6135 Z-2.9182
G1 X10.7018 Y93.5644 Z-2.9408
G1 X10.8036 Y93.4863 Z-2.9634
G1 X10.8817 Y93.3846 Z-2.9861
G1 X10.9308 Y93.2661 Z-3.0087
G1 X10.9475 Y93.1389 Z-3.0313
G1 X10.9308 Y93.0117 Z-3.0539
G1 X10.8817 Y92.8932 Z-3.0765
G1 X10.8036 Y92.7914 Z-3.0992
G1 X10.7018 Y92.7134 Z-3.1218
G1 X10.5833 Y92.6643 Z-3.1444
G1 X10.4561 Y92.6475 Z-3.1670
G1 X10.3290 Y92.6643 Z-3.1896
G1 X10.2104 Y92.7134 Z-3.2122
G1 X10.1087 Y92.7914 Z-3.2349
G1 X10.0306 Y92.8932 Z-3.2575
G1 X9.9815 Y93.0118 Z-3.2801
G1 X9.9647 Y93.1389 Z-3.3027
G1 X9.9815 Y93.2660 Z-3.3253
G1 X10.0306 Y93.3846 Z-3.3480
G1 X10.1087 Y93.4864 Z-3.3706
G1 X10.2104 Y93.5644 Z-3.3932
G1 X10.3290 Y93.6135 Z-3.4158
G1 X10.4561 Y93.6303 Z-3.4384
G1 X10.5833 Y93.6135 Z-3.4610
G1 X10.7018 Y93.5644 Z-3.4837
G1 X10.8036 Y93.4863 Z-3.5063
G1 X10.8817 Y93.3846 Z-3.5289
G1 X10.9308 Y93.2661 Z-3.5515
G1 X10.9475 Y93.1389 Z-3.5741
G1 X10.9308 Y93.0117 Z-3.5968
G1 X10.8817 Y92.8932 Z-3.6194
G1 X10.8036 Y92.7914 Z-3.6420
G1 X10.7018 Y92.7134 Z-3.6646
G1 X10.5833 Y92.6643 Z-3.6872
G1 X10.4561 Y92.6475 Z-3.7098
G1 X10.3290 Y92.6643 Z-3.7325
G1 X10.2104 Y92.7134 Z-3.7551
G1 X10.1087 Y92.7914 Z-3.7777
G1 X10.0306 Y92.8932 Z-3.8003
G1 X9.9815 Y93.0118 Z-3.8229
G1 X9.9647 Y93.1389 Z-3.8456
G1 X9.9815 Y93.2660 Z-3.8682
G1 X10.0306 Y93.3846 Z-3.8908
G1 X10.1087 Y93.4864 Z-3.9134
G1 X10.2104 Y93.5644 Z-3.9360
G1 X10.3290 Y93.6135 Z-3.9586
G1 X10.4561 Y93.6303 Z-3.9813
G1 X10.5833 Y93.6135 Z-4.0039
G1 X10.7018 Y93.5644 Z-4.0265
G1 X10.8036 Y93.4863 Z-4.0491
G1 X10.8817 Y93.3846 Z-4.0717
G1 X10.9308 Y93.2661 Z-4.0944
G1 X10.9475 Y93.1389 Z-4.1170
G1 X10.9308 Y93.0117 Z-4.1396
G1 X10.8817 Y92.8932 Z-4.1622
G1 X10.8036 Y92.7914 Z-4.1848
G1 X10.7018 Y92.7134 Z-4.2074
G1 X10.5833 Y92.6643 Z-4.2301
G1 X10.4561 Y92.6475 Z-4.2527
G1 X10.3290 Y92.6643 Z-4.2753
G1 X10.2104 Y92.7134 Z-4.2979
G1 X10.1087 Y92.7914 Z-4.3205
G1 X10.0306 Y92.8932 Z-4.3432
G1 X9.9815 Y93.0118 Z-4.3658
G1 X9.9647 Y93.1389 Z-4.3884
G1 X9.9815 Y93.2660 Z-4.4110
G1 X10.0306 Y93.3846 Z-4.4336
G1 X10.1087 Y93.4864 Z-4.4562
G1 X10.2104 Y93.5644 Z-4.4789
G1 X10.3290 Y93.6135 Z-4.5015
G1 X10.4561 Y93.6303 Z-4.5100
G1 X10.5833 Y93.6135 F480
G1 X10.7018 Y93.5644
G1 X10.8036 Y93.4863
G1 X10.8817 Y93.3846
G1 X10.9308 Y93.2661
G1 X10.9475 Y93.1389
G1 X10.9308 Y93.0117
G1 X10.8817 Y92.8932
G1 X10.8036 Y92.7914
G1 X10.7018 Y92.7134
G1 X10.5833 Y92.6643
G1 X10.4561 Y92.6475
G1 X10.3290 Y92.6643
G1 X10.2104 Y92.7134
G1 X10.1087 Y92.7914
G1 X10.0306 Y92.8932
G1 X9.9815 Y93.0118
G1 X9.9647 Y93.1389
G1 X9.9815 Y93.2660
G1 X10.0306 Y93.3846
G1 X10.1087 Y93.4864
G1 X10.2104 Y93.5644
G1 X10.3290 Y93.6135
G1 X10.4561 Y93.6303
G1 X10.5833 Y93.6135 Z-4.5326 F150
G1 X10.7018 Y93.5644 Z-4.5552
G1 X10.8036 Y93.4863 Z-4.5779
G1 X10.8817 Y93.3846 Z-4.6005
G1 X10.9308 Y93.2661 Z-4.6231
G1 X10.9475 Y93.1389 Z-4.6457
G1 X10.9308 Y93.0117 Z-4.6683
G1 X10.8817 Y92.8932 Z-4.6910
G1 X10.8036 Y92.7914 Z-4.7136
G1 X10.7018 Y92.7134 Z-4.7362
G1 X10.5833 Y92.6643 Z-4.7588
G1 X10.4561 Y92.6475 Z-4.7814
G1 X10.3290 Y92.6643 Z-4.8040
G1 X10.2104 Y92.7134 Z-4.8267
G1 X10.1087 Y92.7914 Z-4.8493
G1 X10.0306 Y92.8932 Z-4.8719
G1 X9.9815 Y93.0118 Z-4.8945
G1 X9.9647 Y93.1389 Z-4.9171
G1 X9.9815 Y93.2660 Z-4.9397
G1 X10.0306 Y93.3846 Z-4.9624
G1 X10.1087 Y93.4864 Z-4.9850
G1 X10.2104 Y93.5644 Z-5.0076
G1 X10.3290 Y93.6135 Z-5.0100
G1 X10.4561 Y93.6303 F480
G1 X10.5833 Y93.6135
G1 X10.7018 Y93.5644
G1 X10.8036 Y93.4863
G1 X10.8817 Y93.3846
G1 X10.9308 Y93.2661
G1 X10.9475 Y93.1389
G1 X10.9308 Y93.0117
G1 X10.8817 Y92.8932
G1 X10.8036 Y92.7914
G1 X10.7018 Y92.7134
G1 X10.5833 Y92.6643
G1 X10.4561 Y92.6475
G1 X10.3290 Y92.6643
G1 X10.2104 Y92.7134
G1 X10.1087 Y92.7914
G1 X10.0306 Y92.8932
G1 X9.9815 Y93.0118
G1 X9.9647 Y93.1389
G1 X9.9815 Y93.2660
G1 X10.0306 Y93.3846
G1 X10.1087 Y93.4864
G1 X10.2104 Y93.5644
G1 X10.3290 Y93.6135
G00 Z4.9900
G00 X26.7120 Y90.0604
G1 Z0.0900 F150
G1 X26.8283 Y90.5701 Z-0.0022
G1 X27.0193 Y91.0567 Z-0.0943
G1 X27.2806 Y91.5093 Z-0.1865
G1 X27.6065 Y91.9180 Z-0.2787
G1 X27.9896 Y92.2735 Z-0.3708
G1 X28.4215 Y92.5679 Z-0.4630
G1 X28.8924 Y92.7947 Z-0.5552
G1 X29.3920 Y92.9488 Z-0.6473
G1 X29.9088 Y93.0267 Z-0.7395
G1 X30.4315 Z-0.8317
G1 X30.9482 Y92.9488 Z-0.9238
G1 X31.4478 Y92.7947 Z-1.0160
G1 X31.9187 Y92.5679 Z-1.1082
G1 X32.3506 Y92.2735 Z-1.2003
G1 X32.7337 Y91.9180 Z-1.2925
G1 X33.0596 Y91.5093 Z-1.3846
G1 X33.3210 Y91.0567 Z-1.4768
G1 X33.5119 Y90.5701 Z-1.5690
G1 X33.6282 Y90.0604 Z-1.6611
G1 X33.6701 Y89.5019 Z-1.7599
G1 Y61.9949 Z-5.0100
G1 X35.1867 Y61.2620 F480
G1 X36.0486 Y60.7381
G1 X36.8564 Y60.1336
G1 X37.6025 Y59.4545
G1 X38.2798 Y58.7071
G1 X38.8823 Y57.8979
G1 X39.4044 Y57.0346
G1 X39.8412 Y56.1254
G1 X40.1887 Y55.1783
G1 X40.4437 Y54.2022
G1 X40.6039 Y53.2062
G1 X40.6677 Y52.1994
G1 X40.6346 Y51.1913
G1 X40.5049 Y50.1908
G1 X40.2798 Y49.2074
G1 X39.9613 Y48.2501
G1 X39.5525 Y47.3280
G1 X39.0569 Y46.4492
G1 X38.4795 Y45.6221
G1 X37.8251 Y44.8542
G1 X37.1002 Y44.1526
G1 X36.3113 Y43.5239
G1 X35.4657 Y42.9739
G1 X34.5712 Y42.5074
G1 X33.6360 Y42.1290
G1 X32.6690 Y41.8422
G1 X31.6785 Y41.6494
G1 X30.6746 Y41.5526
G1 X29.6656
G1 X28.6617 Y41.6494
G1 X27.6713 Y41.8422
G1 X26.7043 Y42.1290
G1 X25.7690 Y42.5075
G1 X24.8745 Y42.9738
G1 X24.0289 Y43.5239
G1 X23.2400 Y44.1527
G1 X22.5151 Y44.8541
G1 X21.8607 Y45.6222
G1 X21.2833 Y46.4492
G1 X20.7877 Y47.3280
G1 X20.3789 Y48.2502
G1 X20.0605 Y49.2073
G1 X19.8353 Y50.1908
G1 X19.7056 Y51.1913
G1 X19.6725 Y52.1994
G1 X19.7363 Y53.2063
G1 X19.8965 Y54.2021
G1 X20.1515 Y55.1783
G1 X20.4991 Y56.1254
G1 X20.9358 Y57.0345
G1 X21.4580 Y57.8979
G1 X22.0605 Y58.7070
G1 X22.7378 Y59.4546
G1 X23.4837 Y60.1336
G1 X24.2916 Y60.7381
G1 X25.1535 Y61.2620
G1 X26.6701 Y61.9949
G1 Y89.5020
G1 X26.7120 Y90.0604
G1 X26.8283 Y90.5701
G1 X27.0193 Y91.0567
G1 X27.2806 Y91.5093
G1 X27.6065 Y91.9180
G1 X27.9896 Y92.2735
G1 X28.4215 Y92.5679
G1 X28.8924 Y92.7947
G1 X29.3920 Y92.9488
G1 X29.9088 Y93.0267
G1 X30.4315
G1 X30.9482 Y92.9488
G1 X31.4478 Y92.7947
G1 X31.9187 Y92.5679
G1 X32.3506 Y92.2735
G1 X32.7337 Y91.9180
G1 X33.0596 Y91.5093
G1 X33.3210 Y91.0567
G1 X33.5119 Y90.5701
G1 X33.6282 Y90.0604
G1 X33.6701 Y89.5019
G1 Y61.9949
G00 Z4.9900
G00 X49.1402 Y46.6228
G1 Z0.0900 F150
G1 X49.3794 Y46.8079 Z0.0367
G1 X49.6509 Y46.9411 Z-0.0167
G1 X49.9437 Y47.0169 Z-0.0700
G1 X50.2459 Y47.0322 Z-0.1233
G1 X50.5448 Y46.9864 Z-0.1767
G1 X50.8284 Y46.8814 Z-0.2300
G1 X51.0851 Y46.7214 Z-0.2833
G1 X51.3043 Y46.5130 Z-0.3367
G1 X51.4771 Y46.2648 Z-0.3900
G1 X51.5964 Y45.9868 Z-0.4433
G1 X51.6573 Y45.6905 Z-0.4967
G1 Y45.3881 Z-0.5500
G1 X51.5964 Y45.0918 Z-0.6033
G1 X51.4771 Y44.8138 Z-0.6567
G1 X51.3043 Y44.5656 Z-0.7100
G1 X51.0851 Y44.3572 Z-0.7633
G1 X50.8284 Y44.1972 Z-0.8167
G1 X50.5448 Y44.0922 Z-0.8700
G1 X50.2458 Y44.0464 Z-0.9233
G1 X49.9437 Y44.0617 Z-0.9766
G1 X49.6509 Y44.1375 Z-1.0300
G1 X49.3794 Y44.2707 Z-1.0833
G1 X49.1402 Y44.4558 Z-1.1366
G1 X48.9432 Y44.6854 Z-1.1900
G1 X48.7964 Y44.9498 Z-1.2433
G1 X48.7059 Y45.2384 Z-1.2966
G1 X48.6752 Y45.5393 Z-1.3500
G1 X48.7059 Y45.8402 Z-1.4033
G1 X48.7964 Y46.1288 Z-1.4566
G1 X48.9432 Y46.3933 Z-1.5100
G1 X49.1402 Y46.6228 Z-1.5633
G1 X49.3794 Y46.8079 Z-1.6166
G1 X49.6509 Y46.9411 Z-1.6700
G1 X49.9437 Y47.0169 Z-1.7233
G1 X50.2459 Y47.0322 Z-1.7766
G1 X50.5448 Y46.9864 Z-1.8300
G1 X50.8284 Y46.8814 Z-1.8833
G1 X51.0851 Y46.7214 Z-1.9366
G1 X51.3043 Y46.5130 Z-1.9900
G1 X51.4771 Y46.2648 Z-2.0433
G1 X51.5964 Y45.9868 Z-2.0966
G1 X51.6573 Y45.6905 Z-2.1500
G1 Y45.3881 Z-2.2033
G1 X51.5964 Y45.0918 Z-2.2566
G1 X51.4771 Y44.8138 Z-2.3099
G1 X51.3043 Y44.5656 Z-2.3633
G1 X51.0851 Y44.3572 Z-2.4166
G1 X50.8284 Y44.1972 Z-2.4699
G1 X50.5448 Y44.0922 Z-2.5233
G1 X50.2458 Y44.0464 Z-2.5766
G1 X49.9437 Y44.0617 Z-2.6299
G1 X49.6509 Y44.1375 Z-2.6833
G1 X49.3794 Y44.2707 Z-2.7366
G1 X49.1402 Y44.4558 Z-2.7899
G1 X48.9432 Y44.6854 Z-2.8433
G1 X48.7964 Y44.9498 Z-2.8966
G1 X48.7059 Y45.2384 Z-2.9499
G1 X48.6752 Y45.5393 Z-3.0033
G1 X48.7059 Y45.8402 Z-3.0566
G1 X48.7964 Y46.1288 Z-3.1099
G1 X48.9432 Y46.3933 Z-3.1633
G1 X49.1402 Y46.6228 Z-3.2166
G1 X49.3794 Y46.8079 Z-3.2699
G1 X49.6509 Y46.9411 Z-3.3232
G1 X49.9437 Y47.0169 Z-3.3766
G1 X50.2459 Y47.0322 Z-3.4299
G1 X50.5448 Y46.9864 Z-3.4833
G1 X50.8284 Y46.8814 Z-3.5366
G1 X51.0851 Y46.7214 Z-3.5899
G1 X51.3043 Y46.5130 Z-3.6433
G1 X51.4771 Y46.2648 Z-3.6966
G1 X51.5964 Y45.9868 Z-3.7499
G1 X51.6573 Y45.6905 Z-3.8032
G1 Y45.3881 Z-3.8566
G1 X51.5964 Y45.0918 Z-3.9099
G1 X51.4771 Y44.8138 Z-3.9632
G1 X51.3043 Y44.5656 Z-4.0166
G1 X51.0851 Y44.3572 Z-4.0699
G1 X50.8284 Y44.1972 Z-4.1232
G1 X50.5448 Y44.0922 Z-4.1766
G1 X50.2458 Y44.0464 Z-4.2299
G1 X49.9437 Y44.0617 Z-4.2832
G1 X49.6509 Y44.1375 Z-4.3366
G1 X49.3794 Y44.2707 Z-4.3899
G1 X49.1402 Y44.4558 Z-4.4432
G1 X48.9432 Y44.6854 Z-4.4966
G1 X48.7964 Y44.9498 Z-4.5499
G1 X48.7059 Y45.2384 Z-4.6032
G1 X48.6752 Y45.5393 Z-4.6566
G1 X48.7059 Y45.8402 Z-4.7099
G1 X48.7964 Y46.1288 Z-4.7632
G1 X48.9432 Y46.3933 Z-4.8166
G1 X49.1402 Y46.6228 Z-4.8699
G1 X49.3794 Y46.8079 Z-4.9232
G1 X49.6509 Y46.9411 Z-4.9765
G1 X49.9437 Y47.0169 Z-5.0100
G1 X50.2459 Y47.0322 F480
G1 X50.5448 Y46.9864
G1 X50.8284 Y46.8814
G1 X51.0851 Y46.7214
G1 X51.3043 Y46.5130
G1 X51.4771 Y46.2648
G1 X51.5964 Y45.9868
G1 X51.6573 Y45.6905
G1 Y45.3881
G1 X51.5964 Y45.0918
G1 X51.4771 Y44.8138
G1 X51.3043 Y44.5656
G1 X51.0851 Y44.3572
G1 X50.8284 Y44.1972
G1 X50.5448 Y44.0922
G1 X50.2458 Y44.0464
G1 X49.9437 Y44.0617
G1 X49.6509 Y44.1375
G1 X49.3794 Y44.2707
G1 X49.1402 Y44.4558
G1 X48.9432 Y44.6854
G1 X48.7964 Y44.9498
G1 X48.7059 Y45.2384
G1 X48.6752 Y45.5393
G1 X48.7059 Y45.8402
G1 X48.7964 Y46.1288
G1 X48.9432 Y46.3933
G1 X49.1402 Y46.6228
G1 X49.3794 Y46.8079
G1 X49.6509 Y46.9411
G1 X49.9437 Y47.0169
G00 Z4.9900
G00 X50.2458 Y37.0322
G1 Z0.0900 F150
G1 X50.5448 Y36.9864 Z0.0367
G1 X50.8284 Y36.8814 Z-0.0167
G1 X51.0851 Y36.7214 Z-0.0700
G1 X51.3044 Y36.5130 Z-0.1233
G1 X51.4771 Y36.2648 Z-0.1767
G1 X51.5964 Y35.9868 Z-0.2300
G1 X51.6573 Y35.6905 Z-0.2833
G1 Y35.3881 Z-0.3366
G1 X51.5964 Y35.0918 Z-0.3900
G1 X51.4771 Y34.8139 Z-0.4433
G1 X51.3043 Y34.5656 Z-0.4967
G1 X51.0851 Y34.3572 Z-0.5500
G1 X50.8284 Y34.1972 Z-0.6033
G1 X50.5448 Y34.0922 Z-0.6566
G1 X50.2459 Y34.0464 Z-0.7100
G1 X49.9438 Y34.0617 Z-0.7633
G1 X49.6509 Y34.1375 Z-0.8166
G1 X49.3794 Y34.2707 Z-0.8700
G1 X49.1402 Y34.4559 Z-0.9233
G1 X48.9432 Y34.6854 Z-0.9766
G1 X48.7964 Y34.9498 Z-1.0300
G1 X48.7059 Y35.2384 Z-1.0833
G1 X48.6752 Y35.5392 Z-1.1366
G1 X48.7059 Y35.8402 Z-1.1900
G1 X48.7964 Y36.1288 Z-1.2433
G1 X48.9432 Y36.3933 Z-1.2966
G1 X49.1402 Y36.6227 Z-1.3500
G1 X49.3794 Y36.8079 Z-1.4033
G1 X49.6509 Y36.9411 Z-1.4566
G1 X49.9437 Y37.0169 Z-1.5100
G1 X50.2458 Y37.0322 Z-1.5633
G1 X50.5448 Y36.9864 Z-1.6166
G1 X50.8284 Y36.8814 Z-1.6699
G1 X51.0851 Y36.7214 Z-1.7233
G1 X51.3044 Y36.5130 Z-1.7766
G1 X51.4771 Y36.2648 Z-1.8299
G1 X51.5964 Y35.9868 Z-1.8833
G1 X51.6573 Y35.6905 Z-1.9366
G1 Y35.3881 Z-1.9899
G1 X51.5964 Y35.0918 Z-2.0433
G1 X51.4771 Y34.8139 Z-2.0966
G1 X51.3043 Y34.5656 Z-2.1499
G1 X51.0851 Y34.3572 Z-2.2033
G1 X50.8284 Y34.1972 Z-2.2566
G1 X50.5448 Y34.0922 Z-2.3099
G1 X50.2459 Y34.0464 Z-2.3633
G1 X49.9438 Y34.0617 Z-2.4166
G1 X49.6509 Y34.1375 Z-2.4699
G1 X49.3794 Y34.2707 Z-2.5233
G1 X49.1402 Y34.4559 Z-2.5766
G1 X48.9432 Y34.6854 Z-2.6299
G1 X48.7964 Y34.9498 Z-2.6833
G1 X48.7059 Y35.2384 Z-2.7366
G1 X48.6752 Y35.5392 Z-2.7899
G1 X48.7059 Y35.8402 Z-2.8433
G1 X48.7964 Y36.1288 Z-2.8966
G1 X48.9432 Y36.3933 Z-2.9499
G1 X49.1402 Y36.6227 Z-3.0033
G1 X49.3794 Y36.8079 Z-3.0566
G1 X49.6509 Y36.9411 Z-3.1099
G1 X49.9437 Y37.0169 Z-3.1632
G1 X50.2458 Y37.0322 Z-3.2166
G1 X50.5448 Y36.9864 Z-3.2699
G1 X50.8284 Y36.8814 Z-3.3232
G1 X51.0851 Y36.7214 Z-3.3766
G1 X51.3044 Y36.5130 Z-3.4299
G1 X51.4771 Y36.2648 Z-3.4832
G1 X51.5964 Y35.9868 Z-3.5366
G1 X51.6573 Y35.6905 Z-3.5899
G1 Y35.3881 Z-3.6432
G1 X51.5964 Y35.0918 Z-3.6966
G1 X51.4771 Y34.8139 Z-3.7499
G1 X51.3043 Y34.5656 Z-3.8032
G1 X51.0851 Y34.3572 Z-3.8566
G1 X50.8284 Y34.1972 Z-3.9099
G1 X50.5448 Y34.0922 Z-3.9632
G1 X50.2459 Y34.0464 Z-4.0166
G1 X49.9438 Y34.0617 Z-4.0699
G1 X49.6509 Y34.1375 Z-4.1232
G1 X49.3794 Y34.2707 Z-4.1766
G1 X49.1402 Y34.4559 Z-4.2299
G1 X48.9432 Y34.6854 Z-4.2832
G1 X48.7964 Y34.9498 Z-4.3366
G1 X48.7059 Y35.2384 Z-4.3899
G1 X48.6752 Y35.5392 Z-4.4432
G1 X48.7059 Y35.8402 Z-4.4966
G1 X48.7964 Y36.1288 Z-4.5499
G1 X48.9432 Y36.3933 Z-4.6032
G1 X49.1402 Y36.6227 Z-4.6565
G1 X49.3794 Y36.8079 Z-4.7099
G1 X49.6509 Y36.9411 Z-4.7632
G1 X49.9437 Y37.0169 Z-4.8165
G1 X50.2458 Y37.0322 Z-4.8699
G1 X50.5448 Y36.9864 Z-4.9232
G1 X50.8284 Y36.8814 Z-4.9765
G1 X51.0851 Y36.7214 Z-5.0100
G1 X51.3044 Y36.5130 F480
G1 X51.4771 Y36.2648
G1 X51.5964 Y35.9868
G1 X51.6573 Y35.6905
G1 Y35.3881
G1 X51.5964 Y35.0918
G1 X51.4771 Y34.8139
G1 X51.3043 Y34.5656
G1 X51.0851 Y34.3572
G1 X50.8284 Y34.1972
G1 X50.5448 Y34.0922
G1 X50.2459 Y34.0464
G1 X49.9438 Y34.0617
G1 X49.6509 Y34.1375
G1 X49.3794 Y34.2707
G1 X49.1402 Y34.4559
G1 X48.9432 Y34.6854
G1 X48.7964 Y34.9498
G1 X48.7059 Y35.2384
G1 X48.6752 Y35.5392
G1 X48.7059 Y35.8402
G1 X48.7964 Y36.1288
G1 X48.9432 Y36.3933
G1 X49.1402 Y36.6227
G1 X49.3794 Y36.8079
G1 X49.6509 Y36.9411
G1 X49.9437 Y37.0169
G1 X50.2458 Y37.0322
G1 X50.5448 Y36.9864
G1 X50.8284 Y36.8814
G1 X51.0851 Y36.7214
G00 Z4.9900
G00 X50.0 Y21.4967
G1 Z0.0900 F150
G1 X50.2429 Y21.4768 Z0.0470
G1 X50.4793 Y21.4179 Z0.0041
G1 X50.7031 Y21.3213 Z-0.0389
G1 X50.9082 Y21.1897 Z-0.0819
G1 X51.0892 Y21.0265 Z-0.1248
G1 X51.2413 Y20.8362 Z-0.1678
G1 X51.3605 Y20.6236 Z-0.2108
G1 X51.4437 Y20.3946 Z-0.2538
G1 X51.4886 Y20.1550 Z-0.2967
G1 X51.4940 Y19.9114 Z-0.3397
G1 X51.4598 Y19.6701 Z-0.3827
G1 X51.3870 Y19.4376 Z-0.4256
G1 X51.2773 Y19.2199 Z-0.4686
G1 X51.1338 Y19.0230 Z-0.5116
G1 X50.9602 Y18.8520 Z-0.5545
G1 X50.7201 Y18.6823 Z-0.6064
G1 X50.5112 Y18.5535 Z-0.6497
G1 X50.3589 Y18.4864 Z-0.6790
G1 X50.2031 Y18.4554 Z-0.7070
G1 X50.0 Y18.4422 Z-0.7429
G1 X49.7969 Y18.4554 Z-0.7788
G1 X49.6411 Y18.4864 Z-0.8068
G1 X49.4884 Y18.5537 Z-0.8362
G1 X49.2801 Y18.6822 Z-0.8794
G1 X49.0397 Y18.8520 Z-0.9313
G1 X48.8662 Y19.0230 Z-0.9742
G1 X48.7227 Y19.2199 Z-1.0172
G1 X48.6130 Y19.4375 Z-1.0602
G1 X48.5401 Y19.6701 Z-1.1031
G1 X48.5059 Y19.9115 Z-1.1461
G1 X48.5114 Y20.1550 Z-1.1891
G1 X48.5563 Y20.3945 Z-1.2320
G1 X48.6394 Y20.6237 Z-1.2750
G1 X48.7587 Y20.8362 Z-1.3180
G1 X48.9108 Y21.0265 Z-1.3610
G1 X49.0918 Y21.1897 Z-1.4039
G1 X49.2969 Y21.3213 Z-1.4469
G1 X49.5206 Y21.4178 Z-1.4899
G1 X49.7571 Y21.4768 Z-1.5328
G1 X50.0 Y21.4967 Z-1.5758
G1 X50.2429 Y21.4768 Z-1.6188
G1 X50.4793 Y21.4179 Z-1.6617
G1 X50.7031 Y21.3213 Z-1.7047
G1 X50.9082 Y21.1897 Z-1.7477
G1 X51.0892 Y21.0265 Z-1.7906
G1 X51.2413 Y20.8362 Z-1.8336
G1 X51.3605 Y20.6236 Z-1.8766
G1 X51.4437 Y20.3946 Z-1.9196
G1 X51.4886 Y20.1550 Z-1.9625
G1 X51.4940 Y19.9114 Z-2.0055
G1 X51.4598 Y19.6701 Z-2.0485
G1 X51.3870 Y19.4376 Z-2.0914
G1 X51.2773 Y19.2199 Z-2.1344
G1 X51.1338 Y19.0230 Z-2.1774
G1 X50.9602 Y18.8520 Z-2.2203
G1 X50.7201 Y18.6823 Z-2.2722
G1 X50.5112 Y18.5535 Z-2.3155
G1 X50.3589 Y18.4864 Z-2.3448
G1 X50.2031 Y18.4554 Z-2.3728
G1 X50.0 Y18.4422 Z-2.4087
G1 X49.7969 Y18.4554 Z-2.4446
G1 X49.6411 Y18.4864 Z-2.4726
G1 X49.4884 Y18.5537 Z-2.5020
G1 X49.2801 Y18.6822 Z-2.5452
G1 X49.0397 Y18.8520 Z-2.5971
G1 X48.8662 Y19.0230 Z-2.6400
G1 X48.7227 Y19.2199 Z-2.6830
G1 X48.6130 Y19.4375 Z-2.7260
G1 X48.5401 Y19.6701 Z-2.7689
G1 X48.5059 Y19.9115 Z-2.8119
G1 X48.5114 Y20.1550 Z-2.8549
G1 X48.5563 Y20.3945 Z-2.8978
G1 X48.6394 Y20.6237 Z-2.9408
G1 X48.7587 Y20.8362 Z-2.9838
G1 X48.9108 Y21.0265 Z-3.0268
G1 X49.0918 Y21.1897 Z-3.0697
G1 X49.2969 Y21.3213 Z-3.1127
G1 X49.5206 Y21.4178 Z-3.1557
G1 X49.7571 Y21.4768 Z-3.1986
G1 X50.0 Y21.4967 Z-3.2416
G1 X50.2429 Y21.4768 Z-3.2846
G1 X50.4793 Y21.4179 Z-3.3275
G1 X50.7031 Y21.3213 Z-3.3705
G1 X50.9082 Y21.1897 Z-3.4135
G1 X51.0892 Y21.0265 Z-3.4565
G1 X51.2413 Y20.8362 Z-3.4994
G1 X51.3605 Y20.6236 Z-3.5424
G1 X51.4437 Y20.3946 Z-3.5854
G1 X51.4886 Y20.1550 Z-3.6283
G1 X51.4940 Y19.9114 Z-3.6713
G1 X51.4598 Y19.6701 Z-3.7143
G1 X51.3870 Y19.4376 Z-3.7572
G1 X51.2773 Y19.2199 Z-3.8002
G1 X51.1338 Y19.0230 Z-3.8432
G1 X50.9602 Y18.8520 Z-3.8861
G1 X50.7201 Y18.6823 Z-3.9380
G1 X50.5112 Y18.5535 Z-3.9813
G1 X50.3589 Y18.4864 Z-4.0106
G1 X50.2031 Y18.4554 Z-4.0386
G1 X50.0 Y18.4422 Z-4.0745
G1 X49.7969 Y18.4554 Z-4.1104
G1 X49.6411 Y18.4864 Z-4.1384
G1 X49.4884 Y18.5537 Z-4.1678
G1 X49.2801 Y18.6822 Z-4.2110
G1 X49.0397 Y18.8520 Z-4.2629
G1 X48.8662 Y19.0230 Z-4.3058
G1 X48.7227 Y19.2199 Z-4.3488
G1 X48.6130 Y19.4375 Z-4.3918
G1 X48.5401 Y19.6701 Z-4.4347
G1 X48.5059 Y19.9115 Z-4.4777
G1 X48.5114 Y20.1550 Z-4.5207
G1 X48.5563 Y20.3945 Z-4.5636
G1 X48.6394 Y20.6237 Z-4.6066
G1 X48.7587 Y20.8362 Z-4.6496
G1 X48.9108 Y21.0265 Z-4.6926
G1 X49.0918 Y21.1897 Z-4.7355
G1 X49.2969 Y21.3213 Z-4.7785
G1 X49.5206 Y21.4178 Z-4.8215
G1 X49.7571 Y21.4768 Z-4.8644
G1 X50.0 Y21.4967 Z-4.9074
G1 X50.2429 Y21.4768 Z-4.9504
G1 X50.4793 Y21.4179 Z-4.9933
G1 X50.7031 Y21.3213 Z-5.0100
G1 X50.9082 Y21.1897 F480
G1 X51.0892 Y21.0265
G1 X51.2413 Y20.8362
G1 X51.3605 Y20.6236
G1 X51.4437 Y20.3946
G1 X51.4886 Y20.1550
G1 X51.4940 Y19.9114
G1 X51.4598 Y19.6701
G1 X51.3870 Y19.4376
G1 X51.2773 Y19.2199
G1 X51.1338 Y19.0230
G1 X50.9602 Y18.8520
G1 X50.7201 Y18.6823
G1 X50.5112 Y18.5535
G1 X50.3589 Y18.4864
G1 X50.2031 Y18.4554
G1 X50.0 Y18.4422
G1 X49.7969 Y18.4554
G1 X49.6411 Y18.4864
G1 X49.4884 Y18.5537
G1 X49.2801 Y18.6822
G1 X49.0397 Y18.8520
G1 X48.8662 Y19.0230
G1 X48.7227 Y19.2199
G1 X48.6130 Y19.4375
G1 X48.5401 Y19.6701
G1 X48.5059 Y19.9115
G1 X48.5114 Y20.1550
G1 X48.5563 Y20.3945
G1 X48.6394 Y20.6237
G1 X48.7587 Y20.8362
G1 X48.9108 Y21.0265
G1 X49.0918 Y21.1897
G1 X49.2969 Y21.3213
G1 X49.5206 Y21.4178
G1 X49.7571 Y21.4768
G1 X50.0 Y21.4967
G1 X50.2429 Y21.4768
G1 X50.4793 Y21.4179
G1 X50.7031 Y21.3213
G00 Z4.9900
G00 X50.0 Y11.4967
G1 Z0.0900 F150
G1 X50.2429 Y11.4768 Z0.0470
G1 X50.4793 Y11.4178 Z0.0041
G1 X50.7031 Y11.3213 Z-0.0389
G1 X50.9081 Y11.1897 Z-0.0819
G1 X51.0892 Y11.0265 Z-0.1249
G1 X51.2413 Y10.8362 Z-0.1678
G1 X51.3605 Y10.6237 Z-0.2108
G1 X51.4437 Y10.3945 Z-0.2538
G1 X51.4886 Y10.1550 Z-0.2967
G1 X51.4940 Y9.9114 Z-0.3397
G1 X51.4598 Y9.6701 Z-0.3827
G1 X51.3870 Y9.4376 Z-0.4256
G1 X51.2773 Y9.2199 Z-0.4686
G1 X51.1338 Y9.0230 Z-0.5116
G1 X50.9602 Y8.8520 Z-0.5545
G1 X50.7200 Y8.6823 Z-0.6064
G1 X50.5112 Y8.5536 Z-0.6497
G1 X50.3589 Y8.4864 Z-0.6790
G1 X50.2031 Y8.4554 Z-0.7070
G1 X50.0 Y8.4422 Z-0.7429
G1 X49.7969 Y8.4554 Z-0.7788
G1 X49.6411 Y8.4864 Z-0.8068
G1 X49.4884 Y8.5537 Z-0.8362
G1 X49.2800 Y8.6822 Z-0.8794
G1 X49.0397 Y8.8520 Z-0.9313
G1 X48.8662 Y9.0230 Z-0.9742
G1 X48.7227 Y9.2199 Z-1.0172
G1 X48.6130 Y9.4375 Z-1.0602
G1 X48.5401 Y9.6701 Z-1.1031
G1 X48.5059 Y9.9115 Z-1.1461
G1 X48.5114 Y10.1550 Z-1.1891
G1 X48.5563 Y10.3946 Z-1.2320
G1 X48.6394 Y10.6236 Z-1.2750
G1 X48.7587 Y10.8362 Z-1.3180
G1 X48.9108 Y11.0265 Z-1.3609
G1 X49.0919 Y11.1897 Z-1.4039
G1 X49.2969 Y11.3213 Z-1.4469
G1 X49.5206 Y11.4178 Z-1.4899
G1 X49.7571 Y11.4768 Z-1.5328
G1 X50.0 Y11.4967 Z-1.5758
G1 X50.2429 Y11.4768 Z-1.6188
G1 X50.4793 Y11.4178 Z-1.6617
G1 X50.7031 Y11.3213 Z-1.7047
G1 X50.9081 Y11.1897 Z-1.7477
G1 X51.0892 Y11.0265 Z-1.7907
G1 X51.2413 Y10.8362 Z-1.8336
G1 X51.3605 Y10.6237 Z-1.8766
G1 X51.4437 Y10.3945 Z-1.9196
G1 X51.4886 Y10.1550 Z-1.9625
G1 X51.4940 Y9.9114 Z-2.0055
G1 X51.4598 Y9.6701 Z-2.0485
G1 X51.3870 Y9.4376 Z-2.0914
G1 X51.2773 Y9.2199 Z-2.1344
G1 X51.1338 Y9.0230 Z-2.1774
G1 X50.9602 Y8.8520 Z-2.2203
G1 X50.7200 Y8.6823 Z-2.2722
G1 X50.5112 Y8.5536 Z-2.3155
G1 X50.3589 Y8.4864 Z-2.3448
G1 X50.2031 Y8.4554 Z-2.3728
G1 X50.0 Y8.4422 Z-2.4087
G1 X49.7969 Y8.4554 Z-2.4446
G1 X49.6411 Y8.4864 Z-2.4726
G1 X49.4884 Y8.5537 Z-2.5020
G1 X49.2800 Y8.6822 Z-2.5452
G1 X49.0397 Y8.8520 Z-2.5971
G1 X48.8662 Y9.0230 Z-2.6400
G1 X48.7227 Y9.2199 Z-2.6830
G1 X48.6130 Y9.4375 Z-2.7260
G1 X48.5401 Y9.6701 Z-2.7689
G1 X48.5059 Y9.9115 Z-2.8119
G1 X48.5114 Y10.1550 Z-2.8549
G1 X48.5563 Y10.3946 Z-2.8978
G1 X48.6394 Y10.6236 Z-2.9408
G1 X48.7587 Y10.8362 Z-2.9838
G1 X48.9108 Y11.0265 Z-3.0267
G1 X49.0919 Y11.1897 Z-3.0697
G1 X49.2969 Y11.3213 Z-3.1127
G1 X49.5206 Y11.4178 Z-3.1557
G1 X49.7571 Y11.4768 Z-3.1986
G1 X50.0 Y11.4967 Z-3.2416
G1 X50.2429 Y11.4768 Z-3.2846
G1 X50.4793 Y11.4178 Z-3.3275
G1 X50.7031 Y11.3213 Z-3.3705
G1 X50.9081 Y11.1897 Z-3.4135
G1 X51.0892 Y11.0265 Z-3.4565
G1 X51.2413 Y10.8362 Z-3.4994
G1 X51.3605 Y10.6237 Z-3.5424
G1 X51.4437 Y10.3945 Z-3.5854
G1 X51.4886 Y10.1550 Z-3.6283
G1 X51.4940 Y9.9114 Z-3.6713
G1 X51.4598 Y9.6701 Z-3.7143
G1 X51.3870 Y9.4376 Z-3.7572
G1 X51.2773 Y9.2199 Z-3.8002
G1 X51.1338 Y9.0230 Z-3.8432
G1 X50.9602 Y8.8520 Z-3.8861
G1 X50.7200 Y8.6823 Z-3.9380
G1 X50.5112 Y8.5536 Z-3.9813
G1 X50.3589 Y8.4864 Z-4.0106
G1 X50.2031 Y8.4554 Z-4.0386
G1 X50.0 Y8.4422 Z-4.0745
G1 X49.7969 Y8.4554 Z-4.1104
G1 X49.6411 Y8.4864 Z-4.1384
G1 X49.4884 Y8.5537 Z-4.1678
G1 X49.2800 Y8.6822 Z-4.2110
G1 X49.0397 Y8.8520 Z-4.2629
G1 X48.8662 Y9.0230 Z-4.3058
G1 X48.7227 Y9.2199 Z-4.3488
G1 X48.6130 Y9.4375 Z-4.3918
G1 X48.5401 Y9.6701 Z-4.4347
G1 X48.5059 Y9.9115 Z-4.4777
G1 X48.5114 Y10.1550 Z-4.5207
G1 X48.5563 Y10.3946 Z-4.5636
G1 X48.6394 Y10.6236 Z-4.6066
G1 X48.7587 Y10.8362 Z-4.6496
G1 X48.9108 Y11.0265 Z-4.6925
G1 X49.0919 Y11.1897 Z-4.7355
G1 X49.2969 Y11.3213 Z-4.7785
G1 X49.5206 Y11.4178 Z-4.8215
G1 X49.7571 Y11.4768 Z-4.8644
G1 X50.0 Y11.4967 Z-4.9074
G1 X50.2429 Y11.4768 Z-4.9504
G1 X50.4793 Y11.4178 Z-4.9933
G1 X50.7031 Y11.3213 Z-5.0100
G1 X50.9081 Y11.1897 F480
G1 X51.0892 Y11.0265
G1 X51.2413 Y10.8362
G1 X51.3605 Y10.6237
G1 X51.4437 Y10.3945
G1 X51.4886 Y10.1550
G1 X51.4940 Y9.9114
G1 X51.4598 Y9.6701
G1 X51.3870 Y9.4376
G1 X51.2773 Y9.2199
G1 X51.1338 Y9.0230
G1 X50.9602 Y8.8520
G1 X50.7200 Y8.6823
G1 X50.5112 Y8.5536
G1 X50.3589 Y8.4864
G1 X50.2031 Y8.4554
G1 X50.0 Y8.4422
G1 X49.7969 Y8.4554
G1 X49.6411 Y8.4864
G1 X49.4884 Y8.5537
G1 X49.2800 Y8.6822
G1 X49.0397 Y8.8520
G1 X48.8662 Y9.0230
G1 X48.7227 Y9.2199
G1 X48.6130 Y9.4375
G1 X48.5401 Y9.6701
G1 X48.5059 Y9.9115
G1 X48.5114 Y10.1550
G1 X48.5563 Y10.3946
G1 X48.6394 Y10.6236
G1 X48.7587 Y10.8362
G1 X48.9108 Y11.0265
G1 X49.0919 Y11.1897
G1 X49.2969 Y11.3213
G1 X49.5206 Y11.4178
G1 X49.7571 Y11.4768
G1 X50.0 Y11.4967
G1 X50.2429 Y11.4768
G1 X50.4793 Y11.4178
G1 X50.7031 Y11.3213
G00 Z4.9900
G00 X11.4886 Y10.1550
G1 Z0.0900 F150
G1 X11.4941 Y9.9114 Z0.0470
G1 X11.4599 Y9.6701 Z0.0041
G1 X11.3870 Y9.4376 Z-0.0389
G1 X11.2773 Y9.2199 Z-0.0819
G1 X11.1338 Y9.0230 Z-0.1248
G1 X10.9602 Y8.8520 Z-0.1678
G1 X10.7200 Y8.6823 Z-0.2197
G1 X10.5113 Y8.5536 Z-0.2629
G1 X10.3589 Y8.4864 Z-0.2923
G1 X10.2031 Y8.4554 Z-0.3203
G1 X10.0 Y8.4422 Z-0.3562
G1 X9.7969 Y8.4554 Z-0.3921
G1 X9.6412 Y8.4864 Z-0.4201
G1 X9.4884 Y8.5538 Z-0.4495
G1 X9.2800 Y8.6823 Z-0.4927
G1 X9.0398 Y8.8519 Z-0.5445
G1 X8.8662 Y9.0230 Z-0.5875
G1 X8.7227 Y9.2199 Z-0.6305
G1 X8.6130 Y9.4376 Z-0.6734
G1 X8.5401 Y9.6701 Z-0.7164
G1 X8.5060 Y9.9114 Z-0.7594
G1 X8.5114 Y10.1550 Z-0.8023
G1 X8.5563 Y10.3945 Z-0.8453
G1 X8.6395 Y10.6237 Z-0.8883
G1 X8.7587 Y10.8362 Z-0.9313
G1 X8.9108 Y11.0265 Z-0.9742
G1 X9.0919 Y11.1897 Z-1.0172
G1 X9.2969 Y11.3213 Z-1.0602
G1 X9.5206 Y11.4178 Z-1.1031
G1 X9.7571 Y11.4768 Z-1.1461
G1 X10.0 Y11.4967 Z-1.1891
G1 X10.2429 Y11.4768 Z-1.2321
G1 X10.4794 Y11.4178 Z-1.2750
G1 X10.7030 Y11.3213 Z-1.3180
G1 X10.9082 Y11.1897 Z-1.3610
G1 X11.0892 Y11.0265 Z-1.4039
G1 X11.2413 Y10.8362 Z-1.4469
G1 X11.3606 Y10.6236 Z-1.4899
G1 X11.4437 Y10.3945 Z-1.5328
G1 X11.4886 Y10.1550 Z-1.5758
G1 X11.4941 Y9.9114 Z-1.6188
G1 X11.4599 Y9.6701 Z-1.6617
G1 X11.3870 Y9.4376 Z-1.7047
G1 X11.2773 Y9.2199 Z-1.7477
G1 X11.1338 Y9.0230 Z-1.7906
G1 X10.9602 Y8.8520 Z-1.8336
G1 X10.7200 Y8.6823 Z-1.8855
G1 X10.5113 Y8.5536 Z-1.9287
G1 X10.3589 Y8.4864 Z-1.9581
G1 X10.2031 Y8.4554 Z-1.9861
G1 X10.0 Y8.4422 Z-2.0220
G1 X9.7969 Y8.4554 Z-2.0579
G1 X9.6412 Y8.4864 Z-2.0859
G1 X9.4884 Y8.5538 Z-2.1153
G1 X9.2800 Y8.6823 Z-2.1585
G1 X9.0398 Y8.8519 Z-2.2103
G1 X8.8662 Y9.0230 Z-2.2533
G1 X8.7227 Y9.2199 Z-2.2963
G1 X8.6130 Y9.4376 Z-2.3392
G1 X8.5401 Y9.6701 Z-2.3822
G1 X8.5060 Y9.9114 Z-2.4252
G1 X8.5114 Y10.1550 Z-2.4681
G1 X8.5563 Y10.3945 Z-2.5111
G1 X8.6395 Y10.6237 Z-2.5541
G1 X8.7587 Y10.8362 Z-2.5971
G1 X8.9108 Y11.0265 Z-2.6400
G1 X9.0919 Y11.1897 Z-2.6830
G1 X9.2969 Y11.3213 Z-2.7260
G1 X9.5206 Y11.4178 Z-2.7689
G1 X9.7571 Y11.4768 Z-2.8119
G1 X10.0 Y11.4967 Z-2.8549
G1 X10.2429 Y11.4768 Z-2.8979
G1 X10.4794 Y11.4178 Z-2.9408
G1 X10.7030 Y11.3213 Z-2.9838
G1 X10.9082 Y11.1897 Z-3.0268
G1 X11.0892 Y11.0265 Z-3.0697
G1 X11.2413 Y10.8362 Z-3.1127
G1 X11.3606 Y10.6236 Z-3.1557
G1 X11.4437 Y10.3945 Z-3.1986
G1 X11.4886 Y10.1550 Z-3.2416
G1 X11.4941 Y9.9114 Z-3.2846
G1 X11.4599 Y9.6701 Z-3.3275
G1 X11.3870 Y9.4376 Z-3.3705
G1 X11.2773 Y9.2199 Z-3.4135
G1 X11.1338 Y9.0230 Z-3.4564
G1 X10.9602 Y8.8520 Z-3.4994
G1 X10.7200 Y8.6823 Z-3.5513
G1 X10.5113 Y8.5536 Z-3.5945
G1 X10.3589 Y8.4864 Z-3.6239
G1 X10.2031 Y8.4554 Z-3.6519
G1 X10.0 Y8.4422 Z-3.6878
G1 X9.7969 Y8.4554 Z-3.7237
G1 X9.6412 Y8.4864 Z-3.7517
G1 X9.4884 Y8.5538 Z-3.7811
G1 X9.2800 Y8.6823 Z-3.8243
G1 X9.0398 Y8.8519 Z-3.8761
G1 X8.8662 Y9.0230 Z-3.9191
G1 X8.7227 Y9.2199 Z-3.9621
G1 X8.6130 Y9.4376 Z-4.0050
G1 X8.5401 Y9.6701 Z-4.0480
G1 X8.5060 Y9.9114 Z-4.0910
G1 X8.5114 Y10.1550 Z-4.1339
G1 X8.5563 Y10.3945 Z-4.1769
G1 X8.6395 Y10.6237 Z-4.2199
G1 X8.7587 Y10.8362 Z-4.2629
G1 X8.9108 Y11.0265 Z-4.3058
G1 X9.0919 Y11.1897 Z-4.3488
G1 X9.2969 Y11.3213 Z-4.3918
G1 X9.5206 Y11.4178 Z-4.4347
G1 X9.7571 Y11.4768 Z-4.4777
G1 X10.0 Y11.4967 Z-4.5207
G1 X10.2429 Y11.4768 Z-4.5637
G1 X10.4794 Y11.4178 Z-4.6066
G1 X10.7030 Y11.3213 Z-4.6496
G1 X10.9082 Y11.1897 Z-4.6926
G1 X11.0892 Y11.0265 Z-4.7355
G1 X11.2413 Y10.8362 Z-4.7785
G1 X11.3606 Y10.6236 Z-4.8215
G1 X11.4437 Y10.3945 Z-4.8644
G1 X11.4886 Y10.1550 Z-4.9074
G1 X11.4941 Y9.9114 Z-4.9504
G1 X11.4599 Y9.6701 Z-4.9933
G1 X11.3870 Y9.4376 Z-5.0100
G1 X11.2773 Y9.2199 F480
G1 X11.1338 Y9.0230
G1 X10.9602 Y8.8520
G1 X10.7200 Y8.6823
G1 X10.5113 Y8.5536
G1 X10.3589 Y8.4864
G1 X10.2031 Y8.4554
G1 X10.0 Y8.4422
G1 X9.7969 Y8.4554
G1 X9.6412 Y8.4864
G1 X9.4884 Y8.5538
G1 X9.2800 Y8.6823
G1 X9.0398 Y8.8519
G1 X8.8662 Y9.0230
G1 X8.7227 Y9.2199
G1 X8.6130 Y9.4376
G1 X8.5401 Y9.6701
G1 X8.5060 Y9.9114
G1 X8.5114 Y10.1550
G1 X8.5563 Y10.3945
G1 X8.6395 Y10.6237
G1 X8.7587 Y10.8362
G1 X8.9108 Y11.0265
G1 X9.0919 Y11.1897
G1 X9.2969 Y11.3213
G1 X9.5206 Y11.4178
G1 X9.7571 Y11.4768
G1 X10.0 Y11.4967
G1 X10.2429 Y11.4768
G1 X10.4794 Y11.4178
G1 X10.7030 Y11.3213
G1 X10.9082 Y11.1897
G1 X11.0892 Y11.0265
G1 X11.2413 Y10.8362
G1 X11.3606 Y10.6236
G1 X11.4437 Y10.3945
G1 X11.4886 Y10.1550
G1 X11.4941 Y9.9114
G1 X11.4599 Y9.6701
G1 X11.3870 Y9.4376
G00 Z4.9900
G00 X10.2031 Y18.4554
G1 Z0.0900 F150
G1 X10.0 Y18.4422 Z0.0541
G1 X9.7969 Y18.4554 Z0.0182
G1 X9.6412 Y18.4864 Z-0.0098
G1 X9.4884 Y18.5538 Z-0.0392
G1 X9.2802 Y18.6822 Z-0.0824
G1 X9.0398 Y18.8520 Z-0.1343
G1 X8.8662 Y19.0230 Z-0.1772
G1 X8.7227 Y19.2199 Z-0.2202
G1 X8.6130 Y19.4376 Z-0.2632
G1 X8.5401 Y19.6701 Z-0.3061
G1 X8.5060 Y19.9114 Z-0.3491
G1 X8.5114 Y20.1550 Z-0.3921
G1 X8.5563 Y20.3946 Z-0.4350
G1 X8.6394 Y20.6236 Z-0.4780
G1 X8.7587 Y20.8362 Z-0.5210
G1 X8.9108 Y21.0265 Z-0.5639
G1 X9.0918 Y21.1897 Z-0.6069
G1 X9.2969 Y21.3213 Z-0.6499
G1 X9.5207 Y21.4178 Z-0.6928
G1 X9.7571 Y21.4768 Z-0.7358
G1 X10.0 Y21.4967 Z-0.7788
G1 X10.2429 Y21.4768 Z-0.8218
G1 X10.4794 Y21.4178 Z-0.8647
G1 X10.7030 Y21.3213 Z-0.9077
G1 X10.9082 Y21.1897 Z-0.9507
G1 X11.0892 Y21.0265 Z-0.9936
G1 X11.2413 Y20.8362 Z-1.0366
G1 X11.3606 Y20.6236 Z-1.0796
G1 X11.4437 Y20.3946 Z-1.1225
G1 X11.4886 Y20.1550 Z-1.1655
G1 X11.4941 Y19.9114 Z-1.2085
G1 X11.4599 Y19.6701 Z-1.2515
G1 X11.3870 Y19.4376 Z-1.2944
G1 X11.2773 Y19.2199 Z-1.3374
G1 X11.1338 Y19.0230 Z-1.3804
G1 X10.9602 Y18.8520 Z-1.4233
G1 X10.7200 Y18.6823 Z-1.4752
G1 X10.5113 Y18.5536 Z-1.5184
G1 X10.3589 Y18.4864 Z-1.5478
G1 X10.2031 Y18.4554 Z-1.5758
G1 X10.0 Y18.4422 Z-1.6117
G1 X9.7969 Y18.4554 Z-1.6476
G1 X9.6412 Y18.4864 Z-1.6756
G1 X9.4884 Y18.5538 Z-1.7050
G1 X9.2802 Y18.6822 Z-1.7482
G1 X9.0398 Y18.8520 Z-1.8001
G1 X8.8662 Y19.0230 Z-1.8430
G1 X8.7227 Y19.2199 Z-1.8860
G1 X8.6130 Y19.4376 Z-1.9290
G1 X8.5401 Y19.6701 Z-1.9719
G1 X8.5060 Y19.9114 Z-2.0149
G1 X8.5114 Y20.1550 Z-2.0579
G1 X8.5563 Y20.3946 Z-2.1008
G1 X8.6394 Y20.6236 Z-2.1438
G1 X8.7587 Y20.8362 Z-2.1868
G1 X8.9108 Y21.0265 Z-2.2297
G1 X9.0918 Y21.1897 Z-2.2727
G1 X9.2969 Y21.3213 Z-2.3157
G1 X9.5207 Y21.4178 Z-2.3586
G1 X9.7571 Y21.4768 Z-2.4016
G1 X10.0 Y21.4967 Z-2.4446
G1 X10.2429 Y21.4768 Z-2.4876
G1 X10.4794 Y21.4178 Z-2.5305
G1 X10.7030 Y21.3213 Z-2.5735
G1 X10.9082 Y21.1897 Z-2.6165
G1 X11.0892 Y21.0265 Z-2.6594
G1 X11.2413 Y20.8362 Z-2.7024
G1 X11.3606 Y20.6236 Z-2.7454
G1 X11.4437 Y20.3946 Z-2.7883
G1 X11.4886 Y20.1550 Z-2.8313
G1 X11.4941 Y19.9114 Z-2.8743
G1 X11.4599 Y19.6701 Z-2.9173
G1 X11.3870 Y19.4376 Z-2.9602
G1 X11.2773 Y19.2199 Z-3.0032
G1 X11.1338 Y19.0230 Z-3.0462
G1 X10.9602 Y18.8520 Z-3.0891
G1 X10.7200 Y18.6823 Z-3.1410
G1 X10.5113 Y18.5536 Z-3.1842
G1 X10.3589 Y18.4864 Z-3.2136
G1 X10.2031 Y18.4554 Z-3.2416
G1 X10.0 Y18.4422 Z-3.2775
G1 X9.7969 Y18.4554 Z-3.3134
G1 X9.6412 Y18.4864 Z-3.3414
G1 X9.4884 Y18.5538 Z-3.3708
G1 X9.2802 Y18.6822 Z-3.4140
G1 X9.0398 Y18.8520 Z-3.4659
G1 X8.8662 Y19.0230 Z-3.5088
G1 X8.7227 Y19.2199 Z-3.5518
G1 X8.6130 Y19.4376 Z-3.5948
G1 X8.5401 Y19.6701 Z-3.6377
G1 X8.5060 Y19.9114 Z-3.6807
G1 X8.5114 Y20.1550 Z-3.7237
G1 X8.5563 Y20.3946 Z-3.7666
G1 X8.6394 Y20.6236 Z-3.8096
G1 X8.7587 Y20.8362 Z-3.8526
G1 X8.9108 Y21.0265 Z-3.8955
G1 X9.0918 Y21.1897 Z-3.9385
G1 X9.2969 Y21.3213 Z-3.9815
G1 X9.5207 Y21.4178 Z-4.0245
G1 X9.7571 Y21.4768 Z-4.0674
G1 X10.0 Y21.4967 Z-4.1104
G1 X10.2429 Y21.4768 Z-4.1534
G1 X10.4794 Y21.4178 Z-4.1963
G1 X10.7030 Y21.3213 Z-4.2393
G1 X10.9082 Y21.1897 Z-4.2823
G1 X11.0892 Y21.0265 Z-4.3252
G1 X11.2413 Y20.8362 Z-4.3682
G1 X11.3606 Y20.6236 Z-4.4112
G1 X11.4437 Y20.3946 Z-4.4541
G1 X11.4886 Y20.1550 Z-4.4971
G1 X11.4941 Y19.9114 Z-4.5401
G1 X11.4599 Y19.6701 Z-4.5831
G1 X11.3870 Y19.4376 Z-4.6260
G1 X11.2773 Y19.2199 Z-4.6690
G1 X11.1338 Y19.0230 Z-4.7120
G1 X10.9602 Y18.8520 Z-4.7549
G1 X10.7200 Y18.6823 Z-4.8068
G1 X10.5113 Y18.5536 Z-4.8500
G1 X10.3589 Y18.4864 Z-4.8794
G1 X10.2031 Y18.4554 Z-4.9074
G1 X10.0 Y18.4422 Z-4.9433
G1 X9.7969 Y18.4554 Z-4.9792
G1 X9.6412 Y18.4864 Z-5.0072
G1 X9.4884 Y18.5538 Z-5.0100
G1 X9.2802 Y18.6822 F480
G1 X9.0398 Y18.8520
G1 X8.8662 Y19.0230
G1 X8.7227 Y19.2199
G1 X8.6130 Y19.4376
G1 X8.5401 Y19.6701
G1 X8.5060 Y19.9114
G1 X8.5114 Y20.1550
G1 X8.5563 Y20.3946
G1 X8.6394 Y20.6236
G1 X8.7587 Y20.8362
G1 X8.9108 Y21.0265
G1 X9.0918 Y21.1897
G1 X9.2969 Y21.3213
G1 X9.5207 Y21.4178
G1 X9.7571 Y21.4768
G1 X10.0 Y21.4967
G1 X10.2429 Y21.4768
G1 X10.4794 Y21.4178
G1 X10.7030 Y21.3213
G1 X10.9082 Y21.1897
G1 X11.0892 Y21.0265
G1 X11.2413 Y20.8362
G1 X11.3606 Y20.6236
G1 X11.4437 Y20.3946
G1 X11.4886 Y20.1550
G1 X11.4941 Y19.9114
G1 X11.4599 Y19.6701
G1 X11.3870 Y19.4376
G1 X11.2773 Y19.2199
G1 X11.1338 Y19.0230
G1 X10.9602 Y18.8520
G1 X10.7200 Y18.6823
G1 X10.5113 Y18.5536
G1 X10.3589 Y18.4864
G1 X10.2031 Y18.4554
G1 X10.0 Y18.4422
G1 X9.7969 Y18.4554
G1 X9.6412 Y18.4864
G1 X9.4884 Y18.5538
G00 Z4.9900
G00 X10.2459 Y34.0464
G1 Z0.0900 F150
G1 X9.9438 Y34.0617 Z0.0367
G1 X9.6509 Y34.1375 Z-0.0167
G1 X9.3794 Y34.2707 Z-0.0700
G1 X9.1402 Y34.4559 Z-0.1233
G1 X8.9432 Y34.6853 Z-0.1767
G1 X8.7964 Y34.9498 Z-0.2300
G1 X8.7059 Y35.2384 Z-0.2833
G1 X8.6753 Y35.5393 Z-0.3367
G1 X8.7059 Y35.8402 Z-0.3900
G1 X8.7964 Y36.1288 Z-0.4433
G1 X8.9432 Y36.3932 Z-0.4967
G1 X9.1402 Y36.6228 Z-0.5500
G1 X9.3794 Y36.8079 Z-0.6033
G1 X9.6510 Y36.9411 Z-0.6567
G1 X9.9438 Y37.0169 Z-0.7100
G1 X10.2459 Y37.0322 Z-0.7633
G1 X10.5448 Y36.9864 Z-0.8166
G1 X10.8285 Y36.8814 Z-0.8700
G1 X11.0851 Y36.7214 Z-0.9233
G1 X11.3044 Y36.5130 Z-0.9767
G1 X11.4771 Y36.2648 Z-1.0300
G1 X11.5964 Y35.9868 Z-1.0833
G1 X11.6573 Y35.6905 Z-1.1366
G1 Y35.3881 Z-1.1900
G1 X11.5964 Y35.0918 Z-1.2433
G1 X11.4771 Y34.8138 Z-1.2966
G1 X11.3044 Y34.5656 Z-1.3500
G1 X11.0851 Y34.3572 Z-1.4033
G1 X10.8284 Y34.1972 Z-1.4566
G1 X10.5448 Y34.0922 Z-1.5100
G1 X10.2459 Y34.0464 Z-1.5633
G1 X9.9438 Y34.0617 Z-1.6166
G1 X9.6509 Y34.1375 Z-1.6700
G1 X9.3794 Y34.2707 Z-1.7233
G1 X9.1402 Y34.4559 Z-1.7766
G1 X8.9432 Y34.6853 Z-1.8300
G1 X8.7964 Y34.9498 Z-1.8833
G1 X8.7059 Y35.2384 Z-1.9366
G1 X8.6753 Y35.5393 Z-1.9900
G1 X8.7059 Y35.8402 Z-2.0433
G1 X8.7964 Y36.1288 Z-2.0966
G1 X8.9432 Y36.3932 Z-2.1499
G1 X9.1402 Y36.6228 Z-2.2033
G1 X9.3794 Y36.8079 Z-2.2566
G1 X9.6510 Y36.9411 Z-2.3099
G1 X9.9438 Y37.0169 Z-2.3633
G1 X10.2459 Y37.0322 Z-2.4166
G1 X10.5448 Y36.9864 Z-2.4699
G1 X10.8285 Y36.8814 Z-2.5233
G1 X11.0851 Y36.7214 Z-2.5766
G1 X11.3044 Y36.5130 Z-2.6300
G1 X11.4771 Y36.2648 Z-2.6833
G1 X11.5964 Y35.9868 Z-2.7366
G1 X11.6573 Y35.6905 Z-2.7899
G1 Y35.3881 Z-2.8433
G1 X11.5964 Y35.0918 Z-2.8966
G1 X11.4771 Y34.8138 Z-2.9499
G1 X11.3044 Y34.5656 Z-3.0033
G1 X11.0851 Y34.3572 Z-3.0566
G1 X10.8284 Y34.1972 Z-3.1099
G1 X10.5448 Y34.0922 Z-3.1633
G1 X10.2459 Y34.0464 Z-3.2166
G1 X9.9438 Y34.0617 Z-3.2699
G1 X9.6509 Y34.1375 Z-3.3233
G1 X9.3794 Y34.2707 Z-3.3766
G1 X9.1402 Y34.4559 Z-3.4299
G1 X8.9432 Y34.6853 Z-3.4833
G1 X8.7964 Y34.9498 Z-3.5366
G1 X8.7059 Y35.2384 Z-3.5899
G1 X8.6753 Y35.5393 Z-3.6432
G1 X8.7059 Y35.8402 Z-3.6966
G1 X8.7964 Y36.1288 Z-3.7499
G1 X8.9432 Y36.3932 Z-3.8032
G1 X9.1402 Y36.6228 Z-3.8566
G1 X9.3794 Y36.8079 Z-3.9099
G1 X9.6510 Y36.9411 Z-3.9632
G1 X9.9438 Y37.0169 Z-4.0166
G1 X10.2459 Y37.0322 Z-4.0699
G1 X10.5448 Y36.9864 Z-4.1232
G1 X10.8285 Y36.8814 Z-4.1766
G1 X11.0851 Y36.7214 Z-4.2299
G1 X11.3044 Y36.5130 Z-4.2832
G1 X11.4771 Y36.2648 Z-4.3366
G1 X11.5964 Y35.9868 Z-4.3899
G1 X11.6573 Y35.6905 Z-4.4432
G1 Y35.3881 Z-4.4966
G1 X11.5964 Y35.0918 Z-4.5499
G1 X11.4771 Y34.8138 Z-4.6032
G1 X11.3044 Y34.5656 Z-4.6566
G1 X11.0851 Y34.3572 Z-4.7099
G1 X10.8284 Y34.1972 Z-4.7632
G1 X10.5448 Y34.0922 Z-4.8166
G1 X10.2459 Y34.0464 Z-4.8699
G1 X9.9438 Y34.0617 Z-4.9232
G1 X9.6509 Y34.1375 Z-4.9766
G1 X9.3794 Y34.2707 Z-5.0100
G1 X9.1402 Y34.4559 F480
G1 X8.9432 Y34.6853
G1 X8.7964 Y34.9498
G1 X8.7059 Y35.2384
G1 X8.6753 Y35.5393
G1 X8.7059 Y35.8402
G1 X8.7964 Y36.1288
G1 X8.9432 Y36.3932
G1 X9.1402 Y36.6228
G1 X9.3794 Y36.8079
G1 X9.6510 Y36.9411
G1 X9.9438 Y37.0169
G1 X10.2459 Y37.0322
G1 X10.5448 Y36.9864
G1 X10.8285 Y36.8814
G1 X11.0851 Y36.7214
G1 X11.3044 Y36.5130
G1 X11.4771 Y36.2648
G1 X11.5964 Y35.9868
G1 X11.6573 Y35.6905
G1 Y35.3881
G1 X11.5964 Y35.0918
G1 X11.4771 Y34.8138
G1 X11.3044 Y34.5656
G1 X11.0851 Y34.3572
G1 X10.8284 Y34.1972
G1 X10.5448 Y34.0922
G1 X10.2459 Y34.0464
G1 X9.9438 Y34.0617
G1 X9.6509 Y34.1375
G1 X9.3794 Y34.2707
G00 Z4.9900
G00 X9.9438 Y44.0617
G1 Z0.0900 F150
G1 X9.6510 Y44.1375 Z0.0367
G1 X9.3794 Y44.2707 Z-0.0167
G1 X9.1402 Y44.4559 Z-0.0700
G1 X8.9432 Y44.6854 Z-0.1233
G1 X8.7964 Y44.9498 Z-0.1767
G1 X8.7059 Y45.2384 Z-0.2300
G1 X8.6753 Y45.5393 Z-0.2833
G1 X8.7059 Y45.8402 Z-0.3367
G1 X8.7964 Y46.1288 Z-0.3900
G1 X8.9432 Y46.3933 Z-0.4433
G1 X9.1402 Y46.6228 Z-0.4967
G1 X9.3794 Y46.8079 Z-0.5500
G1 X9.6510 Y46.9411 Z-0.6033
G1 X9.9438 Y47.0169 Z-0.6566
G1 X10.2459 Y47.0322 Z-0.7100
G1 X10.5448 Y46.9864 Z-0.7633
G1 X10.8284 Y46.8814 Z-0.8166
G1 X11.0851 Y46.7214 Z-0.8700
G1 X11.3044 Y46.5130 Z-0.9233
G1 X11.4771 Y46.2648 Z-0.9766
G1 X11.5964 Y45.9868 Z-1.0300
G1 X11.6573 Y45.6905 Z-1.0833
G1 Y45.3881 Z-1.1366
G1 X11.5964 Y45.0918 Z-1.1900
G1 X11.4771 Y44.8139 Z-1.2433
G1 X11.3044 Y44.5656 Z-1.2966
G1 X11.0851 Y44.3572 Z-1.3500
G1 X10.8285 Y44.1972 Z-1.4033
G1 X10.5448 Y44.0922 Z-1.4566
G1 X10.2459 Y44.0464 Z-1.5100
G1 X9.9438 Y44.0617 Z-1.5633
G1 X9.6510 Y44.1375 Z-1.6166
G1 X9.3794 Y44.2707 Z-1.6700
G1 X9.1402 Y44.4559 Z-1.7233
G1 X8.9432 Y44.6854 Z-1.7766
G1 X8.7964 Y44.9498 Z-1.8300
G1 X8.7059 Y45.2384 Z-1.8833
G1 X8.6753 Y45.5393 Z-1.9366
G1 X8.7059 Y45.8402 Z-1.9900
G1 X8.7964 Y46.1288 Z-2.0433
G1 X8.9432 Y46.3933 Z-2.0966
G1 X9.1402 Y46.6228 Z-2.1500
G1 X9.3794 Y46.8079 Z-2.2033
G1 X9.6510 Y46.9411 Z-2.2566
G1 X9.9438 Y47.0169 Z-2.3099
G1 X10.2459 Y47.0322 Z-2.3633
G1 X10.5448 Y46.9864 Z-2.4166
G1 X10.8284 Y46.8814 Z-2.4699
G1 X11.0851 Y46.7214 Z-2.5233
G1 X11.3044 Y46.5130 Z-2.5766
G1 X11.4771 Y46.2648 Z-2.6299
G1 X11.5964 Y45.9868 Z-2.6833
G1 X11.6573 Y45.6905 Z-2.7366
G1 Y45.3881 Z-2.7899
G1 X11.5964 Y45.0918 Z-2.8433
G1 X11.4771 Y44.8139 Z-2.8966
G1 X11.3044 Y44.5656 Z-2.9499
G1 X11.0851 Y44.3572 Z-3.0033
G1 X10.8285 Y44.1972 Z-3.0566
G1 X10.5448 Y44.0922 Z-3.1099
G1 X10.2459 Y44.0464 Z-3.1632
G1 X9.9438 Y44.0617 Z-3.2166
G1 X9.6510 Y44.1375 Z-3.2699
G1 X9.3794 Y44.2707 Z-3.3233
G1 X9.1402 Y44.4559 Z-3.3766
G1 X8.9432 Y44.6854 Z-3.4299
G1 X8.7964 Y44.9498 Z-3.4833
G1 X8.7059 Y45.2384 Z-3.5366
G1 X8.6753 Y45.5393 Z-3.5899
G1 X8.7059 Y45.8402 Z-3.6433
G1 X8.7964 Y46.1288 Z-3.6966
G1 X8.9432 Y46.3933 Z-3.7499
G1 X9.1402 Y46.6228 Z-3.8033
G1 X9.3794 Y46.8079 Z-3.8566
G1 X9.6510 Y46.9411 Z-3.9099
G1 X9.9438 Y47.0169 Z-3.9632
G1 X10.2459 Y47.0322 Z-4.0166
G1 X10.5448 Y46.9864 Z-4.0699
G1 X10.8284 Y46.8814 Z-4.1232
G1 X11.0851 Y46.7214 Z-4.1766
G1 X11.3044 Y46.5130 Z-4.2299
G1 X11.4771 Y46.2648 Z-4.2832
G1 X11.5964 Y45.9868 Z-4.3366
G1 X11.6573 Y45.6905 Z-4.3899
G1 Y45.3881 Z-4.4432
G1 X11.5964 Y45.0918 Z-4.4966
G1 X11.4771 Y44.8139 Z-4.5499
G1 X11.3044 Y44.5656 Z-4.6032
G1 X11.0851 Y44.3572 Z-4.6566
G1 X10.8285 Y44.1972 Z-4.7099
G1 X10.5448 Y44.0922 Z-4.7632
G1 X10.2459 Y44.0464 Z-4.8165
G1 X9.9438 Y44.0617 Z-4.8699
G1 X9.6510 Y44.1375 Z-4.9232
G1 X9.3794 Y44.2707 Z-4.9766
G1 X9.1402 Y44.4559 Z-5.0100
G1 X8.9432 Y44.6854 F480
G1 X8.7964 Y44.9498
G1 X8.7059 Y45.2384
G1 X8.6753 Y45.5393
G1 X8.7059 Y45.8402
G1 X8.7964 Y46.1288
G1 X8.9432 Y46.3933
G1 X9.1402 Y46.6228
G1 X9.3794 Y46.8079
G1 X9.6510 Y46.9411
G1 X9.9438 Y47.0169
G1 X10.2459 Y47.0322
G1 X10.5448 Y46.9864
G1 X10.8284 Y46.8814
G1 X11.0851 Y46.7214
G1 X11.3044 Y46.5130
G1 X11.4771 Y46.2648
G1 X11.5964 Y45.9868
G1 X11.6573 Y45.6905
G1 Y45.3881
G1 X11.5964 Y45.0918
G1 X11.4771 Y44.8139
G1 X11.3044 Y44.5656
G1 X11.0851 Y44.3572
G1 X10.8285 Y44.1972
G1 X10.5448 Y44.0922
G1 X10.2459 Y44.0464
G1 X9.9438 Y44.0617
G1 X9.6510 Y44.1375
G1 X9.3794 Y44.2707
G1 X9.1402 Y44.4559
G00 Z4.9900
G00 X4.1701 Y29.5393
G1 X56.1701 Z-0.5100 F150
G1 Y51.9066 F480
G1 X47.9616
G1 X47.9703 Y52.2085
G1 X47.9046 Y53.5769
G1 X47.7339 Y54.9361
G1 X47.4590 Y56.2784
G1 X47.0819 Y57.5952
G1 X46.6045 Y58.8793
G1 X46.0298 Y60.1229
G1 X45.3612 Y61.3186
G1 X44.6026 Y62.4594
G1 X43.7585 Y63.5385
G1 X42.8340 Y64.5494
G1 X41.8344 Y65.4863
G1 X41.1701 Y66.0191
G1 Y94.5720
G1 X41.1123 Y95.4532
G1 X40.9336 Y96.3516
G1 X40.6392 Y97.2189
G1 X40.2341 Y98.0404
G1 X39.7253 Y98.8019
G1 X39.1214 Y99.4905
G1 X38.4327 Y100.0944
G1 X37.6712 Y100.6033
G1 X36.8497 Y101.0084
G1 X35.9824 Y101.3028
G1 X35.0841 Y101.4815
G1 X34.2028 Y101.5393
G1 X11.1374
G1 X10.2562 Y101.4815
G1 X9.3578 Y101.3028
G1 X8.4905 Y101.0084
G1 X7.6690 Y100.6033
G1 X6.9075 Y100.0945
G1 X6.2189 Y99.4905
G1 X5.6149 Y98.8019
G1 X5.1061 Y98.0403
G1 X4.7010 Y97.2189
G1 X4.4066 Y96.3516
G1 X4.2279 Y95.4532
G1 X4.1701 Y94.5720
G1 Y29.5393
G1 X56.1701
G00 Z4.9900
G00 X56.0 Y26.0
G1 Z0.0900 F150
G1 X40.5577 Z-0.5100
G1 X40.2760 Y24.3463 F480
G1 X40.0834 Y23.5744
G1 X39.8330 Y22.8194
G1 X39.5261 Y22.0854
G1 X39.1644 Y21.3767
G1 X38.7503 Y20.6976
G1 X38.2857 Y20.0517
G1 X37.7737 Y19.4428
G1 X37.2171 Y18.8745
G1 X36.6190 Y18.3500
G1 X35.9829 Y17.8722
G1 X35.3125 Y17.4439
G1 X34.6114 Y17.0676
G1 X33.8841 Y16.7456
G1 X33.1344 Y16.4795
G1 X32.3667 Y16.2710
G1 X31.5853 Y16.1211
G1 X30.7949 Y16.0308
G1 X30.0 Y16.0007
G1 X29.2051 Y16.0308
G1 X28.4147 Y16.1211
G1 X27.6333 Y16.2710
G1 X26.8656 Y16.4795
G1 X26.1159 Y16.7456
G1 X25.3885 Y17.0677
G1 X24.6875 Y17.4439
G1 X24.0171 Y17.8721
G1 X23.3809 Y18.3500
G1 X22.7830 Y18.8745
G1 X22.2262 Y19.4429
G1 X21.7143 Y20.0516
G1 X21.2498 Y20.6976
G1 X20.8355 Y21.3768
G1 X20.4740 Y22.0853
G1 X20.1670 Y22.8194
G1 X19.9166 Y23.5744
G1 X19.7240 Y24.3463
G1 X19.4423 Y26.0
G1 X4.0
G1 Y4.0
G1 X56.0
G1 Y26.0
G1 X40.5577
G1 X40.2760 Y24.3463 Z-0.8058 F150
G1 X40.0834 Y23.5744 Z-0.9461
G1 X39.8330 Y22.8194 Z-1.0100
G1 X39.5261 Y22.0854 F480
G1 X39.1644 Y21.3767
G1 X38.7503 Y20.6976
G1 X38.2857 Y20.0517
G1 X37.7737 Y19.4428
G1 X37.2171 Y18.8745
G1 X36.6190 Y18.3500
G1 X35.9829 Y17.8722
G1 X35.3125 Y17.4439
G1 X34.6114 Y17.0676
G1 X33.8841 Y16.7456
G1 X33.1344 Y16.4795
G1 X32.3667 Y16.2710
G1 X31.5853 Y16.1211
G1 X30.7949 Y16.0308
G1 X30.0 Y16.0007
G1 X29.2051 Y16.0308
G1 X28.4147 Y16.1211
G1 X27.6333 Y16.2710
G1 X26.8656 Y16.4795
G1 X26.1159 Y16.7456
G1 X25.3885 Y17.0677
G1 X24.6875 Y17.4439
G1 X24.0171 Y17.8721
G1 X23.3809 Y18.3500
G1 X22.7830 Y18.8745
G1 X22.2262 Y19.4429
G1 X21.7143 Y20.0516
G1 X21.2498 Y20.6976
G1 X20.8355 Y21.3768
G1 X20.4740 Y22.0853
G1 X20.1670 Y22.8194
G1 X19.9166 Y23.5744
G1 X19.7240 Y24.3463
G1 X19.4423 Y26.0
G1 X4.0
G1 Y4.0
G1 X56.0
G1 Y26.0
G1 X40.5577
G1 X40.2760 Y24.3463
G1 X40.0834 Y23.5744
G1 X39.8330 Y22.8194
G00 Z4.9900
G00 X56.1701 Y29.5393
G1 Z0.0900 F150
G1 Y51.9066 Z-1.0100
G1 X47.9616 F480
G1 X47.9703 Y52.2085
G1 X47.9046 Y53.5769
G1 X47.7339 Y54.9361
G1 X47.4590 Y56.2784
G1 X47.0819 Y57.5952
G1 X46.6045 Y58.8793
G1 X46.0298 Y60.1229
G1 X45.3612 Y61.3186
G1 X44.6026 Y62.4594
G1 X43.7585 Y63.5385
G1 X42.8340 Y64.5494
G1 X41.8344 Y65.4863
G1 X41.1701 Y66.0191
G1 Y94.5720
G1 X41.1123 Y95.4532
G1 X40.9336 Y96.3516
G1 X40.6392 Y97.2189
G1 X40.2341 Y98.0404
G1 X39.7253 Y98.8019
G1 X39.1214 Y99.4905
G1 X38.4327 Y100.0944
G1 X37.6712 Y100.6033
G1 X36.8497 Y101.0084
G1 X35.9824 Y101.3028
G1 X35.0841 Y101.4815
G1 X34.2028 Y101.5393
G1 X11.1374
G1 X10.2562 Y101.4815
G1 X9.3578 Y101.3028
G1 X8.4905 Y101.0084
G1 X7.6690 Y100.6033
G1 X6.9075 Y100.0945
G1 X6.2189 Y99.4905
G1 X5.6149 Y98.8019
G1 X5.1061 Y98.0403
G1 X4.7010 Y97.2189
G1 X4.4066 Y96.3516
G1 X4.2279 Y95.4532
G1 X4.1701 Y94.5720
G1 Y29.5393
G1 X56.1701
G1 Y51.9066
G1 X47.9616 Z-1.5100 F150
G1 X47.9703 Y52.2085 F480
G1 X47.9046 Y53.5769
G1 X47.7339 Y54.9361
G1 X47.4590 Y56.2784
G1 X47.0819 Y57.5952
G1 X46.6045 Y58.8793
G1 X46.0298 Y60.1229
G1 X45.3612 Y61.3186
G1 X44.6026 Y62.4594
G1 X43.7585 Y63.5385
G1 X42.8340 Y64.5494
G1 X41.8344 Y65.4863
G1 X41.1701 Y66.0191
G1 Y94.5720
G1 X41.1123 Y95.4532
G1 X40.9336 Y96.3516
G1 X40.6392 Y97.2189
G1 X40.2341 Y98.0404
G1 X39.7253 Y98.8019
G1 X39.1214 Y99.4905
G1 X38.4327 Y100.0944
G1 X37.6712 Y100.6033
G1 X36.8497 Y101.0084
G1 X35.9824 Y101.3028
G1 X35.0841 Y101.4815
G1 X34.2028 Y101.5393
G1 X11.1374
G1 X10.2562 Y101.4815
G1 X9.3578 Y101.3028
G1 X8.4905 Y101.0084
G1 X7.6690 Y100.6033
G1 X6.9075 Y100.0945
G1 X6.2189 Y99.4905
G1 X5.6149 Y98.8019
G1 X5.1061 Y98.0403
G1 X4.7010 Y97.2189
G1 X4.4066 Y96.3516
G1 X4.2279 Y95.4532
G1 X4.1701 Y94.5720
G1 Y29.5393
G1 X56.1701
G1 Y51.9066
G1 X47.9616
G00 Z4.9900
G00 X40.5577 Y26.0
G1 Z0.0900 F150
G1 X40.2760 Y24.3463 Z-0.2058
G1 X40.0834 Y23.5744 Z-0.3461
G1 X39.8330 Y22.8194 Z-0.4863
G1 X39.5261 Y22.0854 Z-0.6266
G1 X39.1644 Y21.3767 Z-0.7669
G1 X38.7503 Y20.6976 Z-0.9072
G1 X38.2857 Y20.0517 Z-1.0475
G1 X37.7737 Y19.4428 Z-1.1877
G1 X37.2171 Y18.8745 Z-1.3280
G1 X36.6190 Y18.3500 Z-1.4683
G1 X35.9829 Y17.8722 Z-1.5100
G1 X35.3125 Y17.4439 F480
G1 X34.6114 Y17.0676
G1 X33.8841 Y16.7456
G1 X33.1344 Y16.4795
G1 X32.3667 Y16.2710
G1 X31.5853 Y16.1211
G1 X30.7949 Y16.0308
G1 X30.0 Y16.0007
G1 X29.2051 Y16.0308
G1 X28.4147 Y16.1211
G1 X27.6333 Y16.2710
G1 X26.8656 Y16.4795
G1 X26.1159 Y16.7456
G1 X25.3885 Y17.0677
G1 X24.6875 Y17.4439
G1 X24.0171 Y17.8721
G1 X23.3809 Y18.3500
G1 X22.7830 Y18.8745
G1 X22.2262 Y19.4429
G1 X21.7143 Y20.0516
G1 X21.2498 Y20.6976
G1 X20.8355 Y21.3768
G1 X20.4740 Y22.0853
G1 X20.1670 Y22.8194
G1 X19.9166 Y23.5744
G1 X19.7240 Y24.3463
G1 X19.4423 Y26.0
G1 X4.0
G1 Y4.0
G1 X56.0
G1 Y26.0
G1 X40.5577
G1 X40.2760 Y24.3463
G1 X40.0834 Y23.5744
G1 X39.8330 Y22.8194
G1 X39.5261 Y22.0854
G1 X39.1644 Y21.3767
G1 X38.7503 Y20.6976
G1 X38.2857 Y20.0517
G1 X37.7737 Y19.4428
G1 X37.2171 Y18.8745
G1 X36.6190 Y18.3500
G1 X35.9829 Y17.8722
G1 X35.3125 Y17.4439 Z-1.6503 F150
G1 X34.6114 Y17.0676 Z-1.7906
G1 X33.8841 Y16.7456 Z-1.9308
G1 X33.1344 Y16.4795 Z-2.0100
G1 X32.3667 Y16.2710 F480
G1 X31.5853 Y16.1211
G1 X30.7949 Y16.0308
G1 X30.0 Y16.0007
G1 X29.2051 Y16.0308
G1 X28.4147 Y16.1211
G1 X27.6333 Y16.2710
G1 X26.8656 Y16.4795
G1 X26.1159 Y16.7456
G1 X25.3885 Y17.0677
G1 X24.6875 Y17.4439
G1 X24.0171 Y17.8721
G1 X23.3809 Y18.3500
G1 X22.7830 Y18.8745
G1 X22.2262 Y19.4429
G1 X21.7143 Y20.0516
G1 X21.2498 Y20.6976
G1 X20.8355 Y21.3768
G1 X20.4740 Y22.0853
G1 X20.1670 Y22.8194
G1 X19.9166 Y23.5744
G1 X19.7240 Y24.3463
G1 X19.4423 Y26.0
G1 X4.0
G1 Y4.0
G1 X56.0
G1 Y26.0
G1 X40.5577
G1 X40.2760 Y24.3463
G1 X40.0834 Y23.5744
G1 X39.8330 Y22.8194
G1 X39.5261 Y22.0854
G1 X39.1644 Y21.3767
G1 X38.7503 Y20.6976
G1 X38.2857 Y20.0517
G1 X37.7737 Y19.4428
G1 X37.2171 Y18.8745
G1 X36.6190 Y18.3500
G1 X35.9829 Y17.8722
G1 X35.3125 Y17.4439
G1 X34.6114 Y17.0676
G1 X33.8841 Y16.7456
G1 X33.1344 Y16.4795
G00 Z4.9900
G00 X56.1701 Y29.5393
G1 Z0.0900 F150
G1 Y51.9066 Z-2.0100
G1 X47.9616 F480
G1 X47.9703 Y52.2085
G1 X47.9046 Y53.5769
G1 X47.7339 Y54.9361
G1 X47.4590 Y56.2784
G1 X47.0819 Y57.5952
G1 X46.6045 Y58.8793
G1 X46.0298 Y60.1229
G1 X45.3612 Y61.3186
G1 X44.6026 Y62.4594
G1 X43.7585 Y63.5385
G1 X42.8340 Y64.5494
G1 X41.8344 Y65.4863
G1 X41.1701 Y66.0191
G1 Y94.5720
G1 X41.1123 Y95.4532
G1 X40.9336 Y96.3516
G1 X40.6392 Y97.2189
G1 X40.2341 Y98.0404
G1 X39.7253 Y98.8019
G1 X39.1214 Y99.4905
G1 X38.4327 Y100.0944
G1 X37.6712 Y100.6033
G1 X36.8497 Y101.0084
G1 X35.9824 Y101.3028
G1 X35.0841 Y101.4815
G1 X34.2028 Y101.5393
G1 X11.1374
G1 X10.2562 Y101.4815
G1 X9.3578 Y101.3028
G1 X8.4905 Y101.0084
G1 X7.6690 Y100.6033
G1 X6.9075 Y100.0945
G1 X6.2189 Y99.4905
G1 X5.6149 Y98.8019
G1 X5.1061 Y98.0403
G1 X4.7010 Y97.2189
G1 X4.4066 Y96.3516
G1 X4.2279 Y95.4532
G1 X4.1701 Y94.5720
G1 Y29.5393
G1 X56.1701
G1 Y51.9066
G1 X47.9616 Z-2.5100 F150
G1 X47.9703 Y52.2085 F480
G1 X47.9046 Y53.5769
G1 X47.7339 Y54.9361
G1 X47.4590 Y56.2784
G1 X47.0819 Y57.5952
G1 X46.6045 Y58.8793
G1 X46.0298 Y60.1229
G1 X45.3612 Y61.3186
G1 X44.6026 Y62.4594
G1 X43.7585 Y63.5385
G1 X42.8340 Y64.5494
G1 X41.8344 Y65.4863
G1 X41.1701 Y66.0191
G1 Y94.5720
G1 X41.1123 Y95.4532
G1 X40.9336 Y96.3516
G1 X40.6392 Y97.2189
G1 X40.2341 Y98.0404
G1 X39.7253 Y98.8019
G1 X39.1214 Y99.4905
G1 X38.4327 Y100.0944
G1 X37.6712 Y100.6033
G1 X36.8497 Y101.0084
G1 X35.9824 Y101.3028
G1 X35.0841 Y101.4815
G1 X34.2028 Y101.5393
G1 X11.1374
G1 X10.2562 Y101.4815
G1 X9.3578 Y101.3028
G1 X8.4905 Y101.0084
G1 X7.6690 Y100.6033
G1 X6.9075 Y100.0945
G1 X6.2189 Y99.4905
G1 X5.6149 Y98.8019
G1 X5.1061 Y98.0403
G1 X4.7010 Y97.2189
G1 X4.4066 Y96.3516
G1 X4.2279 Y95.4532
G1 X4.1701 Y94.5720
G1 Y29.5393
G1 X56.1701
G1 Y51.9066
G1 X47.9616
G00 Z4.9900
G00 X40.5577 Y26.0
G1 Z0.0900 F150
G1 X40.2760 Y24.3463 Z-0.2058
G1 X40.0834 Y23.5744 Z-0.3461
G1 X39.8330 Y22.8194 Z-0.4863
G1 X39.5261 Y22.0854 Z-0.6266
G1 X39.1644 Y21.3767 Z-0.7669
G1 X38.7503 Y20.6976 Z-0.9072
G1 X38.2857 Y20.0517 Z-1.0475
G1 X37.7737 Y19.4428 Z-1.1877
G1 X37.2171 Y18.8745 Z-1.3280
G1 X36.6190 Y18.3500 Z-1.4683
G1 X35.9829 Y17.8722 Z-1.6085
G1 X35.3125 Y17.4439 Z-1.7488
G1 X34.6114 Y17.0676 Z-1.8891
G1 X33.8841 Y16.7456 Z-2.0294
G1 X33.1344 Y16.4795 Z-2.1696
G1 X32.3667 Y16.2710 Z-2.3099
G1 X31.5853 Y16.1211 Z-2.4502
G1 X30.7949 Y16.0308 Z-2.5100
G1 X30.0 Y16.0007 F480
G1 X29.2051 Y16.0308
G1 X28.4147 Y16.1211
G1 X27.6333 Y16.2710
G1 X26.8656 Y16.4795
G1 X26.1159 Y16.7456
G1 X25.3885 Y17.0677
G1 X24.6875 Y17.4439
G1 X24.0171 Y17.8721
G1 X23.3809 Y18.3500
G1 X22.7830 Y18.8745
G1 X22.2262 Y19.4429
G1 X21.7143 Y20.0516
G1 X21.2498 Y20.6976
G1 X20.8355 Y21.3768
G1 X20.4740 Y22.0853
G1 X20.1670 Y22.8194
G1 X19.9166 Y23.5744
G1 X19.7240 Y24.3463
G1 X19.4423 Y26.0
G1 X4.0
G1 Y4.0
G1 X56.0
G1 Y26.0
G1 X40.5577
G1 X40.2760 Y24.3463
G1 X40.0834 Y23.5744
G1 X39.8330 Y22.8194
G1 X39.5261 Y22.0854
G1 X39.1644 Y21.3767
G1 X38.7503 Y20.6976
G1 X38.2857 Y20.0517
G1 X37.7737 Y19.4428
G1 X37.2171 Y18.8745
G1 X36.6190 Y18.3500
G1 X35.9829 Y17.8722
G1 X35.3125 Y17.4439
G1 X34.6114 Y17.0676
G1 X33.8841 Y16.7456
G1 X33.1344 Y16.4795
G1 X32.3667 Y16.2710
G1 X31.5853 Y16.1211
G1 X30.7949 Y16.0308
G1 X30.0 Y16.0007 Z-2.6503 F150
G1 X29.2051 Y16.0308 Z-2.7905
G1 X28.4147 Y16.1211 Z-2.9308
G1 X27.6333 Y16.2710 Z-3.0100
G1 X26.8656 Y16.4795 F480
G1 X26.1159 Y16.7456
G1 X25.3885 Y17.0677
G1 X24.6875 Y17.4439
G1 X24.0171 Y17.8721
G1 X23.3809 Y18.3500
G1 X22.7830 Y18.8745
G1 X22.2262 Y19.4429
G1 X21.7143 Y20.0516
G1 X21.2498 Y20.6976
G1 X20.8355 Y21.3768
G1 X20.4740 Y22.0853
G1 X20.1670 Y22.8194
G1 X19.9166 Y23.5744
G1 X19.7240 Y24.3463
G1 X19.4423 Y26.0
G1 X4.0
G1 Y4.0
G1 X56.0
G1 Y26.0
G1 X40.5577
G1 X40.2760 Y24.3463
G1 X40.0834 Y23.5744
G1 X39.8330 Y22.8194
G1 X39.5261 Y22.0854
G1 X39.1644 Y21.3767
G1 X38.7503 Y20.6976
G1 X38.2857 Y20.0517
G1 X37.7737 Y19.4428
G1 X37.2171 Y18.8745
G1 X36.6190 Y18.3500
G1 X35.9829 Y17.8722
G1 X35.3125 Y17.4439
G1 X34.6114 Y17.0676
G1 X33.8841 Y16.7456
G1 X33.1344 Y16.4795
G1 X32.3667 Y16.2710
G1 X31.5853 Y16.1211
G1 X30.7949 Y16.0308
G1 X30.0 Y16.0007
G1 X29.2051 Y16.0308
G1 X28.4147 Y16.1211
G1 X27.6333 Y16.2710
G00 Z4.9900
G00 X4.1701 Y29.5393
G1 Z0.0900 F150
G1 X56.1701 Z-3.0100
G1 Y51.9066 F480
G1 X47.9616
G1 X47.9703 Y52.2085
G1 X47.9046 Y53.5769
G1 X47.7339 Y54.9361
G1 X47.4590 Y56.2784
G1 X47.0819 Y57.5952
G1 X46.6045 Y58.8793
G1 X46.0298 Y60.1229
G1 X45.3612 Y61.3186
G1 X44.6026 Y62.4594
G1 X43.7585 Y63.5385
G1 X42.8340 Y64.5494
G1 X41.8344 Y65.4863
G1 X41.1701 Y66.0191
G1 Y94.5720
G1 X41.1123 Y95.4532
G1 X40.9336 Y96.3516
G1 X40.6392 Y97.2189
G1 X40.2341 Y98.0404
G1 X39.7253 Y98.8019
G1 X39.1214 Y99.4905
G1 X38.4327 Y100.0944
G1 X37.6712 Y100.6033
G1 X36.8497 Y101.0084
G1 X35.9824 Y101.3028
G1 X35.0841 Y101.4815
G1 X34.2028 Y101.5393
G1 X11.1374
G1 X10.2562 Y101.4815
G1 X9.3578 Y101.3028
G1 X8.4905 Y101.0084
G1 X7.6690 Y100.6033
G1 X6.9075 Y100.0945
G1 X6.2189 Y99.4905
G1 X5.6149 Y98.8019
G1 X5.1061 Y98.0403
G1 X4.7010 Y97.2189
G1 X4.4066 Y96.3516
G1 X4.2279 Y95.4532
G1 X4.1701 Y94.5720
G1 Y29.5393
G1 X56.1701
G1 Y51.9066 Z-3.5100 F150
G1 X47.9616 F480
G1 X47.9703 Y52.2085
G1 X47.9046 Y53.5769
G1 X47.7339 Y54.9361
G1 X47.4590 Y56.2784
G1 X47.0819 Y57.5952
G1 X46.6045 Y58.8793
G1 X46.0298 Y60.1229
G1 X45.3612 Y61.3186
G1 X44.6026 Y62.4594
G1 X43.7585 Y63.5385
G1 X42.8340 Y64.5494
G1 X41.8344 Y65.4863
G1 X41.1701 Y66.0191
G1 Y94.5720
G1 X41.1123 Y95.4532
G1 X40.9336 Y96.3516
G1 X40.6392 Y97.2189
G1 X40.2341 Y98.0404
G1 X39.7253 Y98.8019
G1 X39.1214 Y99.4905
G1 X38.4327 Y100.0944
G1 X37.6712 Y100.6033
G1 X36.8497 Y101.0084
G1 X35.9824 Y101.3028
G1 X35.0841 Y101.4815
G1 X34.2028 Y101.5393
G1 X11.1374
G1 X10.2562 Y101.4815
G1 X9.3578 Y101.3028
G1 X8.4905 Y101.0084
G1 X7.6690 Y100.6033
G1 X6.9075 Y100.0945
G1 X6.2189 Y99.4905
G1 X5.6149 Y98.8019
G1 X5.1061 Y98.0403
G1 X4.7010 Y97.2189
G1 X4.4066 Y96.3516
G1 X4.2279 Y95.4532
G1 X4.1701 Y94.5720
G1 Y29.5393
G1 X56.1701
G1 Y51.9066
G00 Z4.9900
G00 X56.0 Y26.0
G1 Z0.0900 F150
G1 X40.5577 Z-2.6329
G1 X40.2760 Y24.3463 Z-2.9287
G1 X40.0834 Y23.5744 Z-3.0690
G1 X39.8330 Y22.8194 Z-3.2092
G1 X39.5261 Y22.0854 Z-3.3495
G1 X39.1644 Y21.3767 Z-3.4898
G1 X38.7503 Y20.6976 Z-3.5100
G1 X38.2857 Y20.0517 F480
G1 X37.7737 Y19.4428
G1 X37.2171 Y18.8745
G1 X36.6190 Y18.3500
G1 X35.9829 Y17.8722
G1 X35.3125 Y17.4439
G1 X34.6114 Y17.0676
G1 X33.8841 Y16.7456
G1 X33.1344 Y16.4795
G1 X32.3667 Y16.2710
G1 X31.5853 Y16.1211
G1 X30.7949 Y16.0308
G1 X30.0 Y16.0007
G1 X29.2051 Y16.0308
G1 X28.4147 Y16.1211
G1 X27.6333 Y16.2710
G1 X26.8656 Y16.4795
G1 X26.1159 Y16.7456
G1 X25.3885 Y17.0677
G1 X24.6875 Y17.4439
G1 X24.0171 Y17.8721
G1 X23.3809 Y18.3500
G1 X22.7830 Y18.8745
G1 X22.2262 Y19.4429
G1 X21.7143 Y20.0516
G1 X21.2498 Y20.6976
G1 X20.8355 Y21.3768
G1 X20.4740 Y22.0853
G1 X20.1670 Y22.8194
G1 X19.9166 Y23.5744
G1 X19.7240 Y24.3463
G1 X19.4423 Y26.0
G1 X4.0
G1 Y4.0
G1 X56.0
G1 Y26.0
G1 X40.5577
G1 X40.2760 Y24.3463
G1 X40.0834 Y23.5744
G1 X39.8330 Y22.8194
G1 X39.5261 Y22.0854
G1 X39.1644 Y21.3767
G1 X38.7503 Y20.6976
G1 X38.2857 Y20.0517 Z-3.6503 F150
G1 X37.7737 Y19.4428 Z-3.7906
G1 X37.2171 Y18.8745 Z-3.9308
G1 X36.6190 Y18.3500 Z-4.0100
G1 X35.9829 Y17.8722 F480
G1 X35.3125 Y17.4439
G1 X34.6114 Y17.0676
G1 X33.8841 Y16.7456
G1 X33.1344 Y16.4795
G1 X32.3667 Y16.2710
G1 X31.5853 Y16.1211
G1 X30.7949 Y16.0308
G1 X30.0 Y16.0007
G1 X29.2051 Y16.0308
G1 X28.4147 Y16.1211
G1 X27.6333 Y16.2710
G1 X26.8656 Y16.4795
G1 X26.1159 Y16.7456
G1 X25.3885 Y17.0677
G1 X24.6875 Y17.4439
G1 X24.0171 Y17.8721
G1 X23.3809 Y18.3500
G1 X22.7830 Y18.8745
G1 X22.2262 Y19.4429
G1 X21.7143 Y20.0516
G1 X21.2498 Y20.6976
G1 X20.8355 Y21.3768
G1 X20.4740 Y22.0853
G1 X20.1670 Y22.8194
G1 X19.9166 Y23.5744
G1 X19.7240 Y24.3463
G1 X19.4423 Y26.0
G1 X4.0
G1 Y4.0
G1 X56.0
G1 Y26.0
G1 X40.5577
G1 X40.2760 Y24.3463
G1 X40.0834 Y23.5744
G1 X39.8330 Y22.8194
G1 X39.5261 Y22.0854
G1 X39.1644 Y21.3767
G1 X38.7503 Y20.6976
G1 X38.2857 Y20.0517
G1 X37.7737 Y19.4428
G1 X37.2171 Y18.8745
G1 X36.6190 Y18.3500
G00 Z4.9900
G00 X56.1701 Y29.5393
G1 Z0.0900 F150
G1 Y51.9066 Z-3.8540
G1 X47.9616 Z-4.0100
G1 X47.9703 Y52.2085 F480
G1 X47.9046 Y53.5769
G1 X47.7339 Y54.9361
G1 X47.4590 Y56.2784
G1 X47.0819 Y57.5952
G1 X46.6045 Y58.8793
G1 X46.0298 Y60.1229
G1 X45.3612 Y61.3186
G1 X44.6026 Y62.4594
G1 X43.7585 Y63.5385
G1 X42.8340 Y64.5494
G1 X41.8344 Y65.4863
G1 X41.1701 Y66.0191
G1 Y94.5720
G1 X41.1123 Y95.4532
G1 X40.9336 Y96.3516
G1 X40.6392 Y97.2189
G1 X40.2341 Y98.0404
G1 X39.7253 Y98.8019
G1 X39.1214 Y99.4905
G1 X38.4327 Y100.0944
G1 X37.6712 Y100.6033
G1 X36.8497 Y101.0084
G1 X35.9824 Y101.3028
G1 X35.0841 Y101.4815
G1 X34.2028 Y101.5393
G1 X11.1374
G1 X10.2562 Y101.4815
G1 X9.3578 Y101.3028
G1 X8.4905 Y101.0084
G1 X7.6690 Y100.6033
G1 X6.9075 Y100.0945
G1 X6.2189 Y99.4905
G1 X5.6149 Y98.8019
G1 X5.1061 Y98.0403
G1 X4.7010 Y97.2189
G1 X4.4066 Y96.3516
G1 X4.2279 Y95.4532
G1 X4.1701 Y94.5720
G1 Y29.5393
G1 X56.1701
G1 Y51.9066
G1 X47.9616
G1 X47.9703 Y52.2085 Z-4.0633 F150
G1 X47.9046 Y53.5769 Z-4.3048
G1 X47.7339 Y54.9361 Z-4.5100
G1 X47.4590 Y56.2784 F480
G1 X47.0819 Y57.5952
G1 X46.6045 Y58.8793
G1 X46.0298 Y60.1229
G1 X45.3612 Y61.3186
G1 X44.6026 Y62.4594
G1 X43.7585 Y63.5385
G1 X42.8340 Y64.5494
G1 X41.8344 Y65.4863
G1 X41.1701 Y66.0191
G1 Y94.5720
G1 X41.1123 Y95.4532
G1 X40.9336 Y96.3516
G1 X40.6392 Y97.2189
G1 X40.2341 Y98.0404
G1 X39.7253 Y98.8019
G1 X39.1214 Y99.4905
G1 X38.4327 Y100.0944
G1 X37.6712 Y100.6033
G1 X36.8497 Y101.0084
G1 X35.9824 Y101.3028
G1 X35.0841 Y101.4815
G1 X34.2028 Y101.5393
G1 X11.1374
G1 X10.2562 Y101.4815
G1 X9.3578 Y101.3028
G1 X8.4905 Y101.0084
G1 X7.6690 Y100.6033
G1 X6.9075 Y100.0945
G1 X6.2189 Y99.4905
G1 X5.6149 Y98.8019
G1 X5.1061 Y98.0403
G1 X4.7010 Y97.2189
G1 X4.4066 Y96.3516
G1 X4.2279 Y95.4532
G1 X4.1701 Y94.5720
G1 Y29.5393
G1 X56.1701
G1 Y51.9066
G1 X47.9616
G1 X47.9703 Y52.2085
G1 X47.9046 Y53.5769
G1 X47.7339 Y54.9361
G00 Z4.9900
G00 X40.5577 Y26.0
G1 Z0.0900 F150
G1 X40.2760 Y24.3463 Z-0.2058
G1 X40.0834 Y23.5744 Z-0.3461
G1 X39.8330 Y22.8194 Z-0.4863
G1 X39.5261 Y22.0854 Z-0.6266
G1 X39.1644 Y21.3767 Z-0.7669
G1 X38.7503 Y20.6976 Z-0.9072
G1 X38.2857 Y20.0517 Z-1.0475
G1 X37.7737 Y19.4428 Z-1.1877
G1 X37.2171 Y18.8745 Z-1.3280
G1 X36.6190 Y18.3500 Z-1.4683
G1 X35.9829 Y17.8722 Z-1.6085
G1 X35.3125 Y17.4439 Z-1.7488
G1 X34.6114 Y17.0676 Z-1.8891
G1 X33.8841 Y16.7456 Z-2.0294
G1 X33.1344 Y16.4795 Z-2.1696
G1 X32.3667 Y16.2710 Z-2.3099
G1 X31.5853 Y16.1211 Z-2.4502
G1 X30.7949 Y16.0308 Z-2.5905
G1 X30.0 Y16.0007 Z-2.7307
G1 X29.2051 Y16.0308 Z-2.8710
G1 X28.4147 Y16.1211 Z-3.0113
G1 X27.6333 Y16.2710 Z-3.1516
G1 X26.8656 Y16.4795 Z-3.2918
G1 X26.1159 Y16.7456 Z-3.4321
G1 X25.3885 Y17.0677 Z-3.5724
G1 X24.6875 Y17.4439 Z-3.7127
G1 X24.0171 Y17.8721 Z-3.8529
G1 X23.3809 Y18.3500 Z-3.9932
G1 X22.7830 Y18.8745 Z-4.1335
G1 X22.2262 Y19.4429 Z-4.2738
G1 X21.7143 Y20.0516 Z-4.4140
G1 X21.2498 Y20.6976 Z-4.5100
G1 X20.8355 Y21.3768 F480
G1 X20.4740 Y22.0853
G1 X20.1670 Y22.8194
G1 X19.9166 Y23.5744
G1 X19.7240 Y24.3463
G1 X19.4423 Y26.0
G1 X4.0
G1 Y4.0
G1 X56.0
G1 Y26.0
G1 X40.5577
G1 X40.2760 Y24.3463
G1 X40.0834 Y23.5744
G1 X39.8330 Y22.8194
G1 X39.5261 Y22.0854
G1 X39.1644 Y21.3767
G1 X38.7503 Y20.6976
G1 X38.2857 Y20.0517
G1 X37.7737 Y19.4428
G1 X37.2171 Y18.8745
G1 X36.6190 Y18.3500
G1 X35.9829 Y17.8722
G1 X35.3125 Y17.4439
G1 X34.6114 Y17.0676
G1 X33.8841 Y16.7456
G1 X33.1344 Y16.4795
G1 X32.3667 Y16.2710
G1 X31.5853 Y16.1211
G1 X30.7949 Y16.0308
G1 X30.0 Y16.0007
G1 X29.2051 Y16.0308
G1 X28.4147 Y16.1211
G1 X27.6333 Y16.2710
G1 X26.8656 Y16.4795
G1 X26.1159 Y16.7456
G1 X25.3885 Y17.0677
G1 X24.6875 Y17.4439
G1 X24.0171 Y17.8721
G1 X23.3809 Y18.3500
G1 X22.7830 Y18.8745
G1 X22.2262 Y19.4429
G1 X21.7143 Y20.0516
G1 X21.2498 Y20.6976
G1 X20.8355 Y21.3768 Z-4.6503 F150
G1 X20.4740 Y22.0853 Z-4.7905
G1 X20.1670 Y22.8194 Z-4.9308
G1 X19.9166 Y23.5744 Z-5.0100
G1 X19.7240 Y24.3463 F480
G1 X19.4423 Y26.0
G1 X4.0
G1 Y4.0
G1 X56.0
G1 Y26.0
G1 X40.5577
G1 X40.2760 Y24.3463
G1 X40.0834 Y23.5744
G1 X39.8330 Y22.8194
G1 X39.5261 Y22.0854
G1 X39.1644 Y21.3767
G1 X38.7503 Y20.6976
G1 X38.2857 Y20.0517
G1 X37.7737 Y19.4428
G1 X37.2171 Y18.8745
G1 X36.6190 Y18.3500
G1 X35.9829 Y17.8722
G1 X35.3125 Y17.4439
G1 X34.6114 Y17.0676
G1 X33.8841 Y16.7456
G1 X33.1344 Y16.4795
G1 X32.3667 Y16.2710
G1 X31.5853 Y16.1211
G1 X30.7949 Y16.0308
G1 X30.0 Y16.0007
G1 X29.2051 Y16.0308
G1 X28.4147 Y16.1211
G1 X27.6333 Y16.2710
G1 X26.8656 Y16.4795
G1 X26.1159 Y16.7456
G1 X25.3885 Y17.0677
G1 X24.6875 Y17.4439
G1 X24.0171 Y17.8721
G1 X23.3809 Y18.3500
G1 X22.7830 Y18.8745
G1 X22.2262 Y19.4429
G1 X21.7143 Y20.0516
G1 X21.2498 Y20.6976
G1 X20.8355 Y21.3768
G1 X20.4740 Y22.0853
G1 X20.1670 Y22.8194
G1 X19.9166 Y23.5744
G00 Z4.9900
G00 X4.1701 Y29.5393
G1 Z0.0900 F150
G1 X56.1701 Z-5.0100
G1 Y51.9066 F480
G1 X47.9616
G1 X47.9703 Y52.2085
G1 X47.9046 Y53.5769
G1 X47.7339 Y54.9361
G1 X47.4590 Y56.2784
G1 X47.0819 Y57.5952
G1 X46.6045 Y58.8793
G1 X46.0298 Y60.1229
G1 X45.3612 Y61.3186
G1 X44.6026 Y62.4594
G1 X43.7585 Y63.5385
G1 X42.8340 Y64.5494
G1 X41.8344 Y65.4863
G1 X41.1701 Y66.0191
G1 Y94.5720
G1 X41.1123 Y95.4532
G1 X40.9336 Y96.3516
G1 X40.6392 Y97.2189
G1 X40.2341 Y98.0404
G1 X39.7253 Y98.8019
G1 X39.1214 Y99.4905
G1 X38.4327 Y100.0944
G1 X37.6712 Y100.6033
G1 X36.8497 Y101.0084
G1 X35.9824 Y101.3028
G1 X35.0841 Y101.4815
G1 X34.2028 Y101.5393
G1 X11.1374
G1 X10.2562 Y101.4815
G1 X9.3578 Y101.3028
G1 X8.4905 Y101.0084
G1 X7.6690 Y100.6033
G1 X6.9075 Y100.0945
G1 X6.2189 Y99.4905
G1 X5.6149 Y98.8019
G1 X5.1061 Y98.0403
G1 X4.7010 Y97.2189
G1 X4.4066 Y96.3516
G1 X4.2279 Y95.4532
G1 X4.1701 Y94.5720
G1 Y29.5393
G1 X56.1701
G00 Z5.000000

(Footer)
M5
G00 X0.0000 Y0.0000
M2
(Using default footer. To add your own footer create file "footer" in the output dir.)
(end)
%