# WaveFront *.obj file (generated by Autodesk ATF)

mtllib base potong.mtl

g Body1

v 16.762067 -14.632727 0.000000
v 16.799538 -13.340326 0.000000
v 16.737509 -12.048871 0.000000
v 16.576347 -10.766010 0.000000
v 16.317007 -9.499343 0.000000
v 15.961025 -8.256370 0.000000
v 15.510509 -7.044454 0.000000
v 14.968129 -5.870773 0.000000
v 14.337095 -4.742278 0.000000
v 13.621145 -3.665653 0.000000
v 12.824521 -2.647275 0.000000
v 11.951940 -1.693175 0.000000
v 11.008570 -0.809005 0.000000
v 9.999999 0.000000 0.000000
v 9.999999 0.000000 5.000000
v 11.008570 -0.809005 5.000000
v 11.951940 -1.693175 5.000000
v 12.824521 -2.647275 5.000000
v 13.621145 -3.665653 5.000000
v 14.337095 -4.742278 5.000000
v 14.968129 -5.870773 5.000000
v 15.510509 -7.044454 5.000000
v 15.961025 -8.256370 5.000000
v 16.317007 -9.499343 5.000000
v 16.576347 -10.766010 5.000000
v 16.737509 -12.048871 5.000000
v 16.799538 -13.340326 5.000000
v 16.762067 -14.632727 5.000000
v 25.000000 -14.632727 0.000000
v 25.000000 -14.632727 5.000000
v 10.000000 35.000000 0.000000
v 10.000000 35.000000 5.000000
v 0.001179 35.000000 5.000000
v 0.626786 34.950588 5.000000
v 1.236965 34.803935 5.000000
v 1.816698 34.563652 5.000000
v 2.351713 34.235653 5.000000
v 2.828844 33.828011 5.000000
v 3.236345 33.350760 5.000000
v 3.564187 32.815647 5.000000
v 3.804299 32.235844 5.000000
v 3.950772 31.625622 5.000000
v 4.000000 31.000000 5.000000
v 4.000000 4.000000 5.000000
v 3.950753 3.374262 5.000000
v 3.804226 2.763932 5.000000
v 3.564026 2.184038 5.000000
v 3.236068 1.648859 5.000000
v 2.828427 1.171573 5.000000
v 2.351141 0.763932 5.000000
v 1.815962 0.435974 5.000000
v 1.236068 0.195774 5.000000
v 0.625738 0.049247 5.000000
v -0.000000 0.000000 5.000000
v -0.625738 0.049247 5.000000
v -1.236068 0.195774 5.000000
v -1.815962 0.435974 5.000000
v -2.351141 0.763932 5.000000
v -2.828427 1.171573 5.000000
v -3.236068 1.648859 5.000000
v -3.564026 2.184038 5.000000
v -3.804226 2.763932 5.000000
v -3.950753 3.374262 5.000000
v -4.000000 4.000000 5.000000
v -4.000000 31.000000 5.000000
v -3.950735 31.625855 5.000000
v -3.804153 32.236293 5.000000
v -3.563866 32.816278 5.000000
v -3.235791 33.351523 5.000000
v -2.828010 33.828845 5.000000
v -2.350569 34.236484 5.000000
v -1.815226 34.564401 5.000000
v -1.235171 34.804518 5.000000
v -0.624690 34.950920 5.000000
v -25.000000 35.000000 5.000000
v -25.000000 -35.000000 5.000000
v 25.000000 -35.000000 5.000000
v -11.500000 -13.500000 5.000000
v -11.446314 -12.390090 5.000000
v -11.285756 -11.290543 5.000000
v -11.019827 -10.211625 5.000000
v -10.651008 -9.163409 5.000000
v -10.182744 -8.155684 5.000000
v -9.619407 -7.197856 5.000000
v -8.966255 -6.298870 5.000000
v -8.229388 -5.467119 5.000000
v -7.415685 -4.710369 5.000000
v -6.532745 -4.035686 5.000000
v -5.588809 -3.449368 5.000000
v -4.592693 -2.956890 5.000000
v -3.553695 -2.562850 5.000000
v -2.481518 -2.270928 5.000000
v -1.386172 -2.083848 5.000000
v -0.277883 -2.003358 5.000000
v 0.833000 -2.030209 5.000000
v 1.936106 -2.164150 5.000000
v 3.021135 -2.403931 5.000000
v 4.077956 -2.747313 5.000000
v 5.096703 -3.191090 5.000000
v 6.067863 -3.731119 5.000000
v 6.982369 -4.362357 5.000000
v 7.831682 -5.078910 5.000000
v 8.607874 -5.874089 5.000000
v 9.303695 -6.740470 5.000000
v 9.912651 -7.669962 5.000000
v 10.429055 -8.653887 5.000000
v 10.848086 -9.683060 5.000000
v 11.165831 -10.747870 5.000000
v 11.379324 -11.838376 5.000000
v 11.486571 -12.944396 5.000000
v 11.486571 -14.055604 5.000000
v 11.379324 -15.161624 5.000000
v 11.165831 -16.252130 5.000000
v 10.848086 -17.316940 5.000000
v 10.429055 -18.346113 5.000000
v 9.912651 -19.330038 5.000000
v 9.303695 -20.259530 5.000000
v 8.607874 -21.125911 5.000000
v 7.831682 -21.921090 5.000000
v 6.982369 -22.637643 5.000000
v 6.067863 -23.268881 5.000000
v 5.096703 -23.808910 5.000000
v 4.077956 -24.252687 5.000000
v 3.021135 -24.596069 5.000000
v 1.936106 -24.835850 5.000000
v 0.833000 -24.969791 5.000000
v -0.277883 -24.996642 5.000000
v -1.386172 -24.916152 5.000000
v -2.481518 -24.729072 5.000000
v -3.553695 -24.437150 5.000000
v -4.592693 -24.043110 5.000000
v -5.588809 -23.550632 5.000000
v -6.532745 -22.964314 5.000000
v -7.415685 -22.289631 5.000000
v -8.229388 -21.532881 5.000000
v -8.966255 -20.701130 5.000000
v -9.619407 -19.802144 5.000000
v -10.182744 -18.844316 5.000000
v -10.651008 -17.836591 5.000000
v -11.019827 -16.788375 5.000000
v -11.285756 -15.709457 5.000000
v -11.446314 -14.609910 5.000000
v -22.500000 -20.000000 5.000000
v -22.448825 -19.496754 5.000000
v -22.297395 -19.014110 5.000000
v -22.051909 -18.571829 5.000000
v -21.722417 -18.188018 5.000000
v -21.322410 -17.878389 5.000000
v -20.868263 -17.655620 5.000000
v -20.378569 -17.528829 5.000000
v -19.873377 -17.503209 5.000000
v -19.373369 -17.579807 5.000000
v -18.899015 -17.755489 5.000000
v -18.469735 -18.023061 5.000000
v -18.103105 -18.371569 5.000000
v -17.814133 -18.786745 5.000000
v -17.614652 -19.251592 5.000000
v -17.512827 -19.747079 5.000000
v -17.512827 -20.252921 5.000000
v -17.614652 -20.748408 5.000000
v -17.814133 -21.213255 5.000000
v -18.103105 -21.628431 5.000000
v -18.469735 -21.976939 5.000000
v -18.899015 -22.244511 5.000000
v -19.373369 -22.420193 5.000000
v -19.873377 -22.496791 5.000000
v -20.378569 -22.471171 5.000000
v -20.868263 -22.344380 5.000000
v -21.322410 -22.121611 5.000000
v -21.722417 -21.811982 5.000000
v -22.051909 -21.428171 5.000000
v -22.297395 -20.985890 5.000000
v -22.448825 -20.503246 5.000000
v 17.500000 -30.000000 5.000000
v 17.551175 -29.496754 5.000000
v 17.702606 -29.014111 5.000000
v 17.948092 -28.571830 5.000000
v 18.277583 -28.188018 5.000000
v 18.677590 -27.878390 5.000000
v 19.131737 -27.655620 5.000000
v 19.621431 -27.528829 5.000000
v 20.126623 -27.503209 5.000000
v 20.626632 -27.579808 5.000000
v 21.100986 -27.755489 5.000000
v 21.530265 -28.023061 5.000000
v 21.896896 -28.371569 5.000000
v 22.185867 -28.786745 5.000000
v 22.385348 -29.251592 5.000000
v 22.487174 -29.747079 5.000000
v 22.487174 -30.252921 5.000000
v 22.385348 -30.748408 5.000000
v 22.185867 -31.213255 5.000000
v 21.896896 -31.628432 5.000000
v 21.530265 -31.976940 5.000000
v 21.100986 -32.244512 5.000000
v 20.626632 -32.420193 5.000000
v 20.126623 -32.496792 5.000000
v 19.621431 -32.471171 5.000000
v 19.131737 -32.344381 5.000000
v 18.677590 -32.121611 5.000000
v 18.277583 -31.811982 5.000000
v 17.948092 -31.428171 5.000000
v 17.702606 -30.985890 5.000000
v 17.551175 -30.503247 5.000000
v -22.500000 -30.000000 5.000000
v -22.448825 -29.496754 5.000000
v -22.297395 -29.014110 5.000000
v -22.051909 -28.571829 5.000000
v -21.722417 -28.188018 5.000000
v -21.322410 -27.878389 5.000000
v -20.868263 -27.655620 5.000000
v -20.378569 -27.528829 5.000000
v -19.873377 -27.503209 5.000000
v -19.373369 -27.579807 5.000000
v -18.899015 -27.755489 5.000000
v -18.469735 -28.023061 5.000000
v -18.103105 -28.371569 5.000000
v -17.814133 -28.786745 5.000000
v -17.614652 -29.251592 5.000000
v -17.512827 -29.747079 5.000000
v -17.512827 -30.252921 5.000000
v -17.614652 -30.748408 5.000000
v -17.814133 -31.213255 5.000000
v -18.103105 -31.628431 5.000000
v -18.469735 -31.976939 5.000000
v -18.899015 -32.244511 5.000000
v -19.373369 -32.420193 5.000000
v -19.873377 -32.496791 5.000000
v -20.378569 -32.471171 5.000000
v -20.868263 -32.344380 5.000000
v -21.322410 -32.121611 5.000000
v -21.722417 -31.811982 5.000000
v -22.051909 -31.428171 5.000000
v -22.297395 -30.985890 5.000000
v -22.448825 -30.503246 5.000000
v 17.500000 -20.000000 5.000000
v 17.551175 -19.496754 5.000000
v 17.702606 -19.014111 5.000000
v 17.948092 -18.571830 5.000000
v 18.277583 -18.188018 5.000000
v 18.677590 -17.878390 5.000000
v 19.131737 -17.655620 5.000000
v 19.621431 -17.528829 5.000000
v 20.126623 -17.503209 5.000000
v 20.626632 -17.579808 5.000000
v 21.100986 -17.755489 5.000000
v 21.530265 -18.023061 5.000000
v 21.896896 -18.371569 5.000000
v 22.185867 -18.786745 5.000000
v 22.385348 -19.251592 5.000000
v 22.487174 -19.747079 5.000000
v 22.487174 -20.252921 5.000000
v 22.385348 -20.748408 5.000000
v 22.185867 -21.213255 5.000000
v 21.896896 -21.628432 5.000000
v 21.530265 -21.976940 5.000000
v 21.100986 -22.244512 5.000000
v 20.626632 -22.420193 5.000000
v 20.126623 -22.496792 5.000000
v 19.621431 -22.471171 5.000000
v 19.131737 -22.344381 5.000000
v 18.677590 -22.121611 5.000000
v 18.277583 -21.811982 5.000000
v 17.948092 -21.428171 5.000000
v 17.702606 -20.985890 5.000000
v 17.551175 -20.503247 5.000000
v -21.214006 27.599608 5.000000
v -21.162895 27.987837 5.000000
v -21.013044 28.349608 5.000000
v -20.774666 28.660269 5.000000
v -20.464006 28.898647 5.000000
v -20.102235 29.048497 5.000000
v -19.714006 29.099608 5.000000
v -19.325777 29.048497 5.000000
v -18.964006 28.898647 5.000000
v -18.653346 28.660269 5.000000
v -18.414968 28.349608 5.000000
v -18.265117 27.987837 5.000000
v -18.214006 27.599608 5.000000
v -18.265117 27.211380 5.000000
v -18.414968 26.849608 5.000000
v -18.653346 26.538948 5.000000
v -18.964006 26.300570 5.000000
v -19.325777 26.150720 5.000000
v -19.714006 26.099608 5.000000
v -20.102235 26.150720 5.000000
v -20.464006 26.300570 5.000000
v -20.774666 26.538948 5.000000
v -21.013044 26.849608 5.000000
v -21.162895 27.211380 5.000000
v -11.500000 -13.500000 0.000000
v -11.446314 -12.390090 0.000000
v -11.285756 -11.290543 0.000000
v -11.019827 -10.211625 0.000000
v -10.651008 -9.163409 0.000000
v -10.182744 -8.155684 0.000000
v -9.619407 -7.197856 0.000000
v -8.966255 -6.298870 0.000000
v -8.229388 -5.467119 0.000000
v -7.415685 -4.710369 0.000000
v -6.532745 -4.035686 0.000000
v -5.588809 -3.449368 0.000000
v -4.592693 -2.956890 0.000000
v -3.553695 -2.562850 0.000000
v -2.481518 -2.270928 0.000000
v -1.386172 -2.083848 0.000000
v -0.277883 -2.003358 0.000000
v 0.833000 -2.030209 0.000000
v 1.936106 -2.164150 0.000000
v 3.021135 -2.403931 0.000000
v 4.077956 -2.747313 0.000000
v 5.096703 -3.191090 0.000000
v 6.067863 -3.731119 0.000000
v 6.982369 -4.362357 0.000000
v 7.831682 -5.078910 0.000000
v 8.607874 -5.874089 0.000000
v 9.303695 -6.740470 0.000000
v 9.912651 -7.669962 0.000000
v 10.429055 -8.653887 0.000000
v 10.848086 -9.683060 0.000000
v 11.165831 -10.747870 0.000000
v 11.379324 -11.838376 0.000000
v 11.486571 -12.944396 0.000000
v 11.486571 -14.055604 0.000000
v 11.379324 -15.161624 0.000000
v 11.165831 -16.252130 0.000000
v 10.848086 -17.316940 0.000000
v 10.429055 -18.346113 0.000000
v 9.912651 -19.330038 0.000000
v 9.303695 -20.259530 0.000000
v 8.607874 -21.125911 0.000000
v 7.831682 -21.921090 0.000000
v 6.982369 -22.637643 0.000000
v 6.067863 -23.268881 0.000000
v 5.096703 -23.808910 0.000000
v 4.077956 -24.252687 0.000000
v 3.021135 -24.596069 0.000000
v 1.936106 -24.835850 0.000000
v 0.833000 -24.969791 0.000000
v -0.277883 -24.996642 0.000000
v -1.386172 -24.916152 0.000000
v -2.481518 -24.729072 0.000000
v -3.553695 -24.437150 0.000000
v -4.592693 -24.043110 0.000000
v -5.588809 -23.550632 0.000000
v -6.532745 -22.964314 0.000000
v -7.415685 -22.289631 0.000000
v -8.229388 -21.532881 0.000000
v -8.966255 -20.701130 0.000000
v -9.619407 -19.802144 0.000000
v -10.182744 -18.844316 0.000000
v -10.651008 -17.836591 0.000000
v -11.019827 -16.788375 0.000000
v -11.285756 -15.709457 0.000000
v -11.446314 -14.609910 0.000000
v -22.500000 -20.000000 0.000000
v -22.448825 -19.496754 0.000000
v -22.297395 -19.014110 0.000000
v -22.051909 -18.571829 0.000000
v -21.722417 -18.188018 0.000000
v -21.322410 -17.878389 0.000000
v -20.868263 -17.655620 0.000000
v -20.378569 -17.528829 0.000000
v -19.873377 -17.503209 0.000000
v -19.373369 -17.579807 0.000000
v -18.899015 -17.755489 0.000000
v -18.469735 -18.023061 0.000000
v -18.103105 -18.371569 0.000000
v -17.814133 -18.786745 0.000000
v -17.614652 -19.251592 0.000000
v -17.512827 -19.747079 0.000000
v -17.512827 -20.252921 0.000000
v -17.614652 -20.748408 0.000000
v -17.814133 -21.213255 0.000000
v -18.103105 -21.628431 0.000000
v -18.469735 -21.976939 0.000000
v -18.899015 -22.244511 0.000000
v -19.373369 -22.420193 0.000000
v -19.873377 -22.496791 0.000000
v -20.378569 -22.471171 0.000000
v -20.868263 -22.344380 0.000000
v -21.322410 -22.121611 0.000000
v -21.722417 -21.811982 0.000000
v -22.051909 -21.428171 0.000000
v -22.297395 -20.985890 0.000000
v -22.448825 -20.503246 0.000000
v 17.500000 -30.000000 0.000000
v 17.551175 -29.496754 0.000000
v 17.702606 -29.014111 0.000000
v 17.948092 -28.571830 0.000000
v 18.277583 -28.188018 0.000000
v 18.677590 -27.878390 0.000000
v 19.131737 -27.655620 0.000000
v 19.621431 -27.528829 0.000000
v 20.126623 -27.503209 0.000000
v 20.626632 -27.579808 0.000000
v 21.100986 -27.755489 0.000000
v 21.530265 -28.023061 0.000000
v 21.896896 -28.371569 0.000000
v 22.185867 -28.786745 0.000000
v 22.385348 -29.251592 0.000000
v 22.487174 -29.747079 0.000000
v 22.487174 -30.252921 0.000000
v 22.385348 -30.748408 0.000000
v 22.185867 -31.213255 0.000000
v 21.896896 -31.628432 0.000000
v 21.530265 -31.976940 0.000000
v 21.100986 -32.244512 0.000000
v 20.626632 -32.420193 0.000000
v 20.126623 -32.496792 0.000000
v 19.621431 -32.471171 0.000000
v 19.131737 -32.344381 0.000000
v 18.677590 -32.121611 0.000000
v 18.277583 -31.811982 0.000000
v 17.948092 -31.428171 0.000000
v 17.702606 -30.985890 0.000000
v 17.551175 -30.503247 0.000000
v -22.500000 -30.000000 0.000000
v -22.448825 -29.496754 0.000000
v -22.297395 -29.014110 0.000000
v -22.051909 -28.571829 0.000000
v -21.722417 -28.188018 0.000000
v -21.322410 -27.878389 0.000000
v -20.868263 -27.655620 0.000000
v -20.378569 -27.528829 0.000000
v -19.873377 -27.503209 0.000000
v -19.373369 -27.579807 0.000000
v -18.899015 -27.755489 0.000000
v -18.469735 -28.023061 0.000000
v -18.103105 -28.371569 0.000000
v -17.814133 -28.786745 0.000000
v -17.614652 -29.251592 0.000000
v -17.512827 -29.747079 0.000000
v -17.512827 -30.252921 0.000000
v -17.614652 -30.748408 0.000000
v -17.814133 -31.213255 0.000000
v -18.103105 -31.628431 0.000000
v -18.469735 -31.976939 0.000000
v -18.899015 -32.244511 0.000000
v -19.373369 -32.420193 0.000000
v -19.873377 -32.496791 0.000000
v -20.378569 -32.471171 0.000000
v -20.868263 -32.344380 0.000000
v -21.322410 -32.121611 0.000000
v -21.722417 -31.811982 0.000000
v -22.051909 -31.428171 0.000000
v -22.297395 -30.985890 0.000000
v -22.448825 -30.503246 0.000000
v 17.500000 -20.000000 0.000000
v 17.551175 -19.496754 0.000000
v 17.702606 -19.014111 0.000000
v 17.948092 -18.571830 0.000000
v 18.277583 -18.188018 0.000000
v 18.677590 -17.878390 0.000000
v 19.131737 -17.655620 0.000000
v 19.621431 -17.528829 0.000000
v 20.126623 -17.503209 0.000000
v 20.626632 -17.579808 0.000000
v 21.100986 -17.755489 0.000000
v 21.530265 -18.023061 0.000000
v 21.896896 -18.371569 0.000000
v 22.185867 -18.786745 0.000000
v 22.385348 -19.251592 0.000000
v 22.487174 -19.747079 0.000000
v 22.487174 -20.252921 0.000000
v 22.385348 -20.748408 0.000000
v 22.185867 -21.213255 0.000000
v 21.896896 -21.628432 0.000000
v 21.530265 -21.976940 0.000000
v 21.100986 -22.244512 0.000000
v 20.626632 -22.420193 0.000000
v 20.126623 -22.496792 0.000000
v 19.621431 -22.471171 0.000000
v 19.131737 -22.344381 0.000000
v 18.677590 -22.121611 0.000000
v 18.277583 -21.811982 0.000000
v 17.948092 -21.428171 0.000000
v 17.702606 -20.985890 0.000000
v 17.551175 -20.503247 0.000000
v -21.214006 27.599608 0.000000
v -21.162895 27.987837 0.000000
v -21.013044 28.349608 0.000000
v -20.774666 28.660269 0.000000
v -20.464006 28.898647 0.000000
v -20.102235 29.048497 0.000000
v -19.714006 29.099608 0.000000
v -19.325777 29.048497 0.000000
v -18.964006 28.898647 0.000000
v -18.653346 28.660269 0.000000
v -18.414968 28.349608 0.000000
v -18.265117 27.987837 0.000000
v -18.214006 27.599608 0.000000
v -18.265117 27.211380 0.000000
v -18.414968 26.849608 0.000000
v -18.653346 26.538948 0.000000
v -18.964006 26.300570 0.000000
v -19.325777 26.150720 0.000000
v -19.714006 26.099608 0.000000
v -20.102235 26.150720 0.000000
v -20.464006 26.300570 0.000000
v -20.774666 26.538948 0.000000
v -21.013044 26.849608 0.000000
v -21.162895 27.211380 0.000000
v -4.000000 4.000000 0.000000
v -4.000000 31.000000 0.000000
v 4.000000 4.000000 0.000000
v 3.950753 3.374262 0.000000
v 3.804226 2.763932 0.000000
v 3.564026 2.184038 0.000000
v 3.236068 1.648859 0.000000
v 2.828427 1.171573 0.000000
v 2.351141 0.763932 0.000000
v 1.815962 0.435974 0.000000
v 1.236068 0.195774 0.000000
v 0.625738 0.049247 0.000000
v -0.000000 0.000000 0.000000
v -0.625738 0.049247 0.000000
v -1.236068 0.195774 0.000000
v -1.815962 0.435974 0.000000
v -2.351141 0.763932 0.000000
v -2.828427 1.171573 0.000000
v -3.236068 1.648859 0.000000
v -3.564026 2.184038 0.000000
v -3.804226 2.763932 0.000000
v -3.950753 3.374262 0.000000
v 4.000000 31.000000 0.000000
v 0.001179 35.000000 0.000000
v 0.626786 34.950588 0.000000
v 1.236965 34.803935 0.000000
v 1.816698 34.563652 0.000000
v 2.351713 34.235653 0.000000
v 2.828844 33.828011 0.000000
v 3.236345 33.350760 0.000000
v 3.564187 32.815647 0.000000
v 3.804299 32.235844 0.000000
v 3.950772 31.625622 0.000000
v 25.000000 -35.000000 0.000000
v -25.000000 -35.000000 0.000000
v -25.000000 35.000000 0.000000
v -3.950735 31.625855 0.000000
v -3.804153 32.236293 0.000000
v -3.563866 32.816278 0.000000
v -3.235791 33.351523 0.000000
v -2.828010 33.828845 0.000000
v -2.350569 34.236484 0.000000
v -1.815226 34.564401 0.000000
v -1.235171 34.804518 0.000000
v -0.624690 34.950920 0.000000
vt -0.000000 -5.164610 0.000000
vt -0.500000 -5.164610 0.000000
vt -0.000000 -5.293937 0.000000
vt -0.500000 -5.293937 0.000000
vt -0.000000 -5.423263 0.000000
vt -0.500000 -5.423263 0.000000
vt 0.000000 -5.552589 0.000000
vt -0.500000 -5.552589 0.000000
vt -0.000000 -5.681916 0.000000
vt -0.500000 -5.681916 0.000000
vt -0.000000 -5.811242 0.000000
vt -0.500000 -5.811242 0.000000
vt -0.000000 -5.940568 0.000000
vt -0.500000 -5.940568 0.000000
vt -0.000000 -6.069895 0.000000
vt -0.500000 -6.069895 0.000000
vt -0.000000 -6.199221 0.000000
vt -0.500000 -6.199221 0.000000
vt -0.000000 -6.328547 0.000000
vt -0.500000 -6.328547 0.000000
vt -0.000000 -6.457874 0.000000
vt -0.500000 -6.457874 0.000000
vt -0.000000 -6.587200 0.000000
vt -0.500000 -6.587200 0.000000
vt -0.000000 -6.716526 0.000000
vt -0.500000 -6.716526 0.000000
vt -0.000000 -6.845853 0.000000
vt -0.500000 -6.845853 0.000000
vt -0.000000 0.500000 0.000000
vt -0.823793 0.500000 0.000000
vt 0.000000 0.000000 0.000000
vt -0.823793 0.000000 0.000000
vt -0.000000 0.500000 0.000000
vt -3.500000 0.500000 0.000000
vt -0.000000 0.000000 0.000000
vt -3.500000 0.000000 0.000000
vt 1.676207 -1.463273 0.000000
vt 2.012662 -1.750321 0.000000
vt 2.500000 -1.463273 0.000000
vt 2.062663 -1.757981 0.000000
vt 2.110099 -1.775549 0.000000
vt 1.679954 -1.334033 0.000000
vt 1.148657 -1.405560 0.000000
vt 1.137932 -1.516162 0.000000
vt 1.116583 -1.625213 0.000000
vt 1.148657 -1.294440 0.000000
vt 1.673751 -1.204887 0.000000
vt 1.657635 -1.076601 0.000000
vt 1.137932 -1.183838 0.000000
vt 1.631701 -0.949934 0.000000
vt 1.116583 -1.074787 0.000000
vt 1.596103 -0.825637 0.000000
vt 1.551051 -0.704445 0.000000
vt 1.084809 -0.968306 0.000000
vt 1.496813 -0.587077 0.000000
vt 1.042906 -0.865389 0.000000
vt 1.433709 -0.474228 0.000000
vt 1.362115 -0.366565 0.000000
vt 0.991265 -0.766996 0.000000
vt 1.282452 -0.264728 0.000000
vt 0.930370 -0.674047 0.000000
vt 1.195194 -0.169318 0.000000
vt 0.860787 -0.587409 0.000000
vt 1.100857 -0.080900 0.000000
vt 0.783168 -0.507891 0.000000
vt 1.000000 -0.000000 0.000000
vt 0.698237 -0.436236 0.000000
vt 0.606786 -0.373112 0.000000
vt 0.509670 -0.319109 0.000000
vt 0.380423 0.276393 0.000000
vt 0.356403 0.218404 0.000000
vt 1.000000 3.500000 0.000000
vt 0.400000 0.400000 0.000000
vt 0.395075 0.337426 0.000000
vt 0.000118 3.500000 0.000000
vt 0.062679 3.495059 0.000000
vt 0.123697 3.480393 0.000000
vt 0.181670 3.456365 0.000000
vt 0.235171 3.423565 0.000000
vt 0.282884 3.382801 0.000000
vt 0.323635 3.335076 0.000000
vt 0.356419 3.281565 0.000000
vt 0.380430 3.223584 0.000000
vt 0.395077 3.162562 0.000000
vt 0.400000 3.100000 0.000000
vt 0.407796 -0.274731 0.000000
vt 0.323607 0.164886 0.000000
vt 0.282843 0.117157 0.000000
vt 0.302113 -0.240393 0.000000
vt 0.235114 0.076393 0.000000
vt 0.193611 -0.216415 0.000000
vt 0.181596 0.043597 0.000000
vt 0.123607 0.019577 0.000000
vt 0.083300 -0.203021 0.000000
vt 0.062574 0.004925 0.000000
vt -0.000000 -0.000000 0.000000
vt -0.027788 -0.200336 0.000000
vt -0.062574 0.004925 0.000000
vt -0.138617 -0.208385 0.000000
vt -0.123607 0.019577 0.000000
vt -0.181596 0.043597 0.000000
vt -0.248152 -0.227093 0.000000
vt -0.235114 0.076393 0.000000
vt -0.355370 -0.256285 0.000000
vt -0.282843 0.117157 0.000000
vt -0.323607 0.164886 0.000000
vt -0.459269 -0.295689 0.000000
vt -0.356403 0.218404 0.000000
vt -0.558881 -0.344937 0.000000
vt -0.380423 0.276393 0.000000
vt -0.653274 -0.403569 0.000000
vt -0.395075 0.337426 0.000000
vt -0.741569 -0.471037 0.000000
vt -0.400000 0.400000 0.000000
vt -0.822939 -0.546712 0.000000
vt -1.932578 2.615072 0.000000
vt -0.896626 -0.629887 0.000000
vt -1.971401 2.609961 0.000000
vt -0.961941 -0.719786 0.000000
vt -2.010223 2.615072 0.000000
vt -1.018274 -0.815568 0.000000
vt -2.037857 -1.752883 0.000000
vt -1.065101 -0.916341 0.000000
vt -1.987338 -1.750321 0.000000
vt -1.101983 -1.021162 0.000000
vt -1.937337 -1.757981 0.000000
vt -1.128576 -1.129054 0.000000
vt -1.889901 -1.775549 0.000000
vt -1.144631 -1.239009 0.000000
vt -1.846974 -1.802306 0.000000
vt -1.150000 -1.350000 0.000000
vt -1.810310 -1.837157 0.000000
vt -1.144631 -1.460991 0.000000
vt -1.781413 -1.878675 0.000000
vt -1.128576 -1.570946 0.000000
vt -1.761465 -1.925159 0.000000
vt -1.101983 -1.678838 0.000000
vt -1.751283 -1.974708 0.000000
vt -1.065101 -1.783659 0.000000
vt -1.751283 -2.025292 0.000000
vt -1.018274 -1.884432 0.000000
vt -1.761465 -2.074841 0.000000
vt -0.961941 -1.980214 0.000000
vt -1.781413 -2.121326 0.000000
vt -1.781413 -2.878675 0.000000
vt -1.810310 -2.837157 0.000000
vt -1.810310 -2.162843 0.000000
vt -1.846974 -2.802306 0.000000
vt -1.846974 -2.197694 0.000000
vt -1.889901 -2.775549 0.000000
vt -1.889901 -2.224451 0.000000
vt -1.937337 -2.757981 0.000000
vt -1.937337 -2.242019 0.000000
vt -1.987338 -2.750321 0.000000
vt -1.987338 -2.249679 0.000000
vt -2.037857 -2.752883 0.000000
vt -2.037857 -2.247117 0.000000
vt -2.086826 -2.765562 0.000000
vt -2.086826 -2.234438 0.000000
vt -2.132241 -2.787839 0.000000
vt -2.132241 -2.212161 0.000000
vt -2.172242 -2.818802 0.000000
vt -2.172242 -2.181198 0.000000
vt -2.205191 -2.857183 0.000000
vt -2.205191 -2.142817 0.000000
vt -2.229739 -2.901411 0.000000
vt -2.229739 -2.098589 0.000000
vt -2.244882 -2.050325 0.000000
vt -0.400000 3.100000 0.000000
vt -1.841497 2.684961 0.000000
vt -1.865335 2.653895 0.000000
vt -1.896401 2.630057 0.000000
vt -0.395073 3.162585 0.000000
vt -1.826512 2.798784 0.000000
vt -1.821401 2.759961 0.000000
vt -1.826512 2.721138 0.000000
vt -1.841497 2.834961 0.000000
vt -0.380415 3.223629 0.000000
vt -1.865335 2.866027 0.000000
vt -0.356387 3.281628 0.000000
vt -1.896401 2.889865 0.000000
vt -0.323579 3.335152 0.000000
vt -2.500000 3.500000 0.000000
vt -0.282801 3.382884 0.000000
vt -0.235057 3.423648 0.000000
vt -0.181523 3.456440 0.000000
vt -0.123517 3.480452 0.000000
vt -0.062469 3.495092 0.000000
vt -2.500000 -3.500000 0.000000
vt -2.244882 -1.949675 0.000000
vt -2.229739 -1.901411 0.000000
vt -2.116289 2.721138 0.000000
vt -2.101304 2.684961 0.000000
vt -2.205191 -1.857183 0.000000
vt -2.172242 -1.818802 0.000000
vt 2.500000 -3.500000 0.000000
vt 1.913174 -3.234438 0.000000
vt -1.889901 -3.224451 0.000000
vt -1.937337 -3.242019 0.000000
vt 2.238535 -2.074841 0.000000
vt 2.238535 -2.925159 0.000000
vt 2.248717 -2.974708 0.000000
vt 1.755118 -1.949675 0.000000
vt 1.084809 -1.731694 0.000000
vt 1.750000 -2.000000 0.000000
vt 1.042906 -1.834611 0.000000
vt 1.755118 -2.050325 0.000000
vt 0.991265 -1.933004 0.000000
vt 1.770261 -2.098589 0.000000
vt 0.930370 -2.025953 0.000000
vt 1.770261 -2.901411 0.000000
vt 1.755118 -2.949675 0.000000
vt 0.860787 -2.112591 0.000000
vt 0.783168 -2.192109 0.000000
vt 1.750000 -3.000000 0.000000
vt 0.698237 -2.263764 0.000000
vt 1.755118 -3.050325 0.000000
vt 0.606786 -2.326888 0.000000
vt 0.509670 -2.380891 0.000000
vt 1.770261 -3.098589 0.000000
vt 0.407796 -2.425269 0.000000
vt 1.794809 -3.142817 0.000000
vt 0.302113 -2.459607 0.000000
vt 0.193611 -2.483585 0.000000
vt 1.827758 -3.181198 0.000000
vt 0.083300 -2.496979 0.000000
vt -0.027788 -2.499664 0.000000
vt -0.138617 -2.491615 0.000000
vt -1.810310 -3.162843 0.000000
vt -1.846974 -3.197694 0.000000
vt 1.867759 -3.212161 0.000000
vt -0.248152 -2.472907 0.000000
vt -1.781413 -3.121326 0.000000
vt -0.355370 -2.443715 0.000000
vt -0.459269 -2.404311 0.000000
vt -1.761465 -3.074841 0.000000
vt -0.558881 -2.355063 0.000000
vt -0.653274 -2.296431 0.000000
vt -1.751283 -3.025292 0.000000
vt -0.741569 -2.228963 0.000000
vt -1.751283 -2.974708 0.000000
vt -0.822939 -2.153288 0.000000
vt -1.761465 -2.925159 0.000000
vt -0.896626 -2.070113 0.000000
vt -2.250000 -2.000000 0.000000
vt -2.077467 2.653895 0.000000
vt -2.132241 -1.787839 0.000000
vt -2.046401 2.630057 0.000000
vt -2.086826 -1.765562 0.000000
vt 1.794809 -2.857183 0.000000
vt 1.794809 -2.142817 0.000000
vt 1.827758 -2.181198 0.000000
vt 1.827758 -2.818802 0.000000
vt 1.867759 -2.212161 0.000000
vt 1.867759 -2.787839 0.000000
vt 1.913174 -2.234438 0.000000
vt 1.913174 -2.765562 0.000000
vt 1.962143 -2.247117 0.000000
vt 1.962143 -2.752883 0.000000
vt 2.012662 -2.249679 0.000000
vt 2.012662 -2.750321 0.000000
vt 2.062663 -2.757981 0.000000
vt 2.062663 -2.242019 0.000000
vt 2.110099 -2.775549 0.000000
vt 2.110099 -2.224451 0.000000
vt 2.153027 -2.802306 0.000000
vt 2.153027 -2.197694 0.000000
vt 2.189690 -2.837157 0.000000
vt 2.189690 -2.162843 0.000000
vt 2.218587 -2.878675 0.000000
vt 2.218587 -2.121326 0.000000
vt 2.248717 -3.025292 0.000000
vt 2.238535 -3.074841 0.000000
vt 2.218587 -3.121326 0.000000
vt 2.189690 -3.162843 0.000000
vt 2.153027 -3.197694 0.000000
vt 2.110099 -3.224451 0.000000
vt 2.062663 -3.242019 0.000000
vt 2.012662 -3.249679 0.000000
vt 1.962143 -3.247117 0.000000
vt -2.244882 -3.050325 0.000000
vt -2.250000 -3.000000 0.000000
vt -2.244882 -2.949675 0.000000
vt -1.987338 -3.249679 0.000000
vt -2.037857 -3.247117 0.000000
vt -2.086826 -3.234438 0.000000
vt -2.132241 -3.212161 0.000000
vt -2.172242 -3.181198 0.000000
vt -2.205191 -3.142817 0.000000
vt -2.229739 -3.098589 0.000000
vt 1.770261 -1.901411 0.000000
vt 1.794809 -1.857183 0.000000
vt 1.827758 -1.818802 0.000000
vt 1.867759 -1.787839 0.000000
vt 1.913174 -1.765562 0.000000
vt 1.962143 -1.752883 0.000000
vt 2.153027 -1.802306 0.000000
vt 2.189690 -1.837157 0.000000
vt 2.218587 -1.878675 0.000000
vt 2.238535 -1.925159 0.000000
vt 2.248717 -1.974708 0.000000
vt 2.248717 -2.025292 0.000000
vt -2.121401 2.759961 0.000000
vt -2.116289 2.798784 0.000000
vt -2.101304 2.834961 0.000000
vt -2.077467 2.866027 0.000000
vt -2.046401 2.889865 0.000000
vt -2.010223 2.904850 0.000000
vt -1.971401 2.909961 0.000000
vt -1.932578 2.904850 0.000000
vt 0.500000 -3.501668 0.000000
vt 0.000000 -3.501668 0.000000
vt 0.500000 -3.612832 0.000000
vt 0.000000 -3.612832 0.000000
vt 0.500000 3.612832 0.000000
vt 0.000000 3.612832 0.000000
vt 0.500000 3.501668 0.000000
vt 0.000000 3.501668 0.000000
vt 0.500000 3.390503 0.000000
vt 0.000000 3.390503 0.000000
vt 0.500000 3.279339 0.000000
vt -0.000000 3.279339 0.000000
vt 0.500000 3.168175 0.000000
vt 0.000000 3.168175 0.000000
vt 0.500000 3.057011 0.000000
vt 0.000000 3.057011 0.000000
vt 0.500000 2.945847 0.000000
vt 0.000000 2.945847 0.000000
vt 0.500000 2.834683 0.000000
vt 0.000000 2.834683 0.000000
vt 0.500000 2.723519 0.000000
vt 0.000000 2.723519 0.000000
vt 0.500000 2.612355 0.000000
vt 0.000000 2.612355 0.000000
vt 0.500000 2.501191 0.000000
vt 0.000000 2.501191 0.000000
vt 0.500000 2.390027 0.000000
vt 0.000000 2.390027 0.000000
vt 0.500000 2.278863 0.000000
vt 0.000000 2.278863 0.000000
vt 0.500000 2.167699 0.000000
vt 0.000000 2.167699 0.000000
vt 0.500000 2.056535 0.000000
vt 0.000000 2.056535 0.000000
vt 0.500000 1.945371 0.000000
vt 0.000000 1.945371 0.000000
vt 0.500000 1.834207 0.000000
vt 0.000000 1.834207 0.000000
vt 0.500000 1.723043 0.000000
vt 0.000000 1.723043 0.000000
vt 0.500000 1.611879 0.000000
vt 0.000000 1.611879 0.000000
vt 0.500000 1.500715 0.000000
vt 0.000000 1.500715 0.000000
vt 0.500000 1.389551 0.000000
vt 0.000000 1.389551 0.000000
vt 0.500000 1.278387 0.000000
vt 0.000000 1.278387 0.000000
vt 0.500000 1.167223 0.000000
vt 0.000000 1.167223 0.000000
vt 0.500000 1.056058 0.000000
vt 0.000000 1.056058 0.000000
vt 0.500000 0.944894 0.000000
vt 0.000000 0.944894 0.000000
vt 0.500000 0.833730 0.000000
vt 0.000000 0.833730 0.000000
vt 0.500000 0.722566 0.000000
vt 0.000000 0.722566 0.000000
vt 0.500000 0.611402 0.000000
vt 0.000000 0.611402 0.000000
vt 0.500000 0.500238 0.000000
vt 0.000000 0.500238 0.000000
vt 0.500000 0.389074 0.000000
vt 0.000000 0.389074 0.000000
vt 0.500000 0.277910 0.000000
vt 0.000000 0.277910 0.000000
vt 0.500000 0.166746 0.000000
vt 0.000000 0.166746 0.000000
vt 0.500000 0.055582 0.000000
vt 0.000000 0.055582 0.000000
vt 0.500000 -0.055582 0.000000
vt 0.000000 -0.055582 0.000000
vt 0.500000 -0.166746 0.000000
vt 0.000000 -0.166746 0.000000
vt 0.500000 -0.277910 0.000000
vt 0.000000 -0.277910 0.000000
vt 0.500000 -0.389074 0.000000
vt 0.000000 -0.389074 0.000000
vt 0.500000 -0.500238 0.000000
vt 0.000000 -0.500238 0.000000
vt 0.500000 -0.611402 0.000000
vt 0.000000 -0.611402 0.000000
vt 0.500000 -0.722566 0.000000
vt -0.000000 -0.722566 0.000000
vt 0.500000 -0.833730 0.000000
vt 0.000000 -0.833730 0.000000
vt 0.500000 -0.944894 0.000000
vt 0.000000 -0.944894 0.000000
vt 0.500000 -1.056058 0.000000
vt 0.000000 -1.056058 0.000000
vt 0.500000 -1.167223 0.000000
vt 0.000000 -1.167223 0.000000
vt 0.500000 -1.278387 0.000000
vt 0.000000 -1.278387 0.000000
vt 0.500000 -1.389551 0.000000
vt 0.000000 -1.389551 0.000000
vt 0.500000 -1.500715 0.000000
vt -0.000000 -1.500715 0.000000
vt 0.500000 -1.611879 0.000000
vt 0.000000 -1.611879 0.000000
vt 0.500000 -1.723043 0.000000
vt 0.000000 -1.723043 0.000000
vt 0.500000 -1.834207 0.000000
vt 0.000000 -1.834207 0.000000
vt 0.500000 -1.945371 0.000000
vt 0.000000 -1.945371 0.000000
vt 0.500000 -2.056535 0.000000
vt 0.000000 -2.056535 0.000000
vt 0.500000 -2.167699 0.000000
vt 0.000000 -2.167699 0.000000
vt 0.500000 -2.278863 0.000000
vt 0.000000 -2.278863 0.000000
vt 0.500000 -2.390027 0.000000
vt -0.000000 -2.390027 0.000000
vt 0.500000 -2.501191 0.000000
vt 0.000000 -2.501191 0.000000
vt 0.500000 -2.612355 0.000000
vt 0.000000 -2.612355 0.000000
vt 0.500000 -2.723519 0.000000
vt 0.000000 -2.723519 0.000000
vt 0.500000 -2.834683 0.000000
vt 0.000000 -2.834683 0.000000
vt 0.500000 -2.945847 0.000000
vt 0.000000 -2.945847 0.000000
vt 0.500000 -3.057011 0.000000
vt 0.000000 -3.057011 0.000000
vt 0.500000 -3.168175 0.000000
vt 0.000000 -3.168175 0.000000
vt 0.500000 -3.279339 0.000000
vt -0.000000 -3.279339 0.000000
vt 0.500000 -3.390503 0.000000
vt 0.000000 -3.390503 0.000000
vt 0.500000 -0.734727 0.000000
vt 0.000000 -0.734727 0.000000
vt 0.500000 -0.785398 0.000000
vt 0.000000 -0.785398 0.000000
vt 0.500000 0.785398 0.000000
vt 0.000000 0.785398 0.000000
vt 0.500000 0.734727 0.000000
vt 0.000000 0.734727 0.000000
vt -0.000000 0.684056 0.000000
vt 0.500000 -0.684056 0.000000
vt -0.000000 -0.684056 0.000000
vt 0.500000 -0.633386 0.000000
vt 0.000000 -0.633386 0.000000
vt 0.500000 -0.582715 0.000000
vt -0.000000 -0.582715 0.000000
vt 0.500000 -0.532044 0.000000
vt -0.000000 -0.532044 0.000000
vt 0.500000 -0.481373 0.000000
vt -0.000000 -0.481373 0.000000
vt 0.500000 -0.430702 0.000000
vt -0.000000 -0.430702 0.000000
vt 0.500000 -0.380031 0.000000
vt -0.000000 -0.380031 0.000000
vt 0.500000 -0.329361 0.000000
vt -0.000000 -0.329361 0.000000
vt 0.500000 -0.278690 0.000000
vt -0.000000 -0.278690 0.000000
vt 0.500000 -0.228019 0.000000
vt 0.000000 -0.228019 0.000000
vt 0.500000 -0.177348 0.000000
vt 0.000000 -0.177348 0.000000
vt 0.500000 -0.126677 0.000000
vt 0.000000 -0.126677 0.000000
vt 0.500000 -0.076006 0.000000
vt -0.000000 -0.076006 0.000000
vt 0.500000 -0.025335 0.000000
vt 0.000000 -0.025335 0.000000
vt 0.500000 0.025335 0.000000
vt 0.000000 0.025335 0.000000
vt 0.500000 0.076006 0.000000
vt -0.000000 0.076006 0.000000
vt 0.500000 0.126677 0.000000
vt -0.000000 0.126677 0.000000
vt 0.500000 0.177348 0.000000
vt -0.000000 0.177348 0.000000
vt 0.500000 0.228019 0.000000
vt -0.000000 0.228019 0.000000
vt 0.500000 0.278690 0.000000
vt 0.000000 0.278690 0.000000
vt 0.500000 0.329361 0.000000
vt 0.000000 0.329361 0.000000
vt 0.500000 0.380031 0.000000
vt 0.000000 0.380031 0.000000
vt 0.500000 0.430702 0.000000
vt 0.000000 0.430702 0.000000
vt 0.500000 0.481373 0.000000
vt 0.000000 0.481373 0.000000
vt 0.500000 0.532044 0.000000
vt -0.000000 0.532044 0.000000
vt 0.500000 0.582715 0.000000
vt -0.000000 0.582715 0.000000
vt 0.500000 0.633386 0.000000
vt -0.000000 0.633386 0.000000
vt 0.500000 0.684056 0.000000
vt 0.500000 -0.734727 0.000000
vt 0.000000 -0.734727 0.000000
vt 0.500000 -0.785398 0.000000
vt 0.000000 -0.785398 0.000000
vt 0.500000 0.785398 0.000000
vt 0.000000 0.785398 0.000000
vt 0.500000 0.734727 0.000000
vt 0.000000 0.734727 0.000000
vt 0.000000 0.684056 0.000000
vt 0.500000 -0.684056 0.000000
vt 0.000000 -0.684056 0.000000
vt 0.500000 -0.633386 0.000000
vt 0.000000 -0.633386 0.000000
vt 0.500000 -0.582715 0.000000
vt 0.000000 -0.582715 0.000000
vt 0.500000 -0.532044 0.000000
vt -0.000000 -0.532044 0.000000
vt 0.500000 -0.481373 0.000000
vt 0.000000 -0.481373 0.000000
vt 0.500000 -0.430702 0.000000
vt -0.000000 -0.430702 0.000000
vt 0.500000 -0.380031 0.000000
vt -0.000000 -0.380031 0.000000
vt 0.500000 -0.329361 0.000000
vt -0.000000 -0.329361 0.000000
vt 0.500000 -0.278690 0.000000
vt -0.000000 -0.278690 0.000000
vt 0.500000 -0.228019 0.000000
vt 0.000000 -0.228019 0.000000
vt 0.500000 -0.177348 0.000000
vt 0.000000 -0.177348 0.000000
vt 0.500000 -0.126677 0.000000
vt 0.000000 -0.126677 0.000000
vt 0.500000 -0.076006 0.000000
vt -0.000000 -0.076006 0.000000
vt 0.500000 -0.025335 0.000000
vt -0.000000 -0.025335 0.000000
vt 0.500000 0.025335 0.000000
vt -0.000000 0.025335 0.000000
vt 0.500000 0.076006 0.000000
vt -0.000000 0.076006 0.000000
vt 0.500000 0.126677 0.000000
vt 0.000000 0.126677 0.000000
vt 0.500000 0.177348 0.000000
vt 0.000000 0.177348 0.000000
vt 0.500000 0.228019 0.000000
vt 0.000000 0.228019 0.000000
vt 0.500000 0.278690 0.000000
vt 0.000000 0.278690 0.000000
vt 0.500000 0.329361 0.000000
vt -0.000000 0.329361 0.000000
vt 0.500000 0.380031 0.000000
vt -0.000000 0.380031 0.000000
vt 0.500000 0.430702 0.000000
vt -0.000000 0.430702 0.000000
vt 0.500000 0.481373 0.000000
vt 0.000000 0.481373 0.000000
vt 0.500000 0.532044 0.000000
vt -0.000000 0.532044 0.000000
vt 0.500000 0.582715 0.000000
vt 0.000000 0.582715 0.000000
vt 0.500000 0.633386 0.000000
vt 0.000000 0.633386 0.000000
vt 0.500000 0.684056 0.000000
vt 0.500000 -0.734727 0.000000
vt 0.000000 -0.734727 0.000000
vt 0.500000 -0.785398 0.000000
vt 0.000000 -0.785398 0.000000
vt 0.500000 0.785398 0.000000
vt 0.000000 0.785398 0.000000
vt 0.500000 0.734727 0.000000
vt 0.000000 0.734727 0.000000
vt -0.000000 0.684056 0.000000
vt 0.500000 -0.684056 0.000000
vt -0.000000 -0.684056 0.000000
vt 0.500000 -0.633386 0.000000
vt 0.000000 -0.633386 0.000000
vt 0.500000 -0.582715 0.000000
vt -0.000000 -0.582715 0.000000
vt 0.500000 -0.532044 0.000000
vt -0.000000 -0.532044 0.000000
vt 0.500000 -0.481373 0.000000
vt -0.000000 -0.481373 0.000000
vt 0.500000 -0.430702 0.000000
vt -0.000000 -0.430702 0.000000
vt 0.500000 -0.380031 0.000000
vt -0.000000 -0.380031 0.000000
vt 0.500000 -0.329361 0.000000
vt -0.000000 -0.329361 0.000000
vt 0.500000 -0.278690 0.000000
vt -0.000000 -0.278690 0.000000
vt 0.500000 -0.228019 0.000000
vt 0.000000 -0.228019 0.000000
vt 0.500000 -0.177348 0.000000
vt 0.000000 -0.177348 0.000000
vt 0.500000 -0.126677 0.000000
vt 0.000000 -0.126677 0.000000
vt 0.500000 -0.076006 0.000000
vt -0.000000 -0.076006 0.000000
vt 0.500000 -0.025335 0.000000
vt 0.000000 -0.025335 0.000000
vt 0.500000 0.025335 0.000000
vt 0.000000 0.025335 0.000000
vt 0.500000 0.076006 0.000000
vt -0.000000 0.076006 0.000000
vt 0.500000 0.126677 0.000000
vt 0.000000 0.126677 0.000000
vt 0.500000 0.177348 0.000000
vt 0.000000 0.177348 0.000000
vt 0.500000 0.228019 0.000000
vt -0.000000 0.228019 0.000000
vt 0.500000 0.278690 0.000000
vt 0.000000 0.278690 0.000000
vt 0.500000 0.329361 0.000000
vt -0.000000 0.329361 0.000000
vt 0.500000 0.380031 0.000000
vt -0.000000 0.380031 0.000000
vt 0.500000 0.430702 0.000000
vt -0.000000 0.430702 0.000000
vt 0.500000 0.481373 0.000000
vt 0.000000 0.481373 0.000000
vt 0.500000 0.532044 0.000000
vt -0.000000 0.532044 0.000000
vt 0.500000 0.582715 0.000000
vt -0.000000 0.582715 0.000000
vt 0.500000 0.633386 0.000000
vt 0.000000 0.633386 0.000000
vt 0.500000 0.684056 0.000000
vt 0.500000 -0.734727 0.000000
vt 0.000000 -0.734727 0.000000
vt 0.500000 -0.785398 0.000000
vt 0.000000 -0.785398 0.000000
vt 0.500000 0.785398 0.000000
vt 0.000000 0.785398 0.000000
vt 0.500000 0.734727 0.000000
vt 0.000000 0.734727 0.000000
vt 0.000000 0.684056 0.000000
vt 0.500000 -0.684056 0.000000
vt 0.000000 -0.684056 0.000000
vt 0.500000 -0.633386 0.000000
vt 0.000000 -0.633386 0.000000
vt 0.500000 -0.582715 0.000000
vt 0.000000 -0.582715 0.000000
vt 0.500000 -0.532044 0.000000
vt -0.000000 -0.532044 0.000000
vt 0.500000 -0.481373 0.000000
vt 0.000000 -0.481373 0.000000
vt 0.500000 -0.430702 0.000000
vt -0.000000 -0.430702 0.000000
vt 0.500000 -0.380031 0.000000
vt -0.000000 -0.380031 0.000000
vt 0.500000 -0.329361 0.000000
vt -0.000000 -0.329361 0.000000
vt 0.500000 -0.278690 0.000000
vt -0.000000 -0.278690 0.000000
vt 0.500000 -0.228019 0.000000
vt 0.000000 -0.228019 0.000000
vt 0.500000 -0.177348 0.000000
vt 0.000000 -0.177348 0.000000
vt 0.500000 -0.126677 0.000000
vt 0.000000 -0.126677 0.000000
vt 0.500000 -0.076006 0.000000
vt -0.000000 -0.076006 0.000000
vt 0.500000 -0.025335 0.000000
vt -0.000000 -0.025335 0.000000
vt 0.500000 0.025335 0.000000
vt -0.000000 0.025335 0.000000
vt 0.500000 0.076006 0.000000
vt -0.000000 0.076006 0.000000
vt 0.500000 0.126677 0.000000
vt 0.000000 0.126677 0.000000
vt 0.500000 0.177348 0.000000
vt -0.000000 0.177348 0.000000
vt 0.500000 0.228019 0.000000
vt 0.000000 0.228019 0.000000
vt 0.500000 0.278690 0.000000
vt -0.000000 0.278690 0.000000
vt 0.500000 0.329361 0.000000
vt 0.000000 0.329361 0.000000
vt 0.500000 0.380031 0.000000
vt 0.000000 0.380031 0.000000
vt 0.500000 0.430702 0.000000
vt 0.000000 0.430702 0.000000
vt 0.500000 0.481373 0.000000
vt 0.000000 0.481373 0.000000
vt 0.500000 0.532044 0.000000
vt -0.000000 0.532044 0.000000
vt 0.500000 0.582715 0.000000
vt 0.000000 0.582715 0.000000
vt 0.500000 0.633386 0.000000
vt -0.000000 0.633386 0.000000
vt 0.500000 0.684056 0.000000
vt 0.500000 -0.431969 0.000000
vt 0.000000 -0.431969 0.000000
vt 0.500000 -0.471239 0.000000
vt 0.000000 -0.471239 0.000000
vt 0.500000 0.471239 0.000000
vt 0.000000 0.471239 0.000000
vt 0.500000 0.431969 0.000000
vt 0.000000 0.431969 0.000000
vt 0.500000 0.392699 0.000000
vt -0.000000 0.392699 0.000000
vt 0.500000 0.353429 0.000000
vt -0.000000 0.353429 0.000000
vt 0.500000 0.314159 0.000000
vt -0.000000 0.314159 0.000000
vt 0.500000 0.274889 0.000000
vt 0.000000 0.274889 0.000000
vt 0.500000 0.235619 0.000000
vt -0.000000 0.235619 0.000000
vt 0.500000 0.196350 0.000000
vt 0.000000 0.196350 0.000000
vt 0.500000 0.157080 0.000000
vt 0.000000 0.157080 0.000000
vt 0.500000 0.117810 0.000000
vt -0.000000 0.117810 0.000000
vt 0.500000 0.078540 0.000000
vt -0.000000 0.078540 0.000000
vt 0.500000 0.039270 0.000000
vt 0.000000 0.039270 0.000000
vt 0.500000 0.000000 0.000000
vt 0.000000 0.000000 0.000000
vt 0.500000 -0.039270 0.000000
vt 0.000000 -0.039270 0.000000
vt 0.500000 -0.078540 0.000000
vt -0.000000 -0.078540 0.000000
vt 0.500000 -0.117810 0.000000
vt -0.000000 -0.117810 0.000000
vt 0.500000 -0.157080 0.000000
vt -0.000000 -0.157080 0.000000
vt 0.500000 -0.196350 0.000000
vt 0.000000 -0.196350 0.000000
vt 0.500000 -0.235619 0.000000
vt -0.000000 -0.235619 0.000000
vt 0.500000 -0.274889 0.000000
vt 0.000000 -0.274889 0.000000
vt 0.500000 -0.314159 0.000000
vt -0.000000 -0.314159 0.000000
vt 0.500000 -0.353429 0.000000
vt -0.000000 -0.353429 0.000000
vt 0.500000 -0.392699 0.000000
vt -0.000000 -0.392699 0.000000
vt 0.000000 0.000000 0.000000
vt 2.700000 0.000000 0.000000
vt 0.000000 0.500000 0.000000
vt 2.700000 0.500000 0.000000
vt 0.500000 -1.256637 0.000000
vt 0.000000 -1.256637 0.000000
vt 0.500000 -1.319469 0.000000
vt 0.000000 -1.319469 0.000000
vt -0.000000 -1.382301 0.000000
vt 0.500000 -1.382301 0.000000
vt 0.000000 -1.445133 0.000000
vt 0.500000 -1.445133 0.000000
vt 0.000000 -1.507964 0.000000
vt 0.500000 -1.507964 0.000000
vt 0.000000 -1.570796 0.000000
vt 0.500000 -1.570796 0.000000
vt 0.000000 -1.633628 0.000000
vt 0.500000 -1.633628 0.000000
vt 0.000000 -1.696460 0.000000
vt 0.500000 -1.696460 0.000000
vt 0.000000 -1.759292 0.000000
vt 0.500000 -1.759292 0.000000
vt -0.000000 -1.822124 0.000000
vt 0.500000 -1.822124 0.000000
vt 0.000000 -1.884956 0.000000
vt 0.500000 -1.884956 0.000000
vt -0.000000 -1.947787 0.000000
vt 0.500000 -1.947787 0.000000
vt 0.000000 -2.010619 0.000000
vt 0.500000 -2.010619 0.000000
vt 0.000000 -2.073451 0.000000
vt 0.500000 -2.073451 0.000000
vt -0.000000 -2.136283 0.000000
vt 0.500000 -2.136283 0.000000
vt -0.000000 -2.199115 0.000000
vt 0.500000 -2.199115 0.000000
vt -0.000000 -2.261947 0.000000
vt 0.500000 -2.261947 0.000000
vt 0.000000 -2.324779 0.000000
vt 0.500000 -2.324779 0.000000
vt 0.000000 -2.387610 0.000000
vt 0.500000 -2.387610 0.000000
vt -0.000000 -2.450442 0.000000
vt 0.500000 -2.450442 0.000000
vt 0.500000 -2.513274 0.000000
vt 0.000000 -2.513274 0.000000
vt -0.000000 0.000000 0.000000
vt 2.700000 0.000000 0.000000
vt -0.000000 0.500000 0.000000
vt 2.700000 0.500000 0.000000
vt 0.500000 0.628201 0.000000
vt 0.000000 0.628201 0.000000
vt 0.500000 0.565381 0.000000
vt 0.000000 0.565381 0.000000
vt 0.500000 0.502560 0.000000
vt 0.000000 0.502560 0.000000
vt 0.500000 0.439740 0.000000
vt -0.000000 0.439740 0.000000
vt 0.500000 0.376920 0.000000
vt -0.000000 0.376920 0.000000
vt 0.500000 0.314100 0.000000
vt -0.000000 0.314100 0.000000
vt 0.500000 0.251280 0.000000
vt -0.000000 0.251280 0.000000
vt 0.500000 0.188460 0.000000
vt 0.000000 0.188460 0.000000
vt 0.500000 0.125640 0.000000
vt -0.000000 0.125640 0.000000
vt 0.500000 0.062820 0.000000
vt -0.000000 0.062820 0.000000
vt 0.500000 0.000000 0.000000
vt 0.000000 0.000000 0.000000
vt -0.000000 0.000000 0.000000
vt 0.999882 0.000000 0.000000
vt -0.000000 0.500000 0.000000
vt 0.999882 0.500000 0.000000
vt 2.036727 0.500000 0.000000
vt 0.000000 0.500000 0.000000
vt 2.036727 0.000000 0.000000
vt 0.000000 0.000000 0.000000
vt 0.000000 0.000000 0.000000
vt 5.000000 0.000000 0.000000
vt -0.000000 0.500000 0.000000
vt 5.000000 0.500000 0.000000
vt 0.000000 0.000000 0.000000
vt 7.000000 0.000000 0.000000
vt 0.000000 0.500000 0.000000
vt 7.000000 0.500000 0.000000
vt 0.000000 0.000000 0.000000
vt 2.500118 0.000000 0.000000
vt -0.000000 0.500000 0.000000
vt 2.500118 0.500000 0.000000
vt 0.500000 -1.256637 0.000000
vt 0.000000 -1.256637 0.000000
vt 0.500000 -1.319481 0.000000
vt 0.000000 -1.319481 0.000000
vt 0.500000 -1.382324 0.000000
vt -0.000000 -1.382324 0.000000
vt 0.500000 -1.445168 0.000000
vt 0.000000 -1.445168 0.000000
vt 0.500000 -1.508012 0.000000
vt -0.000000 -1.508012 0.000000
vt 0.500000 -1.570855 0.000000
vt -0.000000 -1.570855 0.000000
vt 0.500000 -1.633699 0.000000
vt 0.000000 -1.633699 0.000000
vt 0.500000 -1.696543 0.000000
vt 0.000000 -1.696543 0.000000
vt 0.500000 -1.759386 0.000000
vt -0.000000 -1.759386 0.000000
vt 0.500000 -1.822230 0.000000
vt 0.000000 -1.822230 0.000000
vt 0.500000 -1.885074 0.000000
vt 0.000000 -1.885074 0.000000
vt -2.500000 -1.463273 0.000000
vt -2.012662 -1.750321 0.000000
vt -1.676207 -1.463273 0.000000
vt -1.962143 -1.752883 0.000000
vt -1.913174 -1.765562 0.000000
vt -2.500000 -3.500000 0.000000
vt -2.238535 -2.074841 0.000000
vt -2.248717 -2.025292 0.000000
vt -2.248717 -1.974708 0.000000
vt 2.500000 -3.500000 0.000000
vt -1.913174 -3.234438 0.000000
vt -1.962143 -3.247117 0.000000
vt -2.012662 -3.249679 0.000000
vt 2.500000 3.500000 0.000000
vt 2.244882 -1.949675 0.000000
vt 2.250000 -2.000000 0.000000
vt 2.244882 -2.050325 0.000000
vt -0.000118 3.500000 0.000000
vt 0.062469 3.495092 0.000000
vt 0.123517 3.480452 0.000000
vt 0.181523 3.456440 0.000000
vt 0.235057 3.423648 0.000000
vt 0.282801 3.382884 0.000000
vt 0.323579 3.335152 0.000000
vt 1.896401 2.889865 0.000000
vt 0.356387 3.281628 0.000000
vt 1.865335 2.866027 0.000000
vt 0.380415 3.223629 0.000000
vt 1.841497 2.834961 0.000000
vt 0.395073 3.162585 0.000000
vt 1.826512 2.798784 0.000000
vt 0.400000 3.100000 0.000000
vt 1.821401 2.759961 0.000000
vt 1.826512 2.721138 0.000000
vt 1.841497 2.684961 0.000000
vt 0.400000 0.400000 0.000000
vt 1.865335 2.653895 0.000000
vt 1.896401 2.630057 0.000000
vt 1.932578 2.615072 0.000000
vt 0.822939 -0.546712 0.000000
vt 0.896626 -0.629887 0.000000
vt 0.741569 -0.471037 0.000000
vt 0.395075 0.337426 0.000000
vt 0.653274 -0.403569 0.000000
vt 0.380423 0.276393 0.000000
vt 0.558881 -0.344937 0.000000
vt 0.356403 0.218404 0.000000
vt 0.459269 -0.295689 0.000000
vt 0.323607 0.164886 0.000000
vt 0.355370 -0.256285 0.000000
vt 0.282843 0.117157 0.000000
vt 0.235114 0.076393 0.000000
vt 0.248152 -0.227093 0.000000
vt 0.181596 0.043597 0.000000
vt 0.138617 -0.208385 0.000000
vt 0.123607 0.019577 0.000000
vt 0.062574 0.004925 0.000000
vt 0.027788 -0.200336 0.000000
vt 0.000000 -0.000000 0.000000
vt -0.083300 -0.203021 0.000000
vt -0.062574 0.004925 0.000000
vt -0.123607 0.019577 0.000000
vt -0.193611 -0.216415 0.000000
vt -0.181596 0.043597 0.000000
vt -0.235114 0.076393 0.000000
vt -0.302113 -0.240393 0.000000
vt -0.282843 0.117157 0.000000
vt -0.407796 -0.274731 0.000000
vt -0.323607 0.164886 0.000000
vt -0.356403 0.218404 0.000000
vt -0.509670 -0.319109 0.000000
vt -0.380423 0.276393 0.000000
vt -1.000000 -0.000000 0.000000
vt -0.395075 0.337426 0.000000
vt -0.400000 0.400000 0.000000
vt -1.000000 3.500000 0.000000
vt -0.400000 3.100000 0.000000
vt -0.395077 3.162562 0.000000
vt -0.380430 3.223584 0.000000
vt -0.356419 3.281565 0.000000
vt -0.323635 3.335076 0.000000
vt -0.282884 3.382801 0.000000
vt -0.235171 3.423565 0.000000
vt -0.181670 3.456365 0.000000
vt -0.123697 3.480393 0.000000
vt -0.062679 3.495059 0.000000
vt -1.100857 -0.080900 0.000000
vt -0.783168 -0.507891 0.000000
vt -0.698237 -0.436236 0.000000
vt -0.606786 -0.373112 0.000000
vt -0.860787 -0.587409 0.000000
vt -1.195194 -0.169318 0.000000
vt -0.930370 -0.674047 0.000000
vt -1.282452 -0.264728 0.000000
vt -0.991265 -0.766996 0.000000
vt -1.362115 -0.366565 0.000000
vt -1.042906 -0.865389 0.000000
vt -1.433709 -0.474228 0.000000
vt -1.496813 -0.587077 0.000000
vt -1.084809 -0.968306 0.000000
vt -1.551051 -0.704445 0.000000
vt -1.116583 -1.074787 0.000000
vt -1.596103 -0.825637 0.000000
vt -1.631701 -0.949934 0.000000
vt -1.137932 -1.183838 0.000000
vt -1.657635 -1.076601 0.000000
vt -1.148657 -1.294440 0.000000
vt -1.673751 -1.204887 0.000000
vt -1.679954 -1.334033 0.000000
vt -1.148657 -1.405560 0.000000
vt -1.137932 -1.516162 0.000000
vt -1.116583 -1.625213 0.000000
vt -1.755118 -1.949675 0.000000
vt -1.084809 -1.731694 0.000000
vt -1.750000 -2.000000 0.000000
vt -1.042906 -1.834611 0.000000
vt -1.755118 -2.050325 0.000000
vt -0.991265 -1.933004 0.000000
vt -1.770261 -2.098589 0.000000
vt -0.930370 -2.025953 0.000000
vt -1.770261 -2.901411 0.000000
vt -1.755118 -2.949675 0.000000
vt 2.116289 2.798784 0.000000
vt 2.121401 2.759961 0.000000
vt 2.116289 2.721138 0.000000
vt 2.229739 -1.901411 0.000000
vt 2.101304 2.684961 0.000000
vt 2.205191 -1.857183 0.000000
vt 2.172242 -1.818802 0.000000
vt 2.077467 2.653895 0.000000
vt 2.132241 -1.787839 0.000000
vt 2.046401 2.630057 0.000000
vt 2.086826 -1.765562 0.000000
vt 2.010223 2.615072 0.000000
vt 2.037857 -1.752883 0.000000
vt 1.018274 -0.815568 0.000000
vt 1.065101 -0.916341 0.000000
vt 0.961941 -0.719786 0.000000
vt 1.971401 2.609961 0.000000
vt 1.932578 2.904850 0.000000
vt 1.971401 2.909961 0.000000
vt 2.010223 2.904850 0.000000
vt 2.046401 2.889865 0.000000
vt 2.077467 2.866027 0.000000
vt 2.101304 2.834961 0.000000
vt -1.794809 -2.142817 0.000000
vt -1.794809 -2.857183 0.000000
vt -1.827758 -2.181198 0.000000
vt -1.827758 -2.818802 0.000000
vt -1.867759 -2.212161 0.000000
vt -1.867759 -2.787839 0.000000
vt -1.913174 -2.234438 0.000000
vt -1.913174 -2.765562 0.000000
vt -1.962143 -2.247117 0.000000
vt -1.962143 -2.752883 0.000000
vt -2.012662 -2.249679 0.000000
vt -2.012662 -2.750321 0.000000
vt -2.062663 -2.757981 0.000000
vt -2.062663 -2.242019 0.000000
vt -2.110099 -2.775549 0.000000
vt -2.110099 -2.224451 0.000000
vt -2.153027 -2.802306 0.000000
vt -2.153027 -2.197694 0.000000
vt -2.189690 -2.837157 0.000000
vt -2.189690 -2.162843 0.000000
vt -2.218587 -2.878675 0.000000
vt -2.218587 -2.121326 0.000000
vt -2.238535 -1.925159 0.000000
vt -2.218587 -1.878675 0.000000
vt -2.189690 -1.837157 0.000000
vt -2.153027 -1.802306 0.000000
vt -2.110099 -1.775549 0.000000
vt -2.062663 -1.757981 0.000000
vt -1.867759 -1.787839 0.000000
vt -1.827758 -1.818802 0.000000
vt -1.794809 -1.857183 0.000000
vt -1.770261 -1.901411 0.000000
vt 2.244882 -2.949675 0.000000
vt 2.250000 -3.000000 0.000000
vt 2.244882 -3.050325 0.000000
vt 2.229739 -3.098589 0.000000
vt 2.205191 -3.142817 0.000000
vt 2.172242 -3.181198 0.000000
vt 2.132241 -3.212161 0.000000
vt 2.086826 -3.234438 0.000000
vt 2.037857 -3.247117 0.000000
vt 1.987338 -3.249679 0.000000
vt 1.937337 -3.242019 0.000000
vt 1.889901 -3.224451 0.000000
vt -1.867759 -3.212161 0.000000
vt 1.846974 -3.197694 0.000000
vt -1.827758 -3.181198 0.000000
vt 0.027788 -2.499664 0.000000
vt -0.083300 -2.496979 0.000000
vt 1.810310 -3.162843 0.000000
vt 0.138617 -2.491615 0.000000
vt 0.248152 -2.472907 0.000000
vt 1.781413 -3.121326 0.000000
vt 0.355370 -2.443715 0.000000
vt 0.459269 -2.404311 0.000000
vt 1.761465 -3.074841 0.000000
vt 0.558881 -2.355063 0.000000
vt 0.653274 -2.296431 0.000000
vt 1.751283 -3.025292 0.000000
vt 0.741569 -2.228963 0.000000
vt 1.751283 -2.974708 0.000000
vt 0.822939 -2.153288 0.000000
vt 1.761465 -2.925159 0.000000
vt 0.896626 -2.070113 0.000000
vt 0.961941 -1.980214 0.000000
vt 1.781413 -2.878675 0.000000
vt 1.781413 -2.121326 0.000000
vt 1.810310 -2.837157 0.000000
vt 1.810310 -2.162843 0.000000
vt 1.846974 -2.802306 0.000000
vt 1.846974 -2.197694 0.000000
vt 1.889901 -2.775549 0.000000
vt 1.889901 -2.224451 0.000000
vt 1.937337 -2.757981 0.000000
vt 1.937337 -2.242019 0.000000
vt 1.987338 -2.750321 0.000000
vt 1.987338 -2.249679 0.000000
vt 2.037857 -2.752883 0.000000
vt 2.037857 -2.247117 0.000000
vt 2.086826 -2.765562 0.000000
vt 2.086826 -2.234438 0.000000
vt 2.132241 -2.787839 0.000000
vt 2.132241 -2.212161 0.000000
vt 2.172242 -2.818802 0.000000
vt 2.172242 -2.181198 0.000000
vt 2.205191 -2.857183 0.000000
vt 2.205191 -2.142817 0.000000
vt 2.229739 -2.901411 0.000000
vt 2.229739 -2.098589 0.000000
vt -1.755118 -3.050325 0.000000
vt -0.698237 -2.263764 0.000000
vt -1.750000 -3.000000 0.000000
vt -0.783168 -2.192109 0.000000
vt -0.860787 -2.112591 0.000000
vt -1.770261 -3.098589 0.000000
vt -0.509670 -2.380891 0.000000
vt -0.606786 -2.326888 0.000000
vt -0.407796 -2.425269 0.000000
vt -1.794809 -3.142817 0.000000
vt -0.302113 -2.459607 0.000000
vt -0.193611 -2.483585 0.000000
vt -2.062663 -3.242019 0.000000
vt -2.110099 -3.224451 0.000000
vt -2.153027 -3.197694 0.000000
vt -2.189690 -3.162843 0.000000
vt -2.218587 -3.121326 0.000000
vt -2.238535 -3.074841 0.000000
vt -2.248717 -3.025292 0.000000
vt -2.248717 -2.974708 0.000000
vt -2.238535 -2.925159 0.000000
vt 1.761465 -2.074841 0.000000
vt 1.018274 -1.884432 0.000000
vt 1.751283 -2.025292 0.000000
vt 1.065101 -1.783659 0.000000
vt 1.751283 -1.974708 0.000000
vt 1.101983 -1.678838 0.000000
vt 1.761465 -1.925159 0.000000
vt 1.128576 -1.570946 0.000000
vt 1.781413 -1.878675 0.000000
vt 1.144631 -1.460991 0.000000
vt 1.810310 -1.837157 0.000000
vt 1.150000 -1.350000 0.000000
vt 1.846974 -1.802306 0.000000
vt 1.144631 -1.239009 0.000000
vt 1.889901 -1.775549 0.000000
vt 1.128576 -1.129054 0.000000
vt 1.937337 -1.757981 0.000000
vt 1.101983 -1.021162 0.000000
vt 1.987338 -1.750321 0.000000
vn 0.099772 -0.006742 0.000000
vn 0.099772 -0.006742 0.000000
vn 0.099995 0.000950 0.000000
vn 0.099995 0.000950 0.000000
vn 0.099626 0.008638 0.000000
vn 0.099626 0.008638 0.000000
vn 0.098667 0.016273 0.000000
vn 0.098667 0.016273 0.000000
vn 0.097123 0.023813 0.000000
vn 0.097123 0.023813 0.000000
vn 0.095004 0.031212 0.000000
vn 0.095004 0.031212 0.000000
vn 0.092323 0.038425 0.000000
vn 0.092323 0.038425 0.000000
vn 0.089094 0.045411 0.000000
vn 0.089094 0.045411 0.000000
vn 0.085338 0.052128 0.000000
vn 0.085338 0.052128 0.000000
vn 0.081077 0.058537 0.000000
vn 0.081077 0.058537 0.000000
vn 0.076335 0.064598 0.000000
vn 0.076335 0.064598 0.000000
vn 0.071141 0.070277 0.000000
vn 0.071141 0.070277 0.000000
vn 0.065526 0.075540 0.000000
vn 0.065526 0.075540 0.000000
vn 0.059523 0.080356 0.000000
vn 0.059523 0.080356 0.000000
vn -0.000000 0.100000 -0.000000
vn -0.000000 0.100000 -0.000000
vn -0.000000 0.100000 -0.000000
vn -0.000000 0.100000 -0.000000
vn 0.100000 -0.000000 0.000000
vn 0.100000 -0.000000 0.000000
vn 0.100000 -0.000000 0.000000
vn 0.100000 -0.000000 0.000000
vn 0.000000 0.000000 0.100000
vn 0.000000 0.000000 0.100000
vn 0.000000 0.000000 0.100000
vn 0.000000 0.000000 0.100000
vn 0.000000 0.000000 0.100000
vn 0.000000 0.000000 0.100000
vn 0.000000 0.000000 0.100000
vn 0.000000 0.000000 0.100000
vn 0.000000 0.000000 0.100000
vn 0.000000 0.000000 0.100000
vn 0.000000 0.000000 0.100000
vn 0.000000 0.000000 0.100000
vn 0.000000 0.000000 0.100000
vn 0.000000 0.000000 0.100000
vn 0.000000 0.000000 0.100000
vn 0.000000 0.000000 0.100000
vn 0.000000 0.000000 0.100000
vn 0.000000 0.000000 0.100000
vn 0.000000 0.000000 0.100000
vn 0.000000 0.000000 0.100000
vn 0.000000 0.000000 0.100000
vn 0.000000 0.000000 0.100000
vn 0.000000 0.000000 0.100000
vn 0.000000 0.000000 0.100000
vn 0.000000 0.000000 0.100000
vn 0.000000 0.000000 0.100000
vn 0.000000 0.000000 0.100000
vn 0.000000 0.000000 0.100000
vn 0.000000 0.000000 0.100000
vn 0.000000 0.000000 0.100000
vn 0.000000 0.000000 0.100000
vn 0.000000 0.000000 0.100000
vn 0.000000 0.000000 0.100000
vn 0.000000 0.000000 0.100000
vn 0.000000 0.000000 0.100000
vn 0.000000 0.000000 0.100000
vn 0.000000 0.000000 0.100000
vn 0.000000 0.000000 0.100000
vn 0.000000 0.000000 0.100000
vn 0.000000 0.000000 0.100000
vn 0.000000 0.000000 0.100000
vn 0.000000 0.000000 0.100000
vn 0.000000 0.000000 0.100000
vn 0.000000 0.000000 0.100000
vn 0.000000 0.000000 0.100000
vn 0.000000 0.000000 0.100000
vn 0.000000 0.000000 0.100000
vn 0.000000 0.000000 0.100000
vn 0.000000 0.000000 0.100000
vn 0.000000 0.000000 0.100000
vn 0.000000 0.000000 0.100000
vn 0.000000 0.000000 0.100000
vn 0.000000 0.000000 0.100000
vn 0.000000 0.000000 0.100000
vn 0.000000 0.000000 0.100000
vn 0.000000 0.000000 0.100000
vn 0.000000 0.000000 0.100000
vn 0.000000 0.000000 0.100000
vn 0.000000 0.000000 0.100000
vn 0.000000 0.000000 0.100000
vn 0.000000 0.000000 0.100000
vn 0.000000 0.000000 0.100000
vn 0.000000 0.000000 0.100000
vn 0.000000 0.000000 0.100000
vn 0.000000 0.000000 0.100000
vn 0.000000 0.000000 0.100000
vn 0.000000 0.000000 0.100000
vn 0.000000 0.000000 0.100000
vn 0.000000 0.000000 0.100000
vn 0.000000 0.000000 0.100000
vn 0.000000 0.000000 0.100000
vn 0.000000 0.000000 0.100000
vn 0.000000 0.000000 0.100000
vn 0.000000 0.000000 0.100000
vn 0.000000 0.000000 0.100000
vn 0.000000 0.000000 0.100000
vn 0.000000 0.000000 0.100000
vn 0.000000 0.000000 0.100000
vn 0.000000 0.000000 0.100000
vn 0.000000 0.000000 0.100000
vn 0.000000 0.000000 0.100000
vn 0.000000 0.000000 0.100000
vn 0.000000 0.000000 0.100000
vn 0.000000 0.000000 0.100000
vn 0.000000 0.000000 0.100000
vn 0.000000 0.000000 0.100000
vn 0.000000 0.000000 0.100000
vn 0.000000 0.000000 0.100000
vn 0.000000 0.000000 0.100000
vn 0.000000 0.000000 0.100000
vn 0.000000 0.000000 0.100000
vn 0.000000 0.000000 0.100000
vn 0.000000 0.000000 0.100000
vn 0.000000 0.000000 0.100000
vn 0.000000 0.000000 0.100000
vn 0.000000 0.000000 0.100000
vn 0.000000 0.000000 0.100000
vn 0.000000 0.000000 0.100000
vn 0.000000 0.000000 0.100000
vn 0.000000 0.000000 0.100000
vn 0.000000 0.000000 0.100000
vn 0.000000 0.000000 0.100000
vn 0.000000 0.000000 0.100000
vn 0.000000 0.000000 0.100000
vn 0.000000 0.000000 0.100000
vn 0.000000 0.000000 0.100000
vn 0.000000 0.000000 0.100000
vn 0.000000 0.000000 0.100000
vn 0.000000 0.000000 0.100000
vn 0.000000 0.000000 0.100000
vn 0.000000 0.000000 0.100000
vn 0.000000 0.000000 0.100000
vn 0.000000 0.000000 0.100000
vn 0.000000 0.000000 0.100000
vn 0.000000 0.000000 0.100000
vn 0.000000 0.000000 0.100000
vn 0.000000 0.000000 0.100000
vn 0.000000 0.000000 0.100000
vn 0.000000 0.000000 0.100000
vn 0.000000 0.000000 0.100000
vn 0.000000 0.000000 0.100000
vn 0.000000 0.000000 0.100000
vn 0.000000 0.000000 0.100000
vn 0.000000 0.000000 0.100000
vn 0.000000 0.000000 0.100000
vn 0.000000 0.000000 0.100000
vn 0.000000 0.000000 0.100000
vn 0.000000 0.000000 0.100000
vn 0.000000 0.000000 0.100000
vn 0.000000 0.000000 0.100000
vn 0.000000 0.000000 0.100000
vn 0.000000 0.000000 0.100000
vn 0.000000 0.000000 0.100000
vn 0.000000 0.000000 0.100000
vn 0.000000 0.000000 0.100000
vn 0.000000 0.000000 0.100000
vn 0.000000 0.000000 0.100000
vn 0.000000 0.000000 0.100000
vn 0.000000 0.000000 0.100000
vn 0.000000 0.000000 0.100000
vn 0.000000 0.000000 0.100000
vn 0.000000 0.000000 0.100000
vn 0.000000 0.000000 0.100000
vn 0.000000 0.000000 0.100000
vn 0.000000 0.000000 0.100000
vn 0.000000 0.000000 0.100000
vn 0.000000 0.000000 0.100000
vn 0.000000 0.000000 0.100000
vn 0.000000 0.000000 0.100000
vn 0.000000 0.000000 0.100000
vn 0.000000 0.000000 0.100000
vn 0.000000 0.000000 0.100000
vn 0.000000 0.000000 0.100000
vn 0.000000 0.000000 0.100000
vn 0.000000 0.000000 0.100000
vn 0.000000 0.000000 0.100000
vn 0.000000 0.000000 0.100000
vn 0.000000 0.000000 0.100000
vn 0.000000 0.000000 0.100000
vn 0.000000 0.000000 0.100000
vn 0.000000 0.000000 0.100000
vn 0.000000 0.000000 0.100000
vn 0.000000 0.000000 0.100000
vn 0.000000 0.000000 0.100000
vn 0.000000 0.000000 0.100000
vn 0.000000 0.000000 0.100000
vn 0.000000 0.000000 0.100000
vn 0.000000 0.000000 0.100000
vn 0.000000 0.000000 0.100000
vn 0.000000 0.000000 0.100000
vn 0.000000 0.000000 0.100000
vn 0.000000 0.000000 0.100000
vn 0.000000 0.000000 0.100000
vn 0.000000 0.000000 0.100000
vn 0.000000 0.000000 0.100000
vn 0.000000 0.000000 0.100000
vn 0.000000 0.000000 0.100000
vn 0.000000 0.000000 0.100000
vn 0.000000 0.000000 0.100000
vn 0.000000 0.000000 0.100000
vn 0.000000 0.000000 0.100000
vn 0.000000 0.000000 0.100000
vn 0.000000 0.000000 0.100000
vn 0.000000 0.000000 0.100000
vn 0.000000 0.000000 0.100000
vn 0.000000 0.000000 0.100000
vn 0.000000 0.000000 0.100000
vn 0.000000 0.000000 0.100000
vn 0.000000 0.000000 0.100000
vn 0.000000 0.000000 0.100000
vn 0.000000 0.000000 0.100000
vn 0.000000 0.000000 0.100000
vn 0.000000 0.000000 0.100000
vn 0.000000 0.000000 0.100000
vn 0.000000 0.000000 0.100000
vn 0.000000 0.000000 0.100000
vn 0.000000 0.000000 0.100000
vn 0.000000 0.000000 0.100000
vn 0.000000 0.000000 0.100000
vn 0.000000 0.000000 0.100000
vn 0.000000 0.000000 0.100000
vn 0.000000 0.000000 0.100000
vn 0.000000 0.000000 0.100000
vn 0.000000 0.000000 0.100000
vn 0.000000 0.000000 0.100000
vn 0.000000 0.000000 0.100000
vn 0.000000 0.000000 0.100000
vn 0.000000 0.000000 0.100000
vn 0.000000 0.000000 0.100000
vn 0.000000 0.000000 0.100000
vn 0.000000 0.000000 0.100000
vn 0.000000 0.000000 0.100000
vn 0.000000 0.000000 0.100000
vn 0.000000 0.000000 0.100000
vn 0.000000 0.000000 0.100000
vn 0.000000 0.000000 0.100000
vn 0.000000 0.000000 0.100000
vn 0.000000 0.000000 0.100000
vn 0.000000 0.000000 0.100000
vn 0.000000 0.000000 0.100000
vn 0.000000 0.000000 0.100000
vn 0.000000 0.000000 0.100000
vn 0.000000 0.000000 0.100000
vn 0.000000 0.000000 0.100000
vn 0.000000 0.000000 0.100000
vn 0.000000 0.000000 0.100000
vn 0.000000 0.000000 0.100000
vn 0.000000 0.000000 0.100000
vn 0.000000 0.000000 0.100000
vn 0.000000 0.000000 0.100000
vn 0.000000 0.000000 0.100000
vn 0.000000 0.000000 0.100000
vn 0.000000 0.000000 0.100000
vn 0.000000 0.000000 0.100000
vn 0.000000 0.000000 0.100000
vn 0.000000 0.000000 0.100000
vn 0.000000 0.000000 0.100000
vn 0.000000 0.000000 0.100000
vn 0.000000 0.000000 0.100000
vn 0.000000 0.000000 0.100000
vn 0.000000 0.000000 0.100000
vn 0.000000 0.000000 0.100000
vn 0.000000 0.000000 0.100000
vn 0.000000 0.000000 0.100000
vn 0.000000 0.000000 0.100000
vn 0.000000 0.000000 0.100000
vn 0.000000 0.000000 0.100000
vn 0.000000 0.000000 0.100000
vn 0.000000 0.000000 0.100000
vn 0.000000 0.000000 0.100000
vn 0.000000 0.000000 0.100000
vn 0.000000 0.000000 0.100000
vn 0.000000 0.000000 0.100000
vn 0.000000 0.000000 0.100000
vn 0.000000 0.000000 0.100000
vn 0.000000 0.000000 0.100000
vn 0.000000 0.000000 0.100000
vn 0.000000 0.000000 0.100000
vn 0.000000 0.000000 0.100000
vn 0.000000 0.000000 0.100000
vn 0.000000 0.000000 0.100000
vn 0.000000 0.000000 0.100000
vn 0.000000 0.000000 0.100000
vn 0.000000 0.000000 0.100000
vn 0.000000 0.000000 0.100000
vn 0.000000 0.000000 0.100000
vn 0.000000 0.000000 0.100000
vn 0.000000 0.000000 0.100000
vn 0.000000 0.000000 0.100000
vn 0.000000 0.000000 0.100000
vn 0.000000 0.000000 0.100000
vn 0.000000 0.000000 0.100000
vn 0.000000 0.000000 0.100000
vn 0.000000 0.000000 0.100000
vn 0.099533 0.009651 0.000000
vn 0.099533 0.009651 0.000000
vn 0.100000 0.000000 0.000000
vn 0.100000 0.000000 0.000000
vn 0.099533 -0.009651 0.000000
vn 0.099533 -0.009651 0.000000
vn 0.098137 -0.019213 0.000000
vn 0.098137 -0.019213 0.000000
vn 0.095825 -0.028595 0.000000
vn 0.095825 -0.028595 0.000000
vn 0.092617 -0.037709 0.000000
vn 0.092617 -0.037709 0.000000
vn 0.088546 -0.046472 0.000000
vn 0.088546 -0.046472 0.000000
vn 0.083647 -0.054801 0.000000
vn 0.083647 -0.054801 0.000000
vn 0.077967 -0.062619 0.000000
vn 0.077967 -0.062619 0.000000
vn 0.071560 -0.069851 0.000000
vn 0.071560 -0.069851 0.000000
vn 0.064484 -0.076432 0.000000
vn 0.064484 -0.076432 0.000000
vn 0.056806 -0.082298 0.000000
vn 0.056806 -0.082298 0.000000
vn 0.048598 -0.087397 0.000000
vn 0.048598 -0.087397 0.000000
vn 0.039936 -0.091679 0.000000
vn 0.039936 -0.091679 0.000000
vn 0.030902 -0.095106 0.000000
vn 0.030902 -0.095106 0.000000
vn 0.021578 -0.097644 0.000000
vn 0.021578 -0.097644 0.000000
vn 0.012054 -0.099271 0.000000
vn 0.012054 -0.099271 0.000000
vn 0.002416 -0.099971 0.000000
vn 0.002416 -0.099971 0.000000
vn -0.007243 -0.099737 0.000000
vn -0.007243 -0.099737 0.000000
vn -0.016836 -0.098573 0.000000
vn -0.016836 -0.098573 0.000000
vn -0.026271 -0.096488 0.000000
vn -0.026271 -0.096488 0.000000
vn -0.035460 -0.093502 0.000000
vn -0.035460 -0.093502 0.000000
vn -0.044319 -0.089643 0.000000
vn -0.044319 -0.089643 0.000000
vn -0.052764 -0.084947 0.000000
vn -0.052764 -0.084947 0.000000
vn -0.060716 -0.079458 0.000000
vn -0.060716 -0.079458 0.000000
vn -0.068102 -0.073227 0.000000
vn -0.068102 -0.073227 0.000000
vn -0.074851 -0.066312 0.000000
vn -0.074851 -0.066312 0.000000
vn -0.080902 -0.058779 0.000000
vn -0.080902 -0.058779 0.000000
vn -0.086197 -0.050696 0.000000
vn -0.086197 -0.050696 0.000000
vn -0.090687 -0.042140 0.000000
vn -0.090687 -0.042140 0.000000
vn -0.094331 -0.033191 0.000000
vn -0.094331 -0.033191 0.000000
vn -0.097094 -0.023932 0.000000
vn -0.097094 -0.023932 0.000000
vn -0.098951 -0.014449 0.000000
vn -0.098951 -0.014449 0.000000
vn -0.099883 -0.004831 0.000000
vn -0.099883 -0.004831 0.000000
vn -0.099883 0.004831 0.000000
vn -0.099883 0.004831 0.000000
vn -0.098951 0.014449 0.000000
vn -0.098951 0.014449 0.000000
vn -0.097094 0.023932 0.000000
vn -0.097094 0.023932 0.000000
vn -0.094331 0.033191 0.000000
vn -0.094331 0.033191 0.000000
vn -0.090687 0.042140 0.000000
vn -0.090687 0.042140 0.000000
vn -0.086197 0.050696 0.000000
vn -0.086197 0.050696 0.000000
vn -0.080902 0.058779 0.000000
vn -0.080902 0.058779 0.000000
vn -0.074851 0.066312 0.000000
vn -0.074851 0.066312 0.000000
vn -0.068102 0.073227 0.000000
vn -0.068102 0.073227 0.000000
vn -0.060716 0.079458 0.000000
vn -0.060716 0.079458 0.000000
vn -0.052764 0.084947 0.000000
vn -0.052764 0.084947 0.000000
vn -0.044319 0.089643 0.000000
vn -0.044319 0.089643 0.000000
vn -0.035460 0.093502 0.000000
vn -0.035460 0.093502 0.000000
vn -0.026271 0.096488 0.000000
vn -0.026271 0.096488 0.000000
vn -0.016836 0.098573 0.000000
vn -0.016836 0.098573 0.000000
vn -0.007243 0.099737 0.000000
vn -0.007243 0.099737 0.000000
vn 0.002416 0.099971 0.000000
vn 0.002416 0.099971 0.000000
vn 0.012054 0.099271 0.000000
vn 0.012054 0.099271 0.000000
vn 0.021578 0.097644 0.000000
vn 0.021578 0.097644 0.000000
vn 0.030902 0.095106 0.000000
vn 0.030902 0.095106 0.000000
vn 0.039936 0.091679 0.000000
vn 0.039936 0.091679 0.000000
vn 0.048598 0.087397 0.000000
vn 0.048598 0.087397 0.000000
vn 0.056806 0.082298 0.000000
vn 0.056806 0.082298 0.000000
vn 0.064484 0.076432 0.000000
vn 0.064484 0.076432 0.000000
vn 0.071560 0.069851 0.000000
vn 0.071560 0.069851 0.000000
vn 0.077967 0.062619 0.000000
vn 0.077967 0.062619 0.000000
vn 0.083647 0.054801 0.000000
vn 0.083647 0.054801 0.000000
vn 0.088546 0.046472 0.000000
vn 0.088546 0.046472 0.000000
vn 0.092617 0.037709 0.000000
vn 0.092617 0.037709 0.000000
vn 0.095825 0.028595 0.000000
vn 0.095825 0.028595 0.000000
vn 0.098137 0.019213 0.000000
vn 0.098137 0.019213 0.000000
vn 0.097953 0.020130 0.000000
vn 0.097953 0.020130 0.000000
vn 0.100000 0.000000 0.000000
vn 0.100000 0.000000 0.000000
vn 0.097953 -0.020130 0.000000
vn 0.097953 -0.020130 0.000000
vn 0.091896 -0.039436 0.000000
vn 0.091896 0.039436 0.000000
vn 0.091896 0.039436 0.000000
vn 0.082076 0.057127 0.000000
vn 0.082076 0.057127 0.000000
vn 0.068897 0.072479 0.000000
vn 0.068897 0.072479 0.000000
vn 0.052896 0.084864 0.000000
vn 0.052896 0.084864 0.000000
vn 0.034731 0.093775 0.000000
vn 0.034731 0.093775 0.000000
vn 0.015143 0.098847 0.000000
vn 0.015143 0.098847 0.000000
vn -0.005065 0.099872 0.000000
vn -0.005065 0.099872 0.000000
vn -0.025065 0.096808 0.000000
vn -0.025065 0.096808 0.000000
vn -0.044039 0.089780 0.000000
vn -0.044039 0.089780 0.000000
vn -0.061211 0.079078 0.000000
vn -0.061211 0.079078 0.000000
vn -0.075876 0.065137 0.000000
vn -0.075876 0.065137 0.000000
vn -0.087435 0.048530 0.000000
vn -0.087435 0.048530 0.000000
vn -0.095414 0.029936 0.000000
vn -0.095414 0.029936 0.000000
vn -0.099487 0.010117 0.000000
vn -0.099487 0.010117 0.000000
vn -0.099487 -0.010117 0.000000
vn -0.099487 -0.010117 0.000000
vn -0.095414 -0.029936 0.000000
vn -0.095414 -0.029936 0.000000
vn -0.087435 -0.048530 0.000000
vn -0.087435 -0.048530 0.000000
vn -0.075876 -0.065137 0.000000
vn -0.075876 -0.065137 0.000000
vn -0.061211 -0.079078 0.000000
vn -0.061211 -0.079078 0.000000
vn -0.044039 -0.089780 0.000000
vn -0.044039 -0.089780 0.000000
vn -0.025065 -0.096808 0.000000
vn -0.025065 -0.096808 0.000000
vn -0.005065 -0.099872 0.000000
vn -0.005065 -0.099872 0.000000
vn 0.015143 -0.098847 0.000000
vn 0.015143 -0.098847 0.000000
vn 0.034731 -0.093775 0.000000
vn 0.034731 -0.093775 0.000000
vn 0.052896 -0.084864 0.000000
vn 0.052896 -0.084864 0.000000
vn 0.068897 -0.072479 0.000000
vn 0.068897 -0.072479 0.000000
vn 0.082076 -0.057127 0.000000
vn 0.082076 -0.057127 0.000000
vn 0.091896 -0.039436 0.000000
vn 0.097953 0.020130 0.000000
vn 0.097953 0.020130 0.000000
vn 0.100000 0.000000 0.000000
vn 0.100000 0.000000 0.000000
vn 0.097953 -0.020130 0.000000
vn 0.097953 -0.020130 0.000000
vn 0.091896 -0.039436 0.000000
vn 0.091896 0.039436 0.000000
vn 0.091896 0.039436 0.000000
vn 0.082076 0.057127 0.000000
vn 0.082076 0.057127 0.000000
vn 0.068897 0.072479 0.000000
vn 0.068897 0.072479 0.000000
vn 0.052896 0.084864 0.000000
vn 0.052896 0.084864 0.000000
vn 0.034731 0.093775 0.000000
vn 0.034731 0.093775 0.000000
vn 0.015143 0.098847 0.000000
vn 0.015143 0.098847 0.000000
vn -0.005065 0.099872 0.000000
vn -0.005065 0.099872 0.000000
vn -0.025065 0.096808 0.000000
vn -0.025065 0.096808 0.000000
vn -0.044039 0.089780 0.000000
vn -0.044039 0.089780 0.000000
vn -0.061211 0.079078 0.000000
vn -0.061211 0.079078 0.000000
vn -0.075876 0.065137 0.000000
vn -0.075876 0.065137 0.000000
vn -0.087435 0.048530 0.000000
vn -0.087435 0.048530 0.000000
vn -0.095414 0.029936 0.000000
vn -0.095414 0.029936 0.000000
vn -0.099487 0.010117 0.000000
vn -0.099487 0.010117 0.000000
vn -0.099487 -0.010117 0.000000
vn -0.099487 -0.010117 0.000000
vn -0.095414 -0.029936 0.000000
vn -0.095414 -0.029936 0.000000
vn -0.087435 -0.048530 0.000000
vn -0.087435 -0.048530 0.000000
vn -0.075876 -0.065137 0.000000
vn -0.075876 -0.065137 0.000000
vn -0.061211 -0.079078 0.000000
vn -0.061211 -0.079078 0.000000
vn -0.044039 -0.089780 0.000000
vn -0.044039 -0.089780 0.000000
vn -0.025065 -0.096808 0.000000
vn -0.025065 -0.096808 0.000000
vn -0.005065 -0.099872 0.000000
vn -0.005065 -0.099872 0.000000
vn 0.015143 -0.098847 0.000000
vn 0.015143 -0.098847 0.000000
vn 0.034731 -0.093775 0.000000
vn 0.034731 -0.093775 0.000000
vn 0.052896 -0.084864 0.000000
vn 0.052896 -0.084864 0.000000
vn 0.068897 -0.072479 0.000000
vn 0.068897 -0.072479 0.000000
vn 0.082076 -0.057127 0.000000
vn 0.082076 -0.057127 0.000000
vn 0.091896 -0.039436 0.000000
vn 0.097953 0.020130 0.000000
vn 0.097953 0.020130 0.000000
vn 0.100000 0.000000 0.000000
vn 0.100000 0.000000 0.000000
vn 0.097953 -0.020130 0.000000
vn 0.097953 -0.020130 0.000000
vn 0.091896 -0.039436 0.000000
vn 0.091896 0.039436 0.000000
vn 0.091896 0.039436 0.000000
vn 0.082076 0.057127 0.000000
vn 0.082076 0.057127 0.000000
vn 0.068897 0.072479 0.000000
vn 0.068897 0.072479 0.000000
vn 0.052896 0.084864 0.000000
vn 0.052896 0.084864 0.000000
vn 0.034731 0.093775 0.000000
vn 0.034731 0.093775 0.000000
vn 0.015143 0.098847 0.000000
vn 0.015143 0.098847 0.000000
vn -0.005065 0.099872 0.000000
vn -0.005065 0.099872 0.000000
vn -0.025065 0.096808 0.000000
vn -0.025065 0.096808 0.000000
vn -0.044039 0.089780 0.000000
vn -0.044039 0.089780 0.000000
vn -0.061211 0.079078 0.000000
vn -0.061211 0.079078 0.000000
vn -0.075876 0.065137 0.000000
vn -0.075876 0.065137 0.000000
vn -0.087435 0.048530 0.000000
vn -0.087435 0.048530 0.000000
vn -0.095414 0.029936 0.000000
vn -0.095414 0.029936 0.000000
vn -0.099487 0.010117 0.000000
vn -0.099487 0.010117 0.000000
vn -0.099487 -0.010117 0.000000
vn -0.099487 -0.010117 0.000000
vn -0.095414 -0.029936 0.000000
vn -0.095414 -0.029936 0.000000
vn -0.087435 -0.048530 0.000000
vn -0.087435 -0.048530 0.000000
vn -0.075876 -0.065137 0.000000
vn -0.075876 -0.065137 0.000000
vn -0.061211 -0.079078 0.000000
vn -0.061211 -0.079078 0.000000
vn -0.044039 -0.089780 0.000000
vn -0.044039 -0.089780 0.000000
vn -0.025065 -0.096808 0.000000
vn -0.025065 -0.096808 0.000000
vn -0.005065 -0.099872 0.000000
vn -0.005065 -0.099872 0.000000
vn 0.015143 -0.098847 0.000000
vn 0.015143 -0.098847 0.000000
vn 0.034731 -0.093775 0.000000
vn 0.034731 -0.093775 0.000000
vn 0.052896 -0.084864 0.000000
vn 0.052896 -0.084864 0.000000
vn 0.068897 -0.072479 0.000000
vn 0.068897 -0.072479 0.000000
vn 0.082076 -0.057127 0.000000
vn 0.082076 -0.057127 0.000000
vn 0.091896 -0.039436 0.000000
vn 0.097953 0.020130 0.000000
vn 0.097953 0.020130 0.000000
vn 0.100000 0.000000 0.000000
vn 0.100000 0.000000 0.000000
vn 0.097953 -0.020130 0.000000
vn 0.097953 -0.020130 0.000000
vn 0.091896 -0.039436 0.000000
vn 0.091896 0.039436 0.000000
vn 0.091896 0.039436 0.000000
vn 0.082076 0.057127 0.000000
vn 0.082076 0.057127 0.000000
vn 0.068897 0.072479 0.000000
vn 0.068897 0.072479 0.000000
vn 0.052896 0.084864 0.000000
vn 0.052896 0.084864 0.000000
vn 0.034731 0.093775 0.000000
vn 0.034731 0.093775 0.000000
vn 0.015143 0.098847 0.000000
vn 0.015143 0.098847 0.000000
vn -0.005065 0.099872 0.000000
vn -0.005065 0.099872 0.000000
vn -0.025065 0.096808 0.000000
vn -0.025065 0.096808 0.000000
vn -0.044039 0.089780 0.000000
vn -0.044039 0.089780 0.000000
vn -0.061211 0.079078 0.000000
vn -0.061211 0.079078 0.000000
vn -0.075876 0.065137 0.000000
vn -0.075876 0.065137 0.000000
vn -0.087435 0.048530 0.000000
vn -0.087435 0.048530 0.000000
vn -0.095414 0.029936 0.000000
vn -0.095414 0.029936 0.000000
vn -0.099487 0.010117 0.000000
vn -0.099487 0.010117 0.000000
vn -0.099487 -0.010117 0.000000
vn -0.099487 -0.010117 0.000000
vn -0.095414 -0.029936 0.000000
vn -0.095414 -0.029936 0.000000
vn -0.087435 -0.048530 0.000000
vn -0.087435 -0.048530 0.000000
vn -0.075876 -0.065137 0.000000
vn -0.075876 -0.065137 0.000000
vn -0.061211 -0.079078 0.000000
vn -0.061211 -0.079078 0.000000
vn -0.044039 -0.089780 0.000000
vn -0.044039 -0.089780 0.000000
vn -0.025065 -0.096808 0.000000
vn -0.025065 -0.096808 0.000000
vn -0.005065 -0.099872 0.000000
vn -0.005065 -0.099872 0.000000
vn 0.015143 -0.098847 0.000000
vn 0.015143 -0.098847 0.000000
vn 0.034731 -0.093775 0.000000
vn 0.034731 -0.093775 0.000000
vn 0.052896 -0.084864 0.000000
vn 0.052896 -0.084864 0.000000
vn 0.068897 -0.072479 0.000000
vn 0.068897 -0.072479 0.000000
vn 0.082076 -0.057127 0.000000
vn 0.082076 -0.057127 0.000000
vn 0.091896 -0.039436 0.000000
vn 0.096593 0.025882 0.000000
vn 0.096593 0.025882 0.000000
vn 0.100000 0.000000 0.000000
vn 0.100000 0.000000 0.000000
vn 0.096593 -0.025882 0.000000
vn 0.096593 -0.025882 0.000000
vn 0.086603 -0.050000 0.000000
vn 0.086603 -0.050000 0.000000
vn 0.070711 -0.070711 0.000000
vn 0.070711 -0.070711 0.000000
vn 0.050000 -0.086603 0.000000
vn 0.050000 -0.086603 0.000000
vn 0.025882 -0.096593 0.000000
vn 0.025882 -0.096593 0.000000
vn -0.000000 -0.100000 0.000000
vn -0.000000 -0.100000 0.000000
vn -0.025882 -0.096593 0.000000
vn -0.025882 -0.096593 0.000000
vn -0.050000 -0.086603 0.000000
vn -0.050000 -0.086603 0.000000
vn -0.070711 -0.070711 0.000000
vn -0.070711 -0.070711 0.000000
vn -0.086603 -0.050000 0.000000
vn -0.086603 -0.050000 0.000000
vn -0.096593 -0.025882 0.000000
vn -0.096593 -0.025882 0.000000
vn -0.100000 0.000000 0.000000
vn -0.100000 0.000000 0.000000
vn -0.096593 0.025882 0.000000
vn -0.096593 0.025882 0.000000
vn -0.086603 0.050000 0.000000
vn -0.086603 0.050000 0.000000
vn -0.070711 0.070711 0.000000
vn -0.070711 0.070711 0.000000
vn -0.050000 0.086603 0.000000
vn -0.050000 0.086603 0.000000
vn -0.025882 0.096593 0.000000
vn -0.025882 0.096593 0.000000
vn -0.000000 0.100000 0.000000
vn -0.000000 0.100000 0.000000
vn 0.025882 0.096593 0.000000
vn 0.025882 0.096593 0.000000
vn 0.050000 0.086603 0.000000
vn 0.050000 0.086603 0.000000
vn 0.070711 0.070711 0.000000
vn 0.070711 0.070711 0.000000
vn 0.086603 0.050000 0.000000
vn 0.086603 0.050000 0.000000
vn 0.100000 0.000000 0.000000
vn 0.100000 0.000000 0.000000
vn 0.100000 0.000000 0.000000
vn 0.100000 0.000000 0.000000
vn -0.100000 -0.000000 0.000000
vn -0.100000 -0.000000 0.000000
vn -0.098769 0.015643 0.000000
vn -0.098769 0.015643 0.000000
vn -0.095106 0.030902 0.000000
vn -0.095106 0.030902 0.000000
vn -0.089101 0.045399 0.000000
vn -0.089101 0.045399 0.000000
vn -0.080902 0.058779 0.000000
vn -0.080902 0.058779 0.000000
vn -0.070711 0.070711 0.000000
vn -0.070711 0.070711 0.000000
vn -0.058779 0.080902 0.000000
vn -0.058779 0.080902 0.000000
vn -0.045399 0.089101 0.000000
vn -0.045399 0.089101 0.000000
vn -0.030902 0.095106 0.000000
vn -0.030902 0.095106 0.000000
vn -0.015643 0.098769 0.000000
vn -0.015643 0.098769 0.000000
vn -0.000000 0.100000 0.000000
vn -0.000000 0.100000 0.000000
vn 0.015643 0.098769 0.000000
vn 0.015643 0.098769 0.000000
vn 0.030902 0.095106 0.000000
vn 0.030902 0.095106 0.000000
vn 0.045399 0.089101 0.000000
vn 0.045399 0.089101 0.000000
vn 0.058779 0.080902 0.000000
vn 0.058779 0.080902 0.000000
vn 0.070711 0.070711 0.000000
vn 0.070711 0.070711 0.000000
vn 0.080902 0.058779 0.000000
vn 0.080902 0.058779 0.000000
vn 0.089101 0.045399 0.000000
vn 0.089101 0.045399 0.000000
vn 0.095106 0.030902 0.000000
vn 0.095106 0.030902 0.000000
vn 0.098769 0.015643 0.000000
vn 0.098769 0.015643 0.000000
vn -0.100000 0.000000 0.000000
vn -0.100000 0.000000 0.000000
vn -0.000029 -0.100000 0.000000
vn -0.000029 -0.100000 0.000000
vn -0.015670 -0.098765 0.000000
vn -0.015670 -0.098765 0.000000
vn -0.030924 -0.095098 0.000000
vn -0.030924 -0.095098 0.000000
vn -0.045417 -0.089091 0.000000
vn -0.045417 -0.089091 0.000000
vn -0.058793 -0.080891 0.000000
vn -0.058793 -0.080891 0.000000
vn -0.070721 -0.070700 0.000000
vn -0.070721 -0.070700 0.000000
vn -0.080909 -0.058769 0.000000
vn -0.080909 -0.058769 0.000000
vn -0.089105 -0.045391 0.000000
vn -0.089105 -0.045391 0.000000
vn -0.095107 -0.030896 0.000000
vn -0.095107 -0.030896 0.000000
vn -0.098769 -0.015641 0.000000
vn -0.098769 -0.015641 0.000000
vn 0.000000 0.100000 0.000000
vn 0.000000 0.100000 0.000000
vn 0.000000 0.100000 0.000000
vn 0.000000 0.100000 0.000000
vn 0.100000 0.000000 0.000000
vn 0.100000 0.000000 0.000000
vn 0.100000 0.000000 0.000000
vn 0.100000 0.000000 0.000000
vn 0.000000 -0.100000 0.000000
vn 0.000000 -0.100000 0.000000
vn 0.000000 -0.100000 0.000000
vn 0.000000 -0.100000 0.000000
vn -0.100000 0.000000 0.000000
vn -0.100000 0.000000 0.000000
vn -0.100000 0.000000 0.000000
vn -0.100000 0.000000 0.000000
vn 0.000000 0.100000 0.000000
vn 0.000000 0.100000 0.000000
vn 0.098768 -0.015646 0.000000
vn 0.098768 -0.015646 0.000000
vn 0.095104 -0.030907 0.000000
vn 0.095104 -0.030907 0.000000
vn 0.089097 -0.045407 0.000000
vn 0.089097 -0.045407 0.000000
vn 0.080895 -0.058788 0.000000
vn 0.080895 -0.058788 0.000000
vn 0.070700 -0.070721 0.000000
vn 0.070700 -0.070721 0.000000
vn 0.058764 -0.080912 0.000000
vn 0.058764 -0.080912 0.000000
vn 0.045381 -0.089110 0.000000
vn 0.045381 -0.089110 0.000000
vn 0.030879 -0.095113 0.000000
vn 0.030879 -0.095113 0.000000
vn 0.015617 -0.098773 0.000000
vn 0.015617 -0.098773 0.000000
vn 0.000000 0.000000 -0.100000
vn 0.000000 0.000000 -0.100000
vn 0.000000 0.000000 -0.100000
vn 0.000000 0.000000 -0.100000
vn 0.000000 0.000000 -0.100000
vn 0.000000 0.000000 -0.100000
vn 0.000000 0.000000 -0.100000
vn 0.000000 0.000000 -0.100000
vn 0.000000 0.000000 -0.100000
vn 0.000000 0.000000 -0.100000
vn 0.000000 0.000000 -0.100000
vn 0.000000 0.000000 -0.100000
vn 0.000000 0.000000 -0.100000
vn 0.000000 0.000000 -0.100000
vn 0.000000 0.000000 -0.100000
vn 0.000000 0.000000 -0.100000
vn 0.000000 0.000000 -0.100000
vn 0.000000 0.000000 -0.100000
vn 0.000000 0.000000 -0.100000
vn 0.000000 0.000000 -0.100000
vn 0.000000 0.000000 -0.100000
vn 0.000000 0.000000 -0.100000
vn 0.000000 0.000000 -0.100000
vn 0.000000 0.000000 -0.100000
vn 0.000000 0.000000 -0.100000
vn 0.000000 0.000000 -0.100000
vn 0.000000 0.000000 -0.100000
vn 0.000000 0.000000 -0.100000
vn 0.000000 0.000000 -0.100000
vn 0.000000 0.000000 -0.100000
vn 0.000000 0.000000 -0.100000
vn 0.000000 0.000000 -0.100000
vn 0.000000 0.000000 -0.100000
vn 0.000000 0.000000 -0.100000
vn 0.000000 0.000000 -0.100000
vn 0.000000 0.000000 -0.100000
vn 0.000000 0.000000 -0.100000
vn 0.000000 0.000000 -0.100000
vn 0.000000 0.000000 -0.100000
vn 0.000000 0.000000 -0.100000
vn 0.000000 0.000000 -0.100000
vn 0.000000 0.000000 -0.100000
vn 0.000000 0.000000 -0.100000
vn 0.000000 0.000000 -0.100000
vn 0.000000 0.000000 -0.100000
vn 0.000000 0.000000 -0.100000
vn 0.000000 0.000000 -0.100000
vn 0.000000 0.000000 -0.100000
vn 0.000000 0.000000 -0.100000
vn 0.000000 0.000000 -0.100000
vn 0.000000 0.000000 -0.100000
vn 0.000000 0.000000 -0.100000
vn 0.000000 0.000000 -0.100000
vn 0.000000 0.000000 -0.100000
vn 0.000000 0.000000 -0.100000
vn 0.000000 0.000000 -0.100000
vn 0.000000 0.000000 -0.100000
vn 0.000000 0.000000 -0.100000
vn 0.000000 0.000000 -0.100000
vn 0.000000 0.000000 -0.100000
vn 0.000000 0.000000 -0.100000
vn 0.000000 0.000000 -0.100000
vn 0.000000 0.000000 -0.100000
vn 0.000000 0.000000 -0.100000
vn 0.000000 0.000000 -0.100000
vn 0.000000 0.000000 -0.100000
vn 0.000000 0.000000 -0.100000
vn 0.000000 0.000000 -0.100000
vn 0.000000 0.000000 -0.100000
vn 0.000000 0.000000 -0.100000
vn 0.000000 0.000000 -0.100000
vn 0.000000 0.000000 -0.100000
vn 0.000000 0.000000 -0.100000
vn 0.000000 0.000000 -0.100000
vn 0.000000 0.000000 -0.100000
vn 0.000000 0.000000 -0.100000
vn 0.000000 0.000000 -0.100000
vn 0.000000 0.000000 -0.100000
vn 0.000000 0.000000 -0.100000
vn 0.000000 0.000000 -0.100000
vn 0.000000 0.000000 -0.100000
vn 0.000000 0.000000 -0.100000
vn 0.000000 0.000000 -0.100000
vn 0.000000 0.000000 -0.100000
vn 0.000000 0.000000 -0.100000
vn 0.000000 0.000000 -0.100000
vn 0.000000 0.000000 -0.100000
vn 0.000000 0.000000 -0.100000
vn 0.000000 0.000000 -0.100000
vn 0.000000 0.000000 -0.100000
vn 0.000000 0.000000 -0.100000
vn 0.000000 0.000000 -0.100000
vn 0.000000 0.000000 -0.100000
vn 0.000000 0.000000 -0.100000
vn 0.000000 0.000000 -0.100000
vn 0.000000 0.000000 -0.100000
vn 0.000000 0.000000 -0.100000
vn 0.000000 0.000000 -0.100000
vn 0.000000 0.000000 -0.100000
vn 0.000000 0.000000 -0.100000
vn 0.000000 0.000000 -0.100000
vn 0.000000 0.000000 -0.100000
vn 0.000000 0.000000 -0.100000
vn 0.000000 0.000000 -0.100000
vn 0.000000 0.000000 -0.100000
vn 0.000000 0.000000 -0.100000
vn 0.000000 0.000000 -0.100000
vn 0.000000 0.000000 -0.100000
vn 0.000000 0.000000 -0.100000
vn 0.000000 0.000000 -0.100000
vn 0.000000 0.000000 -0.100000
vn 0.000000 0.000000 -0.100000
vn 0.000000 0.000000 -0.100000
vn 0.000000 0.000000 -0.100000
vn 0.000000 0.000000 -0.100000
vn 0.000000 0.000000 -0.100000
vn 0.000000 0.000000 -0.100000
vn 0.000000 0.000000 -0.100000
vn 0.000000 0.000000 -0.100000
vn 0.000000 0.000000 -0.100000
vn 0.000000 0.000000 -0.100000
vn 0.000000 0.000000 -0.100000
vn 0.000000 0.000000 -0.100000
vn 0.000000 0.000000 -0.100000
vn 0.000000 0.000000 -0.100000
vn 0.000000 0.000000 -0.100000
vn 0.000000 0.000000 -0.100000
vn 0.000000 0.000000 -0.100000
vn 0.000000 0.000000 -0.100000
vn 0.000000 0.000000 -0.100000
vn 0.000000 0.000000 -0.100000
vn 0.000000 0.000000 -0.100000
vn 0.000000 0.000000 -0.100000
vn 0.000000 0.000000 -0.100000
vn 0.000000 0.000000 -0.100000
vn 0.000000 0.000000 -0.100000
vn 0.000000 0.000000 -0.100000
vn 0.000000 0.000000 -0.100000
vn 0.000000 0.000000 -0.100000
vn 0.000000 0.000000 -0.100000
vn 0.000000 0.000000 -0.100000
vn 0.000000 0.000000 -0.100000
vn 0.000000 0.000000 -0.100000
vn 0.000000 0.000000 -0.100000
vn 0.000000 0.000000 -0.100000
vn 0.000000 0.000000 -0.100000
vn 0.000000 0.000000 -0.100000
vn 0.000000 0.000000 -0.100000
vn 0.000000 0.000000 -0.100000
vn 0.000000 0.000000 -0.100000
vn 0.000000 0.000000 -0.100000
vn 0.000000 0.000000 -0.100000
vn 0.000000 0.000000 -0.100000
vn 0.000000 0.000000 -0.100000
vn 0.000000 0.000000 -0.100000
vn 0.000000 0.000000 -0.100000
vn 0.000000 0.000000 -0.100000
vn 0.000000 0.000000 -0.100000
vn 0.000000 0.000000 -0.100000
vn 0.000000 0.000000 -0.100000
vn 0.000000 0.000000 -0.100000
vn 0.000000 0.000000 -0.100000
vn 0.000000 0.000000 -0.100000
vn 0.000000 0.000000 -0.100000
vn 0.000000 0.000000 -0.100000
vn 0.000000 0.000000 -0.100000
vn 0.000000 0.000000 -0.100000
vn 0.000000 0.000000 -0.100000
vn 0.000000 0.000000 -0.100000
vn 0.000000 0.000000 -0.100000
vn 0.000000 0.000000 -0.100000
vn 0.000000 0.000000 -0.100000
vn 0.000000 0.000000 -0.100000
vn 0.000000 0.000000 -0.100000
vn 0.000000 0.000000 -0.100000
vn 0.000000 0.000000 -0.100000
vn 0.000000 0.000000 -0.100000
vn 0.000000 0.000000 -0.100000
vn 0.000000 0.000000 -0.100000
vn 0.000000 0.000000 -0.100000
vn 0.000000 0.000000 -0.100000
vn 0.000000 0.000000 -0.100000
vn 0.000000 0.000000 -0.100000
vn 0.000000 0.000000 -0.100000
vn 0.000000 0.000000 -0.100000
vn 0.000000 0.000000 -0.100000
vn 0.000000 0.000000 -0.100000
vn 0.000000 0.000000 -0.100000
vn 0.000000 0.000000 -0.100000
vn 0.000000 0.000000 -0.100000
vn 0.000000 0.000000 -0.100000
vn 0.000000 0.000000 -0.100000
vn 0.000000 0.000000 -0.100000
vn 0.000000 0.000000 -0.100000
vn 0.000000 0.000000 -0.100000
vn 0.000000 0.000000 -0.100000
vn 0.000000 0.000000 -0.100000
vn 0.000000 0.000000 -0.100000
vn 0.000000 0.000000 -0.100000
vn 0.000000 0.000000 -0.100000
vn 0.000000 0.000000 -0.100000
vn 0.000000 0.000000 -0.100000
vn 0.000000 0.000000 -0.100000
vn 0.000000 0.000000 -0.100000
vn 0.000000 0.000000 -0.100000
vn 0.000000 0.000000 -0.100000
vn 0.000000 0.000000 -0.100000
vn 0.000000 0.000000 -0.100000
vn 0.000000 0.000000 -0.100000
vn 0.000000 0.000000 -0.100000
vn 0.000000 0.000000 -0.100000
vn 0.000000 0.000000 -0.100000
vn 0.000000 0.000000 -0.100000
vn 0.000000 0.000000 -0.100000
vn 0.000000 0.000000 -0.100000
vn 0.000000 0.000000 -0.100000
vn 0.000000 0.000000 -0.100000
vn 0.000000 0.000000 -0.100000
vn 0.000000 0.000000 -0.100000
vn 0.000000 0.000000 -0.100000
vn 0.000000 0.000000 -0.100000
vn 0.000000 0.000000 -0.100000
vn 0.000000 0.000000 -0.100000
vn 0.000000 0.000000 -0.100000
vn 0.000000 0.000000 -0.100000
vn 0.000000 0.000000 -0.100000
vn 0.000000 0.000000 -0.100000
vn 0.000000 0.000000 -0.100000
vn 0.000000 0.000000 -0.100000
vn 0.000000 0.000000 -0.100000
vn 0.000000 0.000000 -0.100000
vn 0.000000 0.000000 -0.100000
vn 0.000000 0.000000 -0.100000
vn 0.000000 0.000000 -0.100000
vn 0.000000 0.000000 -0.100000
vn 0.000000 0.000000 -0.100000
vn 0.000000 0.000000 -0.100000
vn 0.000000 0.000000 -0.100000
vn 0.000000 0.000000 -0.100000
vn 0.000000 0.000000 -0.100000
vn 0.000000 0.000000 -0.100000
vn 0.000000 0.000000 -0.100000
vn 0.000000 0.000000 -0.100000
vn 0.000000 0.000000 -0.100000
vn 0.000000 0.000000 -0.100000
vn 0.000000 0.000000 -0.100000
vn 0.000000 0.000000 -0.100000
vn 0.000000 0.000000 -0.100000
vn 0.000000 0.000000 -0.100000
vn 0.000000 0.000000 -0.100000
vn 0.000000 0.000000 -0.100000
vn 0.000000 0.000000 -0.100000
vn 0.000000 0.000000 -0.100000
vn 0.000000 0.000000 -0.100000
vn 0.000000 0.000000 -0.100000
vn 0.000000 0.000000 -0.100000
vn 0.000000 0.000000 -0.100000
vn 0.000000 0.000000 -0.100000
vn 0.000000 0.000000 -0.100000
vn 0.000000 0.000000 -0.100000
vn 0.000000 0.000000 -0.100000
vn 0.000000 0.000000 -0.100000
vn 0.000000 0.000000 -0.100000
vn 0.000000 0.000000 -0.100000
vn 0.000000 0.000000 -0.100000
vn 0.000000 0.000000 -0.100000
vn 0.000000 0.000000 -0.100000
vn 0.000000 0.000000 -0.100000
vn 0.000000 0.000000 -0.100000
vn 0.000000 0.000000 -0.100000
vn 0.000000 0.000000 -0.100000
vn 0.000000 0.000000 -0.100000
vn 0.000000 0.000000 -0.100000
vn 0.000000 0.000000 -0.100000
usemtl Acrylic_(Clear)
f 28/1/1 1/2/2 27/3/3
f 27/3/3 1/2/2 2/4/4
f 27/3/3 2/4/4 26/5/5
f 26/5/5 2/4/4 3/6/6
f 26/5/5 3/6/6 25/7/7
f 25/7/7 3/6/6 4/8/8
f 25/7/7 4/8/8 24/9/9
f 24/9/9 4/8/8 5/10/10
f 24/9/9 5/10/10 23/11/11
f 23/11/11 5/10/10 6/12/12
f 23/11/11 6/12/12 22/13/13
f 22/13/13 6/12/12 7/14/14
f 22/13/13 7/14/14 21/15/15
f 21/15/15 7/14/14 8/16/16
f 21/15/15 8/16/16 20/17/17
f 20/17/17 8/16/16 9/18/18
f 20/17/17 9/18/18 19/19/19
f 19/19/19 9/18/18 10/20/20
f 19/19/19 10/20/20 18/21/21
f 18/21/21 10/20/20 11/22/22
f 18/21/21 11/22/22 17/23/23
f 17/23/23 11/22/22 12/24/24
f 17/23/23 12/24/24 16/25/25
f 16/25/25 12/24/24 13/26/26
f 16/25/25 13/26/26 15/27/27
f 15/27/27 13/26/26 14/28/28
f 29/29/29 1/30/30 30/31/31
f 30/31/31 1/30/30 28/32/32
f 14/33/33 31/34/34 15/35/35
f 15/35/35 31/34/34 32/36/36
f 28/37/37 244/38/38 30/39/39
f 30/39/39 244/38/38 245/40/40
f 30/39/39 245/40/40 246/41/41
f 27/42/42 111/43/43 28/37/37
f 28/37/37 111/43/43 112/44/44
f 28/37/37 112/44/44 113/45/45
f 111/43/43 27/42/42 110/46/46
f 110/46/46 27/42/42 26/47/47
f 110/46/46 26/47/47 25/48/48
f 110/46/46 25/48/48 109/49/49
f 109/49/49 25/48/48 24/50/50
f 109/49/49 24/50/50 108/51/51
f 108/51/51 24/50/50 23/52/52
f 108/51/51 23/52/52 22/53/53
f 108/51/51 22/53/53 107/54/54
f 107/54/54 22/53/53 21/55/55
f 107/54/54 21/55/55 106/56/56
f 106/56/56 21/55/55 20/57/57
f 106/56/56 20/57/57 19/58/58
f 106/56/56 19/58/58 105/59/59
f 105/59/59 19/58/58 18/60/60
f 105/59/59 18/60/60 104/61/61
f 104/61/61 18/60/60 17/62/62
f 104/61/61 17/62/62 103/63/63
f 103/63/63 17/62/62 16/64/64
f 103/63/63 16/64/64 102/65/65
f 102/65/65 16/64/64 15/66/66
f 102/65/65 15/66/66 101/67/67
f 101/67/67 15/66/66 100/68/68
f 100/68/68 15/66/66 99/69/69
f 99/69/69 15/66/66 46/70/70
f 99/69/69 46/70/70 47/71/71
f 32/72/72 44/73/73 15/66/66
f 15/66/66 44/73/73 45/74/74
f 15/66/66 45/74/74 46/70/70
f 33/75/75 34/76/76 32/72/72
f 32/72/72 34/76/76 35/77/77
f 32/72/72 35/77/77 36/78/78
f 36/78/78 37/79/79 32/72/72
f 32/72/72 37/79/79 38/80/80
f 32/72/72 38/80/80 39/81/81
f 39/81/81 40/82/82 32/72/72
f 32/72/72 40/82/82 41/83/83
f 32/72/72 41/83/83 42/84/84
f 42/84/84 43/85/85 32/72/72
f 32/72/72 43/85/85 44/73/73
f 99/69/69 47/71/71 98/86/86
f 98/86/86 47/71/71 48/87/87
f 98/86/86 48/87/87 49/88/88
f 98/86/86 49/88/88 97/89/89
f 97/89/89 49/88/88 50/90/90
f 97/89/89 50/90/90 96/91/91
f 96/91/91 50/90/90 51/92/92
f 96/91/91 51/92/92 52/93/93
f 96/91/91 52/93/93 95/94/94
f 95/94/94 52/93/93 53/95/95
f 95/94/94 53/95/95 54/96/96
f 95/94/94 54/96/96 94/97/97
f 94/97/97 54/96/96 55/98/98
f 94/97/97 55/98/98 93/99/99
f 93/99/99 55/98/98 56/100/100
f 93/99/99 56/100/100 57/101/101
f 93/99/99 57/101/101 92/102/102
f 92/102/102 57/101/101 58/103/103
f 92/102/102 58/103/103 91/104/104
f 91/104/104 58/103/103 59/105/105
f 91/104/104 59/105/105 60/106/106
f 91/104/104 60/106/106 90/107/107
f 90/107/107 60/106/106 61/108/108
f 90/107/107 61/108/108 89/109/109
f 89/109/109 61/108/108 62/110/110
f 89/109/109 62/110/110 88/111/111
f 88/111/111 62/110/110 63/112/112
f 88/111/111 63/112/112 87/113/113
f 87/113/113 63/112/112 64/114/114
f 87/113/113 64/114/114 86/115/115
f 86/115/115 64/114/114 284/116/116
f 86/115/115 284/116/116 85/117/117
f 85/117/117 284/116/116 285/118/118
f 85/117/117 285/118/118 84/119/119
f 84/119/119 285/118/118 286/120/120
f 84/119/119 286/120/120 83/121/121
f 83/121/121 286/120/120 150/122/122
f 83/121/121 150/122/122 82/123/123
f 82/123/123 150/122/122 151/124/124
f 82/123/123 151/124/124 81/125/125
f 81/125/125 151/124/124 152/126/126
f 81/125/125 152/126/126 80/127/127
f 80/127/127 152/126/126 153/128/128
f 80/127/127 153/128/128 79/129/129
f 79/129/129 153/128/128 154/130/130
f 79/129/129 154/130/130 78/131/131
f 78/131/131 154/130/130 155/132/132
f 78/131/131 155/132/132 142/133/133
f 142/133/133 155/132/132 156/134/134
f 142/133/133 156/134/134 141/135/135
f 141/135/135 156/134/134 157/136/136
f 141/135/135 157/136/136 140/137/137
f 140/137/137 157/136/136 158/138/138
f 140/137/137 158/138/138 139/139/139
f 139/139/139 158/138/138 159/140/140
f 139/139/139 159/140/140 138/141/141
f 138/141/141 159/140/140 160/142/142
f 138/141/141 160/142/142 137/143/143
f 137/143/143 160/142/142 161/144/144
f 137/143/143 161/144/144 218/145/145
f 218/145/145 161/144/144 217/146/146
f 217/146/146 161/144/144 162/147/147
f 217/146/146 162/147/147 216/148/148
f 216/148/148 162/147/147 163/149/149
f 216/148/148 163/149/149 215/150/150
f 215/150/150 163/149/149 164/151/151
f 215/150/150 164/151/151 214/152/152
f 214/152/152 164/151/151 165/153/153
f 214/152/152 165/153/153 213/154/154
f 213/154/154 165/153/153 166/155/155
f 213/154/154 166/155/155 212/156/156
f 212/156/156 166/155/155 167/157/157
f 212/156/156 167/157/157 211/158/158
f 211/158/158 167/157/157 168/159/159
f 211/158/158 168/159/159 210/160/160
f 210/160/160 168/159/159 169/161/161
f 210/160/160 169/161/161 209/162/162
f 209/162/162 169/161/161 170/163/163
f 209/162/162 170/163/163 208/164/164
f 208/164/164 170/163/163 171/165/165
f 208/164/164 171/165/165 207/166/166
f 207/166/166 171/165/165 172/167/167
f 207/166/166 172/167/167 173/168/168
f 65/169/169 281/170/170 64/114/114
f 64/114/114 281/170/170 282/171/171
f 64/114/114 282/171/171 283/172/172
f 66/173/173 278/174/174 65/169/169
f 65/169/169 278/174/174 279/175/175
f 65/169/169 279/175/175 280/176/176
f 278/174/174 66/173/173 277/177/177
f 277/177/177 66/173/173 67/178/178
f 277/177/177 67/178/178 276/179/179
f 276/179/179 67/178/178 68/180/180
f 276/179/179 68/180/180 275/181/181
f 275/181/181 68/180/180 69/182/182
f 275/181/181 69/182/182 75/183/183
f 75/183/183 69/182/182 70/184/184
f 75/183/183 70/184/184 71/185/185
f 71/185/185 72/186/186 75/183/183
f 75/183/183 72/186/186 73/187/187
f 75/183/183 73/187/187 74/188/188
f 74/188/188 33/75/75 75/183/183
f 76/189/189 144/190/190 75/183/183
f 75/183/183 144/190/190 145/191/191
f 75/183/183 145/191/191 290/192/192
f 290/192/192 145/191/191 289/193/193
f 289/193/193 145/191/191 146/194/194
f 289/193/193 146/194/194 147/195/195
f 77/196/196 199/197/197 76/189/189
f 76/189/189 199/197/197 226/198/198
f 76/189/189 226/198/198 227/199/199
f 30/39/39 253/200/200 77/196/196
f 77/196/196 253/200/200 188/201/201
f 77/196/196 188/201/201 189/202/202
f 28/37/37 113/45/45 237/203/203
f 237/203/203 113/45/45 114/204/204
f 237/203/203 114/204/204 236/205/205
f 236/205/205 114/204/204 115/206/206
f 236/205/205 115/206/206 266/207/207
f 266/207/207 115/206/206 116/208/208
f 266/207/207 116/208/208 265/209/209
f 265/209/209 116/208/208 117/210/210
f 265/209/209 117/210/210 176/211/211
f 176/211/211 117/210/210 175/212/212
f 175/212/212 117/210/210 118/213/213
f 175/212/212 118/213/213 119/214/214
f 175/212/212 119/214/214 174/215/215
f 174/215/215 119/214/214 120/216/216
f 174/215/215 120/216/216 204/217/217
f 204/217/217 120/216/216 121/218/218
f 204/217/217 121/218/218 122/219/219
f 204/217/217 122/219/219 203/220/220
f 203/220/220 122/219/219 123/221/221
f 203/220/220 123/221/221 202/222/222
f 202/222/222 123/221/221 124/223/223
f 202/222/222 124/223/223 125/224/224
f 202/222/222 125/224/224 201/225/225
f 201/225/225 125/224/224 126/226/226
f 201/225/225 126/226/226 127/227/227
f 128/228/228 224/229/229 127/227/227
f 127/227/227 224/229/229 225/230/230
f 127/227/227 225/230/230 201/225/225
f 201/225/225 225/230/230 200/231/231
f 200/231/231 225/230/230 226/198/198
f 200/231/231 226/198/198 199/197/197
f 128/228/228 129/232/232 224/229/229
f 224/229/229 129/232/232 223/233/233
f 223/233/233 129/232/232 130/234/234
f 223/233/233 130/234/234 131/235/235
f 223/233/233 131/235/235 222/236/236
f 222/236/236 131/235/235 132/237/237
f 222/236/236 132/237/237 133/238/238
f 222/236/236 133/238/238 221/239/239
f 221/239/239 133/238/238 134/240/240
f 221/239/239 134/240/240 220/241/241
f 220/241/241 134/240/240 135/242/242
f 220/241/241 135/242/242 219/243/243
f 219/243/243 135/242/242 136/244/244
f 219/243/243 136/244/244 137/143/143
f 173/168/168 143/245/245 76/189/189
f 76/189/189 143/245/245 144/190/190
f 289/193/193 147/195/195 288/246/246
f 288/246/246 147/195/195 148/247/247
f 288/246/246 148/247/247 287/248/248
f 287/248/248 148/247/247 149/249/249
f 287/248/248 149/249/249 286/120/120
f 286/120/120 149/249/249 150/122/122
f 176/211/211 177/250/250 265/209/209
f 265/209/209 177/250/250 264/251/251
f 264/251/251 177/250/250 263/252/252
f 263/252/252 177/250/250 178/253/253
f 263/252/252 178/253/253 262/254/254
f 262/254/254 178/253/253 179/255/255
f 262/254/254 179/255/255 261/256/256
f 261/256/256 179/255/255 180/257/257
f 261/256/256 180/257/257 260/258/258
f 260/258/258 180/257/257 181/259/259
f 260/258/258 181/259/259 259/260/260
f 259/260/260 181/259/259 182/261/261
f 259/260/260 182/261/261 183/262/262
f 259/260/260 183/262/262 258/263/263
f 258/263/263 183/262/262 184/264/264
f 258/263/263 184/264/264 257/265/265
f 257/265/265 184/264/264 185/266/266
f 257/265/265 185/266/266 256/267/267
f 256/267/267 185/266/266 186/268/268
f 256/267/267 186/268/268 255/269/269
f 255/269/269 186/268/268 187/270/270
f 255/269/269 187/270/270 254/271/271
f 254/271/271 187/270/270 253/200/200
f 253/200/200 187/270/270 188/201/201
f 189/202/202 190/272/272 77/196/196
f 77/196/196 190/272/272 191/273/273
f 77/196/196 191/273/273 192/274/274
f 192/274/274 193/275/275 77/196/196
f 77/196/196 193/275/275 194/276/276
f 77/196/196 194/276/276 195/277/277
f 195/277/277 196/278/278 77/196/196
f 77/196/196 196/278/278 197/279/279
f 77/196/196 197/279/279 198/280/280
f 198/280/280 199/197/197 77/196/196
f 235/281/281 205/282/282 76/189/189
f 76/189/189 205/282/282 206/283/283
f 76/189/189 206/283/283 173/168/168
f 173/168/168 206/283/283 207/166/166
f 218/145/145 219/243/243 137/143/143
f 227/199/199 228/284/284 76/189/189
f 76/189/189 228/284/284 229/285/285
f 76/189/189 229/285/285 230/286/286
f 230/286/286 231/287/287 76/189/189
f 76/189/189 231/287/287 232/288/288
f 76/189/189 232/288/288 233/289/289
f 233/289/289 234/290/290 76/189/189
f 76/189/189 234/290/290 235/281/281
f 237/203/203 238/291/291 28/37/37
f 28/37/37 238/291/291 239/292/292
f 28/37/37 239/292/292 240/293/293
f 240/293/293 241/294/294 28/37/37
f 28/37/37 241/294/294 242/295/295
f 28/37/37 242/295/295 243/296/296
f 243/296/296 244/38/38 28/37/37
f 246/41/41 247/297/297 30/39/39
f 30/39/39 247/297/297 248/298/298
f 30/39/39 248/298/298 249/299/299
f 249/299/299 250/300/300 30/39/39
f 30/39/39 250/300/300 251/301/301
f 30/39/39 251/301/301 252/302/302
f 252/302/302 253/200/200 30/39/39
f 290/192/192 267/303/303 75/183/183
f 75/183/183 267/303/303 268/304/304
f 75/183/183 268/304/304 269/305/305
f 269/305/305 270/306/306 75/183/183
f 75/183/183 270/306/306 271/307/307
f 75/183/183 271/307/307 272/308/308
f 272/308/308 273/309/309 75/183/183
f 75/183/183 273/309/309 274/310/310
f 75/183/183 274/310/310 275/181/181
f 280/176/176 281/170/170 65/169/169
f 283/172/172 284/116/116 64/114/114
f 142/311/311 355/312/312 78/313/313
f 78/313/313 355/312/312 291/314/314
f 78/315/313 291/316/314 79/317/315
f 79/317/315 291/316/314 292/318/316
f 79/317/315 292/318/316 80/319/317
f 80/319/317 292/318/316 293/320/318
f 80/319/317 293/320/318 81/321/319
f 81/321/319 293/320/318 294/322/320
f 81/321/319 294/322/320 82/323/321
f 82/323/321 294/322/320 295/324/322
f 82/323/321 295/324/322 83/325/323
f 83/325/323 295/324/322 296/326/324
f 83/325/323 296/326/324 84/327/325
f 84/327/325 296/326/324 297/328/326
f 84/327/325 297/328/326 85/329/327
f 85/329/327 297/328/326 298/330/328
f 85/329/327 298/330/328 86/331/329
f 86/331/329 298/330/328 299/332/330
f 86/331/329 299/332/330 87/333/331
f 87/333/331 299/332/330 300/334/332
f 87/333/331 300/334/332 88/335/333
f 88/335/333 300/334/332 301/336/334
f 88/335/333 301/336/334 89/337/335
f 89/337/335 301/336/334 302/338/336
f 89/337/335 302/338/336 90/339/337
f 90/339/337 302/338/336 303/340/338
f 90/339/337 303/340/338 91/341/339
f 91/341/339 303/340/338 304/342/340
f 91/341/339 304/342/340 92/343/341
f 92/343/341 304/342/340 305/344/342
f 92/343/341 305/344/342 93/345/343
f 93/345/343 305/344/342 306/346/344
f 93/345/343 306/346/344 94/347/345
f 94/347/345 306/346/344 307/348/346
f 94/347/345 307/348/346 95/349/347
f 95/349/347 307/348/346 308/350/348
f 95/349/347 308/350/348 96/351/349
f 96/351/349 308/350/348 309/352/350
f 96/351/349 309/352/350 97/353/351
f 97/353/351 309/352/350 310/354/352
f 97/353/351 310/354/352 98/355/353
f 98/355/353 310/354/352 311/356/354
f 98/355/353 311/356/354 99/357/355
f 99/357/355 311/356/354 312/358/356
f 99/357/355 312/358/356 100/359/357
f 100/359/357 312/358/356 313/360/358
f 100/359/357 313/360/358 101/361/359
f 101/361/359 313/360/358 314/362/360
f 101/361/359 314/362/360 102/363/361
f 102/363/361 314/362/360 315/364/362
f 102/363/361 315/364/362 103/365/363
f 103/365/363 315/364/362 316/366/364
f 103/365/363 316/366/364 104/367/365
f 104/367/365 316/366/364 317/368/366
f 104/367/365 317/368/366 105/369/367
f 105/369/367 317/368/366 318/370/368
f 105/369/367 318/370/368 106/371/369
f 106/371/369 318/370/368 319/372/370
f 106/371/369 319/372/370 107/373/371
f 107/373/371 319/372/370 320/374/372
f 107/373/371 320/374/372 108/375/373
f 108/375/373 320/374/372 321/376/374
f 108/375/373 321/376/374 109/377/375
f 109/377/375 321/376/374 322/378/376
f 109/377/375 322/378/376 110/379/377
f 110/379/377 322/378/376 323/380/378
f 110/379/377 323/380/378 111/381/379
f 111/381/379 323/380/378 324/382/380
f 111/381/379 324/382/380 112/383/381
f 112/383/381 324/382/380 325/384/382
f 112/383/381 325/384/382 113/385/383
f 113/385/383 325/384/382 326/386/384
f 113/385/383 326/386/384 114/387/385
f 114/387/385 326/386/384 327/388/386
f 114/387/385 327/388/386 115/389/387
f 115/389/387 327/388/386 328/390/388
f 115/389/387 328/390/388 116/391/389
f 116/391/389 328/390/388 329/392/390
f 116/391/389 329/392/390 117/393/391
f 117/393/391 329/392/390 330/394/392
f 117/393/391 330/394/392 118/395/393
f 118/395/393 330/394/392 331/396/394
f 118/395/393 331/396/394 119/397/395
f 119/397/395 331/396/394 332/398/396
f 119/397/395 332/398/396 120/399/397
f 120/399/397 332/398/396 333/400/398
f 120/399/397 333/400/398 121/401/399
f 121/401/399 333/400/398 334/402/400
f 121/401/399 334/402/400 122/403/401
f 122/403/401 334/402/400 335/404/402
f 122/403/401 335/404/402 123/405/403
f 123/405/403 335/404/402 336/406/404
f 123/405/403 336/406/404 124/407/405
f 124/407/405 336/406/404 337/408/406
f 124/407/405 337/408/406 125/409/407
f 125/409/407 337/408/406 338/410/408
f 125/409/407 338/410/408 126/411/409
f 126/411/409 338/410/408 339/412/410
f 126/411/409 339/412/410 127/413/411
f 127/413/411 339/412/410 340/414/412
f 127/413/411 340/414/412 128/415/413
f 128/415/413 340/414/412 341/416/414
f 128/415/413 341/416/414 129/417/415
f 129/417/415 341/416/414 342/418/416
f 129/417/415 342/418/416 130/419/417
f 130/419/417 342/418/416 343/420/418
f 130/419/417 343/420/418 131/421/419
f 131/421/419 343/420/418 344/422/420
f 131/421/419 344/422/420 132/423/421
f 132/423/421 344/422/420 345/424/422
f 132/423/421 345/424/422 133/425/423
f 133/425/423 345/424/422 346/426/424
f 133/425/423 346/426/424 134/427/425
f 134/427/425 346/426/424 347/428/426
f 134/427/425 347/428/426 135/429/427
f 135/429/427 347/428/426 348/430/428
f 135/429/427 348/430/428 136/431/429
f 136/431/429 348/430/428 349/432/430
f 136/431/429 349/432/430 137/433/431
f 137/433/431 349/432/430 350/434/432
f 137/433/431 350/434/432 138/435/433
f 138/435/433 350/434/432 351/436/434
f 138/435/433 351/436/434 139/437/435
f 139/437/435 351/436/434 352/438/436
f 139/437/435 352/438/436 140/439/437
f 140/439/437 352/438/436 353/440/438
f 140/439/437 353/440/438 141/441/439
f 141/441/439 353/440/438 354/442/440
f 141/441/439 354/442/440 142/311/311
f 142/311/311 354/442/440 355/312/312
f 173/443/441 386/444/442 143/445/443
f 143/445/443 386/444/442 356/446/444
f 143/447/443 356/448/444 144/449/445
f 144/449/445 356/448/444 357/450/446
f 144/449/445 357/450/446 358/451/447
f 173/443/441 172/452/448 386/444/442
f 386/444/442 172/452/448 385/453/449
f 385/453/449 172/452/448 171/454/450
f 385/453/449 171/454/450 384/455/451
f 384/455/451 171/454/450 170/456/452
f 384/455/451 170/456/452 383/457/453
f 383/457/453 170/456/452 169/458/454
f 383/457/453 169/458/454 382/459/455
f 382/459/455 169/458/454 168/460/456
f 382/459/455 168/460/456 381/461/457
f 381/461/457 168/460/456 167/462/458
f 381/461/457 167/462/458 380/463/459
f 380/463/459 167/462/458 166/464/460
f 380/463/459 166/464/460 379/465/461
f 379/465/461 166/464/460 165/466/462
f 379/465/461 165/466/462 378/467/463
f 378/467/463 165/466/462 164/468/464
f 378/467/463 164/468/464 377/469/465
f 377/469/465 164/468/464 163/470/466
f 377/469/465 163/470/466 376/471/467
f 376/471/467 163/470/466 162/472/468
f 376/471/467 162/472/468 375/473/469
f 375/473/469 162/472/468 161/474/470
f 375/473/469 161/474/470 374/475/471
f 374/475/471 161/474/470 160/476/472
f 374/475/471 160/476/472 373/477/473
f 373/477/473 160/476/472 159/478/474
f 373/477/473 159/478/474 372/479/475
f 372/479/475 159/478/474 158/480/476
f 372/479/475 158/480/476 371/481/477
f 371/481/477 158/480/476 157/482/478
f 371/481/477 157/482/478 370/483/479
f 370/483/479 157/482/478 156/484/480
f 370/483/479 156/484/480 369/485/481
f 369/485/481 156/484/480 155/486/482
f 369/485/481 155/486/482 368/487/483
f 368/487/483 155/486/482 154/488/484
f 368/487/483 154/488/484 367/489/485
f 367/489/485 154/488/484 153/490/486
f 367/489/485 153/490/486 366/491/487
f 366/491/487 153/490/486 152/492/488
f 366/491/487 152/492/488 365/493/489
f 365/493/489 152/492/488 151/494/490
f 365/493/489 151/494/490 364/495/491
f 364/495/491 151/494/490 150/496/492
f 364/495/491 150/496/492 363/497/493
f 363/497/493 150/496/492 149/498/494
f 363/497/493 149/498/494 362/499/495
f 362/499/495 149/498/494 148/500/496
f 362/499/495 148/500/496 361/501/497
f 361/501/497 148/500/496 147/502/498
f 361/501/497 147/502/498 360/503/499
f 360/503/499 147/502/498 146/504/500
f 360/503/499 146/504/500 359/505/501
f 359/505/501 146/504/500 145/506/502
f 359/505/501 145/506/502 358/451/447
f 358/451/447 145/506/502 144/449/445
f 204/507/503 417/508/504 174/509/505
f 174/509/505 417/508/504 387/510/506
f 174/511/505 387/512/506 175/513/507
f 175/513/507 387/512/506 388/514/508
f 175/513/507 388/514/508 389/515/509
f 204/507/503 203/516/510 417/508/504
f 417/508/504 203/516/510 416/517/511
f 416/517/511 203/516/510 202/518/512
f 416/517/511 202/518/512 415/519/513
f 415/519/513 202/518/512 201/520/514
f 415/519/513 201/520/514 414/521/515
f 414/521/515 201/520/514 200/522/516
f 414/521/515 200/522/516 413/523/517
f 413/523/517 200/522/516 199/524/518
f 413/523/517 199/524/518 412/525/519
f 412/525/519 199/524/518 198/526/520
f 412/525/519 198/526/520 411/527/521
f 411/527/521 198/526/520 197/528/522
f 411/527/521 197/528/522 410/529/523
f 410/529/523 197/528/522 196/530/524
f 410/529/523 196/530/524 409/531/525
f 409/531/525 196/530/524 195/532/526
f 409/531/525 195/532/526 408/533/527
f 408/533/527 195/532/526 194/534/528
f 408/533/527 194/534/528 407/535/529
f 407/535/529 194/534/528 193/536/530
f 407/535/529 193/536/530 406/537/531
f 406/537/531 193/536/530 192/538/532
f 406/537/531 192/538/532 405/539/533
f 405/539/533 192/538/532 191/540/534
f 405/539/533 191/540/534 404/541/535
f 404/541/535 191/540/534 190/542/536
f 404/541/535 190/542/536 403/543/537
f 403/543/537 190/542/536 189/544/538
f 403/543/537 189/544/538 402/545/539
f 402/545/539 189/544/538 188/546/540
f 402/545/539 188/546/540 401/547/541
f 401/547/541 188/546/540 187/548/542
f 401/547/541 187/548/542 400/549/543
f 400/549/543 187/548/542 186/550/544
f 400/549/543 186/550/544 399/551/545
f 399/551/545 186/550/544 185/552/546
f 399/551/545 185/552/546 398/553/547
f 398/553/547 185/552/546 184/554/548
f 398/553/547 184/554/548 397/555/549
f 397/555/549 184/554/548 183/556/550
f 397/555/549 183/556/550 396/557/551
f 396/557/551 183/556/550 182/558/552
f 396/557/551 182/558/552 395/559/553
f 395/559/553 182/558/552 181/560/554
f 395/559/553 181/560/554 394/561/555
f 394/561/555 181/560/554 180/562/556
f 394/561/555 180/562/556 393/563/557
f 393/563/557 180/562/556 179/564/558
f 393/563/557 179/564/558 392/565/559
f 392/565/559 179/564/558 178/566/560
f 392/565/559 178/566/560 391/567/561
f 391/567/561 178/566/560 177/568/562
f 391/567/561 177/568/562 390/569/563
f 390/569/563 177/568/562 176/570/564
f 390/569/563 176/570/564 389/515/509
f 389/515/509 176/570/564 175/513/507
f 235/571/565 448/572/566 205/573/567
f 205/573/567 448/572/566 418/574/568
f 205/575/567 418/576/568 206/577/569
f 206/577/569 418/576/568 419/578/570
f 206/577/569 419/578/570 420/579/571
f 235/571/565 234/580/572 448/572/566
f 448/572/566 234/580/572 447/581/573
f 447/581/573 234/580/572 233/582/574
f 447/581/573 233/582/574 446/583/575
f 446/583/575 233/582/574 232/584/576
f 446/583/575 232/584/576 445/585/577
f 445/585/577 232/584/576 231/586/578
f 445/585/577 231/586/578 444/587/579
f 444/587/579 231/586/578 230/588/580
f 444/587/579 230/588/580 443/589/581
f 443/589/581 230/588/580 229/590/582
f 443/589/581 229/590/582 442/591/583
f 442/591/583 229/590/582 228/592/584
f 442/591/583 228/592/584 441/593/585
f 441/593/585 228/592/584 227/594/586
f 441/593/585 227/594/586 440/595/587
f 440/595/587 227/594/586 226/596/588
f 440/595/587 226/596/588 439/597/589
f 439/597/589 226/596/588 225/598/590
f 439/597/589 225/598/590 438/599/591
f 438/599/591 225/598/590 224/600/592
f 438/599/591 224/600/592 437/601/593
f 437/601/593 224/600/592 223/602/594
f 437/601/593 223/602/594 436/603/595
f 436/603/595 223/602/594 222/604/596
f 436/603/595 222/604/596 435/605/597
f 435/605/597 222/604/596 221/606/598
f 435/605/597 221/606/598 434/607/599
f 434/607/599 221/606/598 220/608/600
f 434/607/599 220/608/600 433/609/601
f 433/609/601 220/608/600 219/610/602
f 433/609/601 219/610/602 432/611/603
f 432/611/603 219/610/602 218/612/604
f 432/611/603 218/612/604 431/613/605
f 431/613/605 218/612/604 217/614/606
f 431/613/605 217/614/606 430/615/607
f 430/615/607 217/614/606 216/616/608
f 430/615/607 216/616/608 429/617/609
f 429/617/609 216/616/608 215/618/610
f 429/617/609 215/618/610 428/619/611
f 428/619/611 215/618/610 214/620/612
f 428/619/611 214/620/612 427/621/613
f 427/621/613 214/620/612 213/622/614
f 427/621/613 213/622/614 426/623/615
f 426/623/615 213/622/614 212/624/616
f 426/623/615 212/624/616 425/625/617
f 425/625/617 212/624/616 211/626/618
f 425/625/617 211/626/618 424/627/619
f 424/627/619 211/626/618 210/628/620
f 424/627/619 210/628/620 423/629/621
f 423/629/621 210/628/620 209/630/622
f 423/629/621 209/630/622 422/631/623
f 422/631/623 209/630/622 208/632/624
f 422/631/623 208/632/624 421/633/625
f 421/633/625 208/632/624 207/634/626
f 421/633/625 207/634/626 420/579/571
f 420/579/571 207/634/626 206/577/569
f 266/635/627 479/636/628 236/637/629
f 236/637/629 479/636/628 449/638/630
f 236/639/629 449/640/630 237/641/631
f 237/641/631 449/640/630 450/642/632
f 237/641/631 450/642/632 451/643/633
f 266/635/627 265/644/634 479/636/628
f 479/636/628 265/644/634 478/645/635
f 478/645/635 265/644/634 264/646/636
f 478/645/635 264/646/636 477/647/637
f 477/647/637 264/646/636 263/648/638
f 477/647/637 263/648/638 476/649/639
f 476/649/639 263/648/638 262/650/640
f 476/649/639 262/650/640 475/651/641
f 475/651/641 262/650/640 261/652/642
f 475/651/641 261/652/642 474/653/643
f 474/653/643 261/652/642 260/654/644
f 474/653/643 260/654/644 473/655/645
f 473/655/645 260/654/644 259/656/646
f 473/655/645 259/656/646 472/657/647
f 472/657/647 259/656/646 258/658/648
f 472/657/647 258/658/648 471/659/649
f 471/659/649 258/658/648 257/660/650
f 471/659/649 257/660/650 470/661/651
f 470/661/651 257/660/650 256/662/652
f 470/661/651 256/662/652 469/663/653
f 469/663/653 256/662/652 255/664/654
f 469/663/653 255/664/654 468/665/655
f 468/665/655 255/664/654 254/666/656
f 468/665/655 254/666/656 467/667/657
f 467/667/657 254/666/656 253/668/658
f 467/667/657 253/668/658 466/669/659
f 466/669/659 253/668/658 252/670/660
f 466/669/659 252/670/660 465/671/661
f 465/671/661 252/670/660 251/672/662
f 465/671/661 251/672/662 464/673/663
f 464/673/663 251/672/662 250/674/664
f 464/673/663 250/674/664 463/675/665
f 463/675/665 250/674/664 249/676/666
f 463/675/665 249/676/666 462/677/667
f 462/677/667 249/676/666 248/678/668
f 462/677/667 248/678/668 461/679/669
f 461/679/669 248/678/668 247/680/670
f 461/679/669 247/680/670 460/681/671
f 460/681/671 247/680/670 246/682/672
f 460/681/671 246/682/672 459/683/673
f 459/683/673 246/682/672 245/684/674
f 459/683/673 245/684/674 458/685/675
f 458/685/675 245/684/674 244/686/676
f 458/685/675 244/686/676 457/687/677
f 457/687/677 244/686/676 243/688/678
f 457/687/677 243/688/678 456/689/679
f 456/689/679 243/688/678 242/690/680
f 456/689/679 242/690/680 455/691/681
f 455/691/681 242/690/680 241/692/682
f 455/691/681 241/692/682 454/693/683
f 454/693/683 241/692/682 240/694/684
f 454/693/683 240/694/684 453/695/685
f 453/695/685 240/694/684 239/696/686
f 453/695/685 239/696/686 452/697/687
f 452/697/687 239/696/686 238/698/688
f 452/697/687 238/698/688 451/643/633
f 451/643/633 238/698/688 237/641/631
f 290/699/689 503/700/690 267/701/691
f 267/701/691 503/700/690 480/702/692
f 267/703/691 480/704/692 268/705/693
f 268/705/693 480/704/692 481/706/694
f 268/705/693 481/706/694 269/707/695
f 269/707/695 481/706/694 482/708/696
f 269/707/695 482/708/696 270/709/697
f 270/709/697 482/708/696 483/710/698
f 270/709/697 483/710/698 271/711/699
f 271/711/699 483/710/698 484/712/700
f 271/711/699 484/712/700 272/713/701
f 272/713/701 484/712/700 485/714/702
f 272/713/701 485/714/702 273/715/703
f 273/715/703 485/714/702 486/716/704
f 273/715/703 486/716/704 274/717/705
f 274/717/705 486/716/704 487/718/706
f 274/717/705 487/718/706 275/719/707
f 275/719/707 487/718/706 488/720/708
f 275/719/707 488/720/708 276/721/709
f 276/721/709 488/720/708 489/722/710
f 276/721/709 489/722/710 277/723/711
f 277/723/711 489/722/710 490/724/712
f 277/723/711 490/724/712 278/725/713
f 278/725/713 490/724/712 491/726/714
f 278/725/713 491/726/714 279/727/715
f 279/727/715 491/726/714 492/728/716
f 279/727/715 492/728/716 280/729/717
f 280/729/717 492/728/716 493/730/718
f 280/729/717 493/730/718 281/731/719
f 281/731/719 493/730/718 494/732/720
f 281/731/719 494/732/720 282/733/721
f 282/733/721 494/732/720 495/734/722
f 282/733/721 495/734/722 283/735/723
f 283/735/723 495/734/722 496/736/724
f 283/735/723 496/736/724 284/737/725
f 284/737/725 496/736/724 497/738/726
f 284/737/725 497/738/726 285/739/727
f 285/739/727 497/738/726 498/740/728
f 285/739/727 498/740/728 286/741/729
f 286/741/729 498/740/728 499/742/730
f 286/741/729 499/742/730 287/743/731
f 287/743/731 499/742/730 500/744/732
f 287/743/731 500/744/732 288/745/733
f 288/745/733 500/744/732 501/746/734
f 288/745/733 501/746/734 289/747/735
f 289/747/735 501/746/734 502/748/736
f 289/747/735 502/748/736 290/699/689
f 290/699/689 502/748/736 503/700/690
f 504/749/737 505/750/738 64/751/739
f 64/751/739 505/750/738 65/752/740
f 44/753/741 506/754/742 45/755/743
f 45/755/743 506/754/742 507/756/744
f 45/755/743 507/756/744 508/757/745
f 45/755/743 508/757/745 46/758/746
f 46/758/746 508/757/745 509/759/747
f 46/758/746 509/759/747 47/760/748
f 47/760/748 509/759/747 510/761/749
f 47/760/748 510/761/749 48/762/750
f 48/762/750 510/761/749 511/763/751
f 48/762/750 511/763/751 49/764/752
f 49/764/752 511/763/751 512/765/753
f 49/764/752 512/765/753 50/766/754
f 50/766/754 512/765/753 513/767/755
f 50/766/754 513/767/755 51/768/756
f 51/768/756 513/767/755 514/769/757
f 51/768/756 514/769/757 52/770/758
f 52/770/758 514/769/757 515/771/759
f 52/770/758 515/771/759 53/772/760
f 53/772/760 515/771/759 516/773/761
f 53/772/760 516/773/761 54/774/762
f 54/774/762 516/773/761 517/775/763
f 54/774/762 517/775/763 55/776/764
f 55/776/764 517/775/763 518/777/765
f 55/776/764 518/777/765 56/778/766
f 56/778/766 518/777/765 519/779/767
f 56/778/766 519/779/767 57/780/768
f 57/780/768 519/779/767 520/781/769
f 57/780/768 520/781/769 58/782/770
f 58/782/770 520/781/769 521/783/771
f 58/782/770 521/783/771 59/784/772
f 59/784/772 521/783/771 522/785/773
f 59/784/772 522/785/773 60/786/774
f 60/786/774 522/785/773 523/787/775
f 60/786/774 523/787/775 61/788/776
f 61/788/776 523/787/775 524/789/777
f 61/788/776 524/789/777 62/790/778
f 62/790/778 524/789/777 525/791/779
f 62/790/778 525/791/779 63/792/780
f 63/792/780 525/791/779 64/793/739
f 64/793/739 525/791/779 504/794/737
f 526/795/781 506/796/742 43/797/782
f 43/797/782 506/796/742 44/798/741
f 33/799/783 527/800/784 34/801/785
f 34/801/785 527/800/784 528/802/786
f 34/801/785 528/802/786 35/803/787
f 35/803/787 528/802/786 529/804/788
f 35/803/787 529/804/788 36/805/789
f 36/805/789 529/804/788 530/806/790
f 36/805/789 530/806/790 37/807/791
f 37/807/791 530/806/790 531/808/792
f 37/807/791 531/808/792 38/809/793
f 38/809/793 531/808/792 532/810/794
f 38/809/793 532/810/794 39/811/795
f 39/811/795 532/810/794 533/812/796
f 39/811/795 533/812/796 40/813/797
f 40/813/797 533/812/796 534/814/798
f 40/813/797 534/814/798 41/815/799
f 41/815/799 534/814/798 535/816/800
f 41/815/799 535/816/800 42/817/801
f 42/817/801 535/816/800 536/818/802
f 42/817/801 536/818/802 43/819/782
f 43/819/782 536/818/802 526/820/781
f 31/821/803 527/822/804 32/823/805
f 32/823/805 527/822/804 33/824/806
f 30/825/807 77/826/808 29/827/809
f 29/827/809 77/826/808 537/828/810
f 538/829/811 537/830/812 76/831/813
f 76/831/813 537/830/812 77/832/814
f 539/833/815 538/834/816 75/835/817
f 75/835/817 538/834/816 76/836/818
f 527/837/804 539/838/819 33/839/806
f 33/839/806 539/838/819 75/840/820
f 65/841/740 505/842/738 66/843/821
f 66/843/821 505/842/738 540/844/822
f 66/843/821 540/844/822 67/845/823
f 67/845/823 540/844/822 541/846/824
f 67/845/823 541/846/824 68/847/825
f 68/847/825 541/846/824 542/848/826
f 68/847/825 542/848/826 69/849/827
f 69/849/827 542/848/826 543/850/828
f 69/849/827 543/850/828 70/851/829
f 70/851/829 543/850/828 544/852/830
f 70/851/829 544/852/830 71/853/831
f 71/853/831 544/852/830 545/854/832
f 71/853/831 545/854/832 72/855/833
f 72/855/833 545/854/832 546/856/834
f 72/855/833 546/856/834 73/857/835
f 73/857/835 546/856/834 547/858/836
f 73/857/835 547/858/836 74/859/837
f 74/859/837 547/858/836 548/860/838
f 74/859/837 548/860/838 33/861/783
f 33/861/783 548/860/838 527/862/784
f 29/863/839 457/864/840 1/865/841
f 1/865/841 457/864/840 456/866/842
f 1/865/841 456/866/842 455/867/843
f 537/868/844 466/869/845 29/863/839
f 29/863/839 466/869/845 465/870/846
f 29/863/839 465/870/846 464/871/847
f 538/872/848 412/873/849 537/868/844
f 537/868/844 412/873/849 411/874/850
f 537/868/844 411/874/850 410/875/851
f 539/876/852 357/877/853 538/872/848
f 538/872/848 357/877/853 356/878/854
f 538/872/848 356/878/854 386/879/855
f 527/880/856 548/881/857 539/876/852
f 539/876/852 548/881/857 547/882/858
f 539/876/852 547/882/858 546/883/859
f 546/883/859 545/884/860 539/876/852
f 539/876/852 545/884/860 544/885/861
f 539/876/852 544/885/861 543/886/862
f 539/876/852 543/886/862 488/887/863
f 488/887/863 543/886/862 542/888/864
f 488/887/863 542/888/864 489/889/865
f 489/889/865 542/888/864 541/890/866
f 489/889/865 541/890/866 490/891/867
f 490/891/867 541/890/866 540/892/868
f 490/891/867 540/892/868 491/893/869
f 491/893/869 540/892/868 505/894/870
f 491/893/869 505/894/870 492/895/871
f 492/895/871 505/894/870 493/896/872
f 493/896/872 505/894/870 494/897/873
f 494/897/873 505/894/870 504/898/874
f 494/897/873 504/898/874 495/899/875
f 495/899/875 504/898/874 496/900/876
f 496/900/876 504/898/874 497/901/877
f 497/901/877 504/898/874 299/902/878
f 497/901/877 299/902/878 298/903/879
f 299/902/878 504/898/874 300/904/880
f 300/904/880 504/898/874 525/905/881
f 300/904/880 525/905/881 301/906/882
f 301/906/882 525/905/881 524/907/883
f 301/906/882 524/907/883 302/908/884
f 302/908/884 524/907/883 523/909/885
f 302/908/884 523/909/885 303/910/886
f 303/910/886 523/909/885 522/911/887
f 303/910/886 522/911/887 304/912/888
f 304/912/888 522/911/887 521/913/889
f 304/912/888 521/913/889 520/914/890
f 304/912/888 520/914/890 305/915/891
f 305/915/891 520/914/890 519/916/892
f 305/915/891 519/916/892 306/917/893
f 306/917/893 519/916/892 518/918/894
f 306/917/893 518/918/894 517/919/895
f 306/917/893 517/919/895 307/920/896
f 307/920/896 517/919/895 516/921/897
f 307/920/896 516/921/897 308/922/898
f 308/922/898 516/921/897 515/923/899
f 308/922/898 515/923/899 514/924/900
f 308/922/898 514/924/900 309/925/901
f 309/925/901 514/924/900 513/926/902
f 309/925/901 513/926/902 512/927/903
f 309/925/901 512/927/903 310/928/904
f 310/928/904 512/927/903 511/929/905
f 310/928/904 511/929/905 311/930/906
f 311/930/906 511/929/905 510/931/907
f 311/930/906 510/931/907 509/932/908
f 311/930/906 509/932/908 312/933/909
f 312/933/909 509/932/908 508/934/910
f 312/933/909 508/934/910 14/935/911
f 14/935/911 508/934/910 507/936/912
f 14/935/911 507/936/912 506/937/913
f 14/935/911 506/937/913 31/938/914
f 31/938/914 506/937/913 526/939/915
f 31/938/914 526/939/915 536/940/916
f 536/940/916 535/941/917 31/938/914
f 31/938/914 535/941/917 534/942/918
f 31/938/914 534/942/918 533/943/919
f 533/943/919 532/944/920 31/938/914
f 31/938/914 532/944/920 531/945/921
f 31/938/914 531/945/921 530/946/922
f 530/946/922 529/947/923 31/938/914
f 31/938/914 529/947/923 528/948/924
f 31/938/914 528/948/924 527/880/856
f 13/949/925 315/950/926 14/935/911
f 14/935/911 315/950/926 314/951/927
f 14/935/911 314/951/927 313/952/928
f 315/950/926 13/949/925 316/953/929
f 316/953/929 13/949/925 12/954/930
f 316/953/929 12/954/930 317/955/931
f 317/955/931 12/954/930 11/956/932
f 317/955/931 11/956/932 318/957/933
f 318/957/933 11/956/932 10/958/934
f 318/957/933 10/958/934 319/959/935
f 319/959/935 10/958/934 9/960/936
f 319/959/935 9/960/936 8/961/937
f 319/959/935 8/961/937 320/962/938
f 320/962/938 8/961/937 7/963/939
f 320/962/938 7/963/939 321/964/940
f 321/964/940 7/963/939 6/965/941
f 321/964/940 6/965/941 5/966/942
f 321/964/940 5/966/942 322/967/943
f 322/967/943 5/966/942 4/968/944
f 322/967/943 4/968/944 323/969/945
f 323/969/945 4/968/944 3/970/946
f 323/969/945 3/970/946 2/971/947
f 323/969/945 2/971/947 324/972/948
f 324/972/948 2/971/947 1/865/841
f 324/972/948 1/865/841 325/973/949
f 325/973/949 1/865/841 326/974/950
f 326/974/950 1/865/841 450/975/951
f 326/974/950 450/975/951 327/976/952
f 327/976/952 450/975/951 449/977/953
f 327/976/952 449/977/953 328/978/954
f 328/978/954 449/977/953 479/979/955
f 328/978/954 479/979/955 329/980/956
f 329/980/956 479/979/955 478/981/957
f 329/980/956 478/981/957 330/982/958
f 330/982/958 478/981/957 389/983/959
f 330/982/958 389/983/959 388/984/960
f 481/985/961 480/986/962 539/876/852
f 539/876/852 480/986/962 503/987/963
f 539/876/852 503/987/963 358/988/964
f 358/988/964 503/987/963 502/989/965
f 358/988/964 502/989/965 359/990/966
f 359/990/966 502/989/965 360/991/967
f 360/991/967 502/989/965 501/992/968
f 360/991/967 501/992/968 361/993/969
f 361/993/969 501/992/968 500/994/970
f 361/993/969 500/994/970 362/995/971
f 362/995/971 500/994/970 499/996/972
f 362/995/971 499/996/972 363/997/973
f 363/997/973 499/996/972 296/998/974
f 363/997/973 296/998/974 295/999/975
f 296/998/974 499/996/972 297/1000/976
f 297/1000/976 499/996/972 498/1001/977
f 297/1000/976 498/1001/977 298/903/879
f 298/903/879 498/1001/977 497/901/877
f 488/887/863 487/1002/978 539/876/852
f 539/876/852 487/1002/978 486/1003/979
f 539/876/852 486/1003/979 485/1004/980
f 485/1004/980 484/1005/981 539/876/852
f 539/876/852 484/1005/981 483/1006/982
f 539/876/852 483/1006/982 482/1007/983
f 482/1007/983 481/985/961 539/876/852
f 478/981/957 477/1008/984 389/983/959
f 389/983/959 477/1008/984 390/1009/985
f 390/1009/985 477/1008/984 476/1010/986
f 390/1009/985 476/1010/986 391/1011/987
f 391/1011/987 476/1010/986 475/1012/988
f 391/1011/987 475/1012/988 392/1013/989
f 392/1013/989 475/1012/988 474/1014/990
f 392/1013/989 474/1014/990 393/1015/991
f 393/1015/991 474/1014/990 473/1016/992
f 393/1015/991 473/1016/992 394/1017/993
f 394/1017/993 473/1016/992 472/1018/994
f 394/1017/993 472/1018/994 395/1019/995
f 395/1019/995 472/1018/994 396/1020/996
f 396/1020/996 472/1018/994 471/1021/997
f 396/1020/996 471/1021/997 397/1022/998
f 397/1022/998 471/1021/997 470/1023/999
f 397/1022/998 470/1023/999 398/1024/1000
f 398/1024/1000 470/1023/999 469/1025/1001
f 398/1024/1000 469/1025/1001 399/1026/1002
f 399/1026/1002 469/1025/1001 468/1027/1003
f 399/1026/1002 468/1027/1003 400/1028/1004
f 400/1028/1004 468/1027/1003 467/1029/1005
f 400/1028/1004 467/1029/1005 466/869/845
f 464/871/847 463/1030/1006 29/863/839
f 29/863/839 463/1030/1006 462/1031/1007
f 29/863/839 462/1031/1007 461/1032/1008
f 461/1032/1008 460/1033/1009 29/863/839
f 29/863/839 460/1033/1009 459/1034/1010
f 29/863/839 459/1034/1010 458/1035/1011
f 458/1035/1011 457/864/840 29/863/839
f 455/867/843 454/1036/1012 1/865/841
f 1/865/841 454/1036/1012 453/1037/1013
f 1/865/841 453/1037/1013 452/1038/1014
f 452/1038/1014 451/1039/1015 1/865/841
f 1/865/841 451/1039/1015 450/975/951
f 419/1040/1016 418/1041/1017 538/872/848
f 538/872/848 418/1041/1017 448/1042/1018
f 538/872/848 448/1042/1018 447/1043/1019
f 447/1043/1019 446/1044/1020 538/872/848
f 538/872/848 446/1044/1020 445/1045/1021
f 538/872/848 445/1045/1021 444/1046/1022
f 444/1046/1022 443/1047/1023 538/872/848
f 538/872/848 443/1047/1023 442/1048/1024
f 538/872/848 442/1048/1024 441/1049/1025
f 441/1049/1025 440/1050/1026 538/872/848
f 538/872/848 440/1050/1026 439/1051/1027
f 538/872/848 439/1051/1027 412/873/849
f 412/873/849 439/1051/1027 413/1052/1028
f 413/1052/1028 439/1051/1027 438/1053/1029
f 413/1052/1028 438/1053/1029 414/1054/1030
f 414/1054/1030 438/1053/1029 340/1055/1031
f 414/1054/1030 340/1055/1031 339/1056/1032
f 438/1053/1029 437/1057/1033 340/1055/1031
f 340/1055/1031 437/1057/1033 341/1058/1034
f 341/1058/1034 437/1057/1033 342/1059/1035
f 342/1059/1035 437/1057/1033 436/1060/1036
f 342/1059/1035 436/1060/1036 343/1061/1037
f 343/1061/1037 436/1060/1036 344/1062/1038
f 344/1062/1038 436/1060/1036 435/1063/1039
f 344/1062/1038 435/1063/1039 345/1064/1040
f 345/1064/1040 435/1063/1039 346/1065/1041
f 346/1065/1041 435/1063/1039 434/1066/1042
f 346/1065/1041 434/1066/1042 347/1067/1043
f 347/1067/1043 434/1066/1042 433/1068/1044
f 347/1067/1043 433/1068/1044 348/1069/1045
f 348/1069/1045 433/1068/1044 432/1070/1046
f 348/1069/1045 432/1070/1046 349/1071/1047
f 349/1071/1047 432/1070/1046 350/1072/1048
f 350/1072/1048 432/1070/1046 431/1073/1049
f 350/1072/1048 431/1073/1049 374/1074/1050
f 374/1074/1050 431/1073/1049 430/1075/1051
f 374/1074/1050 430/1075/1051 375/1076/1052
f 375/1076/1052 430/1075/1051 429/1077/1053
f 375/1076/1052 429/1077/1053 376/1078/1054
f 376/1078/1054 429/1077/1053 428/1079/1055
f 376/1078/1054 428/1079/1055 377/1080/1056
f 377/1080/1056 428/1079/1055 427/1081/1057
f 377/1080/1056 427/1081/1057 378/1082/1058
f 378/1082/1058 427/1081/1057 426/1083/1059
f 378/1082/1058 426/1083/1059 379/1084/1060
f 379/1084/1060 426/1083/1059 425/1085/1061
f 379/1084/1060 425/1085/1061 380/1086/1062
f 380/1086/1062 425/1085/1061 424/1087/1063
f 380/1086/1062 424/1087/1063 381/1088/1064
f 381/1088/1064 424/1087/1063 423/1089/1065
f 381/1088/1064 423/1089/1065 382/1090/1066
f 382/1090/1066 423/1089/1065 422/1091/1067
f 382/1090/1066 422/1091/1067 383/1092/1068
f 383/1092/1068 422/1091/1067 421/1093/1069
f 383/1092/1068 421/1093/1069 384/1094/1070
f 384/1094/1070 421/1093/1069 420/1095/1071
f 384/1094/1070 420/1095/1071 385/1096/1072
f 385/1096/1072 420/1095/1071 386/879/855
f 386/879/855 420/1095/1071 419/1040/1016
f 386/879/855 419/1040/1016 538/872/848
f 417/1097/1073 333/1098/1074 387/1099/1075
f 387/1099/1075 333/1098/1074 332/1100/1076
f 387/1099/1075 332/1100/1076 388/984/960
f 388/984/960 332/1100/1076 331/1101/1077
f 388/984/960 331/1101/1077 330/982/958
f 416/1102/1078 335/1103/1079 417/1097/1073
f 417/1097/1073 335/1103/1079 334/1104/1080
f 417/1097/1073 334/1104/1080 333/1098/1074
f 335/1103/1079 416/1102/1078 336/1105/1081
f 336/1105/1081 416/1102/1078 415/1106/1082
f 336/1105/1081 415/1106/1082 337/1107/1083
f 337/1107/1083 415/1106/1082 338/1108/1084
f 338/1108/1084 415/1106/1082 414/1054/1030
f 338/1108/1084 414/1054/1030 339/1056/1032
f 410/875/851 409/1109/1085 537/868/844
f 537/868/844 409/1109/1085 408/1110/1086
f 537/868/844 408/1110/1086 407/1111/1087
f 407/1111/1087 406/1112/1088 537/868/844
f 537/868/844 406/1112/1088 405/1113/1089
f 537/868/844 405/1113/1089 404/1114/1090
f 404/1114/1090 403/1115/1091 537/868/844
f 537/868/844 403/1115/1091 402/1116/1092
f 537/868/844 402/1116/1092 401/1117/1093
f 537/868/844 401/1117/1093 466/869/845
f 466/869/845 401/1117/1093 400/1028/1004
f 374/1074/1050 373/1118/1094 350/1072/1048
f 350/1072/1048 373/1118/1094 351/1119/1095
f 351/1119/1095 373/1118/1094 372/1120/1096
f 351/1119/1095 372/1120/1096 352/1121/1097
f 352/1121/1097 372/1120/1096 371/1122/1098
f 352/1121/1097 371/1122/1098 353/1123/1099
f 353/1123/1099 371/1122/1098 370/1124/1100
f 353/1123/1099 370/1124/1100 354/1125/1101
f 354/1125/1101 370/1124/1100 369/1126/1102
f 354/1125/1101 369/1126/1102 355/1127/1103
f 355/1127/1103 369/1126/1102 368/1128/1104
f 355/1127/1103 368/1128/1104 291/1129/1105
f 291/1129/1105 368/1128/1104 367/1130/1106
f 291/1129/1105 367/1130/1106 292/1131/1107
f 292/1131/1107 367/1130/1106 366/1132/1108
f 292/1131/1107 366/1132/1108 293/1133/1109
f 293/1133/1109 366/1132/1108 365/1134/1110
f 293/1133/1109 365/1134/1110 294/1135/1111
f 294/1135/1111 365/1134/1110 364/1136/1112
f 294/1135/1111 364/1136/1112 295/999/975
f 295/999/975 364/1136/1112 363/997/973
f 358/988/964 357/877/853 539/876/852
f 313/952/928 312/933/909 14/935/911
# 548 vertices
# 1136 texture params
# 1112 normals
# 1120 facets

# 1 groups
