# WaveFront *.obj file (generated by Autodesk ATF)

mtllib base nokem.mtl

g Body1

v -11.500000 -13.500000 5.000000
v -11.446314 -14.609910 5.000000
v -11.285756 -15.709457 5.000000
v -11.019827 -16.788375 5.000000
v -10.651008 -17.836591 5.000000
v -10.182744 -18.844316 5.000000
v -9.619407 -19.802144 5.000000
v -8.966255 -20.701130 5.000000
v -8.229388 -21.532881 5.000000
v -7.415685 -22.289631 5.000000
v -6.532745 -22.964314 5.000000
v -5.588809 -23.550632 5.000000
v -4.592693 -24.043110 5.000000
v -3.553695 -24.437150 5.000000
v -2.481518 -24.729072 5.000000
v -1.386172 -24.916152 5.000000
v -0.277883 -24.996642 5.000000
v 0.833000 -24.969791 5.000000
v 1.936106 -24.835850 5.000000
v 3.021135 -24.596069 5.000000
v 4.077956 -24.252687 5.000000
v 5.096703 -23.808910 5.000000
v 6.067863 -23.268881 5.000000
v 6.982369 -22.637643 5.000000
v 7.831682 -21.921090 5.000000
v 8.607874 -21.125911 5.000000
v 9.303695 -20.259530 5.000000
v 9.912651 -19.330038 5.000000
v 10.429055 -18.346113 5.000000
v 10.848086 -17.316940 5.000000
v 11.165831 -16.252130 5.000000
v 11.379324 -15.161624 5.000000
v 11.486571 -14.055604 5.000000
v 11.486571 -12.944396 5.000000
v 11.379324 -11.838376 5.000000
v 11.165831 -10.747870 5.000000
v 10.848086 -9.683060 5.000000
v 10.429055 -8.653887 5.000000
v 9.912651 -7.669962 5.000000
v 9.303695 -6.740470 5.000000
v 8.607874 -5.874089 5.000000
v 7.831682 -5.078910 5.000000
v 6.982369 -4.362357 5.000000
v 6.067863 -3.731119 5.000000
v 5.096703 -3.191090 5.000000
v 4.077956 -2.747313 5.000000
v 3.021135 -2.403931 5.000000
v 1.936106 -2.164150 5.000000
v 0.833000 -2.030209 5.000000
v -0.277883 -2.003358 5.000000
v -1.386172 -2.083848 5.000000
v -2.481518 -2.270928 5.000000
v -3.553695 -2.562850 5.000000
v -4.592693 -2.956890 5.000000
v -5.588809 -3.449368 5.000000
v -6.532745 -4.035686 5.000000
v -7.415685 -4.710369 5.000000
v -8.229388 -5.467119 5.000000
v -8.966255 -6.298870 5.000000
v -9.619407 -7.197856 5.000000
v -10.182744 -8.155684 5.000000
v -10.651008 -9.163409 5.000000
v -11.019827 -10.211625 5.000000
v -11.285756 -11.290543 5.000000
v -11.446314 -12.390090 5.000000
v -11.500000 -13.500000 0.000000
v -11.446314 -12.390090 0.000000
v -11.285756 -11.290543 0.000000
v -11.019827 -10.211625 0.000000
v -10.651008 -9.163409 0.000000
v -10.182744 -8.155684 0.000000
v -9.619407 -7.197856 0.000000
v -8.966255 -6.298870 0.000000
v -8.229388 -5.467119 0.000000
v -7.415685 -4.710369 0.000000
v -6.532745 -4.035686 0.000000
v -5.588809 -3.449368 0.000000
v -4.592693 -2.956890 0.000000
v -3.553695 -2.562850 0.000000
v -2.481518 -2.270928 0.000000
v -1.386172 -2.083848 0.000000
v -0.277883 -2.003358 0.000000
v 0.833000 -2.030209 0.000000
v 1.936106 -2.164150 0.000000
v 3.021135 -2.403931 0.000000
v 4.077956 -2.747313 0.000000
v 5.096703 -3.191090 0.000000
v 6.067863 -3.731119 0.000000
v 6.982369 -4.362357 0.000000
v 7.831682 -5.078910 0.000000
v 8.607874 -5.874089 0.000000
v 9.303695 -6.740470 0.000000
v 9.912651 -7.669962 0.000000
v 10.429055 -8.653887 0.000000
v 10.848086 -9.683060 0.000000
v 11.165831 -10.747870 0.000000
v 11.379324 -11.838376 0.000000
v 11.486571 -12.944396 0.000000
v 11.486571 -14.055604 0.000000
v 11.379324 -15.161624 0.000000
v 11.165831 -16.252130 0.000000
v 10.848086 -17.316940 0.000000
v 10.429055 -18.346113 0.000000
v 9.912651 -19.330038 0.000000
v 9.303695 -20.259530 0.000000
v 8.607874 -21.125911 0.000000
v 7.831682 -21.921090 0.000000
v 6.982369 -22.637643 0.000000
v 6.067863 -23.268881 0.000000
v 5.096703 -23.808910 0.000000
v 4.077956 -24.252687 0.000000
v 3.021135 -24.596069 0.000000
v 1.936106 -24.835850 0.000000
v 0.833000 -24.969791 0.000000
v -0.277883 -24.996642 0.000000
v -1.386172 -24.916152 0.000000
v -2.481518 -24.729072 0.000000
v -3.553695 -24.437150 0.000000
v -4.592693 -24.043110 0.000000
v -5.588809 -23.550632 0.000000
v -6.532745 -22.964314 0.000000
v -7.415685 -22.289631 0.000000
v -8.229388 -21.532881 0.000000
v -8.966255 -20.701130 0.000000
v -9.619407 -19.802144 0.000000
v -10.182744 -18.844316 0.000000
v -10.651008 -17.836591 0.000000
v -11.019827 -16.788375 0.000000
v -11.285756 -15.709457 0.000000
v -11.446314 -14.609910 0.000000
v -22.500000 -20.000000 5.000000
v -22.448825 -20.503246 5.000000
v -22.297395 -20.985890 5.000000
v -22.051909 -21.428171 5.000000
v -21.722417 -21.811982 5.000000
v -21.322410 -22.121611 5.000000
v -20.868263 -22.344380 5.000000
v -20.378569 -22.471171 5.000000
v -19.873377 -22.496791 5.000000
v -19.373369 -22.420193 5.000000
v -18.899015 -22.244511 5.000000
v -18.469735 -21.976939 5.000000
v -18.103105 -21.628431 5.000000
v -17.814133 -21.213255 5.000000
v -17.614652 -20.748408 5.000000
v -17.512827 -20.252921 5.000000
v -17.512827 -19.747079 5.000000
v -17.614652 -19.251592 5.000000
v -17.814133 -18.786745 5.000000
v -18.103105 -18.371569 5.000000
v -18.469735 -18.023061 5.000000
v -18.899015 -17.755489 5.000000
v -19.373369 -17.579807 5.000000
v -19.873377 -17.503209 5.000000
v -20.378569 -17.528829 5.000000
v -20.868263 -17.655620 5.000000
v -21.322410 -17.878389 5.000000
v -21.722417 -18.188018 5.000000
v -22.051909 -18.571829 5.000000
v -22.297395 -19.014110 5.000000
v -22.448825 -19.496754 5.000000
v -22.500000 -20.000000 0.000000
v -22.448825 -19.496754 0.000000
v -22.297395 -19.014110 0.000000
v -22.051909 -18.571829 0.000000
v -21.722417 -18.188018 0.000000
v -21.322410 -17.878389 0.000000
v -20.868263 -17.655620 0.000000
v -20.378569 -17.528829 0.000000
v -19.873377 -17.503209 0.000000
v -19.373369 -17.579807 0.000000
v -18.899015 -17.755489 0.000000
v -18.469735 -18.023061 0.000000
v -18.103105 -18.371569 0.000000
v -17.814133 -18.786745 0.000000
v -17.614652 -19.251592 0.000000
v -17.512827 -19.747079 0.000000
v -17.512827 -20.252921 0.000000
v -17.614652 -20.748408 0.000000
v -17.814133 -21.213255 0.000000
v -18.103105 -21.628431 0.000000
v -18.469735 -21.976939 0.000000
v -18.899015 -22.244511 0.000000
v -19.373369 -22.420193 0.000000
v -19.873377 -22.496791 0.000000
v -20.378569 -22.471171 0.000000
v -20.868263 -22.344380 0.000000
v -21.322410 -22.121611 0.000000
v -21.722417 -21.811982 0.000000
v -22.051909 -21.428171 0.000000
v -22.297395 -20.985890 0.000000
v -22.448825 -20.503246 0.000000
v 17.500000 -30.000000 5.000000
v 17.551175 -30.503247 5.000000
v 17.702606 -30.985890 5.000000
v 17.948092 -31.428171 5.000000
v 18.277583 -31.811982 5.000000
v 18.677590 -32.121611 5.000000
v 19.131737 -32.344381 5.000000
v 19.621431 -32.471171 5.000000
v 20.126623 -32.496792 5.000000
v 20.626632 -32.420193 5.000000
v 21.100986 -32.244512 5.000000
v 21.530265 -31.976940 5.000000
v 21.896896 -31.628432 5.000000
v 22.185867 -31.213255 5.000000
v 22.385348 -30.748408 5.000000
v 22.487174 -30.252921 5.000000
v 22.487174 -29.747079 5.000000
v 22.385348 -29.251592 5.000000
v 22.185867 -28.786745 5.000000
v 21.896896 -28.371569 5.000000
v 21.530265 -28.023061 5.000000
v 21.100986 -27.755489 5.000000
v 20.626632 -27.579808 5.000000
v 20.126623 -27.503209 5.000000
v 19.621431 -27.528829 5.000000
v 19.131737 -27.655620 5.000000
v 18.677590 -27.878390 5.000000
v 18.277583 -28.188018 5.000000
v 17.948092 -28.571830 5.000000
v 17.702606 -29.014111 5.000000
v 17.551175 -29.496754 5.000000
v 17.500000 -30.000000 0.000000
v 17.551175 -29.496754 0.000000
v 17.702606 -29.014111 0.000000
v 17.948092 -28.571830 0.000000
v 18.277583 -28.188018 0.000000
v 18.677590 -27.878390 0.000000
v 19.131737 -27.655620 0.000000
v 19.621431 -27.528829 0.000000
v 20.126623 -27.503209 0.000000
v 20.626632 -27.579808 0.000000
v 21.100986 -27.755489 0.000000
v 21.530265 -28.023061 0.000000
v 21.896896 -28.371569 0.000000
v 22.185867 -28.786745 0.000000
v 22.385348 -29.251592 0.000000
v 22.487174 -29.747079 0.000000
v 22.487174 -30.252921 0.000000
v 22.385348 -30.748408 0.000000
v 22.185867 -31.213255 0.000000
v 21.896896 -31.628432 0.000000
v 21.530265 -31.976940 0.000000
v 21.100986 -32.244512 0.000000
v 20.626632 -32.420193 0.000000
v 20.126623 -32.496792 0.000000
v 19.621431 -32.471171 0.000000
v 19.131737 -32.344381 0.000000
v 18.677590 -32.121611 0.000000
v 18.277583 -31.811982 0.000000
v 17.948092 -31.428171 0.000000
v 17.702606 -30.985890 0.000000
v 17.551175 -30.503247 0.000000
v -22.500000 -30.000000 5.000000
v -22.448825 -30.503246 5.000000
v -22.297395 -30.985890 5.000000
v -22.051909 -31.428171 5.000000
v -21.722417 -31.811982 5.000000
v -21.322410 -32.121611 5.000000
v -20.868263 -32.344380 5.000000
v -20.378569 -32.471171 5.000000
v -19.873377 -32.496791 5.000000
v -19.373369 -32.420193 5.000000
v -18.899015 -32.244511 5.000000
v -18.469735 -31.976939 5.000000
v -18.103105 -31.628431 5.000000
v -17.814133 -31.213255 5.000000
v -17.614652 -30.748408 5.000000
v -17.512827 -30.252921 5.000000
v -17.512827 -29.747079 5.000000
v -17.614652 -29.251592 5.000000
v -17.814133 -28.786745 5.000000
v -18.103105 -28.371569 5.000000
v -18.469735 -28.023061 5.000000
v -18.899015 -27.755489 5.000000
v -19.373369 -27.579807 5.000000
v -19.873377 -27.503209 5.000000
v -20.378569 -27.528829 5.000000
v -20.868263 -27.655620 5.000000
v -21.322410 -27.878389 5.000000
v -21.722417 -28.188018 5.000000
v -22.051909 -28.571829 5.000000
v -22.297395 -29.014110 5.000000
v -22.448825 -29.496754 5.000000
v -22.500000 -30.000000 0.000000
v -22.448825 -29.496754 0.000000
v -22.297395 -29.014110 0.000000
v -22.051909 -28.571829 0.000000
v -21.722417 -28.188018 0.000000
v -21.322410 -27.878389 0.000000
v -20.868263 -27.655620 0.000000
v -20.378569 -27.528829 0.000000
v -19.873377 -27.503209 0.000000
v -19.373369 -27.579807 0.000000
v -18.899015 -27.755489 0.000000
v -18.469735 -28.023061 0.000000
v -18.103105 -28.371569 0.000000
v -17.814133 -28.786745 0.000000
v -17.614652 -29.251592 0.000000
v -17.512827 -29.747079 0.000000
v -17.512827 -30.252921 0.000000
v -17.614652 -30.748408 0.000000
v -17.814133 -31.213255 0.000000
v -18.103105 -31.628431 0.000000
v -18.469735 -31.976939 0.000000
v -18.899015 -32.244511 0.000000
v -19.373369 -32.420193 0.000000
v -19.873377 -32.496791 0.000000
v -20.378569 -32.471171 0.000000
v -20.868263 -32.344380 0.000000
v -21.322410 -32.121611 0.000000
v -21.722417 -31.811982 0.000000
v -22.051909 -31.428171 0.000000
v -22.297395 -30.985890 0.000000
v -22.448825 -30.503246 0.000000
v 17.500000 -20.000000 5.000000
v 17.551175 -20.503247 5.000000
v 17.702606 -20.985890 5.000000
v 17.948092 -21.428171 5.000000
v 18.277583 -21.811982 5.000000
v 18.677590 -22.121611 5.000000
v 19.131737 -22.344381 5.000000
v 19.621431 -22.471171 5.000000
v 20.126623 -22.496792 5.000000
v 20.626632 -22.420193 5.000000
v 21.100986 -22.244512 5.000000
v 21.530265 -21.976940 5.000000
v 21.896896 -21.628432 5.000000
v 22.185867 -21.213255 5.000000
v 22.385348 -20.748408 5.000000
v 22.487174 -20.252921 5.000000
v 22.487174 -19.747079 5.000000
v 22.385348 -19.251592 5.000000
v 22.185867 -18.786745 5.000000
v 21.896896 -18.371569 5.000000
v 21.530265 -18.023061 5.000000
v 21.100986 -17.755489 5.000000
v 20.626632 -17.579808 5.000000
v 20.126623 -17.503209 5.000000
v 19.621431 -17.528829 5.000000
v 19.131737 -17.655620 5.000000
v 18.677590 -17.878390 5.000000
v 18.277583 -18.188018 5.000000
v 17.948092 -18.571830 5.000000
v 17.702606 -19.014111 5.000000
v 17.551175 -19.496754 5.000000
v 17.500000 -20.000000 0.000000
v 17.551175 -19.496754 0.000000
v 17.702606 -19.014111 0.000000
v 17.948092 -18.571830 0.000000
v 18.277583 -18.188018 0.000000
v 18.677590 -17.878390 0.000000
v 19.131737 -17.655620 0.000000
v 19.621431 -17.528829 0.000000
v 20.126623 -17.503209 0.000000
v 20.626632 -17.579808 0.000000
v 21.100986 -17.755489 0.000000
v 21.530265 -18.023061 0.000000
v 21.896896 -18.371569 0.000000
v 22.185867 -18.786745 0.000000
v 22.385348 -19.251592 0.000000
v 22.487174 -19.747079 0.000000
v 22.487174 -20.252921 0.000000
v 22.385348 -20.748408 0.000000
v 22.185867 -21.213255 0.000000
v 21.896896 -21.628432 0.000000
v 21.530265 -21.976940 0.000000
v 21.100986 -22.244512 0.000000
v 20.626632 -22.420193 0.000000
v 20.126623 -22.496792 0.000000
v 19.621431 -22.471171 0.000000
v 19.131737 -22.344381 0.000000
v 18.677590 -22.121611 0.000000
v 18.277583 -21.811982 0.000000
v 17.948092 -21.428171 0.000000
v 17.702606 -20.985890 0.000000
v 17.551175 -20.503247 0.000000
v -21.214006 27.599608 5.000000
v -21.162895 27.211380 5.000000
v -21.013044 26.849608 5.000000
v -20.774666 26.538948 5.000000
v -20.464006 26.300570 5.000000
v -20.102235 26.150720 5.000000
v -19.714006 26.099608 5.000000
v -19.325777 26.150720 5.000000
v -18.964006 26.300570 5.000000
v -18.653346 26.538948 5.000000
v -18.414968 26.849608 5.000000
v -18.265117 27.211380 5.000000
v -18.214006 27.599608 5.000000
v -18.265117 27.987837 5.000000
v -18.414968 28.349608 5.000000
v -18.653346 28.660269 5.000000
v -18.964006 28.898647 5.000000
v -19.325777 29.048497 5.000000
v -19.714006 29.099608 5.000000
v -20.102235 29.048497 5.000000
v -20.464006 28.898647 5.000000
v -20.774666 28.660269 5.000000
v -21.013044 28.349608 5.000000
v -21.162895 27.987837 5.000000
v -21.214006 27.599608 0.000000
v -21.162895 27.987837 0.000000
v -21.013044 28.349608 0.000000
v -20.774666 28.660269 0.000000
v -20.464006 28.898647 0.000000
v -20.102235 29.048497 0.000000
v -19.714006 29.099608 0.000000
v -19.325777 29.048497 0.000000
v -18.964006 28.898647 0.000000
v -18.653346 28.660269 0.000000
v -18.414968 28.349608 0.000000
v -18.265117 27.987837 0.000000
v -18.214006 27.599608 0.000000
v -18.265117 27.211380 0.000000
v -18.414968 26.849608 0.000000
v -18.653346 26.538948 0.000000
v -18.964006 26.300570 0.000000
v -19.325777 26.150720 0.000000
v -19.714006 26.099608 0.000000
v -20.102235 26.150720 0.000000
v -20.464006 26.300570 0.000000
v -20.774666 26.538948 0.000000
v -21.013044 26.849608 0.000000
v -21.162895 27.211380 0.000000
v -4.000000 4.000000 0.000000
v -4.000000 31.000000 0.000000
v -4.000000 31.000000 5.000000
v -4.000000 4.000000 5.000000
v 4.000000 4.000000 0.000000
v 3.950753 3.374262 0.000000
v 3.804226 2.763932 0.000000
v 3.564026 2.184038 0.000000
v 3.236068 1.648859 0.000000
v 2.828427 1.171573 0.000000
v 2.351141 0.763932 0.000000
v 1.815962 0.435974 0.000000
v 1.236068 0.195774 0.000000
v 0.625738 0.049247 0.000000
v -0.000000 0.000000 0.000000
v -0.625738 0.049247 0.000000
v -1.236068 0.195774 0.000000
v -1.815962 0.435974 0.000000
v -2.351141 0.763932 0.000000
v -2.828427 1.171573 0.000000
v -3.236068 1.648859 0.000000
v -3.564026 2.184038 0.000000
v -3.804226 2.763932 0.000000
v -3.950753 3.374262 0.000000
v -3.950753 3.374262 5.000000
v -3.804226 2.763932 5.000000
v -3.564026 2.184038 5.000000
v -3.236068 1.648859 5.000000
v -2.828427 1.171573 5.000000
v -2.351141 0.763932 5.000000
v -1.815962 0.435974 5.000000
v -1.236068 0.195774 5.000000
v -0.625738 0.049247 5.000000
v -0.000000 0.000000 5.000000
v 0.625738 0.049247 5.000000
v 1.236068 0.195774 5.000000
v 1.815962 0.435974 5.000000
v 2.351141 0.763932 5.000000
v 2.828427 1.171573 5.000000
v 3.236068 1.648859 5.000000
v 3.564026 2.184038 5.000000
v 3.804226 2.763932 5.000000
v 3.950753 3.374262 5.000000
v 4.000000 4.000000 5.000000
v 4.000000 31.000000 0.000000
v 4.000000 31.000000 5.000000
v 0.001179 35.000000 0.000000
v 0.626786 34.950588 0.000000
v 1.236965 34.803935 0.000000
v 1.816698 34.563652 0.000000
v 2.351713 34.235653 0.000000
v 2.828844 33.828011 0.000000
v 3.236345 33.350760 0.000000
v 3.564187 32.815647 0.000000
v 3.804299 32.235844 0.000000
v 3.950772 31.625622 0.000000
v 3.950772 31.625622 5.000000
v 3.804299 32.235844 5.000000
v 3.564187 32.815647 5.000000
v 3.236345 33.350760 5.000000
v 2.828844 33.828011 5.000000
v 2.351713 34.235653 5.000000
v 1.816698 34.563652 5.000000
v 1.236965 34.803935 5.000000
v 0.626786 34.950588 5.000000
v 0.001179 35.000000 5.000000
v 10.000000 35.000000 0.000000
v 10.000000 35.000000 5.000000
v 25.000000 20.000000 0.000000
v 25.000000 20.000000 5.000000
v 25.000000 -35.000000 0.000000
v 25.000000 -35.000000 5.000000
v -25.000000 -35.000000 0.000000
v -25.000000 -35.000000 5.000000
v -25.000000 35.000000 0.000000
v -25.000000 35.000000 5.000000
v -3.950735 31.625855 0.000000
v -3.804153 32.236293 0.000000
v -3.563866 32.816278 0.000000
v -3.235791 33.351523 0.000000
v -2.828010 33.828845 0.000000
v -2.350569 34.236484 0.000000
v -1.815226 34.564401 0.000000
v -1.235171 34.804518 0.000000
v -0.624690 34.950920 0.000000
v -0.624690 34.950920 5.000000
v -1.235171 34.804518 5.000000
v -1.815226 34.564401 5.000000
v -2.350569 34.236484 5.000000
v -2.828010 33.828845 5.000000
v -3.235791 33.351523 5.000000
v -3.563866 32.816278 5.000000
v -3.804153 32.236293 5.000000
v -3.950735 31.625855 5.000000
vt 0.500000 -3.501668 0.000000
vt 0.000000 -3.501668 0.000000
vt 0.500000 -3.612832 0.000000
vt 0.000000 -3.612832 0.000000
vt 0.500000 3.612832 0.000000
vt 0.000000 3.612832 0.000000
vt 0.500000 3.501668 0.000000
vt 0.000000 3.501668 0.000000
vt 0.500000 3.390503 0.000000
vt 0.000000 3.390503 0.000000
vt 0.500000 3.279339 0.000000
vt -0.000000 3.279339 0.000000
vt 0.500000 3.168175 0.000000
vt 0.000000 3.168175 0.000000
vt 0.500000 3.057011 0.000000
vt 0.000000 3.057011 0.000000
vt 0.500000 2.945847 0.000000
vt 0.000000 2.945847 0.000000
vt 0.500000 2.834683 0.000000
vt 0.000000 2.834683 0.000000
vt 0.500000 2.723519 0.000000
vt 0.000000 2.723519 0.000000
vt 0.500000 2.612355 0.000000
vt 0.000000 2.612355 0.000000
vt 0.500000 2.501191 0.000000
vt 0.000000 2.501191 0.000000
vt 0.500000 2.390027 0.000000
vt 0.000000 2.390027 0.000000
vt 0.500000 2.278863 0.000000
vt 0.000000 2.278863 0.000000
vt 0.500000 2.167699 0.000000
vt 0.000000 2.167699 0.000000
vt 0.500000 2.056535 0.000000
vt 0.000000 2.056535 0.000000
vt 0.500000 1.945371 0.000000
vt 0.000000 1.945371 0.000000
vt 0.500000 1.834207 0.000000
vt 0.000000 1.834207 0.000000
vt 0.500000 1.723043 0.000000
vt 0.000000 1.723043 0.000000
vt 0.500000 1.611879 0.000000
vt 0.000000 1.611879 0.000000
vt 0.500000 1.500715 0.000000
vt 0.000000 1.500715 0.000000
vt 0.500000 1.389551 0.000000
vt 0.000000 1.389551 0.000000
vt 0.500000 1.278387 0.000000
vt 0.000000 1.278387 0.000000
vt 0.500000 1.167223 0.000000
vt 0.000000 1.167223 0.000000
vt 0.500000 1.056058 0.000000
vt 0.000000 1.056058 0.000000
vt 0.500000 0.944894 0.000000
vt 0.000000 0.944894 0.000000
vt 0.500000 0.833730 0.000000
vt 0.000000 0.833730 0.000000
vt 0.500000 0.722566 0.000000
vt 0.000000 0.722566 0.000000
vt 0.500000 0.611402 0.000000
vt 0.000000 0.611402 0.000000
vt 0.500000 0.500238 0.000000
vt 0.000000 0.500238 0.000000
vt 0.500000 0.389074 0.000000
vt 0.000000 0.389074 0.000000
vt 0.500000 0.277910 0.000000
vt 0.000000 0.277910 0.000000
vt 0.500000 0.166746 0.000000
vt 0.000000 0.166746 0.000000
vt 0.500000 0.055582 0.000000
vt 0.000000 0.055582 0.000000
vt 0.500000 -0.055582 0.000000
vt 0.000000 -0.055582 0.000000
vt 0.500000 -0.166746 0.000000
vt 0.000000 -0.166746 0.000000
vt 0.500000 -0.277910 0.000000
vt 0.000000 -0.277910 0.000000
vt 0.500000 -0.389074 0.000000
vt 0.000000 -0.389074 0.000000
vt 0.500000 -0.500238 0.000000
vt 0.000000 -0.500238 0.000000
vt 0.500000 -0.611402 0.000000
vt 0.000000 -0.611402 0.000000
vt 0.500000 -0.722566 0.000000
vt -0.000000 -0.722566 0.000000
vt 0.500000 -0.833730 0.000000
vt 0.000000 -0.833730 0.000000
vt 0.500000 -0.944894 0.000000
vt 0.000000 -0.944894 0.000000
vt 0.500000 -1.056058 0.000000
vt 0.000000 -1.056058 0.000000
vt 0.500000 -1.167223 0.000000
vt 0.000000 -1.167223 0.000000
vt 0.500000 -1.278387 0.000000
vt 0.000000 -1.278387 0.000000
vt 0.500000 -1.389551 0.000000
vt 0.000000 -1.389551 0.000000
vt 0.500000 -1.500715 0.000000
vt -0.000000 -1.500715 0.000000
vt 0.500000 -1.611879 0.000000
vt 0.000000 -1.611879 0.000000
vt 0.500000 -1.723043 0.000000
vt 0.000000 -1.723043 0.000000
vt 0.500000 -1.834207 0.000000
vt 0.000000 -1.834207 0.000000
vt 0.500000 -1.945371 0.000000
vt 0.000000 -1.945371 0.000000
vt 0.500000 -2.056535 0.000000
vt 0.000000 -2.056535 0.000000
vt 0.500000 -2.167699 0.000000
vt 0.000000 -2.167699 0.000000
vt 0.500000 -2.278863 0.000000
vt 0.000000 -2.278863 0.000000
vt 0.500000 -2.390027 0.000000
vt -0.000000 -2.390027 0.000000
vt 0.500000 -2.501191 0.000000
vt 0.000000 -2.501191 0.000000
vt 0.500000 -2.612355 0.000000
vt 0.000000 -2.612355 0.000000
vt 0.500000 -2.723519 0.000000
vt 0.000000 -2.723519 0.000000
vt 0.500000 -2.834683 0.000000
vt 0.000000 -2.834683 0.000000
vt 0.500000 -2.945847 0.000000
vt 0.000000 -2.945847 0.000000
vt 0.500000 -3.057011 0.000000
vt 0.000000 -3.057011 0.000000
vt 0.500000 -3.168175 0.000000
vt 0.000000 -3.168175 0.000000
vt 0.500000 -3.279339 0.000000
vt -0.000000 -3.279339 0.000000
vt 0.500000 -3.390503 0.000000
vt 0.000000 -3.390503 0.000000
vt 0.500000 -0.734727 0.000000
vt 0.000000 -0.734727 0.000000
vt 0.500000 -0.785398 0.000000
vt 0.000000 -0.785398 0.000000
vt 0.500000 0.785398 0.000000
vt 0.000000 0.785398 0.000000
vt 0.500000 0.734727 0.000000
vt 0.000000 0.734727 0.000000
vt -0.000000 0.684056 0.000000
vt 0.500000 -0.684056 0.000000
vt -0.000000 -0.684056 0.000000
vt 0.500000 -0.633386 0.000000
vt 0.000000 -0.633386 0.000000
vt 0.500000 -0.582715 0.000000
vt -0.000000 -0.582715 0.000000
vt 0.500000 -0.532044 0.000000
vt -0.000000 -0.532044 0.000000
vt 0.500000 -0.481373 0.000000
vt -0.000000 -0.481373 0.000000
vt 0.500000 -0.430702 0.000000
vt -0.000000 -0.430702 0.000000
vt 0.500000 -0.380031 0.000000
vt -0.000000 -0.380031 0.000000
vt 0.500000 -0.329361 0.000000
vt -0.000000 -0.329361 0.000000
vt 0.500000 -0.278690 0.000000
vt -0.000000 -0.278690 0.000000
vt 0.500000 -0.228019 0.000000
vt 0.000000 -0.228019 0.000000
vt 0.500000 -0.177348 0.000000
vt 0.000000 -0.177348 0.000000
vt 0.500000 -0.126677 0.000000
vt 0.000000 -0.126677 0.000000
vt 0.500000 -0.076006 0.000000
vt -0.000000 -0.076006 0.000000
vt 0.500000 -0.025335 0.000000
vt 0.000000 -0.025335 0.000000
vt 0.500000 0.025335 0.000000
vt 0.000000 0.025335 0.000000
vt 0.500000 0.076006 0.000000
vt -0.000000 0.076006 0.000000
vt 0.500000 0.126677 0.000000
vt -0.000000 0.126677 0.000000
vt 0.500000 0.177348 0.000000
vt -0.000000 0.177348 0.000000
vt 0.500000 0.228019 0.000000
vt -0.000000 0.228019 0.000000
vt 0.500000 0.278690 0.000000
vt 0.000000 0.278690 0.000000
vt 0.500000 0.329361 0.000000
vt 0.000000 0.329361 0.000000
vt 0.500000 0.380031 0.000000
vt 0.000000 0.380031 0.000000
vt 0.500000 0.430702 0.000000
vt 0.000000 0.430702 0.000000
vt 0.500000 0.481373 0.000000
vt 0.000000 0.481373 0.000000
vt 0.500000 0.532044 0.000000
vt -0.000000 0.532044 0.000000
vt 0.500000 0.582715 0.000000
vt -0.000000 0.582715 0.000000
vt 0.500000 0.633386 0.000000
vt -0.000000 0.633386 0.000000
vt 0.500000 0.684056 0.000000
vt 0.500000 -0.734727 0.000000
vt 0.000000 -0.734727 0.000000
vt 0.500000 -0.785398 0.000000
vt 0.000000 -0.785398 0.000000
vt 0.500000 0.785398 0.000000
vt 0.000000 0.785398 0.000000
vt 0.500000 0.734727 0.000000
vt 0.000000 0.734727 0.000000
vt 0.000000 0.684056 0.000000
vt 0.500000 -0.684056 0.000000
vt 0.000000 -0.684056 0.000000
vt 0.500000 -0.633386 0.000000
vt 0.000000 -0.633386 0.000000
vt 0.500000 -0.582715 0.000000
vt 0.000000 -0.582715 0.000000
vt 0.500000 -0.532044 0.000000
vt -0.000000 -0.532044 0.000000
vt 0.500000 -0.481373 0.000000
vt 0.000000 -0.481373 0.000000
vt 0.500000 -0.430702 0.000000
vt -0.000000 -0.430702 0.000000
vt 0.500000 -0.380031 0.000000
vt -0.000000 -0.380031 0.000000
vt 0.500000 -0.329361 0.000000
vt -0.000000 -0.329361 0.000000
vt 0.500000 -0.278690 0.000000
vt -0.000000 -0.278690 0.000000
vt 0.500000 -0.228019 0.000000
vt 0.000000 -0.228019 0.000000
vt 0.500000 -0.177348 0.000000
vt 0.000000 -0.177348 0.000000
vt 0.500000 -0.126677 0.000000
vt 0.000000 -0.126677 0.000000
vt 0.500000 -0.076006 0.000000
vt -0.000000 -0.076006 0.000000
vt 0.500000 -0.025335 0.000000
vt -0.000000 -0.025335 0.000000
vt 0.500000 0.025335 0.000000
vt -0.000000 0.025335 0.000000
vt 0.500000 0.076006 0.000000
vt -0.000000 0.076006 0.000000
vt 0.500000 0.126677 0.000000
vt 0.000000 0.126677 0.000000
vt 0.500000 0.177348 0.000000
vt 0.000000 0.177348 0.000000
vt 0.500000 0.228019 0.000000
vt 0.000000 0.228019 0.000000
vt 0.500000 0.278690 0.000000
vt 0.000000 0.278690 0.000000
vt 0.500000 0.329361 0.000000
vt -0.000000 0.329361 0.000000
vt 0.500000 0.380031 0.000000
vt -0.000000 0.380031 0.000000
vt 0.500000 0.430702 0.000000
vt -0.000000 0.430702 0.000000
vt 0.500000 0.481373 0.000000
vt 0.000000 0.481373 0.000000
vt 0.500000 0.532044 0.000000
vt -0.000000 0.532044 0.000000
vt 0.500000 0.582715 0.000000
vt 0.000000 0.582715 0.000000
vt 0.500000 0.633386 0.000000
vt 0.000000 0.633386 0.000000
vt 0.500000 0.684056 0.000000
vt 0.500000 -0.734727 0.000000
vt 0.000000 -0.734727 0.000000
vt 0.500000 -0.785398 0.000000
vt 0.000000 -0.785398 0.000000
vt 0.500000 0.785398 0.000000
vt 0.000000 0.785398 0.000000
vt 0.500000 0.734727 0.000000
vt 0.000000 0.734727 0.000000
vt -0.000000 0.684056 0.000000
vt 0.500000 -0.684056 0.000000
vt -0.000000 -0.684056 0.000000
vt 0.500000 -0.633386 0.000000
vt 0.000000 -0.633386 0.000000
vt 0.500000 -0.582715 0.000000
vt -0.000000 -0.582715 0.000000
vt 0.500000 -0.532044 0.000000
vt -0.000000 -0.532044 0.000000
vt 0.500000 -0.481373 0.000000
vt -0.000000 -0.481373 0.000000
vt 0.500000 -0.430702 0.000000
vt -0.000000 -0.430702 0.000000
vt 0.500000 -0.380031 0.000000
vt -0.000000 -0.380031 0.000000
vt 0.500000 -0.329361 0.000000
vt -0.000000 -0.329361 0.000000
vt 0.500000 -0.278690 0.000000
vt -0.000000 -0.278690 0.000000
vt 0.500000 -0.228019 0.000000
vt 0.000000 -0.228019 0.000000
vt 0.500000 -0.177348 0.000000
vt 0.000000 -0.177348 0.000000
vt 0.500000 -0.126677 0.000000
vt 0.000000 -0.126677 0.000000
vt 0.500000 -0.076006 0.000000
vt -0.000000 -0.076006 0.000000
vt 0.500000 -0.025335 0.000000
vt 0.000000 -0.025335 0.000000
vt 0.500000 0.025335 0.000000
vt 0.000000 0.025335 0.000000
vt 0.500000 0.076006 0.000000
vt -0.000000 0.076006 0.000000
vt 0.500000 0.126677 0.000000
vt 0.000000 0.126677 0.000000
vt 0.500000 0.177348 0.000000
vt 0.000000 0.177348 0.000000
vt 0.500000 0.228019 0.000000
vt -0.000000 0.228019 0.000000
vt 0.500000 0.278690 0.000000
vt 0.000000 0.278690 0.000000
vt 0.500000 0.329361 0.000000
vt -0.000000 0.329361 0.000000
vt 0.500000 0.380031 0.000000
vt -0.000000 0.380031 0.000000
vt 0.500000 0.430702 0.000000
vt -0.000000 0.430702 0.000000
vt 0.500000 0.481373 0.000000
vt 0.000000 0.481373 0.000000
vt 0.500000 0.532044 0.000000
vt -0.000000 0.532044 0.000000
vt 0.500000 0.582715 0.000000
vt -0.000000 0.582715 0.000000
vt 0.500000 0.633386 0.000000
vt 0.000000 0.633386 0.000000
vt 0.500000 0.684056 0.000000
vt 0.500000 -0.734727 0.000000
vt 0.000000 -0.734727 0.000000
vt 0.500000 -0.785398 0.000000
vt 0.000000 -0.785398 0.000000
vt 0.500000 0.785398 0.000000
vt 0.000000 0.785398 0.000000
vt 0.500000 0.734727 0.000000
vt 0.000000 0.734727 0.000000
vt 0.000000 0.684056 0.000000
vt 0.500000 -0.684056 0.000000
vt 0.000000 -0.684056 0.000000
vt 0.500000 -0.633386 0.000000
vt 0.000000 -0.633386 0.000000
vt 0.500000 -0.582715 0.000000
vt 0.000000 -0.582715 0.000000
vt 0.500000 -0.532044 0.000000
vt -0.000000 -0.532044 0.000000
vt 0.500000 -0.481373 0.000000
vt 0.000000 -0.481373 0.000000
vt 0.500000 -0.430702 0.000000
vt -0.000000 -0.430702 0.000000
vt 0.500000 -0.380031 0.000000
vt -0.000000 -0.380031 0.000000
vt 0.500000 -0.329361 0.000000
vt -0.000000 -0.329361 0.000000
vt 0.500000 -0.278690 0.000000
vt -0.000000 -0.278690 0.000000
vt 0.500000 -0.228019 0.000000
vt 0.000000 -0.228019 0.000000
vt 0.500000 -0.177348 0.000000
vt 0.000000 -0.177348 0.000000
vt 0.500000 -0.126677 0.000000
vt 0.000000 -0.126677 0.000000
vt 0.500000 -0.076006 0.000000
vt -0.000000 -0.076006 0.000000
vt 0.500000 -0.025335 0.000000
vt -0.000000 -0.025335 0.000000
vt 0.500000 0.025335 0.000000
vt -0.000000 0.025335 0.000000
vt 0.500000 0.076006 0.000000
vt -0.000000 0.076006 0.000000
vt 0.500000 0.126677 0.000000
vt 0.000000 0.126677 0.000000
vt 0.500000 0.177348 0.000000
vt -0.000000 0.177348 0.000000
vt 0.500000 0.228019 0.000000
vt 0.000000 0.228019 0.000000
vt 0.500000 0.278690 0.000000
vt -0.000000 0.278690 0.000000
vt 0.500000 0.329361 0.000000
vt 0.000000 0.329361 0.000000
vt 0.500000 0.380031 0.000000
vt 0.000000 0.380031 0.000000
vt 0.500000 0.430702 0.000000
vt 0.000000 0.430702 0.000000
vt 0.500000 0.481373 0.000000
vt 0.000000 0.481373 0.000000
vt 0.500000 0.532044 0.000000
vt -0.000000 0.532044 0.000000
vt 0.500000 0.582715 0.000000
vt 0.000000 0.582715 0.000000
vt 0.500000 0.633386 0.000000
vt -0.000000 0.633386 0.000000
vt 0.500000 0.684056 0.000000
vt 0.500000 -0.431969 0.000000
vt 0.000000 -0.431969 0.000000
vt 0.500000 -0.471239 0.000000
vt 0.000000 -0.471239 0.000000
vt 0.500000 0.471239 0.000000
vt 0.000000 0.471239 0.000000
vt 0.500000 0.431969 0.000000
vt 0.000000 0.431969 0.000000
vt 0.500000 0.392699 0.000000
vt -0.000000 0.392699 0.000000
vt 0.500000 0.353429 0.000000
vt -0.000000 0.353429 0.000000
vt 0.500000 0.314159 0.000000
vt -0.000000 0.314159 0.000000
vt 0.500000 0.274889 0.000000
vt 0.000000 0.274889 0.000000
vt 0.500000 0.235619 0.000000
vt -0.000000 0.235619 0.000000
vt 0.500000 0.196350 0.000000
vt 0.000000 0.196350 0.000000
vt 0.500000 0.157080 0.000000
vt 0.000000 0.157080 0.000000
vt 0.500000 0.117810 0.000000
vt -0.000000 0.117810 0.000000
vt 0.500000 0.078540 0.000000
vt -0.000000 0.078540 0.000000
vt 0.500000 0.039270 0.000000
vt 0.000000 0.039270 0.000000
vt 0.500000 0.000000 0.000000
vt 0.000000 0.000000 0.000000
vt 0.500000 -0.039270 0.000000
vt 0.000000 -0.039270 0.000000
vt 0.500000 -0.078540 0.000000
vt -0.000000 -0.078540 0.000000
vt 0.500000 -0.117810 0.000000
vt -0.000000 -0.117810 0.000000
vt 0.500000 -0.157080 0.000000
vt -0.000000 -0.157080 0.000000
vt 0.500000 -0.196350 0.000000
vt 0.000000 -0.196350 0.000000
vt 0.500000 -0.235619 0.000000
vt -0.000000 -0.235619 0.000000
vt 0.500000 -0.274889 0.000000
vt 0.000000 -0.274889 0.000000
vt 0.500000 -0.314159 0.000000
vt -0.000000 -0.314159 0.000000
vt 0.500000 -0.353429 0.000000
vt -0.000000 -0.353429 0.000000
vt 0.500000 -0.392699 0.000000
vt -0.000000 -0.392699 0.000000
vt 0.000000 0.000000 0.000000
vt 2.700000 0.000000 0.000000
vt 0.000000 0.500000 0.000000
vt 2.700000 0.500000 0.000000
vt 0.500000 -1.256637 0.000000
vt 0.000000 -1.256637 0.000000
vt 0.500000 -1.319469 0.000000
vt 0.000000 -1.319469 0.000000
vt -0.000000 -1.382301 0.000000
vt 0.500000 -1.382301 0.000000
vt 0.000000 -1.445133 0.000000
vt 0.500000 -1.445133 0.000000
vt 0.000000 -1.507964 0.000000
vt 0.500000 -1.507964 0.000000
vt 0.000000 -1.570796 0.000000
vt 0.500000 -1.570796 0.000000
vt 0.000000 -1.633628 0.000000
vt 0.500000 -1.633628 0.000000
vt 0.000000 -1.696460 0.000000
vt 0.500000 -1.696460 0.000000
vt 0.000000 -1.759292 0.000000
vt 0.500000 -1.759292 0.000000
vt -0.000000 -1.822124 0.000000
vt 0.500000 -1.822124 0.000000
vt 0.000000 -1.884956 0.000000
vt 0.500000 -1.884956 0.000000
vt -0.000000 -1.947787 0.000000
vt 0.500000 -1.947787 0.000000
vt 0.000000 -2.010619 0.000000
vt 0.500000 -2.010619 0.000000
vt 0.000000 -2.073451 0.000000
vt 0.500000 -2.073451 0.000000
vt -0.000000 -2.136283 0.000000
vt 0.500000 -2.136283 0.000000
vt -0.000000 -2.199115 0.000000
vt 0.500000 -2.199115 0.000000
vt -0.000000 -2.261947 0.000000
vt 0.500000 -2.261947 0.000000
vt 0.000000 -2.324779 0.000000
vt 0.500000 -2.324779 0.000000
vt 0.000000 -2.387610 0.000000
vt 0.500000 -2.387610 0.000000
vt -0.000000 -2.450442 0.000000
vt 0.500000 -2.450442 0.000000
vt 0.500000 -2.513274 0.000000
vt 0.000000 -2.513274 0.000000
vt -0.000000 0.000000 0.000000
vt 2.700000 0.000000 0.000000
vt -0.000000 0.500000 0.000000
vt 2.700000 0.500000 0.000000
vt 0.500000 0.628201 0.000000
vt 0.000000 0.628201 0.000000
vt 0.500000 0.565381 0.000000
vt 0.000000 0.565381 0.000000
vt 0.500000 0.502560 0.000000
vt 0.000000 0.502560 0.000000
vt 0.500000 0.439740 0.000000
vt -0.000000 0.439740 0.000000
vt 0.500000 0.376920 0.000000
vt -0.000000 0.376920 0.000000
vt 0.500000 0.314100 0.000000
vt -0.000000 0.314100 0.000000
vt 0.500000 0.251280 0.000000
vt -0.000000 0.251280 0.000000
vt 0.500000 0.188460 0.000000
vt 0.000000 0.188460 0.000000
vt 0.500000 0.125640 0.000000
vt -0.000000 0.125640 0.000000
vt 0.500000 0.062820 0.000000
vt -0.000000 0.062820 0.000000
vt 0.500000 0.000000 0.000000
vt 0.000000 0.000000 0.000000
vt -0.000000 0.000000 0.000000
vt 0.999882 0.000000 0.000000
vt -0.000000 0.500000 0.000000
vt 0.999882 0.500000 0.000000
vt 0.000000 0.000000 0.000000
vt 2.121320 0.000000 0.000000
vt -0.000000 0.500000 0.000000
vt 2.121320 0.500000 0.000000
vt 0.000000 0.000000 0.000000
vt 5.500000 0.000000 0.000000
vt 0.000000 0.500000 0.000000
vt 5.500000 0.500000 0.000000
vt 0.000000 0.000000 0.000000
vt 5.000000 0.000000 0.000000
vt -0.000000 0.500000 0.000000
vt 5.000000 0.500000 0.000000
vt 0.000000 0.000000 0.000000
vt 7.000000 0.000000 0.000000
vt 0.000000 0.500000 0.000000
vt 7.000000 0.500000 0.000000
vt 0.000000 0.000000 0.000000
vt 2.500118 0.000000 0.000000
vt -0.000000 0.500000 0.000000
vt 2.500118 0.500000 0.000000
vt 0.500000 -1.256637 0.000000
vt 0.000000 -1.256637 0.000000
vt 0.500000 -1.319481 0.000000
vt 0.000000 -1.319481 0.000000
vt 0.500000 -1.382324 0.000000
vt -0.000000 -1.382324 0.000000
vt 0.500000 -1.445168 0.000000
vt 0.000000 -1.445168 0.000000
vt 0.500000 -1.508012 0.000000
vt -0.000000 -1.508012 0.000000
vt 0.500000 -1.570855 0.000000
vt -0.000000 -1.570855 0.000000
vt 0.500000 -1.633699 0.000000
vt 0.000000 -1.633699 0.000000
vt 0.500000 -1.696543 0.000000
vt 0.000000 -1.696543 0.000000
vt 0.500000 -1.759386 0.000000
vt -0.000000 -1.759386 0.000000
vt 0.500000 -1.822230 0.000000
vt 0.000000 -1.822230 0.000000
vt 0.500000 -1.885074 0.000000
vt 0.000000 -1.885074 0.000000
vt -2.116289 2.721138 0.000000
vt -2.121401 2.759961 0.000000
vt -2.500000 3.500000 0.000000
vt -2.116289 2.798784 0.000000
vt -2.101304 2.834961 0.000000
vt -2.077467 2.866027 0.000000
vt -2.046401 2.889865 0.000000
vt -2.010223 2.904850 0.000000
vt -1.971401 2.909961 0.000000
vt -1.932578 2.904850 0.000000
vt -1.896401 2.889865 0.000000
vt -1.865335 2.866027 0.000000
vt -0.356387 3.281628 0.000000
vt -0.323579 3.335152 0.000000
vt -0.282801 3.382884 0.000000
vt -0.235057 3.423648 0.000000
vt -0.380415 3.223629 0.000000
vt -1.841497 2.834961 0.000000
vt -0.395073 3.162585 0.000000
vt -1.826512 2.798784 0.000000
vt -0.400000 3.100000 0.000000
vt -1.821401 2.759961 0.000000
vt -1.826512 2.721138 0.000000
vt -1.841497 2.684961 0.000000
vt -0.400000 0.400000 0.000000
vt -1.865335 2.653895 0.000000
vt -1.896401 2.630057 0.000000
vt -1.932578 2.615072 0.000000
vt -0.822939 -0.546712 0.000000
vt -0.741569 -0.471037 0.000000
vt -0.896626 -0.629887 0.000000
vt -1.971401 2.609961 0.000000
vt -0.961941 -0.719786 0.000000
vt -2.010223 2.615072 0.000000
vt -1.018274 -0.815568 0.000000
vt -2.037857 -1.752883 0.000000
vt -1.065101 -0.916341 0.000000
vt -1.987338 -1.750321 0.000000
vt -1.101983 -1.021162 0.000000
vt -1.937337 -1.757981 0.000000
vt -1.128576 -1.129054 0.000000
vt -1.889901 -1.775549 0.000000
vt -1.144631 -1.239009 0.000000
vt -1.846974 -1.802306 0.000000
vt -1.150000 -1.350000 0.000000
vt -1.810310 -1.837157 0.000000
vt -1.144631 -1.460991 0.000000
vt -1.781413 -1.878675 0.000000
vt -1.128576 -1.570946 0.000000
vt -1.761465 -1.925159 0.000000
vt -1.101983 -1.678838 0.000000
vt -1.751283 -1.974708 0.000000
vt -1.065101 -1.783659 0.000000
vt -1.751283 -2.025292 0.000000
vt -1.018274 -1.884432 0.000000
vt -1.761465 -2.074841 0.000000
vt -0.961941 -1.980214 0.000000
vt -1.781413 -2.121326 0.000000
vt -1.781413 -2.878675 0.000000
vt -1.810310 -2.837157 0.000000
vt -1.810310 -2.162843 0.000000
vt -1.846974 -2.802306 0.000000
vt -1.846974 -2.197694 0.000000
vt -1.889901 -2.775549 0.000000
vt -1.889901 -2.224451 0.000000
vt -1.937337 -2.757981 0.000000
vt -1.937337 -2.242019 0.000000
vt -1.987338 -2.750321 0.000000
vt -1.987338 -2.249679 0.000000
vt -2.037857 -2.752883 0.000000
vt -2.037857 -2.247117 0.000000
vt -2.086826 -2.765562 0.000000
vt -2.086826 -2.234438 0.000000
vt -2.132241 -2.787839 0.000000
vt -2.132241 -2.212161 0.000000
vt -2.172242 -2.818802 0.000000
vt -2.172242 -2.181198 0.000000
vt -2.205191 -2.857183 0.000000
vt -2.205191 -2.142817 0.000000
vt -2.229739 -2.901411 0.000000
vt -2.229739 -2.098589 0.000000
vt -2.244882 -2.050325 0.000000
vt -2.086826 -1.765562 0.000000
vt -2.046401 2.630057 0.000000
vt -2.132241 -1.787839 0.000000
vt -2.077467 2.653895 0.000000
vt -2.172242 -1.818802 0.000000
vt -2.101304 2.684961 0.000000
vt -2.205191 -1.857183 0.000000
vt -2.229739 -1.901411 0.000000
vt 1.755118 -1.949675 0.000000
vt 1.084809 -1.731694 0.000000
vt 1.750000 -2.000000 0.000000
vt 1.042906 -1.834611 0.000000
vt 1.755118 -2.050325 0.000000
vt 0.991265 -1.933004 0.000000
vt 1.770261 -2.098589 0.000000
vt 0.930370 -2.025953 0.000000
vt 1.770261 -2.901411 0.000000
vt 1.755118 -2.949675 0.000000
vt 0.860787 -2.112591 0.000000
vt 0.783168 -2.192109 0.000000
vt 1.116583 -1.625213 0.000000
vt 1.770261 -1.901411 0.000000
vt 1.137932 -1.516162 0.000000
vt 1.794809 -1.857183 0.000000
vt 1.148657 -1.405560 0.000000
vt 1.827758 -1.818802 0.000000
vt 1.148657 -1.294440 0.000000
vt 1.867759 -1.787839 0.000000
vt 1.137932 -1.183838 0.000000
vt 1.913174 -1.765562 0.000000
vt 1.116583 -1.074787 0.000000
vt 1.962143 -1.752883 0.000000
vt 1.084809 -0.968306 0.000000
vt 2.012662 -1.750321 0.000000
vt 1.042906 -0.865389 0.000000
vt 2.062663 -1.757981 0.000000
vt 2.500000 2.000000 0.000000
vt 2.110099 -1.775549 0.000000
vt 2.153027 -1.802306 0.000000
vt 2.189690 -1.837157 0.000000
vt 2.218587 -1.878675 0.000000
vt 2.238535 -1.925159 0.000000
vt 2.248717 -1.974708 0.000000
vt 2.500000 -3.500000 0.000000
vt 2.248717 -2.025292 0.000000
vt 2.238535 -2.074841 0.000000
vt 2.218587 -2.121326 0.000000
vt 2.218587 -2.878675 0.000000
vt 2.238535 -2.925159 0.000000
vt 2.248717 -2.974708 0.000000
vt 2.248717 -3.025292 0.000000
vt 2.189690 -2.162843 0.000000
vt 2.189690 -2.837157 0.000000
vt 2.153027 -2.197694 0.000000
vt 2.153027 -2.802306 0.000000
vt 2.110099 -2.224451 0.000000
vt 2.110099 -2.775549 0.000000
vt 2.062663 -2.242019 0.000000
vt 2.062663 -2.757981 0.000000
vt 2.012662 -2.249679 0.000000
vt 2.012662 -2.750321 0.000000
vt 1.962143 -2.752883 0.000000
vt 1.962143 -2.247117 0.000000
vt 1.913174 -2.765562 0.000000
vt 1.913174 -2.234438 0.000000
vt 1.867759 -2.787839 0.000000
vt 1.867759 -2.212161 0.000000
vt 1.827758 -2.818802 0.000000
vt 1.827758 -2.181198 0.000000
vt 1.794809 -2.857183 0.000000
vt 1.794809 -2.142817 0.000000
vt -2.244882 -3.050325 0.000000
vt -2.250000 -3.000000 0.000000
vt -2.500000 -3.500000 0.000000
vt -2.244882 -2.949675 0.000000
vt -1.761465 -2.925159 0.000000
vt -0.896626 -2.070113 0.000000
vt -0.822939 -2.153288 0.000000
vt -1.751283 -2.974708 0.000000
vt -0.741569 -2.228963 0.000000
vt -1.751283 -3.025292 0.000000
vt -0.653274 -2.296431 0.000000
vt -1.761465 -3.074841 0.000000
vt -0.558881 -2.355063 0.000000
vt -0.459269 -2.404311 0.000000
vt -1.781413 -3.121326 0.000000
vt -0.355370 -2.443715 0.000000
vt -0.248152 -2.472907 0.000000
vt -1.810310 -3.162843 0.000000
vt -0.138617 -2.491615 0.000000
vt -0.027788 -2.499664 0.000000
vt -1.846974 -3.197694 0.000000
vt 1.827758 -3.181198 0.000000
vt 1.867759 -3.212161 0.000000
vt -1.889901 -3.224451 0.000000
vt 1.913174 -3.234438 0.000000
vt -1.937337 -3.242019 0.000000
vt -1.987338 -3.249679 0.000000
vt -2.037857 -3.247117 0.000000
vt -2.086826 -3.234438 0.000000
vt -2.132241 -3.212161 0.000000
vt -2.172242 -3.181198 0.000000
vt -2.205191 -3.142817 0.000000
vt -2.229739 -3.098589 0.000000
vt 1.750000 -3.000000 0.000000
vt 0.698237 -2.263764 0.000000
vt 1.755118 -3.050325 0.000000
vt 0.606786 -2.326888 0.000000
vt 0.509670 -2.380891 0.000000
vt 2.238535 -3.074841 0.000000
vt 2.218587 -3.121326 0.000000
vt 2.189690 -3.162843 0.000000
vt 2.153027 -3.197694 0.000000
vt 2.110099 -3.224451 0.000000
vt 2.062663 -3.242019 0.000000
vt 2.012662 -3.249679 0.000000
vt 1.962143 -3.247117 0.000000
vt 1.794809 -3.142817 0.000000
vt 0.193611 -2.483585 0.000000
vt 0.083300 -2.496979 0.000000
vt 1.770261 -3.098589 0.000000
vt 0.407796 -2.425269 0.000000
vt 0.302113 -2.459607 0.000000
vt -2.250000 -2.000000 0.000000
vt -2.244882 -1.949675 0.000000
vt -0.395075 0.337426 0.000000
vt -0.653274 -0.403569 0.000000
vt -0.380423 0.276393 0.000000
vt -0.558881 -0.344937 0.000000
vt -0.356403 0.218404 0.000000
vt -0.459269 -0.295689 0.000000
vt -0.323607 0.164886 0.000000
vt -0.355370 -0.256285 0.000000
vt -0.282843 0.117157 0.000000
vt -0.235114 0.076393 0.000000
vt -0.248152 -0.227093 0.000000
vt -0.181596 0.043597 0.000000
vt -0.138617 -0.208385 0.000000
vt -0.123607 0.019577 0.000000
vt -0.062574 0.004925 0.000000
vt -0.027788 -0.200336 0.000000
vt -0.000000 -0.000000 0.000000
vt 0.083300 -0.203021 0.000000
vt 0.062574 0.004925 0.000000
vt 0.123607 0.019577 0.000000
vt 0.193611 -0.216415 0.000000
vt 0.181596 0.043597 0.000000
vt 0.235114 0.076393 0.000000
vt 0.302113 -0.240393 0.000000
vt 0.282843 0.117157 0.000000
vt 0.407796 -0.274731 0.000000
vt 0.323607 0.164886 0.000000
vt 0.356403 0.218404 0.000000
vt 0.509670 -0.319109 0.000000
vt 0.380423 0.276393 0.000000
vt 0.606786 -0.373112 0.000000
vt 0.395075 0.337426 0.000000
vt 0.698237 -0.436236 0.000000
vt 0.400000 0.400000 0.000000
vt 0.783168 -0.507891 0.000000
vt 0.860787 -0.587409 0.000000
vt 0.930370 -0.674047 0.000000
vt 0.991265 -0.766996 0.000000
vt -0.181523 3.456440 0.000000
vt -0.123517 3.480452 0.000000
vt -0.062469 3.495092 0.000000
vt 0.000118 3.500000 0.000000
vt 1.000000 3.500000 0.000000
vt 0.400000 3.100000 0.000000
vt 0.395077 3.162562 0.000000
vt 0.380430 3.223584 0.000000
vt 0.356419 3.281565 0.000000
vt 0.323635 3.335076 0.000000
vt 0.282884 3.382801 0.000000
vt 0.235171 3.423565 0.000000
vt 0.181670 3.456365 0.000000
vt 0.123697 3.480393 0.000000
vt 0.062679 3.495059 0.000000
vt 2.116289 2.798784 0.000000
vt 2.121401 2.759961 0.000000
vt 2.500000 3.500000 0.000000
vt 2.116289 2.721138 0.000000
vt 2.229739 -1.901411 0.000000
vt 2.101304 2.684961 0.000000
vt 2.205191 -1.857183 0.000000
vt 2.172242 -1.818802 0.000000
vt 2.077467 2.653895 0.000000
vt 2.132241 -1.787839 0.000000
vt 2.046401 2.630057 0.000000
vt 2.086826 -1.765562 0.000000
vt 2.010223 2.615072 0.000000
vt 2.037857 -1.752883 0.000000
vt 1.018274 -0.815568 0.000000
vt 1.065101 -0.916341 0.000000
vt 0.961941 -0.719786 0.000000
vt 1.971401 2.609961 0.000000
vt 0.896626 -0.629887 0.000000
vt 1.932578 2.615072 0.000000
vt 0.822939 -0.546712 0.000000
vt 0.400000 0.400000 0.000000
vt 0.741569 -0.471037 0.000000
vt 0.395075 0.337426 0.000000
vt 0.653274 -0.403569 0.000000
vt 0.380423 0.276393 0.000000
vt 0.558881 -0.344937 0.000000
vt 0.356403 0.218404 0.000000
vt 0.459269 -0.295689 0.000000
vt 0.323607 0.164886 0.000000
vt 0.355370 -0.256285 0.000000
vt 0.282843 0.117157 0.000000
vt 0.235114 0.076393 0.000000
vt 1.896401 2.630057 0.000000
vt 1.865335 2.653895 0.000000
vt 1.841497 2.684961 0.000000
vt 0.400000 3.100000 0.000000
vt 1.826512 2.721138 0.000000
vt 1.821401 2.759961 0.000000
vt 1.826512 2.798784 0.000000
vt 0.395073 3.162585 0.000000
vt 1.841497 2.834961 0.000000
vt 0.380415 3.223629 0.000000
vt 1.865335 2.866027 0.000000
vt 0.356387 3.281628 0.000000
vt 1.896401 2.889865 0.000000
vt 0.323579 3.335152 0.000000
vt 0.282801 3.382884 0.000000
vt 0.235057 3.423648 0.000000
vt 0.181523 3.456440 0.000000
vt 0.123517 3.480452 0.000000
vt 0.062469 3.495092 0.000000
vt -0.000118 3.500000 0.000000
vt 1.932578 2.904850 0.000000
vt 1.971401 2.909961 0.000000
vt 2.010223 2.904850 0.000000
vt 2.046401 2.889865 0.000000
vt 2.077467 2.866027 0.000000
vt 2.101304 2.834961 0.000000
vt -1.755118 -2.050325 0.000000
vt -1.042906 -1.834611 0.000000
vt -1.750000 -2.000000 0.000000
vt -1.084809 -1.731694 0.000000
vt -1.755118 -1.949675 0.000000
vt -1.116583 -1.625213 0.000000
vt -1.770261 -1.901411 0.000000
vt -1.137932 -1.516162 0.000000
vt -1.794809 -1.857183 0.000000
vt -1.148657 -1.405560 0.000000
vt -1.827758 -1.818802 0.000000
vt -1.148657 -1.294440 0.000000
vt -1.867759 -1.787839 0.000000
vt -1.137932 -1.183838 0.000000
vt -1.913174 -1.765562 0.000000
vt -1.116583 -1.074787 0.000000
vt -1.962143 -1.752883 0.000000
vt -1.084809 -0.968306 0.000000
vt -2.012662 -1.750321 0.000000
vt -1.042906 -0.865389 0.000000
vt -2.062663 -1.757981 0.000000
vt -2.500000 2.000000 0.000000
vt -2.110099 -1.775549 0.000000
vt -2.153027 -1.802306 0.000000
vt -2.189690 -1.837157 0.000000
vt -2.218587 -1.878675 0.000000
vt -2.238535 -1.925159 0.000000
vt -2.248717 -1.974708 0.000000
vt -2.500000 -3.500000 0.000000
vt -2.248717 -2.025292 0.000000
vt -2.238535 -2.074841 0.000000
vt -2.238535 -2.925159 0.000000
vt -2.218587 -2.878675 0.000000
vt -0.991265 -1.933004 0.000000
vt -1.770261 -2.098589 0.000000
vt -0.930370 -2.025953 0.000000
vt -1.770261 -2.901411 0.000000
vt -1.755118 -2.949675 0.000000
vt -1.794809 -2.142817 0.000000
vt -1.794809 -2.857183 0.000000
vt -1.827758 -2.181198 0.000000
vt -1.827758 -2.818802 0.000000
vt -1.867759 -2.212161 0.000000
vt -1.867759 -2.787839 0.000000
vt -1.913174 -2.234438 0.000000
vt -1.913174 -2.765562 0.000000
vt -1.962143 -2.247117 0.000000
vt -1.962143 -2.752883 0.000000
vt -2.012662 -2.249679 0.000000
vt -2.012662 -2.750321 0.000000
vt -2.062663 -2.757981 0.000000
vt -2.062663 -2.242019 0.000000
vt -2.110099 -2.775549 0.000000
vt -2.110099 -2.224451 0.000000
vt -2.153027 -2.802306 0.000000
vt -2.153027 -2.197694 0.000000
vt -2.189690 -2.837157 0.000000
vt -2.189690 -2.162843 0.000000
vt -2.218587 -2.121326 0.000000
vt 2.244882 -2.949675 0.000000
vt 2.250000 -3.000000 0.000000
vt 2.500000 -3.500000 0.000000
vt 2.244882 -3.050325 0.000000
vt 2.229739 -3.098589 0.000000
vt 2.205191 -3.142817 0.000000
vt 2.172242 -3.181198 0.000000
vt 2.132241 -3.212161 0.000000
vt 2.086826 -3.234438 0.000000
vt 2.037857 -3.247117 0.000000
vt 1.987338 -3.249679 0.000000
vt 1.937337 -3.242019 0.000000
vt 1.889901 -3.224451 0.000000
vt -1.913174 -3.234438 0.000000
vt -1.867759 -3.212161 0.000000
vt 1.846974 -3.197694 0.000000
vt -1.827758 -3.181198 0.000000
vt 0.027788 -2.499664 0.000000
vt -0.083300 -2.496979 0.000000
vt 1.810310 -3.162843 0.000000
vt 0.138617 -2.491615 0.000000
vt 0.248152 -2.472907 0.000000
vt 1.781413 -3.121326 0.000000
vt 0.355370 -2.443715 0.000000
vt 0.459269 -2.404311 0.000000
vt 1.761465 -3.074841 0.000000
vt 0.558881 -2.355063 0.000000
vt 0.653274 -2.296431 0.000000
vt 1.751283 -3.025292 0.000000
vt 0.741569 -2.228963 0.000000
vt 1.751283 -2.974708 0.000000
vt 0.822939 -2.153288 0.000000
vt 1.761465 -2.925159 0.000000
vt 0.896626 -2.070113 0.000000
vt 0.961941 -1.980214 0.000000
vt 1.781413 -2.878675 0.000000
vt 1.781413 -2.121326 0.000000
vt 1.810310 -2.837157 0.000000
vt 1.810310 -2.162843 0.000000
vt 1.846974 -2.802306 0.000000
vt 1.846974 -2.197694 0.000000
vt 1.889901 -2.775549 0.000000
vt 1.889901 -2.224451 0.000000
vt 1.937337 -2.757981 0.000000
vt 1.937337 -2.242019 0.000000
vt 1.987338 -2.750321 0.000000
vt 1.987338 -2.249679 0.000000
vt 2.037857 -2.752883 0.000000
vt 2.037857 -2.247117 0.000000
vt 2.086826 -2.765562 0.000000
vt 2.086826 -2.234438 0.000000
vt 2.132241 -2.787839 0.000000
vt 2.132241 -2.212161 0.000000
vt 2.172242 -2.818802 0.000000
vt 2.172242 -2.181198 0.000000
vt 2.205191 -2.857183 0.000000
vt 2.205191 -2.142817 0.000000
vt 2.229739 -2.901411 0.000000
vt 2.229739 -2.098589 0.000000
vt 2.244882 -2.050325 0.000000
vt -1.755118 -3.050325 0.000000
vt -0.698237 -2.263764 0.000000
vt -1.750000 -3.000000 0.000000
vt -0.783168 -2.192109 0.000000
vt -0.860787 -2.112591 0.000000
vt -1.770261 -3.098589 0.000000
vt -0.509670 -2.380891 0.000000
vt -0.606786 -2.326888 0.000000
vt -0.407796 -2.425269 0.000000
vt -1.794809 -3.142817 0.000000
vt -0.302113 -2.459607 0.000000
vt -0.193611 -2.483585 0.000000
vt -1.962143 -3.247117 0.000000
vt -2.012662 -3.249679 0.000000
vt -2.062663 -3.242019 0.000000
vt -2.110099 -3.224451 0.000000
vt -2.153027 -3.197694 0.000000
vt -2.189690 -3.162843 0.000000
vt -2.218587 -3.121326 0.000000
vt -2.238535 -3.074841 0.000000
vt -2.248717 -3.025292 0.000000
vt -2.248717 -2.974708 0.000000
vt 2.244882 -1.949675 0.000000
vt 2.250000 -2.000000 0.000000
vt 1.761465 -2.074841 0.000000
vt 1.018274 -1.884432 0.000000
vt 1.751283 -2.025292 0.000000
vt 1.065101 -1.783659 0.000000
vt 1.751283 -1.974708 0.000000
vt 1.101983 -1.678838 0.000000
vt 1.761465 -1.925159 0.000000
vt 1.128576 -1.570946 0.000000
vt 1.781413 -1.878675 0.000000
vt 1.144631 -1.460991 0.000000
vt 1.810310 -1.837157 0.000000
vt 1.150000 -1.350000 0.000000
vt 1.846974 -1.802306 0.000000
vt 1.144631 -1.239009 0.000000
vt 1.889901 -1.775549 0.000000
vt 1.128576 -1.129054 0.000000
vt 1.937337 -1.757981 0.000000
vt 1.101983 -1.021162 0.000000
vt 1.987338 -1.750321 0.000000
vt -0.991265 -0.766996 0.000000
vt -0.930370 -0.674047 0.000000
vt -0.860787 -0.587409 0.000000
vt -0.400000 0.400000 0.000000
vt -0.783168 -0.507891 0.000000
vt -0.698237 -0.436236 0.000000
vt -0.395075 0.337426 0.000000
vt -0.606786 -0.373112 0.000000
vt -0.380423 0.276393 0.000000
vt -0.509670 -0.319109 0.000000
vt -0.356403 0.218404 0.000000
vt -0.407796 -0.274731 0.000000
vt -0.323607 0.164886 0.000000
vt -0.282843 0.117157 0.000000
vt -0.302113 -0.240393 0.000000
vt -0.235114 0.076393 0.000000
vt -0.193611 -0.216415 0.000000
vt -0.181596 0.043597 0.000000
vt -0.123607 0.019577 0.000000
vt -0.083300 -0.203021 0.000000
vt -0.062574 0.004925 0.000000
vt 0.000000 -0.000000 0.000000
vt 0.027788 -0.200336 0.000000
vt 0.062574 0.004925 0.000000
vt 0.138617 -0.208385 0.000000
vt 0.123607 0.019577 0.000000
vt 0.181596 0.043597 0.000000
vt 0.248152 -0.227093 0.000000
vt -1.000000 3.500000 0.000000
vt -0.400000 3.100000 0.000000
vt -0.395077 3.162562 0.000000
vt -0.380430 3.223584 0.000000
vt -0.356419 3.281565 0.000000
vt -0.323635 3.335076 0.000000
vt -0.282884 3.382801 0.000000
vt -0.235171 3.423565 0.000000
vt -0.181670 3.456365 0.000000
vt -0.123697 3.480393 0.000000
vt -0.062679 3.495059 0.000000
vn 0.099533 0.009651 0.000000
vn 0.099533 0.009651 0.000000
vn 0.100000 0.000000 0.000000
vn 0.100000 0.000000 0.000000
vn 0.099533 -0.009651 0.000000
vn 0.099533 -0.009651 0.000000
vn 0.098137 -0.019213 0.000000
vn 0.098137 -0.019213 0.000000
vn 0.095825 -0.028595 0.000000
vn 0.095825 -0.028595 0.000000
vn 0.092617 -0.037709 0.000000
vn 0.092617 -0.037709 0.000000
vn 0.088546 -0.046472 0.000000
vn 0.088546 -0.046472 0.000000
vn 0.083647 -0.054801 0.000000
vn 0.083647 -0.054801 0.000000
vn 0.077967 -0.062619 0.000000
vn 0.077967 -0.062619 0.000000
vn 0.071560 -0.069851 0.000000
vn 0.071560 -0.069851 0.000000
vn 0.064484 -0.076432 0.000000
vn 0.064484 -0.076432 0.000000
vn 0.056806 -0.082298 0.000000
vn 0.056806 -0.082298 0.000000
vn 0.048598 -0.087397 0.000000
vn 0.048598 -0.087397 0.000000
vn 0.039936 -0.091679 0.000000
vn 0.039936 -0.091679 0.000000
vn 0.030902 -0.095106 0.000000
vn 0.030902 -0.095106 0.000000
vn 0.021578 -0.097644 0.000000
vn 0.021578 -0.097644 0.000000
vn 0.012054 -0.099271 0.000000
vn 0.012054 -0.099271 0.000000
vn 0.002416 -0.099971 0.000000
vn 0.002416 -0.099971 0.000000
vn -0.007243 -0.099737 0.000000
vn -0.007243 -0.099737 0.000000
vn -0.016836 -0.098573 0.000000
vn -0.016836 -0.098573 0.000000
vn -0.026271 -0.096488 0.000000
vn -0.026271 -0.096488 0.000000
vn -0.035460 -0.093502 0.000000
vn -0.035460 -0.093502 0.000000
vn -0.044319 -0.089643 0.000000
vn -0.044319 -0.089643 0.000000
vn -0.052764 -0.084947 0.000000
vn -0.052764 -0.084947 0.000000
vn -0.060716 -0.079458 0.000000
vn -0.060716 -0.079458 0.000000
vn -0.068102 -0.073227 0.000000
vn -0.068102 -0.073227 0.000000
vn -0.074851 -0.066312 0.000000
vn -0.074851 -0.066312 0.000000
vn -0.080902 -0.058779 0.000000
vn -0.080902 -0.058779 0.000000
vn -0.086197 -0.050696 0.000000
vn -0.086197 -0.050696 0.000000
vn -0.090687 -0.042140 0.000000
vn -0.090687 -0.042140 0.000000
vn -0.094331 -0.033191 0.000000
vn -0.094331 -0.033191 0.000000
vn -0.097094 -0.023932 0.000000
vn -0.097094 -0.023932 0.000000
vn -0.098951 -0.014449 0.000000
vn -0.098951 -0.014449 0.000000
vn -0.099883 -0.004831 0.000000
vn -0.099883 -0.004831 0.000000
vn -0.099883 0.004831 0.000000
vn -0.099883 0.004831 0.000000
vn -0.098951 0.014449 0.000000
vn -0.098951 0.014449 0.000000
vn -0.097094 0.023932 0.000000
vn -0.097094 0.023932 0.000000
vn -0.094331 0.033191 0.000000
vn -0.094331 0.033191 0.000000
vn -0.090687 0.042140 0.000000
vn -0.090687 0.042140 0.000000
vn -0.086197 0.050696 0.000000
vn -0.086197 0.050696 0.000000
vn -0.080902 0.058779 0.000000
vn -0.080902 0.058779 0.000000
vn -0.074851 0.066312 0.000000
vn -0.074851 0.066312 0.000000
vn -0.068102 0.073227 0.000000
vn -0.068102 0.073227 0.000000
vn -0.060716 0.079458 0.000000
vn -0.060716 0.079458 0.000000
vn -0.052764 0.084947 0.000000
vn -0.052764 0.084947 0.000000
vn -0.044319 0.089643 0.000000
vn -0.044319 0.089643 0.000000
vn -0.035460 0.093502 0.000000
vn -0.035460 0.093502 0.000000
vn -0.026271 0.096488 0.000000
vn -0.026271 0.096488 0.000000
vn -0.016836 0.098573 0.000000
vn -0.016836 0.098573 0.000000
vn -0.007243 0.099737 0.000000
vn -0.007243 0.099737 0.000000
vn 0.002416 0.099971 0.000000
vn 0.002416 0.099971 0.000000
vn 0.012054 0.099271 0.000000
vn 0.012054 0.099271 0.000000
vn 0.021578 0.097644 0.000000
vn 0.021578 0.097644 0.000000
vn 0.030902 0.095106 0.000000
vn 0.030902 0.095106 0.000000
vn 0.039936 0.091679 0.000000
vn 0.039936 0.091679 0.000000
vn 0.048598 0.087397 0.000000
vn 0.048598 0.087397 0.000000
vn 0.056806 0.082298 0.000000
vn 0.056806 0.082298 0.000000
vn 0.064484 0.076432 0.000000
vn 0.064484 0.076432 0.000000
vn 0.071560 0.069851 0.000000
vn 0.071560 0.069851 0.000000
vn 0.077967 0.062619 0.000000
vn 0.077967 0.062619 0.000000
vn 0.083647 0.054801 0.000000
vn 0.083647 0.054801 0.000000
vn 0.088546 0.046472 0.000000
vn 0.088546 0.046472 0.000000
vn 0.092617 0.037709 0.000000
vn 0.092617 0.037709 0.000000
vn 0.095825 0.028595 0.000000
vn 0.095825 0.028595 0.000000
vn 0.098137 0.019213 0.000000
vn 0.098137 0.019213 0.000000
vn 0.097953 0.020130 0.000000
vn 0.097953 0.020130 0.000000
vn 0.100000 0.000000 0.000000
vn 0.100000 0.000000 0.000000
vn 0.097953 -0.020130 0.000000
vn 0.097953 -0.020130 0.000000
vn 0.091896 -0.039436 0.000000
vn 0.091896 0.039436 0.000000
vn 0.091896 0.039436 0.000000
vn 0.082076 0.057127 0.000000
vn 0.082076 0.057127 0.000000
vn 0.068897 0.072479 0.000000
vn 0.068897 0.072479 0.000000
vn 0.052896 0.084864 0.000000
vn 0.052896 0.084864 0.000000
vn 0.034731 0.093775 0.000000
vn 0.034731 0.093775 0.000000
vn 0.015143 0.098847 0.000000
vn 0.015143 0.098847 0.000000
vn -0.005065 0.099872 0.000000
vn -0.005065 0.099872 0.000000
vn -0.025065 0.096808 0.000000
vn -0.025065 0.096808 0.000000
vn -0.044039 0.089780 0.000000
vn -0.044039 0.089780 0.000000
vn -0.061211 0.079078 0.000000
vn -0.061211 0.079078 0.000000
vn -0.075876 0.065137 0.000000
vn -0.075876 0.065137 0.000000
vn -0.087435 0.048530 0.000000
vn -0.087435 0.048530 0.000000
vn -0.095414 0.029936 0.000000
vn -0.095414 0.029936 0.000000
vn -0.099487 0.010117 0.000000
vn -0.099487 0.010117 0.000000
vn -0.099487 -0.010117 0.000000
vn -0.099487 -0.010117 0.000000
vn -0.095414 -0.029936 0.000000
vn -0.095414 -0.029936 0.000000
vn -0.087435 -0.048530 0.000000
vn -0.087435 -0.048530 0.000000
vn -0.075876 -0.065137 0.000000
vn -0.075876 -0.065137 0.000000
vn -0.061211 -0.079078 0.000000
vn -0.061211 -0.079078 0.000000
vn -0.044039 -0.089780 0.000000
vn -0.044039 -0.089780 0.000000
vn -0.025065 -0.096808 0.000000
vn -0.025065 -0.096808 0.000000
vn -0.005065 -0.099872 0.000000
vn -0.005065 -0.099872 0.000000
vn 0.015143 -0.098847 0.000000
vn 0.015143 -0.098847 0.000000
vn 0.034731 -0.093775 0.000000
vn 0.034731 -0.093775 0.000000
vn 0.052896 -0.084864 0.000000
vn 0.052896 -0.084864 0.000000
vn 0.068897 -0.072479 0.000000
vn 0.068897 -0.072479 0.000000
vn 0.082076 -0.057127 0.000000
vn 0.082076 -0.057127 0.000000
vn 0.091896 -0.039436 0.000000
vn 0.097953 0.020130 0.000000
vn 0.097953 0.020130 0.000000
vn 0.100000 0.000000 0.000000
vn 0.100000 0.000000 0.000000
vn 0.097953 -0.020130 0.000000
vn 0.097953 -0.020130 0.000000
vn 0.091896 -0.039436 0.000000
vn 0.091896 0.039436 0.000000
vn 0.091896 0.039436 0.000000
vn 0.082076 0.057127 0.000000
vn 0.082076 0.057127 0.000000
vn 0.068897 0.072479 0.000000
vn 0.068897 0.072479 0.000000
vn 0.052896 0.084864 0.000000
vn 0.052896 0.084864 0.000000
vn 0.034731 0.093775 0.000000
vn 0.034731 0.093775 0.000000
vn 0.015143 0.098847 0.000000
vn 0.015143 0.098847 0.000000
vn -0.005065 0.099872 0.000000
vn -0.005065 0.099872 0.000000
vn -0.025065 0.096808 0.000000
vn -0.025065 0.096808 0.000000
vn -0.044039 0.089780 0.000000
vn -0.044039 0.089780 0.000000
vn -0.061211 0.079078 0.000000
vn -0.061211 0.079078 0.000000
vn -0.075876 0.065137 0.000000
vn -0.075876 0.065137 0.000000
vn -0.087435 0.048530 0.000000
vn -0.087435 0.048530 0.000000
vn -0.095414 0.029936 0.000000
vn -0.095414 0.029936 0.000000
vn -0.099487 0.010117 0.000000
vn -0.099487 0.010117 0.000000
vn -0.099487 -0.010117 0.000000
vn -0.099487 -0.010117 0.000000
vn -0.095414 -0.029936 0.000000
vn -0.095414 -0.029936 0.000000
vn -0.087435 -0.048530 0.000000
vn -0.087435 -0.048530 0.000000
vn -0.075876 -0.065137 0.000000
vn -0.075876 -0.065137 0.000000
vn -0.061211 -0.079078 0.000000
vn -0.061211 -0.079078 0.000000
vn -0.044039 -0.089780 0.000000
vn -0.044039 -0.089780 0.000000
vn -0.025065 -0.096808 0.000000
vn -0.025065 -0.096808 0.000000
vn -0.005065 -0.099872 0.000000
vn -0.005065 -0.099872 0.000000
vn 0.015143 -0.098847 0.000000
vn 0.015143 -0.098847 0.000000
vn 0.034731 -0.093775 0.000000
vn 0.034731 -0.093775 0.000000
vn 0.052896 -0.084864 0.000000
vn 0.052896 -0.084864 0.000000
vn 0.068897 -0.072479 0.000000
vn 0.068897 -0.072479 0.000000
vn 0.082076 -0.057127 0.000000
vn 0.082076 -0.057127 0.000000
vn 0.091896 -0.039436 0.000000
vn 0.097953 0.020130 0.000000
vn 0.097953 0.020130 0.000000
vn 0.100000 0.000000 0.000000
vn 0.100000 0.000000 0.000000
vn 0.097953 -0.020130 0.000000
vn 0.097953 -0.020130 0.000000
vn 0.091896 -0.039436 0.000000
vn 0.091896 0.039436 0.000000
vn 0.091896 0.039436 0.000000
vn 0.082076 0.057127 0.000000
vn 0.082076 0.057127 0.000000
vn 0.068897 0.072479 0.000000
vn 0.068897 0.072479 0.000000
vn 0.052896 0.084864 0.000000
vn 0.052896 0.084864 0.000000
vn 0.034731 0.093775 0.000000
vn 0.034731 0.093775 0.000000
vn 0.015143 0.098847 0.000000
vn 0.015143 0.098847 0.000000
vn -0.005065 0.099872 0.000000
vn -0.005065 0.099872 0.000000
vn -0.025065 0.096808 0.000000
vn -0.025065 0.096808 0.000000
vn -0.044039 0.089780 0.000000
vn -0.044039 0.089780 0.000000
vn -0.061211 0.079078 0.000000
vn -0.061211 0.079078 0.000000
vn -0.075876 0.065137 0.000000
vn -0.075876 0.065137 0.000000
vn -0.087435 0.048530 0.000000
vn -0.087435 0.048530 0.000000
vn -0.095414 0.029936 0.000000
vn -0.095414 0.029936 0.000000
vn -0.099487 0.010117 0.000000
vn -0.099487 0.010117 0.000000
vn -0.099487 -0.010117 0.000000
vn -0.099487 -0.010117 0.000000
vn -0.095414 -0.029936 0.000000
vn -0.095414 -0.029936 0.000000
vn -0.087435 -0.048530 0.000000
vn -0.087435 -0.048530 0.000000
vn -0.075876 -0.065137 0.000000
vn -0.075876 -0.065137 0.000000
vn -0.061211 -0.079078 0.000000
vn -0.061211 -0.079078 0.000000
vn -0.044039 -0.089780 0.000000
vn -0.044039 -0.089780 0.000000
vn -0.025065 -0.096808 0.000000
vn -0.025065 -0.096808 0.000000
vn -0.005065 -0.099872 0.000000
vn -0.005065 -0.099872 0.000000
vn 0.015143 -0.098847 0.000000
vn 0.015143 -0.098847 0.000000
vn 0.034731 -0.093775 0.000000
vn 0.034731 -0.093775 0.000000
vn 0.052896 -0.084864 0.000000
vn 0.052896 -0.084864 0.000000
vn 0.068897 -0.072479 0.000000
vn 0.068897 -0.072479 0.000000
vn 0.082076 -0.057127 0.000000
vn 0.082076 -0.057127 0.000000
vn 0.091896 -0.039436 0.000000
vn 0.097953 0.020130 0.000000
vn 0.097953 0.020130 0.000000
vn 0.100000 0.000000 0.000000
vn 0.100000 0.000000 0.000000
vn 0.097953 -0.020130 0.000000
vn 0.097953 -0.020130 0.000000
vn 0.091896 -0.039436 0.000000
vn 0.091896 0.039436 0.000000
vn 0.091896 0.039436 0.000000
vn 0.082076 0.057127 0.000000
vn 0.082076 0.057127 0.000000
vn 0.068897 0.072479 0.000000
vn 0.068897 0.072479 0.000000
vn 0.052896 0.084864 0.000000
vn 0.052896 0.084864 0.000000
vn 0.034731 0.093775 0.000000
vn 0.034731 0.093775 0.000000
vn 0.015143 0.098847 0.000000
vn 0.015143 0.098847 0.000000
vn -0.005065 0.099872 0.000000
vn -0.005065 0.099872 0.000000
vn -0.025065 0.096808 0.000000
vn -0.025065 0.096808 0.000000
vn -0.044039 0.089780 0.000000
vn -0.044039 0.089780 0.000000
vn -0.061211 0.079078 0.000000
vn -0.061211 0.079078 0.000000
vn -0.075876 0.065137 0.000000
vn -0.075876 0.065137 0.000000
vn -0.087435 0.048530 0.000000
vn -0.087435 0.048530 0.000000
vn -0.095414 0.029936 0.000000
vn -0.095414 0.029936 0.000000
vn -0.099487 0.010117 0.000000
vn -0.099487 0.010117 0.000000
vn -0.099487 -0.010117 0.000000
vn -0.099487 -0.010117 0.000000
vn -0.095414 -0.029936 0.000000
vn -0.095414 -0.029936 0.000000
vn -0.087435 -0.048530 0.000000
vn -0.087435 -0.048530 0.000000
vn -0.075876 -0.065137 0.000000
vn -0.075876 -0.065137 0.000000
vn -0.061211 -0.079078 0.000000
vn -0.061211 -0.079078 0.000000
vn -0.044039 -0.089780 0.000000
vn -0.044039 -0.089780 0.000000
vn -0.025065 -0.096808 0.000000
vn -0.025065 -0.096808 0.000000
vn -0.005065 -0.099872 0.000000
vn -0.005065 -0.099872 0.000000
vn 0.015143 -0.098847 0.000000
vn 0.015143 -0.098847 0.000000
vn 0.034731 -0.093775 0.000000
vn 0.034731 -0.093775 0.000000
vn 0.052896 -0.084864 0.000000
vn 0.052896 -0.084864 0.000000
vn 0.068897 -0.072479 0.000000
vn 0.068897 -0.072479 0.000000
vn 0.082076 -0.057127 0.000000
vn 0.082076 -0.057127 0.000000
vn 0.091896 -0.039436 0.000000
vn 0.096593 0.025882 0.000000
vn 0.096593 0.025882 0.000000
vn 0.100000 0.000000 0.000000
vn 0.100000 0.000000 0.000000
vn 0.096593 -0.025882 0.000000
vn 0.096593 -0.025882 0.000000
vn 0.086603 -0.050000 0.000000
vn 0.086603 -0.050000 0.000000
vn 0.070711 -0.070711 0.000000
vn 0.070711 -0.070711 0.000000
vn 0.050000 -0.086603 0.000000
vn 0.050000 -0.086603 0.000000
vn 0.025882 -0.096593 0.000000
vn 0.025882 -0.096593 0.000000
vn -0.000000 -0.100000 0.000000
vn -0.000000 -0.100000 0.000000
vn -0.025882 -0.096593 0.000000
vn -0.025882 -0.096593 0.000000
vn -0.050000 -0.086603 0.000000
vn -0.050000 -0.086603 0.000000
vn -0.070711 -0.070711 0.000000
vn -0.070711 -0.070711 0.000000
vn -0.086603 -0.050000 0.000000
vn -0.086603 -0.050000 0.000000
vn -0.096593 -0.025882 0.000000
vn -0.096593 -0.025882 0.000000
vn -0.100000 0.000000 0.000000
vn -0.100000 0.000000 0.000000
vn -0.096593 0.025882 0.000000
vn -0.096593 0.025882 0.000000
vn -0.086603 0.050000 0.000000
vn -0.086603 0.050000 0.000000
vn -0.070711 0.070711 0.000000
vn -0.070711 0.070711 0.000000
vn -0.050000 0.086603 0.000000
vn -0.050000 0.086603 0.000000
vn -0.025882 0.096593 0.000000
vn -0.025882 0.096593 0.000000
vn -0.000000 0.100000 0.000000
vn -0.000000 0.100000 0.000000
vn 0.025882 0.096593 0.000000
vn 0.025882 0.096593 0.000000
vn 0.050000 0.086603 0.000000
vn 0.050000 0.086603 0.000000
vn 0.070711 0.070711 0.000000
vn 0.070711 0.070711 0.000000
vn 0.086603 0.050000 0.000000
vn 0.086603 0.050000 0.000000
vn 0.100000 0.000000 0.000000
vn 0.100000 0.000000 0.000000
vn 0.100000 0.000000 0.000000
vn 0.100000 0.000000 0.000000
vn -0.100000 -0.000000 0.000000
vn -0.100000 -0.000000 0.000000
vn -0.098769 0.015643 0.000000
vn -0.098769 0.015643 0.000000
vn -0.095106 0.030902 0.000000
vn -0.095106 0.030902 0.000000
vn -0.089101 0.045399 0.000000
vn -0.089101 0.045399 0.000000
vn -0.080902 0.058779 0.000000
vn -0.080902 0.058779 0.000000
vn -0.070711 0.070711 0.000000
vn -0.070711 0.070711 0.000000
vn -0.058779 0.080902 0.000000
vn -0.058779 0.080902 0.000000
vn -0.045399 0.089101 0.000000
vn -0.045399 0.089101 0.000000
vn -0.030902 0.095106 0.000000
vn -0.030902 0.095106 0.000000
vn -0.015643 0.098769 0.000000
vn -0.015643 0.098769 0.000000
vn -0.000000 0.100000 0.000000
vn -0.000000 0.100000 0.000000
vn 0.015643 0.098769 0.000000
vn 0.015643 0.098769 0.000000
vn 0.030902 0.095106 0.000000
vn 0.030902 0.095106 0.000000
vn 0.045399 0.089101 0.000000
vn 0.045399 0.089101 0.000000
vn 0.058779 0.080902 0.000000
vn 0.058779 0.080902 0.000000
vn 0.070711 0.070711 0.000000
vn 0.070711 0.070711 0.000000
vn 0.080902 0.058779 0.000000
vn 0.080902 0.058779 0.000000
vn 0.089101 0.045399 0.000000
vn 0.089101 0.045399 0.000000
vn 0.095106 0.030902 0.000000
vn 0.095106 0.030902 0.000000
vn 0.098769 0.015643 0.000000
vn 0.098769 0.015643 0.000000
vn -0.100000 0.000000 0.000000
vn -0.100000 0.000000 0.000000
vn -0.000029 -0.100000 0.000000
vn -0.000029 -0.100000 0.000000
vn -0.015670 -0.098765 0.000000
vn -0.015670 -0.098765 0.000000
vn -0.030924 -0.095098 0.000000
vn -0.030924 -0.095098 0.000000
vn -0.045417 -0.089091 0.000000
vn -0.045417 -0.089091 0.000000
vn -0.058793 -0.080891 0.000000
vn -0.058793 -0.080891 0.000000
vn -0.070721 -0.070700 0.000000
vn -0.070721 -0.070700 0.000000
vn -0.080909 -0.058769 0.000000
vn -0.080909 -0.058769 0.000000
vn -0.089105 -0.045391 0.000000
vn -0.089105 -0.045391 0.000000
vn -0.095107 -0.030896 0.000000
vn -0.095107 -0.030896 0.000000
vn -0.098769 -0.015641 0.000000
vn -0.098769 -0.015641 0.000000
vn 0.000000 0.100000 0.000000
vn 0.000000 0.100000 0.000000
vn 0.000000 0.100000 0.000000
vn 0.000000 0.100000 0.000000
vn 0.070711 0.070711 0.000000
vn 0.070711 0.070711 0.000000
vn 0.070711 0.070711 0.000000
vn 0.070711 0.070711 0.000000
vn 0.100000 0.000000 0.000000
vn 0.100000 0.000000 0.000000
vn 0.100000 0.000000 0.000000
vn 0.100000 0.000000 0.000000
vn 0.000000 -0.100000 0.000000
vn 0.000000 -0.100000 0.000000
vn 0.000000 -0.100000 0.000000
vn 0.000000 -0.100000 0.000000
vn -0.100000 0.000000 0.000000
vn -0.100000 0.000000 0.000000
vn -0.100000 0.000000 0.000000
vn -0.100000 0.000000 0.000000
vn 0.000000 0.100000 0.000000
vn 0.000000 0.100000 0.000000
vn 0.098768 -0.015646 0.000000
vn 0.098768 -0.015646 0.000000
vn 0.095104 -0.030907 0.000000
vn 0.095104 -0.030907 0.000000
vn 0.089097 -0.045407 0.000000
vn 0.089097 -0.045407 0.000000
vn 0.080895 -0.058788 0.000000
vn 0.080895 -0.058788 0.000000
vn 0.070700 -0.070721 0.000000
vn 0.070700 -0.070721 0.000000
vn 0.058764 -0.080912 0.000000
vn 0.058764 -0.080912 0.000000
vn 0.045381 -0.089110 0.000000
vn 0.045381 -0.089110 0.000000
vn 0.030879 -0.095113 0.000000
vn 0.030879 -0.095113 0.000000
vn 0.015617 -0.098773 0.000000
vn 0.015617 -0.098773 0.000000
vn 0.000000 0.000000 0.100000
vn 0.000000 0.000000 0.100000
vn 0.000000 0.000000 0.100000
vn 0.000000 0.000000 0.100000
vn 0.000000 0.000000 0.100000
vn 0.000000 0.000000 0.100000
vn 0.000000 0.000000 0.100000
vn 0.000000 0.000000 0.100000
vn 0.000000 0.000000 0.100000
vn 0.000000 0.000000 0.100000
vn 0.000000 0.000000 0.100000
vn 0.000000 0.000000 0.100000
vn 0.000000 0.000000 0.100000
vn 0.000000 0.000000 0.100000
vn 0.000000 0.000000 0.100000
vn 0.000000 0.000000 0.100000
vn 0.000000 0.000000 0.100000
vn 0.000000 0.000000 0.100000
vn 0.000000 0.000000 0.100000
vn 0.000000 0.000000 0.100000
vn 0.000000 0.000000 0.100000
vn 0.000000 0.000000 0.100000
vn 0.000000 0.000000 0.100000
vn 0.000000 0.000000 0.100000
vn 0.000000 0.000000 0.100000
vn 0.000000 0.000000 0.100000
vn 0.000000 0.000000 0.100000
vn 0.000000 0.000000 0.100000
vn 0.000000 0.000000 0.100000
vn 0.000000 0.000000 0.100000
vn 0.000000 0.000000 0.100000
vn 0.000000 0.000000 0.100000
vn 0.000000 0.000000 0.100000
vn 0.000000 0.000000 0.100000
vn 0.000000 0.000000 0.100000
vn 0.000000 0.000000 0.100000
vn 0.000000 0.000000 0.100000
vn 0.000000 0.000000 0.100000
vn 0.000000 0.000000 0.100000
vn 0.000000 0.000000 0.100000
vn 0.000000 0.000000 0.100000
vn 0.000000 0.000000 0.100000
vn 0.000000 0.000000 0.100000
vn 0.000000 0.000000 0.100000
vn 0.000000 0.000000 0.100000
vn 0.000000 0.000000 0.100000
vn 0.000000 0.000000 0.100000
vn 0.000000 0.000000 0.100000
vn 0.000000 0.000000 0.100000
vn 0.000000 0.000000 0.100000
vn 0.000000 0.000000 0.100000
vn 0.000000 0.000000 0.100000
vn 0.000000 0.000000 0.100000
vn 0.000000 0.000000 0.100000
vn 0.000000 0.000000 0.100000
vn 0.000000 0.000000 0.100000
vn 0.000000 0.000000 0.100000
vn 0.000000 0.000000 0.100000
vn 0.000000 0.000000 0.100000
vn 0.000000 0.000000 0.100000
vn 0.000000 0.000000 0.100000
vn 0.000000 0.000000 0.100000
vn 0.000000 0.000000 0.100000
vn 0.000000 0.000000 0.100000
vn 0.000000 0.000000 0.100000
vn 0.000000 0.000000 0.100000
vn 0.000000 0.000000 0.100000
vn 0.000000 0.000000 0.100000
vn 0.000000 0.000000 0.100000
vn 0.000000 0.000000 0.100000
vn 0.000000 0.000000 0.100000
vn 0.000000 0.000000 0.100000
vn 0.000000 0.000000 0.100000
vn 0.000000 0.000000 0.100000
vn 0.000000 0.000000 0.100000
vn 0.000000 0.000000 0.100000
vn 0.000000 0.000000 0.100000
vn 0.000000 0.000000 0.100000
vn 0.000000 0.000000 0.100000
vn 0.000000 0.000000 0.100000
vn 0.000000 0.000000 0.100000
vn 0.000000 0.000000 0.100000
vn 0.000000 0.000000 0.100000
vn 0.000000 0.000000 0.100000
vn 0.000000 0.000000 0.100000
vn 0.000000 0.000000 0.100000
vn 0.000000 0.000000 0.100000
vn 0.000000 0.000000 0.100000
vn 0.000000 0.000000 0.100000
vn 0.000000 0.000000 0.100000
vn 0.000000 0.000000 0.100000
vn 0.000000 0.000000 0.100000
vn 0.000000 0.000000 0.100000
vn 0.000000 0.000000 0.100000
vn 0.000000 0.000000 0.100000
vn 0.000000 0.000000 0.100000
vn 0.000000 0.000000 0.100000
vn 0.000000 0.000000 0.100000
vn 0.000000 0.000000 0.100000
vn 0.000000 0.000000 0.100000
vn 0.000000 0.000000 0.100000
vn 0.000000 0.000000 0.100000
vn 0.000000 0.000000 0.100000
vn 0.000000 0.000000 0.100000
vn 0.000000 0.000000 0.100000
vn 0.000000 0.000000 0.100000
vn 0.000000 0.000000 0.100000
vn 0.000000 0.000000 0.100000
vn 0.000000 0.000000 0.100000
vn 0.000000 0.000000 0.100000
vn 0.000000 0.000000 0.100000
vn 0.000000 0.000000 0.100000
vn 0.000000 0.000000 0.100000
vn 0.000000 0.000000 0.100000
vn 0.000000 0.000000 0.100000
vn 0.000000 0.000000 0.100000
vn 0.000000 0.000000 0.100000
vn 0.000000 0.000000 0.100000
vn 0.000000 0.000000 0.100000
vn 0.000000 0.000000 0.100000
vn 0.000000 0.000000 0.100000
vn 0.000000 0.000000 0.100000
vn 0.000000 0.000000 0.100000
vn 0.000000 0.000000 0.100000
vn 0.000000 0.000000 0.100000
vn 0.000000 0.000000 0.100000
vn 0.000000 0.000000 0.100000
vn 0.000000 0.000000 0.100000
vn 0.000000 0.000000 0.100000
vn 0.000000 0.000000 0.100000
vn 0.000000 0.000000 0.100000
vn 0.000000 0.000000 0.100000
vn 0.000000 0.000000 0.100000
vn 0.000000 0.000000 0.100000
vn 0.000000 0.000000 0.100000
vn 0.000000 0.000000 0.100000
vn 0.000000 0.000000 0.100000
vn 0.000000 0.000000 0.100000
vn 0.000000 0.000000 0.100000
vn 0.000000 0.000000 0.100000
vn 0.000000 0.000000 0.100000
vn 0.000000 0.000000 0.100000
vn 0.000000 0.000000 0.100000
vn 0.000000 0.000000 0.100000
vn 0.000000 0.000000 0.100000
vn 0.000000 0.000000 0.100000
vn 0.000000 0.000000 0.100000
vn 0.000000 0.000000 0.100000
vn 0.000000 0.000000 0.100000
vn 0.000000 0.000000 0.100000
vn 0.000000 0.000000 0.100000
vn 0.000000 0.000000 0.100000
vn 0.000000 0.000000 0.100000
vn 0.000000 0.000000 0.100000
vn 0.000000 0.000000 0.100000
vn 0.000000 0.000000 0.100000
vn 0.000000 0.000000 0.100000
vn 0.000000 0.000000 0.100000
vn 0.000000 0.000000 0.100000
vn 0.000000 0.000000 0.100000
vn 0.000000 0.000000 0.100000
vn 0.000000 0.000000 0.100000
vn 0.000000 0.000000 0.100000
vn 0.000000 0.000000 0.100000
vn 0.000000 0.000000 0.100000
vn 0.000000 0.000000 0.100000
vn 0.000000 0.000000 0.100000
vn 0.000000 0.000000 0.100000
vn 0.000000 0.000000 0.100000
vn 0.000000 0.000000 0.100000
vn 0.000000 0.000000 0.100000
vn 0.000000 0.000000 0.100000
vn 0.000000 0.000000 0.100000
vn 0.000000 0.000000 0.100000
vn 0.000000 0.000000 0.100000
vn 0.000000 0.000000 0.100000
vn 0.000000 0.000000 0.100000
vn 0.000000 0.000000 0.100000
vn 0.000000 0.000000 0.100000
vn 0.000000 0.000000 0.100000
vn 0.000000 0.000000 0.100000
vn 0.000000 0.000000 0.100000
vn 0.000000 0.000000 0.100000
vn 0.000000 0.000000 0.100000
vn 0.000000 0.000000 0.100000
vn 0.000000 0.000000 0.100000
vn 0.000000 0.000000 0.100000
vn 0.000000 0.000000 0.100000
vn 0.000000 0.000000 0.100000
vn 0.000000 0.000000 0.100000
vn 0.000000 0.000000 0.100000
vn 0.000000 0.000000 0.100000
vn 0.000000 0.000000 0.100000
vn 0.000000 0.000000 0.100000
vn 0.000000 0.000000 0.100000
vn 0.000000 0.000000 0.100000
vn 0.000000 0.000000 0.100000
vn 0.000000 0.000000 0.100000
vn 0.000000 0.000000 0.100000
vn 0.000000 0.000000 0.100000
vn 0.000000 0.000000 0.100000
vn 0.000000 0.000000 0.100000
vn 0.000000 0.000000 0.100000
vn 0.000000 0.000000 0.100000
vn 0.000000 0.000000 0.100000
vn 0.000000 0.000000 0.100000
vn 0.000000 0.000000 0.100000
vn 0.000000 0.000000 0.100000
vn 0.000000 0.000000 0.100000
vn 0.000000 0.000000 0.100000
vn 0.000000 0.000000 0.100000
vn 0.000000 0.000000 0.100000
vn 0.000000 0.000000 0.100000
vn 0.000000 0.000000 0.100000
vn 0.000000 0.000000 0.100000
vn 0.000000 0.000000 0.100000
vn 0.000000 0.000000 0.100000
vn 0.000000 0.000000 0.100000
vn 0.000000 0.000000 0.100000
vn 0.000000 0.000000 0.100000
vn 0.000000 0.000000 0.100000
vn 0.000000 0.000000 0.100000
vn 0.000000 0.000000 0.100000
vn 0.000000 0.000000 0.100000
vn 0.000000 0.000000 0.100000
vn 0.000000 0.000000 0.100000
vn 0.000000 0.000000 0.100000
vn 0.000000 0.000000 0.100000
vn 0.000000 0.000000 0.100000
vn 0.000000 0.000000 0.100000
vn 0.000000 0.000000 0.100000
vn 0.000000 0.000000 0.100000
vn 0.000000 0.000000 0.100000
vn 0.000000 0.000000 0.100000
vn 0.000000 0.000000 0.100000
vn 0.000000 0.000000 0.100000
vn 0.000000 0.000000 0.100000
vn 0.000000 0.000000 0.100000
vn 0.000000 0.000000 0.100000
vn 0.000000 0.000000 0.100000
vn 0.000000 0.000000 0.100000
vn 0.000000 0.000000 0.100000
vn 0.000000 0.000000 0.100000
vn 0.000000 0.000000 0.100000
vn 0.000000 0.000000 0.100000
vn 0.000000 0.000000 0.100000
vn 0.000000 0.000000 0.100000
vn 0.000000 0.000000 0.100000
vn 0.000000 0.000000 0.100000
vn 0.000000 0.000000 0.100000
vn 0.000000 0.000000 0.100000
vn 0.000000 0.000000 0.100000
vn 0.000000 0.000000 0.100000
vn 0.000000 0.000000 0.100000
vn 0.000000 0.000000 0.100000
vn 0.000000 0.000000 0.100000
vn 0.000000 0.000000 0.100000
vn 0.000000 0.000000 0.100000
vn 0.000000 0.000000 0.100000
vn 0.000000 0.000000 0.100000
vn 0.000000 0.000000 -0.100000
vn 0.000000 0.000000 -0.100000
vn 0.000000 0.000000 -0.100000
vn 0.000000 0.000000 -0.100000
vn 0.000000 0.000000 -0.100000
vn 0.000000 0.000000 -0.100000
vn 0.000000 0.000000 -0.100000
vn 0.000000 0.000000 -0.100000
vn 0.000000 0.000000 -0.100000
vn 0.000000 0.000000 -0.100000
vn 0.000000 0.000000 -0.100000
vn 0.000000 0.000000 -0.100000
vn 0.000000 0.000000 -0.100000
vn 0.000000 0.000000 -0.100000
vn 0.000000 0.000000 -0.100000
vn 0.000000 0.000000 -0.100000
vn 0.000000 0.000000 -0.100000
vn 0.000000 0.000000 -0.100000
vn 0.000000 0.000000 -0.100000
vn 0.000000 0.000000 -0.100000
vn 0.000000 0.000000 -0.100000
vn 0.000000 0.000000 -0.100000
vn 0.000000 0.000000 -0.100000
vn 0.000000 0.000000 -0.100000
vn 0.000000 0.000000 -0.100000
vn 0.000000 0.000000 -0.100000
vn 0.000000 0.000000 -0.100000
vn 0.000000 0.000000 -0.100000
vn 0.000000 0.000000 -0.100000
vn 0.000000 0.000000 -0.100000
vn 0.000000 0.000000 -0.100000
vn 0.000000 0.000000 -0.100000
vn 0.000000 0.000000 -0.100000
vn 0.000000 0.000000 -0.100000
vn 0.000000 0.000000 -0.100000
vn 0.000000 0.000000 -0.100000
vn 0.000000 0.000000 -0.100000
vn 0.000000 0.000000 -0.100000
vn 0.000000 0.000000 -0.100000
vn 0.000000 0.000000 -0.100000
vn 0.000000 0.000000 -0.100000
vn 0.000000 0.000000 -0.100000
vn 0.000000 0.000000 -0.100000
vn 0.000000 0.000000 -0.100000
vn 0.000000 0.000000 -0.100000
vn 0.000000 0.000000 -0.100000
vn 0.000000 0.000000 -0.100000
vn 0.000000 0.000000 -0.100000
vn 0.000000 0.000000 -0.100000
vn 0.000000 0.000000 -0.100000
vn 0.000000 0.000000 -0.100000
vn 0.000000 0.000000 -0.100000
vn 0.000000 0.000000 -0.100000
vn 0.000000 0.000000 -0.100000
vn 0.000000 0.000000 -0.100000
vn 0.000000 0.000000 -0.100000
vn 0.000000 0.000000 -0.100000
vn 0.000000 0.000000 -0.100000
vn 0.000000 0.000000 -0.100000
vn 0.000000 0.000000 -0.100000
vn 0.000000 0.000000 -0.100000
vn 0.000000 0.000000 -0.100000
vn 0.000000 0.000000 -0.100000
vn 0.000000 0.000000 -0.100000
vn 0.000000 0.000000 -0.100000
vn 0.000000 0.000000 -0.100000
vn 0.000000 0.000000 -0.100000
vn 0.000000 0.000000 -0.100000
vn 0.000000 0.000000 -0.100000
vn 0.000000 0.000000 -0.100000
vn 0.000000 0.000000 -0.100000
vn 0.000000 0.000000 -0.100000
vn 0.000000 0.000000 -0.100000
vn 0.000000 0.000000 -0.100000
vn 0.000000 0.000000 -0.100000
vn 0.000000 0.000000 -0.100000
vn 0.000000 0.000000 -0.100000
vn 0.000000 0.000000 -0.100000
vn 0.000000 0.000000 -0.100000
vn 0.000000 0.000000 -0.100000
vn 0.000000 0.000000 -0.100000
vn 0.000000 0.000000 -0.100000
vn 0.000000 0.000000 -0.100000
vn 0.000000 0.000000 -0.100000
vn 0.000000 0.000000 -0.100000
vn 0.000000 0.000000 -0.100000
vn 0.000000 0.000000 -0.100000
vn 0.000000 0.000000 -0.100000
vn 0.000000 0.000000 -0.100000
vn 0.000000 0.000000 -0.100000
vn 0.000000 0.000000 -0.100000
vn 0.000000 0.000000 -0.100000
vn 0.000000 0.000000 -0.100000
vn 0.000000 0.000000 -0.100000
vn 0.000000 0.000000 -0.100000
vn 0.000000 0.000000 -0.100000
vn 0.000000 0.000000 -0.100000
vn 0.000000 0.000000 -0.100000
vn 0.000000 0.000000 -0.100000
vn 0.000000 0.000000 -0.100000
vn 0.000000 0.000000 -0.100000
vn 0.000000 0.000000 -0.100000
vn 0.000000 0.000000 -0.100000
vn 0.000000 0.000000 -0.100000
vn 0.000000 0.000000 -0.100000
vn 0.000000 0.000000 -0.100000
vn 0.000000 0.000000 -0.100000
vn 0.000000 0.000000 -0.100000
vn 0.000000 0.000000 -0.100000
vn 0.000000 0.000000 -0.100000
vn 0.000000 0.000000 -0.100000
vn 0.000000 0.000000 -0.100000
vn 0.000000 0.000000 -0.100000
vn 0.000000 0.000000 -0.100000
vn 0.000000 0.000000 -0.100000
vn 0.000000 0.000000 -0.100000
vn 0.000000 0.000000 -0.100000
vn 0.000000 0.000000 -0.100000
vn 0.000000 0.000000 -0.100000
vn 0.000000 0.000000 -0.100000
vn 0.000000 0.000000 -0.100000
vn 0.000000 0.000000 -0.100000
vn 0.000000 0.000000 -0.100000
vn 0.000000 0.000000 -0.100000
vn 0.000000 0.000000 -0.100000
vn 0.000000 0.000000 -0.100000
vn 0.000000 0.000000 -0.100000
vn 0.000000 0.000000 -0.100000
vn 0.000000 0.000000 -0.100000
vn 0.000000 0.000000 -0.100000
vn 0.000000 0.000000 -0.100000
vn 0.000000 0.000000 -0.100000
vn 0.000000 0.000000 -0.100000
vn 0.000000 0.000000 -0.100000
vn 0.000000 0.000000 -0.100000
vn 0.000000 0.000000 -0.100000
vn 0.000000 0.000000 -0.100000
vn 0.000000 0.000000 -0.100000
vn 0.000000 0.000000 -0.100000
vn 0.000000 0.000000 -0.100000
vn 0.000000 0.000000 -0.100000
vn 0.000000 0.000000 -0.100000
vn 0.000000 0.000000 -0.100000
vn 0.000000 0.000000 -0.100000
vn 0.000000 0.000000 -0.100000
vn 0.000000 0.000000 -0.100000
vn 0.000000 0.000000 -0.100000
vn 0.000000 0.000000 -0.100000
vn 0.000000 0.000000 -0.100000
vn 0.000000 0.000000 -0.100000
vn 0.000000 0.000000 -0.100000
vn 0.000000 0.000000 -0.100000
vn 0.000000 0.000000 -0.100000
vn 0.000000 0.000000 -0.100000
vn 0.000000 0.000000 -0.100000
vn 0.000000 0.000000 -0.100000
vn 0.000000 0.000000 -0.100000
vn 0.000000 0.000000 -0.100000
vn 0.000000 0.000000 -0.100000
vn 0.000000 0.000000 -0.100000
vn 0.000000 0.000000 -0.100000
vn 0.000000 0.000000 -0.100000
vn 0.000000 0.000000 -0.100000
vn 0.000000 0.000000 -0.100000
vn 0.000000 0.000000 -0.100000
vn 0.000000 0.000000 -0.100000
vn 0.000000 0.000000 -0.100000
vn 0.000000 0.000000 -0.100000
vn 0.000000 0.000000 -0.100000
vn 0.000000 0.000000 -0.100000
vn 0.000000 0.000000 -0.100000
vn 0.000000 0.000000 -0.100000
vn 0.000000 0.000000 -0.100000
vn 0.000000 0.000000 -0.100000
vn 0.000000 0.000000 -0.100000
vn 0.000000 0.000000 -0.100000
vn 0.000000 0.000000 -0.100000
vn 0.000000 0.000000 -0.100000
vn 0.000000 0.000000 -0.100000
vn 0.000000 0.000000 -0.100000
vn 0.000000 0.000000 -0.100000
vn 0.000000 0.000000 -0.100000
vn 0.000000 0.000000 -0.100000
vn 0.000000 0.000000 -0.100000
vn 0.000000 0.000000 -0.100000
vn 0.000000 0.000000 -0.100000
vn 0.000000 0.000000 -0.100000
vn 0.000000 0.000000 -0.100000
vn 0.000000 0.000000 -0.100000
vn 0.000000 0.000000 -0.100000
vn 0.000000 0.000000 -0.100000
vn 0.000000 0.000000 -0.100000
vn 0.000000 0.000000 -0.100000
vn 0.000000 0.000000 -0.100000
vn 0.000000 0.000000 -0.100000
vn 0.000000 0.000000 -0.100000
vn 0.000000 0.000000 -0.100000
vn 0.000000 0.000000 -0.100000
vn 0.000000 0.000000 -0.100000
vn 0.000000 0.000000 -0.100000
vn 0.000000 0.000000 -0.100000
vn 0.000000 0.000000 -0.100000
vn 0.000000 0.000000 -0.100000
vn 0.000000 0.000000 -0.100000
vn 0.000000 0.000000 -0.100000
vn 0.000000 0.000000 -0.100000
vn 0.000000 0.000000 -0.100000
vn 0.000000 0.000000 -0.100000
vn 0.000000 0.000000 -0.100000
vn 0.000000 0.000000 -0.100000
vn 0.000000 0.000000 -0.100000
vn 0.000000 0.000000 -0.100000
vn 0.000000 0.000000 -0.100000
vn 0.000000 0.000000 -0.100000
vn 0.000000 0.000000 -0.100000
vn 0.000000 0.000000 -0.100000
vn 0.000000 0.000000 -0.100000
vn 0.000000 0.000000 -0.100000
vn 0.000000 0.000000 -0.100000
vn 0.000000 0.000000 -0.100000
vn 0.000000 0.000000 -0.100000
vn 0.000000 0.000000 -0.100000
vn 0.000000 0.000000 -0.100000
vn 0.000000 0.000000 -0.100000
vn 0.000000 0.000000 -0.100000
vn 0.000000 0.000000 -0.100000
vn 0.000000 0.000000 -0.100000
vn 0.000000 0.000000 -0.100000
vn 0.000000 0.000000 -0.100000
vn 0.000000 0.000000 -0.100000
vn 0.000000 0.000000 -0.100000
vn 0.000000 0.000000 -0.100000
vn 0.000000 0.000000 -0.100000
vn 0.000000 0.000000 -0.100000
vn 0.000000 0.000000 -0.100000
vn 0.000000 0.000000 -0.100000
vn 0.000000 0.000000 -0.100000
vn 0.000000 0.000000 -0.100000
vn 0.000000 0.000000 -0.100000
vn 0.000000 0.000000 -0.100000
vn 0.000000 0.000000 -0.100000
vn 0.000000 0.000000 -0.100000
vn 0.000000 0.000000 -0.100000
vn 0.000000 0.000000 -0.100000
vn 0.000000 0.000000 -0.100000
vn 0.000000 0.000000 -0.100000
vn 0.000000 0.000000 -0.100000
vn 0.000000 0.000000 -0.100000
vn 0.000000 0.000000 -0.100000
vn 0.000000 0.000000 -0.100000
vn 0.000000 0.000000 -0.100000
vn 0.000000 0.000000 -0.100000
vn 0.000000 0.000000 -0.100000
vn 0.000000 0.000000 -0.100000
vn 0.000000 0.000000 -0.100000
vn 0.000000 0.000000 -0.100000
vn 0.000000 0.000000 -0.100000
vn 0.000000 0.000000 -0.100000
vn 0.000000 0.000000 -0.100000
vn 0.000000 0.000000 -0.100000
usemtl Acrylic_(Clear)
f 2/1/1 130/2/2 1/3/3
f 1/3/3 130/2/2 66/4/4
f 1/5/3 66/6/4 65/7/5
f 65/7/5 66/6/4 67/8/6
f 65/7/5 67/8/6 64/9/7
f 64/9/7 67/8/6 68/10/8
f 64/9/7 68/10/8 63/11/9
f 63/11/9 68/10/8 69/12/10
f 63/11/9 69/12/10 62/13/11
f 62/13/11 69/12/10 70/14/12
f 62/13/11 70/14/12 61/15/13
f 61/15/13 70/14/12 71/16/14
f 61/15/13 71/16/14 60/17/15
f 60/17/15 71/16/14 72/18/16
f 60/17/15 72/18/16 59/19/17
f 59/19/17 72/18/16 73/20/18
f 59/19/17 73/20/18 58/21/19
f 58/21/19 73/20/18 74/22/20
f 58/21/19 74/22/20 57/23/21
f 57/23/21 74/22/20 75/24/22
f 57/23/21 75/24/22 56/25/23
f 56/25/23 75/24/22 76/26/24
f 56/25/23 76/26/24 55/27/25
f 55/27/25 76/26/24 77/28/26
f 55/27/25 77/28/26 54/29/27
f 54/29/27 77/28/26 78/30/28
f 54/29/27 78/30/28 53/31/29
f 53/31/29 78/30/28 79/32/30
f 53/31/29 79/32/30 52/33/31
f 52/33/31 79/32/30 80/34/32
f 52/33/31 80/34/32 51/35/33
f 51/35/33 80/34/32 81/36/34
f 51/35/33 81/36/34 50/37/35
f 50/37/35 81/36/34 82/38/36
f 50/37/35 82/38/36 49/39/37
f 49/39/37 82/38/36 83/40/38
f 49/39/37 83/40/38 48/41/39
f 48/41/39 83/40/38 84/42/40
f 48/41/39 84/42/40 47/43/41
f 47/43/41 84/42/40 85/44/42
f 47/43/41 85/44/42 46/45/43
f 46/45/43 85/44/42 86/46/44
f 46/45/43 86/46/44 45/47/45
f 45/47/45 86/46/44 87/48/46
f 45/47/45 87/48/46 44/49/47
f 44/49/47 87/48/46 88/50/48
f 44/49/47 88/50/48 43/51/49
f 43/51/49 88/50/48 89/52/50
f 43/51/49 89/52/50 42/53/51
f 42/53/51 89/52/50 90/54/52
f 42/53/51 90/54/52 41/55/53
f 41/55/53 90/54/52 91/56/54
f 41/55/53 91/56/54 40/57/55
f 40/57/55 91/56/54 92/58/56
f 40/57/55 92/58/56 39/59/57
f 39/59/57 92/58/56 93/60/58
f 39/59/57 93/60/58 38/61/59
f 38/61/59 93/60/58 94/62/60
f 38/61/59 94/62/60 37/63/61
f 37/63/61 94/62/60 95/64/62
f 37/63/61 95/64/62 36/65/63
f 36/65/63 95/64/62 96/66/64
f 36/65/63 96/66/64 35/67/65
f 35/67/65 96/66/64 97/68/66
f 35/67/65 97/68/66 34/69/67
f 34/69/67 97/68/66 98/70/68
f 34/69/67 98/70/68 33/71/69
f 33/71/69 98/70/68 99/72/70
f 33/71/69 99/72/70 32/73/71
f 32/73/71 99/72/70 100/74/72
f 32/73/71 100/74/72 31/75/73
f 31/75/73 100/74/72 101/76/74
f 31/75/73 101/76/74 30/77/75
f 30/77/75 101/76/74 102/78/76
f 30/77/75 102/78/76 29/79/77
f 29/79/77 102/78/76 103/80/78
f 29/79/77 103/80/78 28/81/79
f 28/81/79 103/80/78 104/82/80
f 28/81/79 104/82/80 27/83/81
f 27/83/81 104/82/80 105/84/82
f 27/83/81 105/84/82 26/85/83
f 26/85/83 105/84/82 106/86/84
f 26/85/83 106/86/84 25/87/85
f 25/87/85 106/86/84 107/88/86
f 25/87/85 107/88/86 24/89/87
f 24/89/87 107/88/86 108/90/88
f 24/89/87 108/90/88 23/91/89
f 23/91/89 108/90/88 109/92/90
f 23/91/89 109/92/90 22/93/91
f 22/93/91 109/92/90 110/94/92
f 22/93/91 110/94/92 21/95/93
f 21/95/93 110/94/92 111/96/94
f 21/95/93 111/96/94 20/97/95
f 20/97/95 111/96/94 112/98/96
f 20/97/95 112/98/96 19/99/97
f 19/99/97 112/98/96 113/100/98
f 19/99/97 113/100/98 18/101/99
f 18/101/99 113/100/98 114/102/100
f 18/101/99 114/102/100 17/103/101
f 17/103/101 114/102/100 115/104/102
f 17/103/101 115/104/102 16/105/103
f 16/105/103 115/104/102 116/106/104
f 16/105/103 116/106/104 15/107/105
f 15/107/105 116/106/104 117/108/106
f 15/107/105 117/108/106 14/109/107
f 14/109/107 117/108/106 118/110/108
f 14/109/107 118/110/108 13/111/109
f 13/111/109 118/110/108 119/112/110
f 13/111/109 119/112/110 12/113/111
f 12/113/111 119/112/110 120/114/112
f 12/113/111 120/114/112 11/115/113
f 11/115/113 120/114/112 121/116/114
f 11/115/113 121/116/114 10/117/115
f 10/117/115 121/116/114 122/118/116
f 10/117/115 122/118/116 9/119/117
f 9/119/117 122/118/116 123/120/118
f 9/119/117 123/120/118 8/121/119
f 8/121/119 123/120/118 124/122/120
f 8/121/119 124/122/120 7/123/121
f 7/123/121 124/122/120 125/124/122
f 7/123/121 125/124/122 6/125/123
f 6/125/123 125/124/122 126/126/124
f 6/125/123 126/126/124 5/127/125
f 5/127/125 126/126/124 127/128/126
f 5/127/125 127/128/126 4/129/127
f 4/129/127 127/128/126 128/130/128
f 4/129/127 128/130/128 3/131/129
f 3/131/129 128/130/128 129/132/130
f 3/131/129 129/132/130 2/1/1
f 2/1/1 129/132/130 130/2/2
f 132/133/131 192/134/132 131/135/133
f 131/135/133 192/134/132 162/136/134
f 131/137/133 162/138/134 161/139/135
f 161/139/135 162/138/134 163/140/136
f 161/139/135 163/140/136 164/141/137
f 132/133/131 133/142/138 192/134/132
f 192/134/132 133/142/138 191/143/139
f 191/143/139 133/142/138 134/144/140
f 191/143/139 134/144/140 190/145/141
f 190/145/141 134/144/140 135/146/142
f 190/145/141 135/146/142 189/147/143
f 189/147/143 135/146/142 136/148/144
f 189/147/143 136/148/144 188/149/145
f 188/149/145 136/148/144 137/150/146
f 188/149/145 137/150/146 187/151/147
f 187/151/147 137/150/146 138/152/148
f 187/151/147 138/152/148 186/153/149
f 186/153/149 138/152/148 139/154/150
f 186/153/149 139/154/150 185/155/151
f 185/155/151 139/154/150 140/156/152
f 185/155/151 140/156/152 184/157/153
f 184/157/153 140/156/152 141/158/154
f 184/157/153 141/158/154 183/159/155
f 183/159/155 141/158/154 142/160/156
f 183/159/155 142/160/156 182/161/157
f 182/161/157 142/160/156 143/162/158
f 182/161/157 143/162/158 181/163/159
f 181/163/159 143/162/158 144/164/160
f 181/163/159 144/164/160 180/165/161
f 180/165/161 144/164/160 145/166/162
f 180/165/161 145/166/162 179/167/163
f 179/167/163 145/166/162 146/168/164
f 179/167/163 146/168/164 178/169/165
f 178/169/165 146/168/164 147/170/166
f 178/169/165 147/170/166 177/171/167
f 177/171/167 147/170/166 148/172/168
f 177/171/167 148/172/168 176/173/169
f 176/173/169 148/172/168 149/174/170
f 176/173/169 149/174/170 175/175/171
f 175/175/171 149/174/170 150/176/172
f 175/175/171 150/176/172 174/177/173
f 174/177/173 150/176/172 151/178/174
f 174/177/173 151/178/174 173/179/175
f 173/179/175 151/178/174 152/180/176
f 173/179/175 152/180/176 172/181/177
f 172/181/177 152/180/176 153/182/178
f 172/181/177 153/182/178 171/183/179
f 171/183/179 153/182/178 154/184/180
f 171/183/179 154/184/180 170/185/181
f 170/185/181 154/184/180 155/186/182
f 170/185/181 155/186/182 169/187/183
f 169/187/183 155/186/182 156/188/184
f 169/187/183 156/188/184 168/189/185
f 168/189/185 156/188/184 157/190/186
f 168/189/185 157/190/186 167/191/187
f 167/191/187 157/190/186 158/192/188
f 167/191/187 158/192/188 166/193/189
f 166/193/189 158/192/188 159/194/190
f 166/193/189 159/194/190 165/195/191
f 165/195/191 159/194/190 160/196/192
f 165/195/191 160/196/192 164/141/137
f 164/141/137 160/196/192 161/139/135
f 194/197/193 254/198/194 193/199/195
f 193/199/195 254/198/194 224/200/196
f 193/201/195 224/202/196 223/203/197
f 223/203/197 224/202/196 225/204/198
f 223/203/197 225/204/198 226/205/199
f 194/197/193 195/206/200 254/198/194
f 254/198/194 195/206/200 253/207/201
f 253/207/201 195/206/200 196/208/202
f 253/207/201 196/208/202 252/209/203
f 252/209/203 196/208/202 197/210/204
f 252/209/203 197/210/204 251/211/205
f 251/211/205 197/210/204 198/212/206
f 251/211/205 198/212/206 250/213/207
f 250/213/207 198/212/206 199/214/208
f 250/213/207 199/214/208 249/215/209
f 249/215/209 199/214/208 200/216/210
f 249/215/209 200/216/210 248/217/211
f 248/217/211 200/216/210 201/218/212
f 248/217/211 201/218/212 247/219/213
f 247/219/213 201/218/212 202/220/214
f 247/219/213 202/220/214 246/221/215
f 246/221/215 202/220/214 203/222/216
f 246/221/215 203/222/216 245/223/217
f 245/223/217 203/222/216 204/224/218
f 245/223/217 204/224/218 244/225/219
f 244/225/219 204/224/218 205/226/220
f 244/225/219 205/226/220 243/227/221
f 243/227/221 205/226/220 206/228/222
f 243/227/221 206/228/222 242/229/223
f 242/229/223 206/228/222 207/230/224
f 242/229/223 207/230/224 241/231/225
f 241/231/225 207/230/224 208/232/226
f 241/231/225 208/232/226 240/233/227
f 240/233/227 208/232/226 209/234/228
f 240/233/227 209/234/228 239/235/229
f 239/235/229 209/234/228 210/236/230
f 239/235/229 210/236/230 238/237/231
f 238/237/231 210/236/230 211/238/232
f 238/237/231 211/238/232 237/239/233
f 237/239/233 211/238/232 212/240/234
f 237/239/233 212/240/234 236/241/235
f 236/241/235 212/240/234 213/242/236
f 236/241/235 213/242/236 235/243/237
f 235/243/237 213/242/236 214/244/238
f 235/243/237 214/244/238 234/245/239
f 234/245/239 214/244/238 215/246/240
f 234/245/239 215/246/240 233/247/241
f 233/247/241 215/246/240 216/248/242
f 233/247/241 216/248/242 232/249/243
f 232/249/243 216/248/242 217/250/244
f 232/249/243 217/250/244 231/251/245
f 231/251/245 217/250/244 218/252/246
f 231/251/245 218/252/246 230/253/247
f 230/253/247 218/252/246 219/254/248
f 230/253/247 219/254/248 229/255/249
f 229/255/249 219/254/248 220/256/250
f 229/255/249 220/256/250 228/257/251
f 228/257/251 220/256/250 221/258/252
f 228/257/251 221/258/252 227/259/253
f 227/259/253 221/258/252 222/260/254
f 227/259/253 222/260/254 226/205/199
f 226/205/199 222/260/254 223/203/197
f 256/261/255 316/262/256 255/263/257
f 255/263/257 316/262/256 286/264/258
f 255/265/257 286/266/258 285/267/259
f 285/267/259 286/266/258 287/268/260
f 285/267/259 287/268/260 288/269/261
f 256/261/255 257/270/262 316/262/256
f 316/262/256 257/270/262 315/271/263
f 315/271/263 257/270/262 258/272/264
f 315/271/263 258/272/264 314/273/265
f 314/273/265 258/272/264 259/274/266
f 314/273/265 259/274/266 313/275/267
f 313/275/267 259/274/266 260/276/268
f 313/275/267 260/276/268 312/277/269
f 312/277/269 260/276/268 261/278/270
f 312/277/269 261/278/270 311/279/271
f 311/279/271 261/278/270 262/280/272
f 311/279/271 262/280/272 310/281/273
f 310/281/273 262/280/272 263/282/274
f 310/281/273 263/282/274 309/283/275
f 309/283/275 263/282/274 264/284/276
f 309/283/275 264/284/276 308/285/277
f 308/285/277 264/284/276 265/286/278
f 308/285/277 265/286/278 307/287/279
f 307/287/279 265/286/278 266/288/280
f 307/287/279 266/288/280 306/289/281
f 306/289/281 266/288/280 267/290/282
f 306/289/281 267/290/282 305/291/283
f 305/291/283 267/290/282 268/292/284
f 305/291/283 268/292/284 304/293/285
f 304/293/285 268/292/284 269/294/286
f 304/293/285 269/294/286 303/295/287
f 303/295/287 269/294/286 270/296/288
f 303/295/287 270/296/288 302/297/289
f 302/297/289 270/296/288 271/298/290
f 302/297/289 271/298/290 301/299/291
f 301/299/291 271/298/290 272/300/292
f 301/299/291 272/300/292 300/301/293
f 300/301/293 272/300/292 273/302/294
f 300/301/293 273/302/294 299/303/295
f 299/303/295 273/302/294 274/304/296
f 299/303/295 274/304/296 298/305/297
f 298/305/297 274/304/296 275/306/298
f 298/305/297 275/306/298 297/307/299
f 297/307/299 275/306/298 276/308/300
f 297/307/299 276/308/300 296/309/301
f 296/309/301 276/308/300 277/310/302
f 296/309/301 277/310/302 295/311/303
f 295/311/303 277/310/302 278/312/304
f 295/311/303 278/312/304 294/313/305
f 294/313/305 278/312/304 279/314/306
f 294/313/305 279/314/306 293/315/307
f 293/315/307 279/314/306 280/316/308
f 293/315/307 280/316/308 292/317/309
f 292/317/309 280/316/308 281/318/310
f 292/317/309 281/318/310 291/319/311
f 291/319/311 281/318/310 282/320/312
f 291/319/311 282/320/312 290/321/313
f 290/321/313 282/320/312 283/322/314
f 290/321/313 283/322/314 289/323/315
f 289/323/315 283/322/314 284/324/316
f 289/323/315 284/324/316 288/269/261
f 288/269/261 284/324/316 285/267/259
f 318/325/317 378/326/318 317/327/319
f 317/327/319 378/326/318 348/328/320
f 317/329/319 348/330/320 347/331/321
f 347/331/321 348/330/320 349/332/322
f 347/331/321 349/332/322 350/333/323
f 318/325/317 319/334/324 378/326/318
f 378/326/318 319/334/324 377/335/325
f 377/335/325 319/334/324 320/336/326
f 377/335/325 320/336/326 376/337/327
f 376/337/327 320/336/326 321/338/328
f 376/337/327 321/338/328 375/339/329
f 375/339/329 321/338/328 322/340/330
f 375/339/329 322/340/330 374/341/331
f 374/341/331 322/340/330 323/342/332
f 374/341/331 323/342/332 373/343/333
f 373/343/333 323/342/332 324/344/334
f 373/343/333 324/344/334 372/345/335
f 372/345/335 324/344/334 325/346/336
f 372/345/335 325/346/336 371/347/337
f 371/347/337 325/346/336 326/348/338
f 371/347/337 326/348/338 370/349/339
f 370/349/339 326/348/338 327/350/340
f 370/349/339 327/350/340 369/351/341
f 369/351/341 327/350/340 328/352/342
f 369/351/341 328/352/342 368/353/343
f 368/353/343 328/352/342 329/354/344
f 368/353/343 329/354/344 367/355/345
f 367/355/345 329/354/344 330/356/346
f 367/355/345 330/356/346 366/357/347
f 366/357/347 330/356/346 331/358/348
f 366/357/347 331/358/348 365/359/349
f 365/359/349 331/358/348 332/360/350
f 365/359/349 332/360/350 364/361/351
f 364/361/351 332/360/350 333/362/352
f 364/361/351 333/362/352 363/363/353
f 363/363/353 333/362/352 334/364/354
f 363/363/353 334/364/354 362/365/355
f 362/365/355 334/364/354 335/366/356
f 362/365/355 335/366/356 361/367/357
f 361/367/357 335/366/356 336/368/358
f 361/367/357 336/368/358 360/369/359
f 360/369/359 336/368/358 337/370/360
f 360/369/359 337/370/360 359/371/361
f 359/371/361 337/370/360 338/372/362
f 359/371/361 338/372/362 358/373/363
f 358/373/363 338/372/362 339/374/364
f 358/373/363 339/374/364 357/375/365
f 357/375/365 339/374/364 340/376/366
f 357/375/365 340/376/366 356/377/367
f 356/377/367 340/376/366 341/378/368
f 356/377/367 341/378/368 355/379/369
f 355/379/369 341/378/368 342/380/370
f 355/379/369 342/380/370 354/381/371
f 354/381/371 342/380/370 343/382/372
f 354/381/371 343/382/372 353/383/373
f 353/383/373 343/382/372 344/384/374
f 353/383/373 344/384/374 352/385/375
f 352/385/375 344/384/374 345/386/376
f 352/385/375 345/386/376 351/387/377
f 351/387/377 345/386/376 346/388/378
f 351/387/377 346/388/378 350/333/323
f 350/333/323 346/388/378 347/331/321
f 380/389/379 426/390/380 379/391/381
f 379/391/381 426/390/380 403/392/382
f 379/393/381 403/394/382 402/395/383
f 402/395/383 403/394/382 404/396/384
f 402/395/383 404/396/384 401/397/385
f 401/397/385 404/396/384 405/398/386
f 401/397/385 405/398/386 400/399/387
f 400/399/387 405/398/386 406/400/388
f 400/399/387 406/400/388 399/401/389
f 399/401/389 406/400/388 407/402/390
f 399/401/389 407/402/390 398/403/391
f 398/403/391 407/402/390 408/404/392
f 398/403/391 408/404/392 397/405/393
f 397/405/393 408/404/392 409/406/394
f 397/405/393 409/406/394 396/407/395
f 396/407/395 409/406/394 410/408/396
f 396/407/395 410/408/396 395/409/397
f 395/409/397 410/408/396 411/410/398
f 395/409/397 411/410/398 394/411/399
f 394/411/399 411/410/398 412/412/400
f 394/411/399 412/412/400 393/413/401
f 393/413/401 412/412/400 413/414/402
f 393/413/401 413/414/402 392/415/403
f 392/415/403 413/414/402 414/416/404
f 392/415/403 414/416/404 391/417/405
f 391/417/405 414/416/404 415/418/406
f 391/417/405 415/418/406 390/419/407
f 390/419/407 415/418/406 416/420/408
f 390/419/407 416/420/408 389/421/409
f 389/421/409 416/420/408 417/422/410
f 389/421/409 417/422/410 388/423/411
f 388/423/411 417/422/410 418/424/412
f 388/423/411 418/424/412 387/425/413
f 387/425/413 418/424/412 419/426/414
f 387/425/413 419/426/414 386/427/415
f 386/427/415 419/426/414 420/428/416
f 386/427/415 420/428/416 385/429/417
f 385/429/417 420/428/416 421/430/418
f 385/429/417 421/430/418 384/431/419
f 384/431/419 421/430/418 422/432/420
f 384/431/419 422/432/420 383/433/421
f 383/433/421 422/432/420 423/434/422
f 383/433/421 423/434/422 382/435/423
f 382/435/423 423/434/422 424/436/424
f 382/435/423 424/436/424 381/437/425
f 381/437/425 424/436/424 425/438/426
f 381/437/425 425/438/426 380/389/379
f 380/389/379 425/438/426 426/390/380
f 427/439/427 428/440/428 430/441/429
f 430/441/429 428/440/428 429/442/430
f 470/443/431 431/444/432 469/445/433
f 469/445/433 431/444/432 432/446/434
f 469/445/433 432/446/434 433/447/435
f 469/445/433 433/447/435 468/448/436
f 468/448/436 433/447/435 434/449/437
f 468/448/436 434/449/437 467/450/438
f 467/450/438 434/449/437 435/451/439
f 467/450/438 435/451/439 466/452/440
f 466/452/440 435/451/439 436/453/441
f 466/452/440 436/453/441 465/454/442
f 465/454/442 436/453/441 437/455/443
f 465/454/442 437/455/443 464/456/444
f 464/456/444 437/455/443 438/457/445
f 464/456/444 438/457/445 463/458/446
f 463/458/446 438/457/445 439/459/447
f 463/458/446 439/459/447 462/460/448
f 462/460/448 439/459/447 440/461/449
f 462/460/448 440/461/449 461/462/450
f 461/462/450 440/461/449 441/463/451
f 461/462/450 441/463/451 460/464/452
f 460/464/452 441/463/451 442/465/453
f 460/464/452 442/465/453 459/466/454
f 459/466/454 442/465/453 443/467/455
f 459/466/454 443/467/455 458/468/456
f 458/468/456 443/467/455 444/469/457
f 458/468/456 444/469/457 457/470/458
f 457/470/458 444/469/457 445/471/459
f 457/470/458 445/471/459 456/472/460
f 456/472/460 445/471/459 446/473/461
f 456/472/460 446/473/461 455/474/462
f 455/474/462 446/473/461 447/475/463
f 455/474/462 447/475/463 454/476/464
f 454/476/464 447/475/463 448/477/465
f 454/476/464 448/477/465 453/478/466
f 453/478/466 448/477/465 449/479/467
f 453/478/466 449/479/467 452/480/468
f 452/480/468 449/479/467 450/481/469
f 452/480/468 450/481/469 451/482/470
f 451/482/470 450/481/469 430/483/429
f 430/483/429 450/481/469 427/484/427
f 471/485/471 431/486/432 472/487/472
f 472/487/472 431/486/432 470/488/431
f 492/489/473 473/490/474 491/491/475
f 491/491/475 473/490/474 474/492/476
f 491/491/475 474/492/476 490/493/477
f 490/493/477 474/492/476 475/494/478
f 490/493/477 475/494/478 489/495/479
f 489/495/479 475/494/478 476/496/480
f 489/495/479 476/496/480 488/497/481
f 488/497/481 476/496/480 477/498/482
f 488/497/481 477/498/482 487/499/483
f 487/499/483 477/498/482 478/500/484
f 487/499/483 478/500/484 486/501/485
f 486/501/485 478/500/484 479/502/486
f 486/501/485 479/502/486 485/503/487
f 485/503/487 479/502/486 480/504/488
f 485/503/487 480/504/488 484/505/489
f 484/505/489 480/504/488 481/506/490
f 484/505/489 481/506/490 483/507/491
f 483/507/491 481/506/490 482/508/492
f 483/507/491 482/508/492 472/509/472
f 472/509/472 482/508/492 471/510/471
f 493/511/493 473/512/494 494/513/495
f 494/513/495 473/512/494 492/514/496
f 495/515/497 493/516/498 496/517/499
f 496/517/499 493/516/498 494/518/500
f 497/519/501 495/520/502 498/521/503
f 498/521/503 495/520/502 496/522/504
f 499/523/505 497/524/506 500/525/507
f 500/525/507 497/524/506 498/526/508
f 501/527/509 499/528/510 502/529/511
f 502/529/511 499/528/510 500/530/512
f 473/531/494 501/532/513 492/533/496
f 492/533/496 501/532/513 502/534/514
f 429/535/430 428/536/428 520/537/515
f 520/537/515 428/536/428 503/538/516
f 520/537/515 503/538/516 519/539/517
f 519/539/517 503/538/516 504/540/518
f 519/539/517 504/540/518 518/541/519
f 518/541/519 504/540/518 505/542/520
f 518/541/519 505/542/520 517/543/521
f 517/543/521 505/542/520 506/544/522
f 517/543/521 506/544/522 516/545/523
f 516/545/523 506/544/522 507/546/524
f 516/545/523 507/546/524 515/547/525
f 515/547/525 507/546/524 508/548/526
f 515/547/525 508/548/526 514/549/527
f 514/549/527 508/548/526 509/550/528
f 514/549/527 509/550/528 513/551/529
f 513/551/529 509/550/528 510/552/530
f 513/551/529 510/552/530 512/553/531
f 512/553/531 510/552/530 511/554/532
f 512/553/531 511/554/532 492/555/473
f 492/555/473 511/554/532 473/556/474
f 380/557/533 379/558/534 502/559/535
f 502/559/535 379/558/534 402/560/536
f 502/559/535 402/560/536 401/561/537
f 401/561/537 400/562/538 502/559/535
f 502/559/535 400/562/538 399/563/539
f 502/559/535 399/563/539 398/564/540
f 398/564/540 397/565/541 502/559/535
f 502/559/535 397/565/541 396/566/542
f 502/559/535 396/566/542 395/567/543
f 394/568/544 518/569/545 395/567/543
f 395/567/543 518/569/545 517/570/546
f 395/567/543 517/570/546 502/559/535
f 502/559/535 517/570/546 516/571/547
f 502/559/535 516/571/547 515/572/548
f 518/569/545 394/568/544 519/573/549
f 519/573/549 394/568/544 393/574/550
f 519/573/549 393/574/550 520/575/551
f 520/575/551 393/574/550 392/576/552
f 520/575/551 392/576/552 429/577/553
f 429/577/553 392/576/552 391/578/554
f 429/577/553 391/578/554 390/579/555
f 390/579/555 389/580/556 429/577/553
f 429/577/553 389/580/556 430/581/557
f 430/581/557 389/580/556 388/582/558
f 430/581/557 388/582/558 387/583/559
f 387/583/559 386/584/560 430/581/557
f 430/581/557 386/584/560 58/585/561
f 430/581/557 58/585/561 57/586/562
f 58/585/561 386/584/560 59/587/563
f 59/587/563 386/584/560 385/588/564
f 59/587/563 385/588/564 60/589/565
f 60/589/565 385/588/564 384/590/566
f 60/589/565 384/590/566 61/591/567
f 61/591/567 384/590/566 155/592/568
f 61/591/567 155/592/568 62/593/569
f 62/593/569 155/592/568 154/594/570
f 62/593/569 154/594/570 63/595/571
f 63/595/571 154/594/570 153/596/572
f 63/595/571 153/596/572 64/597/573
f 64/597/573 153/596/572 152/598/574
f 64/597/573 152/598/574 65/599/575
f 65/599/575 152/598/574 151/600/576
f 65/599/575 151/600/576 1/601/577
f 1/601/577 151/600/576 150/602/578
f 1/601/577 150/602/578 2/603/579
f 2/603/579 150/602/578 149/604/580
f 2/603/579 149/604/580 3/605/581
f 3/605/581 149/604/580 148/606/582
f 3/605/581 148/606/582 4/607/583
f 4/607/583 148/606/582 147/608/584
f 4/607/583 147/608/584 5/609/585
f 5/609/585 147/608/584 146/610/586
f 5/609/585 146/610/586 6/611/587
f 6/611/587 146/610/586 145/612/588
f 6/611/587 145/612/588 7/613/589
f 7/613/589 145/612/588 144/614/590
f 7/613/589 144/614/590 273/615/591
f 273/615/591 144/614/590 274/616/592
f 274/616/592 144/614/590 143/617/593
f 274/616/592 143/617/593 275/618/594
f 275/618/594 143/617/593 142/619/595
f 275/618/594 142/619/595 276/620/596
f 276/620/596 142/619/595 141/621/597
f 276/620/596 141/621/597 277/622/598
f 277/622/598 141/621/597 140/623/599
f 277/622/598 140/623/599 278/624/600
f 278/624/600 140/623/599 139/625/601
f 278/624/600 139/625/601 279/626/602
f 279/626/602 139/625/601 138/627/603
f 279/626/602 138/627/603 280/628/604
f 280/628/604 138/627/603 137/629/605
f 280/628/604 137/629/605 281/630/606
f 281/630/606 137/629/605 136/631/607
f 281/630/606 136/631/607 282/632/608
f 282/632/608 136/631/607 135/633/609
f 282/632/608 135/633/609 283/634/610
f 283/634/610 135/633/609 134/635/611
f 283/634/610 134/635/611 284/636/612
f 284/636/612 134/635/611 133/637/613
f 284/636/612 133/637/613 132/638/614
f 155/592/568 384/590/566 156/639/615
f 156/639/615 384/590/566 383/640/616
f 156/639/615 383/640/616 157/641/617
f 157/641/617 383/640/616 382/642/618
f 157/641/617 382/642/618 158/643/619
f 158/643/619 382/642/618 381/644/620
f 158/643/619 381/644/620 159/645/621
f 159/645/621 381/644/620 160/646/622
f 160/646/622 381/644/620 380/557/533
f 160/646/622 380/557/533 502/559/535
f 347/647/623 30/648/624 317/649/625
f 317/649/625 30/648/624 29/650/626
f 317/649/625 29/650/626 318/651/627
f 318/651/627 29/650/626 28/652/628
f 318/651/627 28/652/628 319/653/629
f 319/653/629 28/652/628 27/654/630
f 319/653/629 27/654/630 222/655/631
f 222/655/631 27/654/630 223/656/632
f 223/656/632 27/654/630 26/657/633
f 223/656/632 26/657/633 25/658/634
f 30/648/624 347/647/623 31/659/635
f 31/659/635 347/647/623 346/660/636
f 31/659/635 346/660/636 32/661/637
f 32/661/637 346/660/636 345/662/638
f 32/661/637 345/662/638 33/663/639
f 33/663/639 345/662/638 344/664/640
f 33/663/639 344/664/640 34/665/641
f 34/665/641 344/664/640 343/666/642
f 34/665/641 343/666/642 35/667/643
f 35/667/643 343/666/642 342/668/644
f 35/667/643 342/668/644 36/669/645
f 36/669/645 342/668/644 341/670/646
f 36/669/645 341/670/646 37/671/647
f 37/671/647 341/670/646 340/672/648
f 37/671/647 340/672/648 38/673/649
f 38/673/649 340/672/648 339/674/650
f 38/673/649 339/674/650 496/675/651
f 496/675/651 339/674/650 338/676/652
f 496/675/651 338/676/652 337/677/653
f 337/677/653 336/678/654 496/675/651
f 496/675/651 336/678/654 335/679/655
f 496/675/651 335/679/655 334/680/656
f 334/680/656 333/681/657 496/675/651
f 496/675/651 333/681/657 498/682/658
f 498/682/658 333/681/657 332/683/659
f 498/682/658 332/683/659 331/684/660
f 330/685/661 211/686/662 331/684/660
f 331/684/660 211/686/662 210/687/663
f 331/684/660 210/687/663 498/682/658
f 498/682/658 210/687/663 209/688/664
f 498/682/658 209/688/664 208/689/665
f 330/685/661 329/690/666 211/686/662
f 211/686/662 329/690/666 212/691/667
f 212/691/667 329/690/666 328/692/668
f 212/691/667 328/692/668 213/693/669
f 213/693/669 328/692/668 327/694/670
f 213/693/669 327/694/670 214/695/671
f 214/695/671 327/694/670 326/696/672
f 214/695/671 326/696/672 215/697/673
f 215/697/673 326/696/672 325/698/674
f 215/697/673 325/698/674 216/699/675
f 216/699/675 325/698/674 217/700/676
f 217/700/676 325/698/674 324/701/677
f 217/700/676 324/701/677 218/702/678
f 218/702/678 324/701/677 323/703/679
f 218/702/678 323/703/679 219/704/680
f 219/704/680 323/703/679 322/705/681
f 219/704/680 322/705/681 220/706/682
f 220/706/682 322/705/681 321/707/683
f 220/706/682 321/707/683 221/708/684
f 221/708/684 321/707/683 320/709/685
f 221/708/684 320/709/685 319/653/629
f 256/710/686 255/711/687 500/712/688
f 500/712/688 255/711/687 285/713/689
f 500/712/688 285/713/689 132/638/614
f 132/638/614 285/713/689 284/636/612
f 273/615/591 272/714/690 7/613/589
f 7/613/589 272/714/690 8/715/691
f 8/715/691 272/714/690 9/716/692
f 9/716/692 272/714/690 271/717/693
f 9/716/692 271/717/693 10/718/694
f 10/718/694 271/717/693 270/719/695
f 10/718/694 270/719/695 11/720/696
f 11/720/696 270/719/695 269/721/697
f 11/720/696 269/721/697 12/722/698
f 12/722/698 269/721/697 13/723/699
f 13/723/699 269/721/697 268/724/700
f 13/723/699 268/724/700 14/725/701
f 14/725/701 268/724/700 15/726/702
f 15/726/702 268/724/700 267/727/703
f 15/726/702 267/727/703 16/728/704
f 16/728/704 267/727/703 17/729/705
f 17/729/705 267/727/703 266/730/706
f 17/729/705 266/730/706 197/731/707
f 197/731/707 266/730/706 198/732/708
f 198/732/708 266/730/706 265/733/709
f 198/732/708 265/733/709 199/734/710
f 199/734/710 265/733/709 500/712/688
f 199/734/710 500/712/688 498/682/658
f 265/733/709 264/735/711 500/712/688
f 500/712/688 264/735/711 263/736/712
f 500/712/688 263/736/712 262/737/713
f 262/737/713 261/738/714 500/712/688
f 500/712/688 261/738/714 260/739/715
f 500/712/688 260/739/715 259/740/716
f 259/740/716 258/741/717 500/712/688
f 500/712/688 258/741/717 257/742/718
f 500/712/688 257/742/718 256/710/686
f 223/656/632 25/658/634 193/743/719
f 193/743/719 25/658/634 24/744/720
f 193/743/719 24/744/720 194/745/721
f 194/745/721 24/744/720 23/746/722
f 194/745/721 23/746/722 22/747/723
f 222/655/631 221/708/684 319/653/629
f 208/689/665 207/748/724 498/682/658
f 498/682/658 207/748/724 206/749/725
f 498/682/658 206/749/725 205/750/726
f 205/750/726 204/751/727 498/682/658
f 498/682/658 204/751/727 203/752/728
f 498/682/658 203/752/728 202/753/729
f 202/753/729 201/754/730 498/682/658
f 498/682/658 201/754/730 200/755/731
f 498/682/658 200/755/731 199/734/710
f 196/756/732 19/757/733 197/731/707
f 197/731/707 19/757/733 18/758/734
f 197/731/707 18/758/734 17/729/705
f 195/759/735 21/760/736 196/756/732
f 196/756/732 21/760/736 20/761/737
f 196/756/732 20/761/737 19/757/733
f 21/760/736 195/759/735 22/747/723
f 22/747/723 195/759/735 194/745/721
f 132/638/614 131/762/738 500/712/688
f 500/712/688 131/762/738 161/763/739
f 500/712/688 161/763/739 502/559/535
f 502/559/535 161/763/739 160/646/622
f 430/581/557 57/586/562 451/764/740
f 451/764/740 57/586/562 56/765/741
f 451/764/740 56/765/741 452/766/742
f 452/766/742 56/765/741 55/767/743
f 452/766/742 55/767/743 453/768/744
f 453/768/744 55/767/743 54/769/745
f 453/768/744 54/769/745 454/770/746
f 454/770/746 54/769/745 53/771/747
f 454/770/746 53/771/747 455/772/748
f 455/772/748 53/771/747 456/773/749
f 456/773/749 53/771/747 52/774/750
f 456/773/749 52/774/750 457/775/751
f 457/775/751 52/774/750 51/776/752
f 457/775/751 51/776/752 458/777/753
f 458/777/753 51/776/752 459/778/754
f 459/778/754 51/776/752 50/779/755
f 459/778/754 50/779/755 460/780/756
f 460/780/756 50/779/755 49/781/757
f 460/780/756 49/781/757 461/782/758
f 461/782/758 49/781/757 462/783/759
f 462/783/759 49/781/757 48/784/760
f 462/783/759 48/784/760 463/785/761
f 463/785/761 48/784/760 464/786/762
f 464/786/762 48/784/760 47/787/763
f 464/786/762 47/787/763 465/788/764
f 465/788/764 47/787/763 46/789/765
f 465/788/764 46/789/765 466/790/766
f 466/790/766 46/789/765 467/791/767
f 467/791/767 46/789/765 45/792/768
f 467/791/767 45/792/768 468/793/769
f 468/793/769 45/792/768 44/794/770
f 468/793/769 44/794/770 469/795/771
f 469/795/771 44/794/770 43/796/772
f 469/795/771 43/796/772 470/797/773
f 470/797/773 43/796/772 42/798/774
f 470/797/773 42/798/774 41/799/775
f 470/797/773 41/799/775 496/675/651
f 496/675/651 41/799/775 40/800/776
f 496/675/651 40/800/776 39/801/777
f 39/801/777 38/673/649 496/675/651
f 515/572/548 514/802/778 502/559/535
f 502/559/535 514/802/778 513/803/779
f 502/559/535 513/803/779 512/804/780
f 512/804/780 492/805/781 502/559/535
f 496/675/651 494/806/782 470/797/773
f 470/797/773 494/806/782 472/807/783
f 472/807/783 494/806/782 483/808/784
f 483/808/784 494/806/782 484/809/785
f 484/809/785 494/806/782 485/810/786
f 485/810/786 494/806/782 486/811/787
f 486/811/787 494/806/782 487/812/788
f 487/812/788 494/806/782 488/813/789
f 488/813/789 494/806/782 489/814/790
f 489/814/790 494/806/782 490/815/791
f 490/815/791 494/806/782 491/816/792
f 491/816/792 494/806/782 492/805/781
f 404/817/793 403/818/794 501/819/795
f 501/819/795 403/818/794 426/820/796
f 501/819/795 426/820/796 164/821/797
f 164/821/797 426/820/796 425/822/798
f 164/821/797 425/822/798 165/823/799
f 165/823/799 425/822/798 166/824/800
f 166/824/800 425/822/798 424/825/801
f 166/824/800 424/825/801 167/826/802
f 167/826/802 424/825/801 423/827/803
f 167/826/802 423/827/803 168/828/804
f 168/828/804 423/827/803 422/829/805
f 168/828/804 422/829/805 169/830/806
f 169/830/806 422/829/805 71/831/807
f 169/830/806 71/831/807 70/832/808
f 71/831/807 422/829/805 72/833/809
f 72/833/809 422/829/805 421/834/810
f 72/833/809 421/834/810 73/835/811
f 73/835/811 421/834/810 420/836/812
f 73/835/811 420/836/812 74/837/813
f 74/837/813 420/836/812 427/838/814
f 74/837/813 427/838/814 75/839/815
f 75/839/815 427/838/814 450/840/816
f 75/839/815 450/840/816 76/841/817
f 76/841/817 450/840/816 449/842/818
f 76/841/817 449/842/818 77/843/819
f 77/843/819 449/842/818 448/844/820
f 77/843/819 448/844/820 78/845/821
f 78/845/821 448/844/820 447/846/822
f 78/845/821 447/846/822 79/847/823
f 79/847/823 447/846/822 446/848/824
f 79/847/823 446/848/824 445/849/825
f 420/836/812 419/850/826 427/838/814
f 427/838/814 419/850/826 418/851/827
f 427/838/814 418/851/827 417/852/828
f 427/838/814 417/852/828 428/853/829
f 428/853/829 417/852/828 416/854/830
f 428/853/829 416/854/830 415/855/831
f 415/855/831 414/856/832 428/853/829
f 428/853/829 414/856/832 503/857/833
f 503/857/833 414/856/832 413/858/834
f 503/857/833 413/858/834 504/859/835
f 504/859/835 413/858/834 412/860/836
f 504/859/835 412/860/836 505/861/837
f 505/861/837 412/860/836 411/862/838
f 505/861/837 411/862/838 506/863/839
f 506/863/839 411/862/838 501/819/795
f 506/863/839 501/819/795 507/864/840
f 507/864/840 501/819/795 508/865/841
f 508/865/841 501/819/795 509/866/842
f 509/866/842 501/819/795 510/867/843
f 510/867/843 501/819/795 511/868/844
f 511/868/844 501/819/795 473/869/845
f 411/862/838 410/870/846 501/819/795
f 501/819/795 410/870/846 409/871/847
f 501/819/795 409/871/847 408/872/848
f 408/872/848 407/873/849 501/819/795
f 501/819/795 407/873/849 406/874/850
f 501/819/795 406/874/850 405/875/851
f 405/875/851 404/817/793 501/819/795
f 378/876/852 103/877/853 348/878/854
f 348/878/854 103/877/853 102/879/855
f 348/878/854 102/879/855 349/880/856
f 349/880/856 102/879/855 101/881/857
f 349/880/856 101/881/857 350/882/858
f 350/882/858 101/881/857 100/883/859
f 350/882/858 100/883/859 351/884/860
f 351/884/860 100/883/859 99/885/861
f 351/884/860 99/885/861 352/886/862
f 352/886/862 99/885/861 98/887/863
f 352/886/862 98/887/863 353/888/864
f 353/888/864 98/887/863 97/889/865
f 353/888/864 97/889/865 354/890/866
f 354/890/866 97/889/865 96/891/867
f 354/890/866 96/891/867 355/892/868
f 355/892/868 96/891/867 95/893/869
f 355/892/868 95/893/869 356/894/870
f 356/894/870 95/893/869 94/895/871
f 356/894/870 94/895/871 357/896/872
f 357/896/872 94/895/871 495/897/873
f 357/896/872 495/897/873 358/898/874
f 358/898/874 495/897/873 359/899/875
f 359/899/875 495/897/873 360/900/876
f 360/900/876 495/897/873 361/901/877
f 361/901/877 495/897/873 362/902/878
f 362/902/878 495/897/873 363/903/879
f 363/903/879 495/897/873 497/904/880
f 363/903/879 497/904/880 364/905/881
f 364/905/881 497/904/880 365/906/882
f 365/906/882 497/904/880 238/907/883
f 365/906/882 238/907/883 237/908/884
f 103/877/853 378/876/852 104/909/885
f 104/909/885 378/876/852 377/910/886
f 104/909/885 377/910/886 105/911/887
f 105/911/887 377/910/886 226/912/888
f 105/911/887 226/912/888 225/913/889
f 377/910/886 376/914/890 226/912/888
f 226/912/888 376/914/890 227/915/891
f 227/915/891 376/914/890 375/916/892
f 227/915/891 375/916/892 228/917/893
f 228/917/893 375/916/892 374/918/894
f 228/917/893 374/918/894 229/919/895
f 229/919/895 374/918/894 373/920/896
f 229/919/895 373/920/896 230/921/897
f 230/921/897 373/920/896 372/922/898
f 230/921/897 372/922/898 231/923/899
f 231/923/899 372/922/898 371/924/900
f 231/923/899 371/924/900 232/925/901
f 232/925/901 371/924/900 233/926/902
f 233/926/902 371/924/900 370/927/903
f 233/926/902 370/927/903 234/928/904
f 234/928/904 370/927/903 369/929/905
f 234/928/904 369/929/905 235/930/906
f 235/930/906 369/929/905 368/931/907
f 235/930/906 368/931/907 236/932/908
f 236/932/908 368/931/907 367/933/909
f 236/932/908 367/933/909 237/908/884
f 237/908/884 367/933/909 366/934/910
f 237/908/884 366/934/910 365/906/882
f 287/935/911 286/936/912 499/937/913
f 499/937/913 286/936/912 316/938/914
f 499/937/913 316/938/914 315/939/915
f 315/939/915 314/940/916 499/937/913
f 499/937/913 314/940/916 313/941/917
f 499/937/913 313/941/917 312/942/918
f 312/942/918 311/943/919 499/937/913
f 499/937/913 311/943/919 310/944/920
f 499/937/913 310/944/920 309/945/921
f 309/945/921 308/946/922 499/937/913
f 499/937/913 308/946/922 307/947/923
f 499/937/913 307/947/923 249/948/924
f 249/948/924 307/947/923 250/949/925
f 250/949/925 307/947/923 306/950/926
f 250/949/925 306/950/926 251/951/927
f 251/951/927 306/950/926 115/952/928
f 251/951/927 115/952/928 114/953/929
f 306/950/926 305/954/930 115/952/928
f 115/952/928 305/954/930 116/955/931
f 116/955/931 305/954/930 117/956/932
f 117/956/932 305/954/930 304/957/933
f 117/956/932 304/957/933 118/958/934
f 118/958/934 304/957/933 119/959/935
f 119/959/935 304/957/933 303/960/936
f 119/959/935 303/960/936 120/961/937
f 120/961/937 303/960/936 121/962/938
f 121/962/938 303/960/936 302/963/939
f 121/962/938 302/963/939 122/964/940
f 122/964/940 302/963/939 301/965/941
f 122/964/940 301/965/941 123/966/942
f 123/966/942 301/965/941 300/967/943
f 123/966/942 300/967/943 124/968/944
f 124/968/944 300/967/943 125/969/945
f 125/969/945 300/967/943 299/970/946
f 125/969/945 299/970/946 180/971/947
f 180/971/947 299/970/946 298/972/948
f 180/971/947 298/972/948 181/973/949
f 181/973/949 298/972/948 297/974/950
f 181/973/949 297/974/950 182/975/951
f 182/975/951 297/974/950 296/976/952
f 182/975/951 296/976/952 183/977/953
f 183/977/953 296/976/952 295/978/954
f 183/977/953 295/978/954 184/979/955
f 184/979/955 295/978/954 294/980/956
f 184/979/955 294/980/956 185/981/957
f 185/981/957 294/980/956 293/982/958
f 185/981/957 293/982/958 186/983/959
f 186/983/959 293/982/958 292/984/960
f 186/983/959 292/984/960 187/985/961
f 187/985/961 292/984/960 291/986/962
f 187/985/961 291/986/962 188/987/963
f 188/987/963 291/986/962 290/988/964
f 188/987/963 290/988/964 189/989/965
f 189/989/965 290/988/964 289/990/966
f 189/989/965 289/990/966 190/991/967
f 190/991/967 289/990/966 288/992/968
f 190/991/967 288/992/968 191/993/969
f 191/993/969 288/992/968 192/994/970
f 192/994/970 288/992/968 287/935/911
f 192/994/970 287/935/911 499/937/913
f 254/995/971 108/996/972 224/997/973
f 224/997/973 108/996/972 107/998/974
f 224/997/973 107/998/974 225/913/889
f 225/913/889 107/998/974 106/999/975
f 225/913/889 106/999/975 105/911/887
f 253/1000/976 110/1001/977 254/995/971
f 254/995/971 110/1001/977 109/1002/978
f 254/995/971 109/1002/978 108/996/972
f 110/1001/977 253/1000/976 111/1003/979
f 111/1003/979 253/1000/976 252/1004/980
f 111/1003/979 252/1004/980 112/1005/981
f 112/1005/981 252/1004/980 113/1006/982
f 113/1006/982 252/1004/980 251/951/927
f 113/1006/982 251/951/927 114/953/929
f 499/937/913 249/948/924 497/904/880
f 497/904/880 249/948/924 248/1007/983
f 497/904/880 248/1007/983 247/1008/984
f 247/1008/984 246/1009/985 497/904/880
f 497/904/880 246/1009/985 245/1010/986
f 497/904/880 245/1010/986 244/1011/987
f 244/1011/987 243/1012/988 497/904/880
f 497/904/880 243/1012/988 242/1013/989
f 497/904/880 242/1013/989 241/1014/990
f 241/1014/990 240/1015/991 497/904/880
f 497/904/880 240/1015/991 239/1016/992
f 497/904/880 239/1016/992 238/907/883
f 163/1017/993 162/1018/994 499/937/913
f 499/937/913 162/1018/994 192/994/970
f 180/971/947 179/1019/995 125/969/945
f 125/969/945 179/1019/995 126/1020/996
f 126/1020/996 179/1019/995 178/1021/997
f 126/1020/996 178/1021/997 127/1022/998
f 127/1022/998 178/1021/997 177/1023/999
f 127/1022/998 177/1023/999 128/1024/1000
f 128/1024/1000 177/1023/999 176/1025/1001
f 128/1024/1000 176/1025/1001 129/1026/1002
f 129/1026/1002 176/1025/1001 175/1027/1003
f 129/1026/1002 175/1027/1003 130/1028/1004
f 130/1028/1004 175/1027/1003 174/1029/1005
f 130/1028/1004 174/1029/1005 66/1030/1006
f 66/1030/1006 174/1029/1005 173/1031/1007
f 66/1030/1006 173/1031/1007 67/1032/1008
f 67/1032/1008 173/1031/1007 172/1033/1009
f 67/1032/1008 172/1033/1009 68/1034/1010
f 68/1034/1010 172/1033/1009 171/1035/1011
f 68/1034/1010 171/1035/1011 69/1036/1012
f 69/1036/1012 171/1035/1011 170/1037/1013
f 69/1036/1012 170/1037/1013 70/832/808
f 70/832/808 170/1037/1013 169/830/806
f 164/821/797 163/1017/993 501/819/795
f 501/819/795 163/1017/993 499/937/913
f 94/895/871 93/1038/1014 495/897/873
f 495/897/873 93/1038/1014 92/1039/1015
f 495/897/873 92/1039/1015 91/1040/1016
f 495/897/873 91/1040/1016 431/1041/1017
f 431/1041/1017 91/1040/1016 90/1042/1018
f 431/1041/1017 90/1042/1018 89/1043/1019
f 431/1041/1017 89/1043/1019 432/1044/1020
f 432/1044/1020 89/1043/1019 88/1045/1021
f 432/1044/1020 88/1045/1021 433/1046/1022
f 433/1046/1022 88/1045/1021 87/1047/1023
f 433/1046/1022 87/1047/1023 434/1048/1024
f 434/1048/1024 87/1047/1023 86/1049/1025
f 434/1048/1024 86/1049/1025 435/1050/1026
f 435/1050/1026 86/1049/1025 436/1051/1027
f 436/1051/1027 86/1049/1025 85/1052/1028
f 436/1051/1027 85/1052/1028 437/1053/1029
f 437/1053/1029 85/1052/1028 84/1054/1030
f 437/1053/1029 84/1054/1030 438/1055/1031
f 438/1055/1031 84/1054/1030 439/1056/1032
f 439/1056/1032 84/1054/1030 83/1057/1033
f 439/1056/1032 83/1057/1033 440/1058/1034
f 440/1058/1034 83/1057/1033 441/1059/1035
f 441/1059/1035 83/1057/1033 82/1060/1036
f 441/1059/1035 82/1060/1036 442/1061/1037
f 442/1061/1037 82/1060/1036 81/1062/1038
f 442/1061/1037 81/1062/1038 443/1063/1039
f 443/1063/1039 81/1062/1038 444/1064/1040
f 444/1064/1040 81/1062/1038 80/1065/1041
f 444/1064/1040 80/1065/1041 445/849/825
f 445/849/825 80/1065/1041 79/847/823
f 495/897/873 431/1041/1017 493/1066/1042
f 493/1066/1042 431/1041/1017 471/1067/1043
f 493/1066/1042 471/1067/1043 482/1068/1044
f 482/1068/1044 481/1069/1045 493/1066/1042
f 493/1066/1042 481/1069/1045 480/1070/1046
f 493/1066/1042 480/1070/1046 479/1071/1047
f 479/1071/1047 478/1072/1048 493/1066/1042
f 493/1066/1042 478/1072/1048 477/1073/1049
f 493/1066/1042 477/1073/1049 476/1074/1050
f 476/1074/1050 475/1075/1051 493/1066/1042
f 493/1066/1042 475/1075/1051 474/1076/1052
f 493/1066/1042 474/1076/1052 473/869/845
# 520 vertices
# 1076 texture params
# 1052 normals
# 1064 facets

# 1 groups
