# WaveFront *.obj file (generated by Autodesk ATF)

mtllib base blebes.mtl

g Body1

v 4.000000 35.000000 5.000000
v 4.783157 34.948669 5.000000
v 5.552914 34.795555 5.000000
v 6.296100 34.543277 5.000000
v 7.000000 34.196152 5.000000
v 7.652568 33.760120 5.000000
v 8.242641 33.242641 5.000000
v 8.760120 32.652568 5.000000
v 9.196152 32.000000 5.000000
v 9.543277 31.296100 5.000000
v 9.795555 30.552914 5.000000
v 9.948669 29.783157 5.000000
v 10.000000 29.000000 5.000000
v 10.000000 29.000000 0.000000
v 9.948669 29.783157 0.000000
v 9.795555 30.552914 0.000000
v 9.543277 31.296100 0.000000
v 9.196152 32.000000 0.000000
v 8.760120 32.652568 0.000000
v 8.242641 33.242641 0.000000
v 7.652568 33.760120 0.000000
v 7.000000 34.196152 0.000000
v 6.296100 34.543277 0.000000
v 5.552914 34.795555 0.000000
v 4.783157 34.948669 0.000000
v 4.000000 35.000000 0.000000
v 17.500000 -30.000000 5.000000
v 17.551175 -29.496754 5.000000
v 17.702606 -29.014111 5.000000
v 17.948092 -28.571830 5.000000
v 18.277583 -28.188018 5.000000
v 18.677590 -27.878390 5.000000
v 19.131737 -27.655620 5.000000
v 19.621431 -27.528829 5.000000
v 20.126623 -27.503209 5.000000
v 20.626632 -27.579808 5.000000
v 21.100986 -27.755489 5.000000
v 21.530265 -28.023061 5.000000
v 21.896896 -28.371569 5.000000
v 22.185867 -28.786745 5.000000
v 22.385348 -29.251592 5.000000
v 22.487174 -29.747079 5.000000
v 22.487174 -30.252921 5.000000
v 22.385348 -30.748408 5.000000
v 22.185867 -31.213255 5.000000
v 21.896896 -31.628432 5.000000
v 21.530265 -31.976940 5.000000
v 21.100986 -32.244512 5.000000
v 20.626632 -32.420193 5.000000
v 20.126623 -32.496792 5.000000
v 19.621431 -32.471171 5.000000
v 19.131737 -32.344381 5.000000
v 18.677590 -32.121611 5.000000
v 18.277583 -31.811982 5.000000
v 17.948092 -31.428171 5.000000
v 17.702606 -30.985890 5.000000
v 17.551175 -30.503247 5.000000
v 17.500000 -20.000000 5.000000
v 17.551175 -19.496754 5.000000
v 17.702606 -19.014111 5.000000
v 17.948092 -18.571830 5.000000
v 18.277583 -18.188018 5.000000
v 18.677590 -17.878390 5.000000
v 19.131737 -17.655620 5.000000
v 19.621431 -17.528829 5.000000
v 20.126623 -17.503209 5.000000
v 20.626632 -17.579808 5.000000
v 21.100986 -17.755489 5.000000
v 21.530265 -18.023061 5.000000
v 21.896896 -18.371569 5.000000
v 22.185867 -18.786745 5.000000
v 22.385348 -19.251592 5.000000
v 22.487174 -19.747079 5.000000
v 22.487174 -20.252921 5.000000
v 22.385348 -20.748408 5.000000
v 22.185867 -21.213255 5.000000
v 21.896896 -21.628432 5.000000
v 21.530265 -21.976940 5.000000
v 21.100986 -22.244512 5.000000
v 20.626632 -22.420193 5.000000
v 20.126623 -22.496792 5.000000
v 19.621431 -22.471171 5.000000
v 19.131737 -22.344381 5.000000
v 18.677590 -22.121611 5.000000
v 18.277583 -21.811982 5.000000
v 17.948092 -21.428171 5.000000
v 17.702606 -20.985890 5.000000
v 17.551175 -20.503247 5.000000
v -21.214006 27.599608 5.000000
v -21.162895 27.987837 5.000000
v -21.013044 28.349608 5.000000
v -20.774666 28.660269 5.000000
v -20.464006 28.898647 5.000000
v -20.102235 29.048497 5.000000
v -19.714006 29.099608 5.000000
v -19.325777 29.048497 5.000000
v -18.964006 28.898647 5.000000
v -18.653346 28.660269 5.000000
v -18.414968 28.349608 5.000000
v -18.265117 27.987837 5.000000
v -18.214006 27.599608 5.000000
v -18.265117 27.211380 5.000000
v -18.414968 26.849608 5.000000
v -18.653346 26.538948 5.000000
v -18.964006 26.300570 5.000000
v -19.325777 26.150720 5.000000
v -19.714006 26.099608 5.000000
v -20.102235 26.150720 5.000000
v -20.464006 26.300570 5.000000
v -20.774666 26.538948 5.000000
v -21.013044 26.849608 5.000000
v -21.162895 27.211380 5.000000
v -22.500000 -20.000000 5.000000
v -22.448825 -19.496754 5.000000
v -22.297395 -19.014110 5.000000
v -22.051909 -18.571829 5.000000
v -21.722417 -18.188018 5.000000
v -21.322410 -17.878389 5.000000
v -20.868263 -17.655620 5.000000
v -20.378569 -17.528829 5.000000
v -19.873377 -17.503209 5.000000
v -19.373369 -17.579807 5.000000
v -18.899015 -17.755489 5.000000
v -18.469735 -18.023061 5.000000
v -18.103105 -18.371569 5.000000
v -17.814133 -18.786745 5.000000
v -17.614652 -19.251592 5.000000
v -17.512827 -19.747079 5.000000
v -17.512827 -20.252921 5.000000
v -17.614652 -20.748408 5.000000
v -17.814133 -21.213255 5.000000
v -18.103105 -21.628431 5.000000
v -18.469735 -21.976939 5.000000
v -18.899015 -22.244511 5.000000
v -19.373369 -22.420193 5.000000
v -19.873377 -22.496791 5.000000
v -20.378569 -22.471171 5.000000
v -20.868263 -22.344380 5.000000
v -21.322410 -22.121611 5.000000
v -21.722417 -21.811982 5.000000
v -22.051909 -21.428171 5.000000
v -22.297395 -20.985890 5.000000
v -22.448825 -20.503246 5.000000
v -19.000000 35.000000 5.000000
v -19.783157 34.948669 5.000000
v -20.552914 34.795555 5.000000
v -21.296101 34.543277 5.000000
v -22.000000 34.196152 5.000000
v -22.652569 33.760120 5.000000
v -23.242641 33.242641 5.000000
v -23.760120 32.652569 5.000000
v -24.196152 32.000000 5.000000
v -24.543277 31.296101 5.000000
v -24.795555 30.552914 5.000000
v -24.948669 29.783157 5.000000
v -25.000000 29.000000 5.000000
v -25.000000 -35.000000 5.000000
v 25.000000 -35.000000 5.000000
v 25.000000 -14.632727 5.000000
v 16.762067 -14.632727 5.000000
v 16.799538 -13.340326 5.000000
v 16.737509 -12.048871 5.000000
v 16.576347 -10.766010 5.000000
v 16.317007 -9.499343 5.000000
v 15.961025 -8.256370 5.000000
v 15.510509 -7.044454 5.000000
v 14.968129 -5.870773 5.000000
v 14.337095 -4.742278 5.000000
v 13.621145 -3.665653 5.000000
v 12.824521 -2.647275 5.000000
v 11.951940 -1.693175 5.000000
v 11.008570 -0.809005 5.000000
v 9.999999 0.000000 5.000000
v 4.500000 -2.916995 5.000000
v 5.494945 -3.397744 5.000000
v 6.439156 -3.971765 5.000000
v 7.323916 -4.633758 5.000000
v 8.141056 -5.377611 5.000000
v 8.883031 -6.196456 5.000000
v 9.542992 -7.082734 5.000000
v 10.114844 -8.028260 5.000000
v 10.593307 -9.024306 5.000000
v 10.973966 -10.061675 5.000000
v 11.253304 -11.130789 5.000000
v 11.428742 -12.221778 5.000000
v 11.498662 -13.324568 5.000000
v 11.462417 -14.428978 5.000000
v 11.320342 -15.524811 5.000000
v 11.073749 -16.601949 5.000000
v 10.724914 -17.650448 5.000000
v 10.277059 -18.660626 5.000000
v 9.734317 -19.623158 5.000000
v 9.101701 -20.529156 5.000000
v 8.385051 -21.370255 5.000000
v 7.590984 -22.138690 5.000000
v 6.726831 -22.827366 5.000000
v 5.800570 -23.429924 5.000000
v 4.820754 -23.940801 5.000000
v 3.796429 -24.355281 5.000000
v 2.737053 -24.669536 5.000000
v 1.652406 -24.880666 5.000000
v 0.552502 -24.986720 5.000000
v -0.552502 -24.986720 5.000000
v -1.652406 -24.880666 5.000000
v -2.737053 -24.669536 5.000000
v -3.796429 -24.355281 5.000000
v -4.820754 -23.940801 5.000000
v -5.800570 -23.429924 5.000000
v -6.726831 -22.827366 5.000000
v -7.590984 -22.138690 5.000000
v -8.385051 -21.370255 5.000000
v -9.101701 -20.529156 5.000000
v -9.734317 -19.623158 5.000000
v -10.277059 -18.660626 5.000000
v -10.724914 -17.650448 5.000000
v -11.073749 -16.601949 5.000000
v -11.320342 -15.524811 5.000000
v -11.462417 -14.428978 5.000000
v -11.498662 -13.324568 5.000000
v -11.428742 -12.221778 5.000000
v -11.253304 -11.130789 5.000000
v -10.973966 -10.061675 5.000000
v -10.593307 -9.024306 5.000000
v -10.114844 -8.028260 5.000000
v -9.542992 -7.082734 5.000000
v -8.883031 -6.196456 5.000000
v -8.141056 -5.377611 5.000000
v -7.323916 -4.633758 5.000000
v -6.439156 -3.971765 5.000000
v -5.494945 -3.397744 5.000000
v -4.500000 -2.916995 5.000000
v -4.500000 24.000000 5.000000
v -4.449739 24.670691 5.000000
v -4.300078 25.326399 5.000000
v -4.054360 25.952477 5.000000
v -3.718074 26.534941 5.000000
v -3.298733 27.060778 5.000000
v -2.805704 27.518242 5.000000
v -2.250000 27.897115 5.000000
v -1.644035 28.188932 5.000000
v -1.001344 28.387176 5.000000
v -0.336285 28.487417 5.000000
v 0.336285 28.487417 5.000000
v 1.001344 28.387176 5.000000
v 1.644035 28.188932 5.000000
v 2.250000 27.897115 5.000000
v 2.805704 27.518242 5.000000
v 3.298733 27.060778 5.000000
v 3.718074 26.534941 5.000000
v 4.054360 25.952477 5.000000
v 4.300078 25.326399 5.000000
v 4.449739 24.670691 5.000000
v 4.500000 24.000000 5.000000
v -22.500000 -30.000000 5.000000
v -22.448825 -29.496754 5.000000
v -22.297395 -29.014110 5.000000
v -22.051909 -28.571829 5.000000
v -21.722417 -28.188018 5.000000
v -21.322410 -27.878389 5.000000
v -20.868263 -27.655620 5.000000
v -20.378569 -27.528829 5.000000
v -19.873377 -27.503209 5.000000
v -19.373369 -27.579807 5.000000
v -18.899015 -27.755489 5.000000
v -18.469735 -28.023061 5.000000
v -18.103105 -28.371569 5.000000
v -17.814133 -28.786745 5.000000
v -17.614652 -29.251592 5.000000
v -17.512827 -29.747079 5.000000
v -17.512827 -30.252921 5.000000
v -17.614652 -30.748408 5.000000
v -17.814133 -31.213255 5.000000
v -18.103105 -31.628431 5.000000
v -18.469735 -31.976939 5.000000
v -18.899015 -32.244511 5.000000
v -19.373369 -32.420193 5.000000
v -19.873377 -32.496791 5.000000
v -20.378569 -32.471171 5.000000
v -20.868263 -32.344380 5.000000
v -21.322410 -32.121611 5.000000
v -21.722417 -31.811982 5.000000
v -22.051909 -31.428171 5.000000
v -22.297395 -30.985890 5.000000
v -22.448825 -30.503246 5.000000
v -19.000000 35.000000 0.000000
v -19.783157 34.948669 0.000000
v -20.552914 34.795555 0.000000
v -21.296101 34.543277 0.000000
v -22.000000 34.196152 0.000000
v -22.652569 33.760120 0.000000
v -23.242641 33.242641 0.000000
v -23.760120 32.652569 0.000000
v -24.196152 32.000000 0.000000
v -24.543277 31.296101 0.000000
v -24.795555 30.552914 0.000000
v -24.948669 29.783157 0.000000
v -25.000000 29.000000 0.000000
v 16.762067 -14.632727 0.000000
v 16.799538 -13.340326 0.000000
v 16.737509 -12.048871 0.000000
v 16.576347 -10.766010 0.000000
v 16.317007 -9.499343 0.000000
v 15.961025 -8.256370 0.000000
v 15.510509 -7.044454 0.000000
v 14.968129 -5.870773 0.000000
v 14.337095 -4.742278 0.000000
v 13.621145 -3.665653 0.000000
v 12.824521 -2.647275 0.000000
v 11.951940 -1.693175 0.000000
v 11.008570 -0.809005 0.000000
v 9.999999 0.000000 0.000000
v 25.000000 -14.632727 0.000000
v 17.500000 -30.000000 0.000000
v 17.551175 -29.496754 0.000000
v 17.702606 -29.014111 0.000000
v 17.948092 -28.571830 0.000000
v 18.277583 -28.188018 0.000000
v 18.677590 -27.878390 0.000000
v 19.131737 -27.655620 0.000000
v 19.621431 -27.528829 0.000000
v 20.126623 -27.503209 0.000000
v 20.626632 -27.579808 0.000000
v 21.100986 -27.755489 0.000000
v 21.530265 -28.023061 0.000000
v 21.896896 -28.371569 0.000000
v 22.185867 -28.786745 0.000000
v 22.385348 -29.251592 0.000000
v 22.487174 -29.747079 0.000000
v 22.487174 -30.252921 0.000000
v 22.385348 -30.748408 0.000000
v 22.185867 -31.213255 0.000000
v 21.896896 -31.628432 0.000000
v 21.530265 -31.976940 0.000000
v 21.100986 -32.244512 0.000000
v 20.626632 -32.420193 0.000000
v 20.126623 -32.496792 0.000000
v 19.621431 -32.471171 0.000000
v 19.131737 -32.344381 0.000000
v 18.677590 -32.121611 0.000000
v 18.277583 -31.811982 0.000000
v 17.948092 -31.428171 0.000000
v 17.702606 -30.985890 0.000000
v 17.551175 -30.503247 0.000000
v 17.500000 -20.000000 0.000000
v 17.551175 -19.496754 0.000000
v 17.702606 -19.014111 0.000000
v 17.948092 -18.571830 0.000000
v 18.277583 -18.188018 0.000000
v 18.677590 -17.878390 0.000000
v 19.131737 -17.655620 0.000000
v 19.621431 -17.528829 0.000000
v 20.126623 -17.503209 0.000000
v 20.626632 -17.579808 0.000000
v 21.100986 -17.755489 0.000000
v 21.530265 -18.023061 0.000000
v 21.896896 -18.371569 0.000000
v 22.185867 -18.786745 0.000000
v 22.385348 -19.251592 0.000000
v 22.487174 -19.747079 0.000000
v 22.487174 -20.252921 0.000000
v 22.385348 -20.748408 0.000000
v 22.185867 -21.213255 0.000000
v 21.896896 -21.628432 0.000000
v 21.530265 -21.976940 0.000000
v 21.100986 -22.244512 0.000000
v 20.626632 -22.420193 0.000000
v 20.126623 -22.496792 0.000000
v 19.621431 -22.471171 0.000000
v 19.131737 -22.344381 0.000000
v 18.677590 -22.121611 0.000000
v 18.277583 -21.811982 0.000000
v 17.948092 -21.428171 0.000000
v 17.702606 -20.985890 0.000000
v 17.551175 -20.503247 0.000000
v -21.214006 27.599608 0.000000
v -21.162895 27.987837 0.000000
v -21.013044 28.349608 0.000000
v -20.774666 28.660269 0.000000
v -20.464006 28.898647 0.000000
v -20.102235 29.048497 0.000000
v -19.714006 29.099608 0.000000
v -19.325777 29.048497 0.000000
v -18.964006 28.898647 0.000000
v -18.653346 28.660269 0.000000
v -18.414968 28.349608 0.000000
v -18.265117 27.987837 0.000000
v -18.214006 27.599608 0.000000
v -18.265117 27.211380 0.000000
v -18.414968 26.849608 0.000000
v -18.653346 26.538948 0.000000
v -18.964006 26.300570 0.000000
v -19.325777 26.150720 0.000000
v -19.714006 26.099608 0.000000
v -20.102235 26.150720 0.000000
v -20.464006 26.300570 0.000000
v -20.774666 26.538948 0.000000
v -21.013044 26.849608 0.000000
v -21.162895 27.211380 0.000000
v -22.500000 -20.000000 0.000000
v -22.448825 -19.496754 0.000000
v -22.297395 -19.014110 0.000000
v -22.051909 -18.571829 0.000000
v -21.722417 -18.188018 0.000000
v -21.322410 -17.878389 0.000000
v -20.868263 -17.655620 0.000000
v -20.378569 -17.528829 0.000000
v -19.873377 -17.503209 0.000000
v -19.373369 -17.579807 0.000000
v -18.899015 -17.755489 0.000000
v -18.469735 -18.023061 0.000000
v -18.103105 -18.371569 0.000000
v -17.814133 -18.786745 0.000000
v -17.614652 -19.251592 0.000000
v -17.512827 -19.747079 0.000000
v -17.512827 -20.252921 0.000000
v -17.614652 -20.748408 0.000000
v -17.814133 -21.213255 0.000000
v -18.103105 -21.628431 0.000000
v -18.469735 -21.976939 0.000000
v -18.899015 -22.244511 0.000000
v -19.373369 -22.420193 0.000000
v -19.873377 -22.496791 0.000000
v -20.378569 -22.471171 0.000000
v -20.868263 -22.344380 0.000000
v -21.322410 -22.121611 0.000000
v -21.722417 -21.811982 0.000000
v -22.051909 -21.428171 0.000000
v -22.297395 -20.985890 0.000000
v -22.448825 -20.503246 0.000000
v 4.500000 24.000000 0.000000
v 4.500000 -2.916995 0.000000
v -4.500000 24.000000 0.000000
v -4.449739 24.670691 0.000000
v -4.300078 25.326399 0.000000
v -4.054360 25.952477 0.000000
v -3.718074 26.534941 0.000000
v -3.298733 27.060778 0.000000
v -2.805704 27.518242 0.000000
v -2.250000 27.897115 0.000000
v -1.644035 28.188932 0.000000
v -1.001344 28.387176 0.000000
v -0.336285 28.487417 0.000000
v 0.336285 28.487417 0.000000
v 1.001344 28.387176 0.000000
v 1.644035 28.188932 0.000000
v 2.250000 27.897115 0.000000
v 2.805704 27.518242 0.000000
v 3.298733 27.060778 0.000000
v 3.718074 26.534941 0.000000
v 4.054360 25.952477 0.000000
v 4.300078 25.326399 0.000000
v 4.449739 24.670691 0.000000
v -4.500000 -2.916995 0.000000
v 5.494945 -3.397744 0.000000
v 6.439156 -3.971765 0.000000
v 7.323916 -4.633758 0.000000
v 8.141056 -5.377611 0.000000
v 8.883031 -6.196456 0.000000
v 9.542992 -7.082734 0.000000
v 10.114844 -8.028260 0.000000
v 10.593307 -9.024306 0.000000
v 10.973966 -10.061675 0.000000
v 11.253304 -11.130789 0.000000
v 11.428742 -12.221778 0.000000
v 11.498662 -13.324568 0.000000
v 11.462417 -14.428978 0.000000
v 11.320342 -15.524811 0.000000
v 11.073749 -16.601949 0.000000
v 10.724914 -17.650448 0.000000
v 10.277059 -18.660626 0.000000
v 9.734317 -19.623158 0.000000
v 9.101701 -20.529156 0.000000
v 8.385051 -21.370255 0.000000
v 7.590984 -22.138690 0.000000
v 6.726831 -22.827366 0.000000
v 5.800570 -23.429924 0.000000
v 4.820754 -23.940801 0.000000
v 3.796429 -24.355281 0.000000
v 2.737053 -24.669536 0.000000
v 1.652406 -24.880666 0.000000
v 0.552502 -24.986720 0.000000
v -0.552502 -24.986720 0.000000
v -1.652406 -24.880666 0.000000
v -2.737053 -24.669536 0.000000
v -3.796429 -24.355281 0.000000
v -4.820754 -23.940801 0.000000
v -5.800570 -23.429924 0.000000
v -6.726831 -22.827366 0.000000
v -7.590984 -22.138690 0.000000
v -8.385051 -21.370255 0.000000
v -9.101701 -20.529156 0.000000
v -9.734317 -19.623158 0.000000
v -10.277059 -18.660626 0.000000
v -10.724914 -17.650448 0.000000
v -11.073749 -16.601949 0.000000
v -11.320342 -15.524811 0.000000
v -11.462417 -14.428978 0.000000
v -11.498662 -13.324568 0.000000
v -11.428742 -12.221778 0.000000
v -11.253304 -11.130789 0.000000
v -10.973966 -10.061675 0.000000
v -10.593307 -9.024306 0.000000
v -10.114844 -8.028260 0.000000
v -9.542992 -7.082734 0.000000
v -8.883031 -6.196456 0.000000
v -8.141056 -5.377611 0.000000
v -7.323916 -4.633758 0.000000
v -6.439156 -3.971765 0.000000
v -5.494945 -3.397744 0.000000
v -22.500000 -30.000000 0.000000
v -22.448825 -29.496754 0.000000
v -22.297395 -29.014110 0.000000
v -22.051909 -28.571829 0.000000
v -21.722417 -28.188018 0.000000
v -21.322410 -27.878389 0.000000
v -20.868263 -27.655620 0.000000
v -20.378569 -27.528829 0.000000
v -19.873377 -27.503209 0.000000
v -19.373369 -27.579807 0.000000
v -18.899015 -27.755489 0.000000
v -18.469735 -28.023061 0.000000
v -18.103105 -28.371569 0.000000
v -17.814133 -28.786745 0.000000
v -17.614652 -29.251592 0.000000
v -17.512827 -29.747079 0.000000
v -17.512827 -30.252921 0.000000
v -17.614652 -30.748408 0.000000
v -17.814133 -31.213255 0.000000
v -18.103105 -31.628431 0.000000
v -18.469735 -31.976939 0.000000
v -18.899015 -32.244511 0.000000
v -19.373369 -32.420193 0.000000
v -19.873377 -32.496791 0.000000
v -20.378569 -32.471171 0.000000
v -20.868263 -32.344380 0.000000
v -21.322410 -32.121611 0.000000
v -21.722417 -31.811982 0.000000
v -22.051909 -31.428171 0.000000
v -22.297395 -30.985890 0.000000
v -22.448825 -30.503246 0.000000
v 25.000000 -35.000000 0.000000
v -25.000000 -35.000000 0.000000
vt 0.250000 0.471239 0.000000
vt -0.250000 0.471239 0.000000
vt 0.250000 0.392699 0.000000
vt -0.250000 0.392699 0.000000
vt 0.250000 0.314159 0.000000
vt -0.250000 0.314159 0.000000
vt 0.250000 0.235619 0.000000
vt -0.250000 0.235619 0.000000
vt 0.250000 0.157080 0.000000
vt -0.250000 0.157080 0.000000
vt 0.250000 0.078540 0.000000
vt -0.250000 0.078540 0.000000
vt 0.250000 -0.000000 0.000000
vt -0.250000 -0.000000 0.000000
vt 0.250000 -0.078540 0.000000
vt -0.250000 -0.078540 0.000000
vt 0.250000 -0.157080 0.000000
vt -0.250000 -0.157080 0.000000
vt 0.250000 -0.235619 0.000000
vt -0.250000 -0.235619 0.000000
vt 0.250000 -0.314159 0.000000
vt -0.250000 -0.314159 0.000000
vt 0.250000 -0.392699 0.000000
vt -0.250000 -0.392699 0.000000
vt 0.250000 -0.471239 0.000000
vt -0.250000 -0.471239 0.000000
vt 1.755118 -2.949675 0.000000
vt 0.838505 -2.137025 0.000000
vt 1.750000 -3.000000 0.000000
vt 0.759098 -2.213869 0.000000
vt 0.672683 -2.282737 0.000000
vt 0.910170 -2.052916 0.000000
vt 1.770261 -2.901411 0.000000
vt 0.973432 -1.962316 0.000000
vt 1.770261 -2.098589 0.000000
vt 1.755118 -2.050325 0.000000
vt 1.794809 -2.857183 0.000000
vt 1.794809 -2.142817 0.000000
vt 1.827758 -2.181198 0.000000
vt 1.827758 -2.818802 0.000000
vt 1.867759 -2.212161 0.000000
vt 1.867759 -2.787839 0.000000
vt 1.913174 -2.234438 0.000000
vt 1.913174 -2.765562 0.000000
vt 1.962143 -2.247117 0.000000
vt 1.962143 -2.752883 0.000000
vt 2.012662 -2.249679 0.000000
vt 2.012662 -2.750321 0.000000
vt 2.062663 -2.757981 0.000000
vt 2.062663 -2.242019 0.000000
vt 2.110099 -2.775549 0.000000
vt 2.110099 -2.224451 0.000000
vt 2.153027 -2.802306 0.000000
vt 2.153027 -2.197694 0.000000
vt 2.189690 -2.837157 0.000000
vt 2.189690 -2.162843 0.000000
vt 2.218587 -2.878675 0.000000
vt 2.218587 -2.121326 0.000000
vt 2.238535 -2.074841 0.000000
vt 2.238535 -2.925159 0.000000
vt 2.500000 -3.500000 0.000000
vt 2.248717 -2.974708 0.000000
vt 2.248717 -3.025292 0.000000
vt 2.238535 -3.074841 0.000000
vt 2.218587 -3.121326 0.000000
vt 2.189690 -3.162843 0.000000
vt 2.153027 -3.197694 0.000000
vt 2.110099 -3.224451 0.000000
vt 2.062663 -3.242019 0.000000
vt 2.012662 -3.249679 0.000000
vt 1.962143 -3.247117 0.000000
vt 1.913174 -3.234438 0.000000
vt 1.867759 -3.212161 0.000000
vt -1.889901 -3.224451 0.000000
vt -2.500000 -3.500000 0.000000
vt -1.846974 -3.197694 0.000000
vt 1.827758 -3.181198 0.000000
vt 0.055250 -2.498672 0.000000
vt 0.165241 -2.488067 0.000000
vt 1.794809 -3.142817 0.000000
vt 0.273705 -2.466954 0.000000
vt 0.379643 -2.435528 0.000000
vt 1.770261 -3.098589 0.000000
vt 0.482075 -2.394080 0.000000
vt 0.580057 -2.342992 0.000000
vt 1.755118 -3.050325 0.000000
vt 1.755118 -1.949675 0.000000
vt 1.107375 -1.660195 0.000000
vt 1.750000 -2.000000 0.000000
vt 1.072491 -1.765045 0.000000
vt 1.027706 -1.866063 0.000000
vt 1.676207 -1.463273 0.000000
vt 1.770261 -1.901411 0.000000
vt 1.794809 -1.857183 0.000000
vt 1.827758 -1.818802 0.000000
vt 1.867759 -1.787839 0.000000
vt 1.913174 -1.765562 0.000000
vt 1.962143 -1.752883 0.000000
vt 2.012662 -1.750321 0.000000
vt 2.500000 -1.463273 0.000000
vt 2.062663 -1.757981 0.000000
vt 2.110099 -1.775549 0.000000
vt 2.153027 -1.802306 0.000000
vt 2.189690 -1.837157 0.000000
vt 2.218587 -1.878675 0.000000
vt 2.238535 -1.925159 0.000000
vt 2.248717 -1.974708 0.000000
vt 2.248717 -2.025292 0.000000
vt -2.116289 2.721138 0.000000
vt -2.121401 2.759961 0.000000
vt -2.500000 2.900000 0.000000
vt -2.116289 2.798784 0.000000
vt -2.494867 2.978316 0.000000
vt -2.479555 3.055291 0.000000
vt -2.101304 2.834961 0.000000
vt -2.454328 3.129610 0.000000
vt -2.419615 3.200000 0.000000
vt -2.376012 3.265257 0.000000
vt -2.077467 2.866027 0.000000
vt -2.324264 3.324264 0.000000
vt -2.265257 3.376012 0.000000
vt -2.046401 2.889865 0.000000
vt -2.200000 3.419615 0.000000
vt -2.129610 3.454328 0.000000
vt -2.010223 2.904850 0.000000
vt -2.055291 3.479555 0.000000
vt -1.971401 2.909961 0.000000
vt -1.978316 3.494867 0.000000
vt -1.932578 2.904850 0.000000
vt -1.900000 3.500000 0.000000
vt -1.896401 2.889865 0.000000
vt -1.865335 2.866027 0.000000
vt -1.841497 2.834961 0.000000
vt -1.826512 2.798784 0.000000
vt -0.405436 2.595248 0.000000
vt -0.430008 2.532640 0.000000
vt -1.821401 2.759961 0.000000
vt -0.444974 2.467069 0.000000
vt -1.826512 2.721138 0.000000
vt -0.450000 2.400000 0.000000
vt -1.841497 2.684961 0.000000
vt -1.865335 2.653895 0.000000
vt -1.896401 2.630057 0.000000
vt -0.732392 -0.463376 0.000000
vt -0.643916 -0.397176 0.000000
vt -0.814106 -0.537761 0.000000
vt -1.932578 2.615072 0.000000
vt -0.888303 -0.619646 0.000000
vt -1.971401 2.609961 0.000000
vt -0.954299 -0.708273 0.000000
vt -1.011484 -0.802826 0.000000
vt -2.010223 2.615072 0.000000
vt -2.037857 -1.752883 0.000000
vt -2.086826 -1.765562 0.000000
vt -2.046401 2.630057 0.000000
vt -2.132241 -1.787839 0.000000
vt -2.077467 2.653895 0.000000
vt -2.101304 2.684961 0.000000
vt -2.244882 -2.050325 0.000000
vt -2.250000 -2.000000 0.000000
vt -2.244882 -1.949675 0.000000
vt -2.229739 -1.901411 0.000000
vt -2.205191 -1.857183 0.000000
vt -2.172242 -1.818802 0.000000
vt -1.059331 -0.902431 0.000000
vt -1.987338 -1.750321 0.000000
vt -1.097397 -1.006167 0.000000
vt -1.937337 -1.757981 0.000000
vt -1.125330 -1.113079 0.000000
vt -1.889901 -1.775549 0.000000
vt -1.142874 -1.222178 0.000000
vt -1.846974 -1.802306 0.000000
vt -1.149866 -1.332457 0.000000
vt -1.810310 -1.837157 0.000000
vt -1.146242 -1.442898 0.000000
vt -1.781413 -1.878675 0.000000
vt -1.132034 -1.552481 0.000000
vt -1.761465 -1.925159 0.000000
vt -1.107375 -1.660195 0.000000
vt -1.751283 -1.974708 0.000000
vt -1.072491 -1.765045 0.000000
vt -1.751283 -2.025292 0.000000
vt -1.027706 -1.866063 0.000000
vt -1.761465 -2.074841 0.000000
vt -0.973432 -1.962316 0.000000
vt -1.781413 -2.121325 0.000000
vt -1.781413 -2.878675 0.000000
vt -1.810310 -2.837157 0.000000
vt -1.810310 -2.162843 0.000000
vt -1.846974 -2.802306 0.000000
vt -1.846974 -2.197694 0.000000
vt -1.889901 -2.775549 0.000000
vt -1.889901 -2.224451 0.000000
vt -1.937337 -2.757981 0.000000
vt -1.937337 -2.242019 0.000000
vt -1.987338 -2.750321 0.000000
vt -1.987338 -2.249679 0.000000
vt -2.037857 -2.752883 0.000000
vt -2.037857 -2.247117 0.000000
vt -2.086826 -2.765562 0.000000
vt -2.086826 -2.234438 0.000000
vt -2.132241 -2.787839 0.000000
vt -2.132241 -2.212161 0.000000
vt -2.172242 -2.818802 0.000000
vt -2.172242 -2.181198 0.000000
vt -2.205191 -2.857183 0.000000
vt -2.205191 -2.142817 0.000000
vt -2.229739 -2.901411 0.000000
vt -2.229739 -2.098589 0.000000
vt 0.994867 2.978316 0.000000
vt 0.405436 2.595248 0.000000
vt 1.000000 2.900000 0.000000
vt 0.430008 2.532640 0.000000
vt 0.444974 2.467069 0.000000
vt 0.979555 3.055291 0.000000
vt 0.954328 3.129610 0.000000
vt 0.919615 3.200000 0.000000
vt 0.876012 3.265257 0.000000
vt 0.371807 2.653494 0.000000
vt 0.824264 3.324264 0.000000
vt 0.765257 3.376012 0.000000
vt 0.700000 3.419615 0.000000
vt 0.329873 2.706078 0.000000
vt 0.629610 3.454328 0.000000
vt 0.555291 3.479555 0.000000
vt 0.478316 3.494867 0.000000
vt 0.280570 2.751824 0.000000
vt 0.400000 3.500000 0.000000
vt 0.225000 2.789711 0.000000
vt 0.164403 2.818893 0.000000
vt 0.100134 2.838718 0.000000
vt 0.033629 2.848742 0.000000
vt -0.033629 2.848742 0.000000
vt -0.100134 2.838718 0.000000
vt -0.164403 2.818893 0.000000
vt -0.225000 2.789711 0.000000
vt -0.280570 2.751824 0.000000
vt -0.329873 2.706078 0.000000
vt -0.371807 2.653494 0.000000
vt 1.679954 -1.334033 0.000000
vt 1.149866 -1.332457 0.000000
vt 1.146242 -1.442898 0.000000
vt 1.132034 -1.552481 0.000000
vt 1.673751 -1.204887 0.000000
vt 1.142874 -1.222178 0.000000
vt 1.657635 -1.076601 0.000000
vt 1.631701 -0.949934 0.000000
vt 1.125330 -1.113079 0.000000
vt 1.596103 -0.825637 0.000000
vt 1.097397 -1.006167 0.000000
vt 1.551051 -0.704445 0.000000
vt 1.496813 -0.587077 0.000000
vt 1.059331 -0.902431 0.000000
vt 1.433709 -0.474228 0.000000
vt 1.011484 -0.802826 0.000000
vt 1.362115 -0.366565 0.000000
vt 1.282452 -0.264728 0.000000
vt 0.954299 -0.708273 0.000000
vt 1.195194 -0.169318 0.000000
vt 0.888303 -0.619646 0.000000
vt 1.100857 -0.080900 0.000000
vt 0.814106 -0.537761 0.000000
vt 1.000000 0.000000 0.000000
vt 0.732392 -0.463376 0.000000
vt 0.643916 -0.397176 0.000000
vt 0.549494 -0.339774 0.000000
vt 0.450000 -0.291699 0.000000
vt 0.450000 2.400000 0.000000
vt -0.055250 -2.498672 0.000000
vt -1.810310 -3.162843 0.000000
vt -0.165241 -2.488067 0.000000
vt -0.273705 -2.466954 0.000000
vt -1.781413 -3.121325 0.000000
vt -0.379643 -2.435528 0.000000
vt -0.482075 -2.394080 0.000000
vt -1.761465 -3.074841 0.000000
vt -0.580057 -2.342992 0.000000
vt -1.751283 -3.025292 0.000000
vt -0.672683 -2.282737 0.000000
vt -0.759098 -2.213869 0.000000
vt -1.751283 -2.974708 0.000000
vt -0.838505 -2.137025 0.000000
vt -1.761465 -2.925159 0.000000
vt -0.910170 -2.052916 0.000000
vt -0.549494 -0.339774 0.000000
vt -0.450000 -0.291699 0.000000
vt -2.244882 -3.050325 0.000000
vt -2.250000 -3.000000 0.000000
vt -2.244882 -2.949675 0.000000
vt -1.937337 -3.242019 0.000000
vt -1.987338 -3.249679 0.000000
vt -2.037857 -3.247117 0.000000
vt -2.086826 -3.234438 0.000000
vt -2.132241 -3.212161 0.000000
vt -2.172242 -3.181198 0.000000
vt -2.205191 -3.142817 0.000000
vt -2.229739 -3.098589 0.000000
vt 0.600000 0.000000 0.000000
vt 2.900000 0.000000 0.000000
vt 0.600000 0.500000 0.000000
vt 2.900000 0.500000 0.000000
vt -0.000000 0.471239 0.000000
vt -0.500000 0.471239 0.000000
vt -0.000000 0.392699 0.000000
vt -0.500000 0.392699 0.000000
vt -0.000000 0.314159 0.000000
vt -0.500000 0.314159 0.000000
vt -0.000000 0.235619 0.000000
vt -0.500000 0.235619 0.000000
vt -0.000000 0.157080 0.000000
vt -0.500000 0.157080 0.000000
vt -0.000000 0.078540 0.000000
vt -0.500000 0.078540 0.000000
vt -0.000000 -0.000000 0.000000
vt -0.500000 -0.000000 0.000000
vt -0.000000 -0.078540 0.000000
vt -0.500000 -0.078540 0.000000
vt -0.000000 -0.157080 0.000000
vt -0.500000 -0.157080 0.000000
vt -0.000000 -0.235619 0.000000
vt -0.500000 -0.235619 0.000000
vt -0.000000 -0.314159 0.000000
vt -0.500000 -0.314159 0.000000
vt -0.000000 -0.392699 0.000000
vt -0.500000 -0.392699 0.000000
vt -0.000000 -0.471239 0.000000
vt -0.500000 -0.471239 0.000000
vt -0.000000 -5.164610 0.000000
vt -0.500000 -5.164610 0.000000
vt -0.000000 -5.293937 0.000000
vt -0.500000 -5.293937 0.000000
vt -0.000000 -5.423263 0.000000
vt -0.500000 -5.423263 0.000000
vt 0.000000 -5.552589 0.000000
vt -0.500000 -5.552589 0.000000
vt -0.000000 -5.681916 0.000000
vt -0.500000 -5.681916 0.000000
vt -0.000000 -5.811242 0.000000
vt -0.500000 -5.811242 0.000000
vt -0.000000 -5.940568 0.000000
vt -0.500000 -5.940568 0.000000
vt -0.000000 -6.069895 0.000000
vt -0.500000 -6.069895 0.000000
vt -0.000000 -6.199221 0.000000
vt -0.500000 -6.199221 0.000000
vt -0.000000 -6.328547 0.000000
vt -0.500000 -6.328547 0.000000
vt -0.000000 -6.457874 0.000000
vt -0.500000 -6.457874 0.000000
vt -0.000000 -6.587200 0.000000
vt -0.500000 -6.587200 0.000000
vt -0.000000 -6.716526 0.000000
vt -0.500000 -6.716526 0.000000
vt -0.000000 -6.845853 0.000000
vt -0.500000 -6.845853 0.000000
vt -0.000000 0.500000 0.000000
vt -0.823793 0.500000 0.000000
vt 0.000000 0.000000 0.000000
vt -0.823793 0.000000 0.000000
vt -2.900000 0.000000 0.000000
vt -0.000000 0.000000 0.000000
vt -2.900000 0.500000 0.000000
vt -0.000000 0.500000 0.000000
vt 0.500000 -0.734727 0.000000
vt 0.000000 -0.734727 0.000000
vt 0.500000 -0.785398 0.000000
vt 0.000000 -0.785398 0.000000
vt 0.500000 0.785398 0.000000
vt 0.000000 0.785398 0.000000
vt 0.500000 0.734727 0.000000
vt 0.000000 0.734727 0.000000
vt 0.000000 0.684056 0.000000
vt 0.500000 -0.684056 0.000000
vt 0.000000 -0.684056 0.000000
vt 0.500000 -0.633386 0.000000
vt 0.000000 -0.633386 0.000000
vt 0.500000 -0.582715 0.000000
vt 0.000000 -0.582715 0.000000
vt 0.500000 -0.532044 0.000000
vt -0.000000 -0.532044 0.000000
vt 0.500000 -0.481373 0.000000
vt 0.000000 -0.481373 0.000000
vt 0.500000 -0.430702 0.000000
vt -0.000000 -0.430702 0.000000
vt 0.500000 -0.380031 0.000000
vt -0.000000 -0.380031 0.000000
vt 0.500000 -0.329361 0.000000
vt -0.000000 -0.329361 0.000000
vt 0.500000 -0.278690 0.000000
vt -0.000000 -0.278690 0.000000
vt 0.500000 -0.228019 0.000000
vt 0.000000 -0.228019 0.000000
vt 0.500000 -0.177348 0.000000
vt 0.000000 -0.177348 0.000000
vt 0.500000 -0.126677 0.000000
vt 0.000000 -0.126677 0.000000
vt 0.500000 -0.076006 0.000000
vt -0.000000 -0.076006 0.000000
vt 0.500000 -0.025335 0.000000
vt -0.000000 -0.025335 0.000000
vt 0.500000 0.025335 0.000000
vt -0.000000 0.025335 0.000000
vt 0.500000 0.076006 0.000000
vt -0.000000 0.076006 0.000000
vt 0.500000 0.126677 0.000000
vt 0.000000 0.126677 0.000000
vt 0.500000 0.177348 0.000000
vt 0.000000 0.177348 0.000000
vt 0.500000 0.228019 0.000000
vt 0.000000 0.228019 0.000000
vt 0.500000 0.278690 0.000000
vt 0.000000 0.278690 0.000000
vt 0.500000 0.329361 0.000000
vt -0.000000 0.329361 0.000000
vt 0.500000 0.380031 0.000000
vt -0.000000 0.380031 0.000000
vt 0.500000 0.430702 0.000000
vt -0.000000 0.430702 0.000000
vt 0.500000 0.481373 0.000000
vt 0.000000 0.481373 0.000000
vt 0.500000 0.532044 0.000000
vt -0.000000 0.532044 0.000000
vt 0.500000 0.582715 0.000000
vt 0.000000 0.582715 0.000000
vt 0.500000 0.633386 0.000000
vt 0.000000 0.633386 0.000000
vt 0.500000 0.684056 0.000000
vt 0.500000 -0.734727 0.000000
vt 0.000000 -0.734727 0.000000
vt 0.500000 -0.785398 0.000000
vt 0.000000 -0.785398 0.000000
vt 0.500000 0.785398 0.000000
vt 0.000000 0.785398 0.000000
vt 0.500000 0.734727 0.000000
vt 0.000000 0.734727 0.000000
vt 0.000000 0.684056 0.000000
vt 0.500000 -0.684056 0.000000
vt 0.000000 -0.684056 0.000000
vt 0.500000 -0.633386 0.000000
vt 0.000000 -0.633386 0.000000
vt 0.500000 -0.582715 0.000000
vt 0.000000 -0.582715 0.000000
vt 0.500000 -0.532044 0.000000
vt -0.000000 -0.532044 0.000000
vt 0.500000 -0.481373 0.000000
vt 0.000000 -0.481373 0.000000
vt 0.500000 -0.430702 0.000000
vt -0.000000 -0.430702 0.000000
vt 0.500000 -0.380031 0.000000
vt -0.000000 -0.380031 0.000000
vt 0.500000 -0.329361 0.000000
vt -0.000000 -0.329361 0.000000
vt 0.500000 -0.278690 0.000000
vt -0.000000 -0.278690 0.000000
vt 0.500000 -0.228019 0.000000
vt 0.000000 -0.228019 0.000000
vt 0.500000 -0.177348 0.000000
vt 0.000000 -0.177348 0.000000
vt 0.500000 -0.126677 0.000000
vt 0.000000 -0.126677 0.000000
vt 0.500000 -0.076006 0.000000
vt -0.000000 -0.076006 0.000000
vt 0.500000 -0.025335 0.000000
vt -0.000000 -0.025335 0.000000
vt 0.500000 0.025335 0.000000
vt -0.000000 0.025335 0.000000
vt 0.500000 0.076006 0.000000
vt -0.000000 0.076006 0.000000
vt 0.500000 0.126677 0.000000
vt 0.000000 0.126677 0.000000
vt 0.500000 0.177348 0.000000
vt -0.000000 0.177348 0.000000
vt 0.500000 0.228019 0.000000
vt 0.000000 0.228019 0.000000
vt 0.500000 0.278690 0.000000
vt -0.000000 0.278690 0.000000
vt 0.500000 0.329361 0.000000
vt 0.000000 0.329361 0.000000
vt 0.500000 0.380031 0.000000
vt 0.000000 0.380031 0.000000
vt 0.500000 0.430702 0.000000
vt 0.000000 0.430702 0.000000
vt 0.500000 0.481373 0.000000
vt 0.000000 0.481373 0.000000
vt 0.500000 0.532044 0.000000
vt -0.000000 0.532044 0.000000
vt 0.500000 0.582715 0.000000
vt 0.000000 0.582715 0.000000
vt 0.500000 0.633386 0.000000
vt -0.000000 0.633386 0.000000
vt 0.500000 0.684056 0.000000
vt 0.500000 -0.431969 0.000000
vt 0.000000 -0.431969 0.000000
vt 0.500000 -0.471239 0.000000
vt 0.000000 -0.471239 0.000000
vt 0.500000 0.471239 0.000000
vt 0.000000 0.471239 0.000000
vt 0.500000 0.431969 0.000000
vt 0.000000 0.431969 0.000000
vt 0.500000 0.392699 0.000000
vt -0.000000 0.392699 0.000000
vt 0.500000 0.353429 0.000000
vt -0.000000 0.353429 0.000000
vt 0.500000 0.314159 0.000000
vt -0.000000 0.314159 0.000000
vt 0.500000 0.274889 0.000000
vt 0.000000 0.274889 0.000000
vt 0.500000 0.235619 0.000000
vt -0.000000 0.235619 0.000000
vt 0.500000 0.196350 0.000000
vt 0.000000 0.196350 0.000000
vt 0.500000 0.157080 0.000000
vt 0.000000 0.157080 0.000000
vt 0.500000 0.117810 0.000000
vt -0.000000 0.117810 0.000000
vt 0.500000 0.078540 0.000000
vt -0.000000 0.078540 0.000000
vt 0.500000 0.039270 0.000000
vt 0.000000 0.039270 0.000000
vt 0.500000 0.000000 0.000000
vt 0.000000 0.000000 0.000000
vt 0.500000 -0.039270 0.000000
vt 0.000000 -0.039270 0.000000
vt 0.500000 -0.078540 0.000000
vt -0.000000 -0.078540 0.000000
vt 0.500000 -0.117810 0.000000
vt -0.000000 -0.117810 0.000000
vt 0.500000 -0.157080 0.000000
vt -0.000000 -0.157080 0.000000
vt 0.500000 -0.196350 0.000000
vt 0.000000 -0.196350 0.000000
vt 0.500000 -0.235619 0.000000
vt -0.000000 -0.235619 0.000000
vt 0.500000 -0.274889 0.000000
vt 0.000000 -0.274889 0.000000
vt 0.500000 -0.314159 0.000000
vt -0.000000 -0.314159 0.000000
vt 0.500000 -0.353429 0.000000
vt -0.000000 -0.353429 0.000000
vt 0.500000 -0.392699 0.000000
vt -0.000000 -0.392699 0.000000
vt 0.500000 -0.734727 0.000000
vt 0.000000 -0.734727 0.000000
vt 0.500000 -0.785398 0.000000
vt 0.000000 -0.785398 0.000000
vt 0.500000 0.785398 0.000000
vt 0.000000 0.785398 0.000000
vt 0.500000 0.734727 0.000000
vt 0.000000 0.734727 0.000000
vt -0.000000 0.684056 0.000000
vt 0.500000 -0.684056 0.000000
vt -0.000000 -0.684056 0.000000
vt 0.500000 -0.633386 0.000000
vt 0.000000 -0.633386 0.000000
vt 0.500000 -0.582715 0.000000
vt -0.000000 -0.582715 0.000000
vt 0.500000 -0.532044 0.000000
vt -0.000000 -0.532044 0.000000
vt 0.500000 -0.481373 0.000000
vt -0.000000 -0.481373 0.000000
vt 0.500000 -0.430702 0.000000
vt -0.000000 -0.430702 0.000000
vt 0.500000 -0.380031 0.000000
vt -0.000000 -0.380031 0.000000
vt 0.500000 -0.329361 0.000000
vt -0.000000 -0.329361 0.000000
vt 0.500000 -0.278690 0.000000
vt -0.000000 -0.278690 0.000000
vt 0.500000 -0.228019 0.000000
vt 0.000000 -0.228019 0.000000
vt 0.500000 -0.177348 0.000000
vt 0.000000 -0.177348 0.000000
vt 0.500000 -0.126677 0.000000
vt 0.000000 -0.126677 0.000000
vt 0.500000 -0.076006 0.000000
vt -0.000000 -0.076006 0.000000
vt 0.500000 -0.025335 0.000000
vt 0.000000 -0.025335 0.000000
vt 0.500000 0.025335 0.000000
vt 0.000000 0.025335 0.000000
vt 0.500000 0.076006 0.000000
vt -0.000000 0.076006 0.000000
vt 0.500000 0.126677 0.000000
vt -0.000000 0.126677 0.000000
vt 0.500000 0.177348 0.000000
vt -0.000000 0.177348 0.000000
vt 0.500000 0.228019 0.000000
vt -0.000000 0.228019 0.000000
vt 0.500000 0.278690 0.000000
vt 0.000000 0.278690 0.000000
vt 0.500000 0.329361 0.000000
vt 0.000000 0.329361 0.000000
vt 0.500000 0.380031 0.000000
vt 0.000000 0.380031 0.000000
vt 0.500000 0.430702 0.000000
vt 0.000000 0.430702 0.000000
vt 0.500000 0.481373 0.000000
vt 0.000000 0.481373 0.000000
vt 0.500000 0.532044 0.000000
vt -0.000000 0.532044 0.000000
vt 0.500000 0.582715 0.000000
vt -0.000000 0.582715 0.000000
vt 0.500000 0.633386 0.000000
vt -0.000000 0.633386 0.000000
vt 0.500000 0.684056 0.000000
vt -0.000000 0.000000 0.000000
vt 2.691700 0.000000 0.000000
vt -0.000000 0.500000 0.000000
vt 2.691700 0.500000 0.000000
vt 0.500000 -1.413717 0.000000
vt 0.000000 -1.413717 0.000000
vt 0.500000 -1.481037 0.000000
vt 0.000000 -1.481037 0.000000
vt 0.500000 -1.548356 0.000000
vt -0.000000 -1.548356 0.000000
vt 0.500000 -1.615676 0.000000
vt 0.000000 -1.615676 0.000000
vt 0.500000 -1.682996 0.000000
vt 0.000000 -1.682996 0.000000
vt 0.500000 -1.750316 0.000000
vt -0.000000 -1.750316 0.000000
vt 0.500000 -1.817636 0.000000
vt -0.000000 -1.817636 0.000000
vt 0.500000 -1.884956 0.000000
vt -0.000000 -1.884956 0.000000
vt 0.500000 -1.952275 0.000000
vt 0.000000 -1.952275 0.000000
vt 0.500000 -2.019595 0.000000
vt 0.000000 -2.019595 0.000000
vt 0.500000 -2.086915 0.000000
vt -0.000000 -2.086915 0.000000
vt 0.500000 -2.154235 0.000000
vt -0.000000 -2.154235 0.000000
vt 0.500000 -2.221555 0.000000
vt 0.000000 -2.221555 0.000000
vt 0.500000 -2.288875 0.000000
vt 0.000000 -2.288875 0.000000
vt 0.500000 -2.356194 0.000000
vt -0.000000 -2.356194 0.000000
vt 0.500000 -2.423514 0.000000
vt -0.000000 -2.423514 0.000000
vt 0.500000 -2.490834 0.000000
vt -0.000000 -2.490834 0.000000
vt 0.500000 -2.558154 0.000000
vt 0.000000 -2.558154 0.000000
vt 0.500000 -2.625474 0.000000
vt 0.000000 -2.625474 0.000000
vt 0.500000 -2.692794 0.000000
vt -0.000000 -2.692794 0.000000
vt 0.500000 -2.760114 0.000000
vt 0.000000 -2.760114 0.000000
vt 0.500000 -2.827433 0.000000
vt 0.000000 -2.827433 0.000000
vt -0.000000 0.000000 0.000000
vt 2.691700 0.000000 0.000000
vt -0.000000 0.500000 0.000000
vt 2.691700 0.500000 0.000000
vt 0.500000 1.344060 0.000000
vt 0.000000 1.344060 0.000000
vt 0.500000 1.233517 0.000000
vt 0.000000 1.233517 0.000000
vt 0.500000 1.122974 0.000000
vt 0.000000 1.122974 0.000000
vt 0.500000 1.012431 0.000000
vt 0.000000 1.012431 0.000000
vt 0.500000 0.901888 0.000000
vt 0.000000 0.901888 0.000000
vt 0.500000 0.791345 0.000000
vt 0.000000 0.791345 0.000000
vt 0.500000 0.680802 0.000000
vt 0.000000 0.680802 0.000000
vt 0.500000 0.570259 0.000000
vt 0.000000 0.570259 0.000000
vt 0.500000 0.459716 0.000000
vt 0.000000 0.459716 0.000000
vt 0.500000 0.349173 0.000000
vt 0.000000 0.349173 0.000000
vt 0.500000 0.238630 0.000000
vt 0.000000 0.238630 0.000000
vt 0.500000 0.128087 0.000000
vt 0.000000 0.128087 0.000000
vt 0.500000 0.017544 0.000000
vt 0.000000 0.017544 0.000000
vt 0.500000 -0.092999 0.000000
vt 0.000000 -0.092999 0.000000
vt 0.500000 -0.203542 0.000000
vt 0.000000 -0.203542 0.000000
vt 0.500000 -0.314085 0.000000
vt 0.000000 -0.314085 0.000000
vt 0.500000 -0.424628 0.000000
vt 0.000000 -0.424628 0.000000
vt 0.500000 -0.535171 0.000000
vt 0.000000 -0.535171 0.000000
vt 0.500000 -0.645714 0.000000
vt 0.000000 -0.645714 0.000000
vt 0.500000 -0.756257 0.000000
vt 0.000000 -0.756257 0.000000
vt 0.500000 -0.866800 0.000000
vt 0.000000 -0.866800 0.000000
vt 0.500000 -0.977343 0.000000
vt 0.000000 -0.977343 0.000000
vt 0.500000 -1.087886 0.000000
vt 0.000000 -1.087886 0.000000
vt 0.500000 -1.198429 0.000000
vt 0.000000 -1.198429 0.000000
vt 0.500000 -1.308972 0.000000
vt 0.000000 -1.308972 0.000000
vt 0.500000 -1.419515 0.000000
vt -0.000000 -1.419515 0.000000
vt 0.500000 -1.530058 0.000000
vt 0.000000 -1.530058 0.000000
vt 0.500000 -1.640601 0.000000
vt 0.000000 -1.640601 0.000000
vt 0.500000 -1.751144 0.000000
vt 0.000000 -1.751144 0.000000
vt 0.500000 -1.861687 0.000000
vt 0.000000 -1.861687 0.000000
vt 0.500000 -1.972230 0.000000
vt 0.000000 -1.972230 0.000000
vt 0.500000 -2.082773 0.000000
vt -0.000000 -2.082773 0.000000
vt 0.500000 -2.193316 0.000000
vt 0.000000 -2.193316 0.000000
vt 0.500000 -2.303859 0.000000
vt 0.000000 -2.303859 0.000000
vt 0.500000 -2.414402 0.000000
vt 0.000000 -2.414402 0.000000
vt 0.500000 -2.524945 0.000000
vt 0.000000 -2.524945 0.000000
vt 0.500000 -2.635488 0.000000
vt 0.000000 -2.635488 0.000000
vt 0.500000 -2.746031 0.000000
vt 0.000000 -2.746031 0.000000
vt 0.500000 -2.856574 0.000000
vt -0.000000 -2.856574 0.000000
vt 0.500000 -2.967117 0.000000
vt 0.000000 -2.967117 0.000000
vt 0.500000 -3.077660 0.000000
vt 0.000000 -3.077660 0.000000
vt 0.500000 -3.188203 0.000000
vt 0.000000 -3.188203 0.000000
vt 0.500000 -3.298746 0.000000
vt 0.000000 -3.298746 0.000000
vt 0.500000 -3.409289 0.000000
vt 0.000000 -3.409289 0.000000
vt 0.500000 -3.519832 0.000000
vt 0.000000 -3.519832 0.000000
vt 0.500000 -3.630375 0.000000
vt 0.000000 -3.630375 0.000000
vt 0.500000 -3.740918 0.000000
vt 0.000000 -3.740918 0.000000
vt 0.500000 -3.851461 0.000000
vt 0.000000 -3.851461 0.000000
vt 0.500000 -3.962004 0.000000
vt 0.000000 -3.962004 0.000000
vt 0.500000 -4.072547 0.000000
vt 0.000000 -4.072547 0.000000
vt 0.500000 -4.183090 0.000000
vt 0.000000 -4.183090 0.000000
vt 0.500000 -4.293633 0.000000
vt 0.000000 -4.293633 0.000000
vt 0.500000 -4.404176 0.000000
vt 0.000000 -4.404176 0.000000
vt 0.500000 -4.514719 0.000000
vt 0.000000 -4.514719 0.000000
vt 0.500000 -4.625262 0.000000
vt 0.000000 -4.625262 0.000000
vt 0.500000 -4.735805 0.000000
vt 0.000000 -4.735805 0.000000
vt 0.500000 -4.846349 0.000000
vt 0.000000 -4.846349 0.000000
vt 0.500000 -4.956892 0.000000
vt 0.000000 -4.956892 0.000000
vt 0.500000 -0.734727 0.000000
vt 0.000000 -0.734727 0.000000
vt 0.500000 -0.785398 0.000000
vt 0.000000 -0.785398 0.000000
vt 0.500000 0.785398 0.000000
vt 0.000000 0.785398 0.000000
vt 0.500000 0.734727 0.000000
vt 0.000000 0.734727 0.000000
vt -0.000000 0.684056 0.000000
vt 0.500000 -0.684056 0.000000
vt -0.000000 -0.684056 0.000000
vt 0.500000 -0.633386 0.000000
vt 0.000000 -0.633386 0.000000
vt 0.500000 -0.582715 0.000000
vt -0.000000 -0.582715 0.000000
vt 0.500000 -0.532044 0.000000
vt -0.000000 -0.532044 0.000000
vt 0.500000 -0.481373 0.000000
vt -0.000000 -0.481373 0.000000
vt 0.500000 -0.430702 0.000000
vt -0.000000 -0.430702 0.000000
vt 0.500000 -0.380031 0.000000
vt -0.000000 -0.380031 0.000000
vt 0.500000 -0.329361 0.000000
vt -0.000000 -0.329361 0.000000
vt 0.500000 -0.278690 0.000000
vt -0.000000 -0.278690 0.000000
vt 0.500000 -0.228019 0.000000
vt 0.000000 -0.228019 0.000000
vt 0.500000 -0.177348 0.000000
vt 0.000000 -0.177348 0.000000
vt 0.500000 -0.126677 0.000000
vt 0.000000 -0.126677 0.000000
vt 0.500000 -0.076006 0.000000
vt -0.000000 -0.076006 0.000000
vt 0.500000 -0.025335 0.000000
vt 0.000000 -0.025335 0.000000
vt 0.500000 0.025335 0.000000
vt 0.000000 0.025335 0.000000
vt 0.500000 0.076006 0.000000
vt -0.000000 0.076006 0.000000
vt 0.500000 0.126677 0.000000
vt 0.000000 0.126677 0.000000
vt 0.500000 0.177348 0.000000
vt 0.000000 0.177348 0.000000
vt 0.500000 0.228019 0.000000
vt -0.000000 0.228019 0.000000
vt 0.500000 0.278690 0.000000
vt 0.000000 0.278690 0.000000
vt 0.500000 0.329361 0.000000
vt -0.000000 0.329361 0.000000
vt 0.500000 0.380031 0.000000
vt -0.000000 0.380031 0.000000
vt 0.500000 0.430702 0.000000
vt -0.000000 0.430702 0.000000
vt 0.500000 0.481373 0.000000
vt 0.000000 0.481373 0.000000
vt 0.500000 0.532044 0.000000
vt -0.000000 0.532044 0.000000
vt 0.500000 0.582715 0.000000
vt -0.000000 0.582715 0.000000
vt 0.500000 0.633386 0.000000
vt 0.000000 0.633386 0.000000
vt 0.500000 0.684056 0.000000
vt 2.036727 0.500000 0.000000
vt 0.000000 0.500000 0.000000
vt 2.036727 0.000000 0.000000
vt 0.000000 0.000000 0.000000
vt 0.000000 0.000000 0.000000
vt 5.000000 0.000000 0.000000
vt 0.000000 0.500000 0.000000
vt 5.000000 0.500000 0.000000
vt 0.600000 0.000000 0.000000
vt 7.000000 0.000000 0.000000
vt 0.600000 0.500000 0.000000
vt 7.000000 0.500000 0.000000
vt -0.478316 3.494867 0.000000
vt -0.280570 2.751824 0.000000
vt -0.400000 3.500000 0.000000
vt -0.225000 2.789711 0.000000
vt -0.164403 2.818893 0.000000
vt -0.329873 2.706078 0.000000
vt -0.555291 3.479555 0.000000
vt -0.629610 3.454328 0.000000
vt -0.700000 3.419615 0.000000
vt -0.371807 2.653494 0.000000
vt -0.765257 3.376012 0.000000
vt -0.824264 3.324264 0.000000
vt -0.876012 3.265257 0.000000
vt -0.405436 2.595248 0.000000
vt -0.919615 3.200000 0.000000
vt -0.954328 3.129610 0.000000
vt -0.979555 3.055291 0.000000
vt -0.994867 2.978316 0.000000
vt -1.000000 2.900000 0.000000
vt -1.000000 0.000000 0.000000
vt -0.450000 2.400000 0.000000
vt -0.444974 2.467069 0.000000
vt -0.430008 2.532640 0.000000
vt -1.100857 -0.080900 0.000000
vt -0.814106 -0.537761 0.000000
vt -0.732392 -0.463376 0.000000
vt -0.643916 -0.397176 0.000000
vt -0.888303 -0.619646 0.000000
vt -1.195194 -0.169318 0.000000
vt -0.954299 -0.708273 0.000000
vt -1.282452 -0.264728 0.000000
vt -1.011484 -0.802826 0.000000
vt -1.362115 -0.366565 0.000000
vt -1.433709 -0.474228 0.000000
vt -1.059331 -0.902431 0.000000
vt -1.496813 -0.587077 0.000000
vt -1.097397 -1.006167 0.000000
vt -1.551051 -0.704445 0.000000
vt -1.596103 -0.825637 0.000000
vt -1.125330 -1.113079 0.000000
vt -1.631701 -0.949934 0.000000
vt -1.142874 -1.222178 0.000000
vt -1.657635 -1.076601 0.000000
vt -1.673751 -1.204887 0.000000
vt -1.149866 -1.332457 0.000000
vt -1.679954 -1.334033 0.000000
vt -1.676207 -1.463273 0.000000
vt -2.500000 -1.463273 0.000000
vt -2.012662 -1.750321 0.000000
vt -1.962143 -1.752883 0.000000
vt -1.913174 -1.765562 0.000000
vt -2.500000 -3.500000 0.000000
vt -2.238535 -2.074841 0.000000
vt -2.248717 -2.025292 0.000000
vt -2.248717 -1.974708 0.000000
vt 2.500000 -3.500000 0.000000
vt -1.913174 -3.234438 0.000000
vt -1.962143 -3.247117 0.000000
vt -2.012662 -3.249679 0.000000
vt 2.500000 2.900000 0.000000
vt 2.244882 -1.949675 0.000000
vt 2.250000 -2.000000 0.000000
vt 2.244882 -2.050325 0.000000
vt 2.494867 2.978316 0.000000
vt 2.116289 2.798784 0.000000
vt 2.121401 2.759961 0.000000
vt 2.116289 2.721138 0.000000
vt 2.479555 3.055291 0.000000
vt 2.101304 2.834961 0.000000
vt 2.454328 3.129610 0.000000
vt 2.419615 3.200000 0.000000
vt 2.376012 3.265257 0.000000
vt 2.077467 2.866027 0.000000
vt 2.324264 3.324264 0.000000
vt 2.265257 3.376012 0.000000
vt 2.046401 2.889865 0.000000
vt 2.200000 3.419615 0.000000
vt 2.129610 3.454328 0.000000
vt 2.010223 2.904850 0.000000
vt 2.055291 3.479555 0.000000
vt 1.971401 2.909961 0.000000
vt 1.978316 3.494867 0.000000
vt 1.932578 2.904850 0.000000
vt 1.900000 3.500000 0.000000
vt 1.896401 2.889865 0.000000
vt 1.865335 2.866027 0.000000
vt 1.841497 2.834961 0.000000
vt 1.826512 2.798784 0.000000
vt 0.405436 2.595248 0.000000
vt 0.430008 2.532640 0.000000
vt 0.225000 2.789711 0.000000
vt 0.280570 2.751824 0.000000
vt 0.329873 2.706078 0.000000
vt 2.244882 -2.949675 0.000000
vt 2.250000 -3.000000 0.000000
vt 2.244882 -3.050325 0.000000
vt 2.229739 -3.098589 0.000000
vt 2.205191 -3.142817 0.000000
vt 2.172242 -3.181198 0.000000
vt 2.132241 -3.212161 0.000000
vt 2.086826 -3.234438 0.000000
vt 2.037857 -3.247117 0.000000
vt 1.987338 -3.249679 0.000000
vt 1.937337 -3.242019 0.000000
vt 1.889901 -3.224451 0.000000
vt -1.867759 -3.212161 0.000000
vt 1.846974 -3.197694 0.000000
vt -1.827758 -3.181198 0.000000
vt -0.055250 -2.498672 0.000000
vt -0.165241 -2.488067 0.000000
vt 0.055250 -2.498672 0.000000
vt 1.810310 -3.162843 0.000000
vt 0.165241 -2.488067 0.000000
vt 0.273705 -2.466954 0.000000
vt 1.781413 -3.121325 0.000000
vt 0.379643 -2.435528 0.000000
vt 0.482075 -2.394080 0.000000
vt 1.761465 -3.074841 0.000000
vt 0.580057 -2.342992 0.000000
vt 1.751283 -3.025292 0.000000
vt 0.672683 -2.282737 0.000000
vt 0.759098 -2.213869 0.000000
vt 1.751283 -2.974708 0.000000
vt 0.838505 -2.137025 0.000000
vt 1.761465 -2.925159 0.000000
vt 0.910170 -2.052916 0.000000
vt 0.973432 -1.962316 0.000000
vt 1.781413 -2.878675 0.000000
vt 1.781413 -2.121325 0.000000
vt 1.810310 -2.837157 0.000000
vt 1.810310 -2.162843 0.000000
vt 1.846974 -2.802306 0.000000
vt 1.846974 -2.197694 0.000000
vt 1.889901 -2.775549 0.000000
vt 1.889901 -2.224451 0.000000
vt 1.937337 -2.757981 0.000000
vt 1.937337 -2.242019 0.000000
vt 1.987338 -2.750321 0.000000
vt 1.987338 -2.249679 0.000000
vt 2.037857 -2.752883 0.000000
vt 2.037857 -2.247117 0.000000
vt 2.086826 -2.765562 0.000000
vt 2.086826 -2.234438 0.000000
vt 2.132241 -2.787839 0.000000
vt 2.132241 -2.212161 0.000000
vt 2.172242 -2.818802 0.000000
vt 2.172242 -2.181198 0.000000
vt 2.205191 -2.857183 0.000000
vt 2.205191 -2.142817 0.000000
vt 2.229739 -2.901411 0.000000
vt 2.229739 -2.098589 0.000000
vt 0.450000 -0.291699 0.000000
vt 0.549494 -0.339774 0.000000
vt 0.450000 2.400000 0.000000
vt 0.643916 -0.397176 0.000000
vt 0.732392 -0.463376 0.000000
vt 1.896401 2.630057 0.000000
vt 0.814106 -0.537761 0.000000
vt 1.932578 2.615072 0.000000
vt 0.888303 -0.619646 0.000000
vt 1.971401 2.609961 0.000000
vt 0.954299 -0.708273 0.000000
vt 1.011484 -0.802826 0.000000
vt 1.059331 -0.902431 0.000000
vt 2.037857 -1.752883 0.000000
vt 2.010223 2.615072 0.000000
vt 1.987338 -1.750321 0.000000
vt 1.097397 -1.006167 0.000000
vt 1.937337 -1.757981 0.000000
vt 1.125330 -1.113079 0.000000
vt 1.889901 -1.775549 0.000000
vt 1.142874 -1.222178 0.000000
vt 1.846974 -1.802306 0.000000
vt 1.149866 -1.332457 0.000000
vt 1.810310 -1.837157 0.000000
vt 1.146242 -1.442898 0.000000
vt 1.781413 -1.878675 0.000000
vt 1.132034 -1.552481 0.000000
vt 1.761465 -1.925159 0.000000
vt 1.107375 -1.660195 0.000000
vt 1.751283 -1.974708 0.000000
vt 1.072491 -1.765045 0.000000
vt 1.751283 -2.025292 0.000000
vt 1.027706 -1.866063 0.000000
vt 1.761465 -2.074841 0.000000
vt -1.794809 -3.142817 0.000000
vt -0.273705 -2.466954 0.000000
vt -0.379643 -2.435528 0.000000
vt -1.770261 -3.098589 0.000000
vt -0.482075 -2.394080 0.000000
vt -0.580057 -2.342992 0.000000
vt -1.755118 -3.050325 0.000000
vt -0.672683 -2.282737 0.000000
vt -1.750000 -3.000000 0.000000
vt -0.759098 -2.213869 0.000000
vt -0.838505 -2.137025 0.000000
vt -1.755118 -2.949675 0.000000
vt -0.910170 -2.052916 0.000000
vt -1.770261 -2.901411 0.000000
vt -0.973432 -1.962316 0.000000
vt -1.770261 -2.098589 0.000000
vt -1.755118 -2.050325 0.000000
vt -1.027706 -1.866063 0.000000
vt -1.750000 -2.000000 0.000000
vt -1.072491 -1.765045 0.000000
vt -1.107375 -1.660195 0.000000
vt -1.132034 -1.552481 0.000000
vt -1.755118 -1.949675 0.000000
vt -1.146242 -1.442898 0.000000
vt -0.549494 -0.339774 0.000000
vt -0.450000 -0.291699 0.000000
vt -0.100134 2.838718 0.000000
vt -0.033629 2.848742 0.000000
vt 0.033629 2.848742 0.000000
vt 0.100134 2.838718 0.000000
vt 0.164403 2.818893 0.000000
vt 0.371807 2.653494 0.000000
vt 1.821401 2.759961 0.000000
vt 0.444974 2.467069 0.000000
vt 1.826512 2.721138 0.000000
vt 1.841497 2.684961 0.000000
vt 1.865335 2.653895 0.000000
vt 2.086826 -1.765562 0.000000
vt 2.046401 2.630057 0.000000
vt 2.132241 -1.787839 0.000000
vt 2.077467 2.653895 0.000000
vt 2.101304 2.684961 0.000000
vt 2.172242 -1.818802 0.000000
vt 2.205191 -1.857183 0.000000
vt 2.229739 -1.901411 0.000000
vt -1.794809 -2.142817 0.000000
vt -1.794809 -2.857183 0.000000
vt -1.827758 -2.181198 0.000000
vt -1.827758 -2.818802 0.000000
vt -1.867759 -2.212161 0.000000
vt -1.867759 -2.787839 0.000000
vt -1.913174 -2.234438 0.000000
vt -1.913174 -2.765562 0.000000
vt -1.962143 -2.247117 0.000000
vt -1.962143 -2.752883 0.000000
vt -2.012662 -2.249679 0.000000
vt -2.012662 -2.750321 0.000000
vt -2.062663 -2.757981 0.000000
vt -2.062663 -2.242019 0.000000
vt -2.110099 -2.775549 0.000000
vt -2.110099 -2.224451 0.000000
vt -2.153027 -2.802306 0.000000
vt -2.153027 -2.197694 0.000000
vt -2.189690 -2.837157 0.000000
vt -2.189690 -2.162843 0.000000
vt -2.218587 -2.878675 0.000000
vt -2.218587 -2.121326 0.000000
vt -2.238535 -1.925159 0.000000
vt -2.218587 -1.878675 0.000000
vt -2.189690 -1.837157 0.000000
vt -2.153027 -1.802306 0.000000
vt -2.110099 -1.775549 0.000000
vt -2.062663 -1.757981 0.000000
vt -1.867759 -1.787839 0.000000
vt -1.827758 -1.818802 0.000000
vt -1.794809 -1.857183 0.000000
vt -1.770261 -1.901411 0.000000
vt -2.062663 -3.242019 0.000000
vt -2.110099 -3.224451 0.000000
vt -2.153027 -3.197694 0.000000
vt -2.189690 -3.162843 0.000000
vt -2.218587 -3.121326 0.000000
vt -2.238535 -3.074841 0.000000
vt -2.248717 -3.025292 0.000000
vt -2.248717 -2.974708 0.000000
vt -2.238535 -2.925159 0.000000
vn 0.000000 0.100000 0.000000
vn 0.000000 0.100000 0.000000
vn 0.013053 0.099144 0.000000
vn 0.013053 0.099144 0.000000
vn 0.025882 0.096593 0.000000
vn 0.025882 0.096593 0.000000
vn 0.038268 0.092388 0.000000
vn 0.038268 0.092388 0.000000
vn 0.050000 0.086603 0.000000
vn 0.050000 0.086603 0.000000
vn 0.060876 0.079335 0.000000
vn 0.060876 0.079335 0.000000
vn 0.070711 0.070711 0.000000
vn 0.070711 0.070711 0.000000
vn 0.079335 0.060876 0.000000
vn 0.079335 0.060876 0.000000
vn 0.086603 0.050000 0.000000
vn 0.086603 0.050000 0.000000
vn 0.092388 0.038268 0.000000
vn 0.092388 0.038268 0.000000
vn 0.096593 0.025882 0.000000
vn 0.096593 0.025882 0.000000
vn 0.099144 0.013053 0.000000
vn 0.099144 0.013053 0.000000
vn 0.100000 -0.000000 0.000000
vn 0.100000 -0.000000 0.000000
vn 0.000000 0.000000 0.100000
vn 0.000000 0.000000 0.100000
vn 0.000000 0.000000 0.100000
vn 0.000000 0.000000 0.100000
vn 0.000000 0.000000 0.100000
vn 0.000000 0.000000 0.100000
vn 0.000000 0.000000 0.100000
vn 0.000000 0.000000 0.100000
vn 0.000000 0.000000 0.100000
vn 0.000000 0.000000 0.100000
vn 0.000000 0.000000 0.100000
vn 0.000000 0.000000 0.100000
vn 0.000000 0.000000 0.100000
vn 0.000000 0.000000 0.100000
vn 0.000000 0.000000 0.100000
vn 0.000000 0.000000 0.100000
vn 0.000000 0.000000 0.100000
vn 0.000000 0.000000 0.100000
vn 0.000000 0.000000 0.100000
vn 0.000000 0.000000 0.100000
vn 0.000000 0.000000 0.100000
vn 0.000000 0.000000 0.100000
vn 0.000000 0.000000 0.100000
vn 0.000000 0.000000 0.100000
vn 0.000000 0.000000 0.100000
vn 0.000000 0.000000 0.100000
vn 0.000000 0.000000 0.100000
vn 0.000000 0.000000 0.100000
vn 0.000000 0.000000 0.100000
vn 0.000000 0.000000 0.100000
vn 0.000000 0.000000 0.100000
vn 0.000000 0.000000 0.100000
vn 0.000000 0.000000 0.100000
vn 0.000000 0.000000 0.100000
vn 0.000000 0.000000 0.100000
vn 0.000000 0.000000 0.100000
vn 0.000000 0.000000 0.100000
vn 0.000000 0.000000 0.100000
vn 0.000000 0.000000 0.100000
vn 0.000000 0.000000 0.100000
vn 0.000000 0.000000 0.100000
vn 0.000000 0.000000 0.100000
vn 0.000000 0.000000 0.100000
vn 0.000000 0.000000 0.100000
vn 0.000000 0.000000 0.100000
vn 0.000000 0.000000 0.100000
vn 0.000000 0.000000 0.100000
vn 0.000000 0.000000 0.100000
vn 0.000000 0.000000 0.100000
vn 0.000000 0.000000 0.100000
vn 0.000000 0.000000 0.100000
vn 0.000000 0.000000 0.100000
vn 0.000000 0.000000 0.100000
vn 0.000000 0.000000 0.100000
vn 0.000000 0.000000 0.100000
vn 0.000000 0.000000 0.100000
vn 0.000000 0.000000 0.100000
vn 0.000000 0.000000 0.100000
vn 0.000000 0.000000 0.100000
vn 0.000000 0.000000 0.100000
vn 0.000000 0.000000 0.100000
vn 0.000000 0.000000 0.100000
vn 0.000000 0.000000 0.100000
vn 0.000000 0.000000 0.100000
vn 0.000000 0.000000 0.100000
vn 0.000000 0.000000 0.100000
vn 0.000000 0.000000 0.100000
vn 0.000000 0.000000 0.100000
vn 0.000000 0.000000 0.100000
vn 0.000000 0.000000 0.100000
vn 0.000000 0.000000 0.100000
vn 0.000000 0.000000 0.100000
vn 0.000000 0.000000 0.100000
vn 0.000000 0.000000 0.100000
vn 0.000000 0.000000 0.100000
vn 0.000000 0.000000 0.100000
vn 0.000000 0.000000 0.100000
vn 0.000000 0.000000 0.100000
vn 0.000000 0.000000 0.100000
vn 0.000000 0.000000 0.100000
vn 0.000000 0.000000 0.100000
vn 0.000000 0.000000 0.100000
vn 0.000000 0.000000 0.100000
vn 0.000000 0.000000 0.100000
vn 0.000000 0.000000 0.100000
vn 0.000000 0.000000 0.100000
vn 0.000000 0.000000 0.100000
vn 0.000000 0.000000 0.100000
vn 0.000000 0.000000 0.100000
vn 0.000000 0.000000 0.100000
vn 0.000000 0.000000 0.100000
vn 0.000000 0.000000 0.100000
vn 0.000000 0.000000 0.100000
vn 0.000000 0.000000 0.100000
vn 0.000000 0.000000 0.100000
vn 0.000000 0.000000 0.100000
vn 0.000000 0.000000 0.100000
vn 0.000000 0.000000 0.100000
vn 0.000000 0.000000 0.100000
vn 0.000000 0.000000 0.100000
vn 0.000000 0.000000 0.100000
vn 0.000000 0.000000 0.100000
vn 0.000000 0.000000 0.100000
vn 0.000000 0.000000 0.100000
vn 0.000000 0.000000 0.100000
vn 0.000000 0.000000 0.100000
vn 0.000000 0.000000 0.100000
vn 0.000000 0.000000 0.100000
vn 0.000000 0.000000 0.100000
vn 0.000000 0.000000 0.100000
vn 0.000000 0.000000 0.100000
vn 0.000000 0.000000 0.100000
vn 0.000000 0.000000 0.100000
vn 0.000000 0.000000 0.100000
vn 0.000000 0.000000 0.100000
vn 0.000000 0.000000 0.100000
vn 0.000000 0.000000 0.100000
vn 0.000000 0.000000 0.100000
vn 0.000000 0.000000 0.100000
vn 0.000000 0.000000 0.100000
vn 0.000000 0.000000 0.100000
vn 0.000000 0.000000 0.100000
vn 0.000000 0.000000 0.100000
vn 0.000000 0.000000 0.100000
vn 0.000000 0.000000 0.100000
vn 0.000000 0.000000 0.100000
vn 0.000000 0.000000 0.100000
vn 0.000000 0.000000 0.100000
vn 0.000000 0.000000 0.100000
vn 0.000000 0.000000 0.100000
vn 0.000000 0.000000 0.100000
vn 0.000000 0.000000 0.100000
vn 0.000000 0.000000 0.100000
vn 0.000000 0.000000 0.100000
vn 0.000000 0.000000 0.100000
vn 0.000000 0.000000 0.100000
vn 0.000000 0.000000 0.100000
vn 0.000000 0.000000 0.100000
vn 0.000000 0.000000 0.100000
vn 0.000000 0.000000 0.100000
vn 0.000000 0.000000 0.100000
vn 0.000000 0.000000 0.100000
vn 0.000000 0.000000 0.100000
vn 0.000000 0.000000 0.100000
vn 0.000000 0.000000 0.100000
vn 0.000000 0.000000 0.100000
vn 0.000000 0.000000 0.100000
vn 0.000000 0.000000 0.100000
vn 0.000000 0.000000 0.100000
vn 0.000000 0.000000 0.100000
vn 0.000000 0.000000 0.100000
vn 0.000000 0.000000 0.100000
vn 0.000000 0.000000 0.100000
vn 0.000000 0.000000 0.100000
vn 0.000000 0.000000 0.100000
vn 0.000000 0.000000 0.100000
vn 0.000000 0.000000 0.100000
vn 0.000000 0.000000 0.100000
vn 0.000000 0.000000 0.100000
vn 0.000000 0.000000 0.100000
vn 0.000000 0.000000 0.100000
vn 0.000000 0.000000 0.100000
vn 0.000000 0.000000 0.100000
vn 0.000000 0.000000 0.100000
vn 0.000000 0.000000 0.100000
vn 0.000000 0.000000 0.100000
vn 0.000000 0.000000 0.100000
vn 0.000000 0.000000 0.100000
vn 0.000000 0.000000 0.100000
vn 0.000000 0.000000 0.100000
vn 0.000000 0.000000 0.100000
vn 0.000000 0.000000 0.100000
vn 0.000000 0.000000 0.100000
vn 0.000000 0.000000 0.100000
vn 0.000000 0.000000 0.100000
vn 0.000000 0.000000 0.100000
vn 0.000000 0.000000 0.100000
vn 0.000000 0.000000 0.100000
vn 0.000000 0.000000 0.100000
vn 0.000000 0.000000 0.100000
vn 0.000000 0.000000 0.100000
vn 0.000000 0.000000 0.100000
vn 0.000000 0.000000 0.100000
vn 0.000000 0.000000 0.100000
vn 0.000000 0.000000 0.100000
vn 0.000000 0.000000 0.100000
vn 0.000000 0.000000 0.100000
vn 0.000000 0.000000 0.100000
vn 0.000000 0.000000 0.100000
vn 0.000000 0.000000 0.100000
vn 0.000000 0.000000 0.100000
vn 0.000000 0.000000 0.100000
vn 0.000000 0.000000 0.100000
vn 0.000000 0.000000 0.100000
vn 0.000000 0.000000 0.100000
vn 0.000000 0.000000 0.100000
vn 0.000000 0.000000 0.100000
vn 0.000000 0.000000 0.100000
vn 0.000000 0.000000 0.100000
vn 0.000000 0.000000 0.100000
vn 0.000000 0.000000 0.100000
vn 0.000000 0.000000 0.100000
vn 0.000000 0.000000 0.100000
vn 0.000000 0.000000 0.100000
vn 0.000000 0.000000 0.100000
vn 0.000000 0.000000 0.100000
vn 0.000000 0.000000 0.100000
vn 0.000000 0.000000 0.100000
vn 0.000000 0.000000 0.100000
vn 0.000000 0.000000 0.100000
vn 0.000000 0.000000 0.100000
vn 0.000000 0.000000 0.100000
vn 0.000000 0.000000 0.100000
vn 0.000000 0.000000 0.100000
vn 0.000000 0.000000 0.100000
vn 0.000000 0.000000 0.100000
vn 0.000000 0.000000 0.100000
vn 0.000000 0.000000 0.100000
vn 0.000000 0.000000 0.100000
vn 0.000000 0.000000 0.100000
vn 0.000000 0.000000 0.100000
vn 0.000000 0.000000 0.100000
vn 0.000000 0.000000 0.100000
vn 0.000000 0.000000 0.100000
vn 0.000000 0.000000 0.100000
vn 0.000000 0.000000 0.100000
vn 0.000000 0.000000 0.100000
vn 0.000000 0.000000 0.100000
vn 0.000000 0.000000 0.100000
vn 0.000000 0.000000 0.100000
vn 0.000000 0.000000 0.100000
vn 0.000000 0.000000 0.100000
vn 0.000000 0.000000 0.100000
vn 0.000000 0.000000 0.100000
vn 0.000000 0.000000 0.100000
vn 0.000000 0.000000 0.100000
vn 0.000000 0.000000 0.100000
vn 0.000000 0.000000 0.100000
vn 0.000000 0.000000 0.100000
vn 0.000000 0.000000 0.100000
vn 0.000000 0.000000 0.100000
vn 0.000000 0.000000 0.100000
vn 0.000000 0.000000 0.100000
vn 0.000000 0.000000 0.100000
vn 0.000000 0.000000 0.100000
vn 0.000000 0.000000 0.100000
vn 0.000000 0.000000 0.100000
vn 0.000000 0.000000 0.100000
vn 0.000000 0.000000 0.100000
vn 0.000000 0.000000 0.100000
vn 0.000000 0.000000 0.100000
vn 0.000000 0.000000 0.100000
vn 0.000000 0.000000 0.100000
vn 0.000000 0.000000 0.100000
vn 0.000000 0.000000 0.100000
vn 0.000000 0.000000 0.100000
vn 0.000000 0.000000 0.100000
vn 0.000000 0.000000 0.100000
vn 0.000000 0.000000 0.100000
vn 0.000000 0.000000 0.100000
vn 0.000000 0.000000 0.100000
vn 0.000000 0.000000 0.100000
vn 0.000000 0.000000 0.100000
vn 0.000000 0.000000 0.100000
vn 0.000000 0.000000 0.100000
vn 0.000000 0.000000 0.100000
vn 0.000000 0.000000 0.100000
vn 0.000000 0.000000 0.100000
vn 0.000000 0.000000 0.100000
vn 0.000000 0.000000 0.100000
vn 0.000000 0.000000 0.100000
vn 0.000000 0.100000 0.000000
vn 0.000000 0.100000 0.000000
vn -0.100000 0.000000 0.000000
vn -0.100000 0.000000 0.000000
vn -0.099144 0.013053 -0.000000
vn -0.099144 0.013053 -0.000000
vn -0.096593 0.025882 -0.000000
vn -0.096593 0.025882 -0.000000
vn -0.092388 0.038268 -0.000000
vn -0.092388 0.038268 -0.000000
vn -0.086603 0.050000 -0.000000
vn -0.086603 0.050000 -0.000000
vn -0.079335 0.060876 -0.000000
vn -0.079335 0.060876 -0.000000
vn -0.070711 0.070711 -0.000000
vn -0.070711 0.070711 -0.000000
vn -0.060876 0.079335 -0.000000
vn -0.060876 0.079335 -0.000000
vn -0.050000 0.086603 -0.000000
vn -0.050000 0.086603 -0.000000
vn -0.038268 0.092388 -0.000000
vn -0.038268 0.092388 -0.000000
vn -0.025882 0.096593 -0.000000
vn -0.025882 0.096593 -0.000000
vn -0.013053 0.099144 -0.000000
vn -0.013053 0.099144 -0.000000
vn 0.099772 -0.006742 0.000000
vn 0.099772 -0.006742 0.000000
vn 0.099995 0.000950 0.000000
vn 0.099995 0.000950 0.000000
vn 0.099626 0.008638 0.000000
vn 0.099626 0.008638 0.000000
vn 0.098667 0.016273 0.000000
vn 0.098667 0.016273 0.000000
vn 0.097123 0.023813 0.000000
vn 0.097123 0.023813 0.000000
vn 0.095004 0.031212 0.000000
vn 0.095004 0.031212 0.000000
vn 0.092323 0.038425 0.000000
vn 0.092323 0.038425 0.000000
vn 0.089094 0.045411 0.000000
vn 0.089094 0.045411 0.000000
vn 0.085338 0.052128 0.000000
vn 0.085338 0.052128 0.000000
vn 0.081077 0.058537 0.000000
vn 0.081077 0.058537 0.000000
vn 0.076335 0.064598 0.000000
vn 0.076335 0.064598 0.000000
vn 0.071141 0.070277 0.000000
vn 0.071141 0.070277 0.000000
vn 0.065526 0.075540 0.000000
vn 0.065526 0.075540 0.000000
vn 0.059523 0.080356 0.000000
vn 0.059523 0.080356 0.000000
vn -0.000000 0.100000 -0.000000
vn -0.000000 0.100000 -0.000000
vn -0.000000 0.100000 -0.000000
vn -0.000000 0.100000 -0.000000
vn 0.100000 -0.000000 0.000000
vn 0.100000 -0.000000 0.000000
vn 0.097953 0.020130 0.000000
vn 0.097953 0.020130 0.000000
vn 0.100000 0.000000 0.000000
vn 0.100000 0.000000 0.000000
vn 0.097953 -0.020130 0.000000
vn 0.097953 -0.020130 0.000000
vn 0.091896 -0.039436 0.000000
vn 0.091896 0.039436 0.000000
vn 0.091896 0.039436 0.000000
vn 0.082076 0.057127 0.000000
vn 0.082076 0.057127 0.000000
vn 0.068897 0.072479 0.000000
vn 0.068897 0.072479 0.000000
vn 0.052896 0.084864 0.000000
vn 0.052896 0.084864 0.000000
vn 0.034731 0.093775 0.000000
vn 0.034731 0.093775 0.000000
vn 0.015143 0.098847 0.000000
vn 0.015143 0.098847 0.000000
vn -0.005065 0.099872 0.000000
vn -0.005065 0.099872 0.000000
vn -0.025065 0.096808 0.000000
vn -0.025065 0.096808 0.000000
vn -0.044039 0.089780 0.000000
vn -0.044039 0.089780 0.000000
vn -0.061211 0.079078 0.000000
vn -0.061211 0.079078 0.000000
vn -0.075876 0.065137 0.000000
vn -0.075876 0.065137 0.000000
vn -0.087435 0.048530 0.000000
vn -0.087435 0.048530 0.000000
vn -0.095414 0.029936 0.000000
vn -0.095414 0.029936 0.000000
vn -0.099487 0.010117 0.000000
vn -0.099487 0.010117 0.000000
vn -0.099487 -0.010117 0.000000
vn -0.099487 -0.010117 0.000000
vn -0.095414 -0.029936 0.000000
vn -0.095414 -0.029936 0.000000
vn -0.087435 -0.048530 0.000000
vn -0.087435 -0.048530 0.000000
vn -0.075876 -0.065137 0.000000
vn -0.075876 -0.065137 0.000000
vn -0.061211 -0.079078 0.000000
vn -0.061211 -0.079078 0.000000
vn -0.044039 -0.089780 0.000000
vn -0.044039 -0.089780 0.000000
vn -0.025065 -0.096808 0.000000
vn -0.025065 -0.096808 0.000000
vn -0.005065 -0.099872 0.000000
vn -0.005065 -0.099872 0.000000
vn 0.015143 -0.098847 0.000000
vn 0.015143 -0.098847 0.000000
vn 0.034731 -0.093775 0.000000
vn 0.034731 -0.093775 0.000000
vn 0.052896 -0.084864 0.000000
vn 0.052896 -0.084864 0.000000
vn 0.068897 -0.072479 0.000000
vn 0.068897 -0.072479 0.000000
vn 0.082076 -0.057127 0.000000
vn 0.082076 -0.057127 0.000000
vn 0.091896 -0.039436 0.000000
vn 0.097953 0.020130 0.000000
vn 0.097953 0.020130 0.000000
vn 0.100000 0.000000 0.000000
vn 0.100000 0.000000 0.000000
vn 0.097953 -0.020130 0.000000
vn 0.097953 -0.020130 0.000000
vn 0.091896 -0.039436 0.000000
vn 0.091896 0.039436 0.000000
vn 0.091896 0.039436 0.000000
vn 0.082076 0.057127 0.000000
vn 0.082076 0.057127 0.000000
vn 0.068897 0.072479 0.000000
vn 0.068897 0.072479 0.000000
vn 0.052896 0.084864 0.000000
vn 0.052896 0.084864 0.000000
vn 0.034731 0.093775 0.000000
vn 0.034731 0.093775 0.000000
vn 0.015143 0.098847 0.000000
vn 0.015143 0.098847 0.000000
vn -0.005065 0.099872 0.000000
vn -0.005065 0.099872 0.000000
vn -0.025065 0.096808 0.000000
vn -0.025065 0.096808 0.000000
vn -0.044039 0.089780 0.000000
vn -0.044039 0.089780 0.000000
vn -0.061211 0.079078 0.000000
vn -0.061211 0.079078 0.000000
vn -0.075876 0.065137 0.000000
vn -0.075876 0.065137 0.000000
vn -0.087435 0.048530 0.000000
vn -0.087435 0.048530 0.000000
vn -0.095414 0.029936 0.000000
vn -0.095414 0.029936 0.000000
vn -0.099487 0.010117 0.000000
vn -0.099487 0.010117 0.000000
vn -0.099487 -0.010117 0.000000
vn -0.099487 -0.010117 0.000000
vn -0.095414 -0.029936 0.000000
vn -0.095414 -0.029936 0.000000
vn -0.087435 -0.048530 0.000000
vn -0.087435 -0.048530 0.000000
vn -0.075876 -0.065137 0.000000
vn -0.075876 -0.065137 0.000000
vn -0.061211 -0.079078 0.000000
vn -0.061211 -0.079078 0.000000
vn -0.044039 -0.089780 0.000000
vn -0.044039 -0.089780 0.000000
vn -0.025065 -0.096808 0.000000
vn -0.025065 -0.096808 0.000000
vn -0.005065 -0.099872 0.000000
vn -0.005065 -0.099872 0.000000
vn 0.015143 -0.098847 0.000000
vn 0.015143 -0.098847 0.000000
vn 0.034731 -0.093775 0.000000
vn 0.034731 -0.093775 0.000000
vn 0.052896 -0.084864 0.000000
vn 0.052896 -0.084864 0.000000
vn 0.068897 -0.072479 0.000000
vn 0.068897 -0.072479 0.000000
vn 0.082076 -0.057127 0.000000
vn 0.082076 -0.057127 0.000000
vn 0.091896 -0.039436 0.000000
vn 0.096593 0.025882 0.000000
vn 0.096593 0.025882 0.000000
vn 0.100000 0.000000 0.000000
vn 0.100000 0.000000 0.000000
vn 0.096593 -0.025882 0.000000
vn 0.096593 -0.025882 0.000000
vn 0.086603 -0.050000 0.000000
vn 0.086603 -0.050000 0.000000
vn 0.070711 -0.070711 0.000000
vn 0.070711 -0.070711 0.000000
vn 0.050000 -0.086603 0.000000
vn 0.050000 -0.086603 0.000000
vn 0.025882 -0.096593 0.000000
vn 0.025882 -0.096593 0.000000
vn -0.000000 -0.100000 0.000000
vn -0.000000 -0.100000 0.000000
vn -0.025882 -0.096593 0.000000
vn -0.025882 -0.096593 0.000000
vn -0.050000 -0.086603 0.000000
vn -0.050000 -0.086603 0.000000
vn -0.070711 -0.070711 0.000000
vn -0.070711 -0.070711 0.000000
vn -0.086603 -0.050000 0.000000
vn -0.086603 -0.050000 0.000000
vn -0.096593 -0.025882 0.000000
vn -0.096593 -0.025882 0.000000
vn -0.100000 0.000000 0.000000
vn -0.100000 0.000000 0.000000
vn -0.096593 0.025882 0.000000
vn -0.096593 0.025882 0.000000
vn -0.086603 0.050000 0.000000
vn -0.086603 0.050000 0.000000
vn -0.070711 0.070711 0.000000
vn -0.070711 0.070711 0.000000
vn -0.050000 0.086603 0.000000
vn -0.050000 0.086603 0.000000
vn -0.025882 0.096593 0.000000
vn -0.025882 0.096593 0.000000
vn -0.000000 0.100000 0.000000
vn -0.000000 0.100000 0.000000
vn 0.025882 0.096593 0.000000
vn 0.025882 0.096593 0.000000
vn 0.050000 0.086603 0.000000
vn 0.050000 0.086603 0.000000
vn 0.070711 0.070711 0.000000
vn 0.070711 0.070711 0.000000
vn 0.086603 0.050000 0.000000
vn 0.086603 0.050000 0.000000
vn 0.097953 0.020130 0.000000
vn 0.097953 0.020130 0.000000
vn 0.100000 0.000000 0.000000
vn 0.100000 0.000000 0.000000
vn 0.097953 -0.020130 0.000000
vn 0.097953 -0.020130 0.000000
vn 0.091896 -0.039436 0.000000
vn 0.091896 0.039436 0.000000
vn 0.091896 0.039436 0.000000
vn 0.082076 0.057127 0.000000
vn 0.082076 0.057127 0.000000
vn 0.068897 0.072479 0.000000
vn 0.068897 0.072479 0.000000
vn 0.052896 0.084864 0.000000
vn 0.052896 0.084864 0.000000
vn 0.034731 0.093775 0.000000
vn 0.034731 0.093775 0.000000
vn 0.015143 0.098847 0.000000
vn 0.015143 0.098847 0.000000
vn -0.005065 0.099872 0.000000
vn -0.005065 0.099872 0.000000
vn -0.025065 0.096808 0.000000
vn -0.025065 0.096808 0.000000
vn -0.044039 0.089780 0.000000
vn -0.044039 0.089780 0.000000
vn -0.061211 0.079078 0.000000
vn -0.061211 0.079078 0.000000
vn -0.075876 0.065137 0.000000
vn -0.075876 0.065137 0.000000
vn -0.087435 0.048530 0.000000
vn -0.087435 0.048530 0.000000
vn -0.095414 0.029936 0.000000
vn -0.095414 0.029936 0.000000
vn -0.099487 0.010117 0.000000
vn -0.099487 0.010117 0.000000
vn -0.099487 -0.010117 0.000000
vn -0.099487 -0.010117 0.000000
vn -0.095414 -0.029936 0.000000
vn -0.095414 -0.029936 0.000000
vn -0.087435 -0.048530 0.000000
vn -0.087435 -0.048530 0.000000
vn -0.075876 -0.065137 0.000000
vn -0.075876 -0.065137 0.000000
vn -0.061211 -0.079078 0.000000
vn -0.061211 -0.079078 0.000000
vn -0.044039 -0.089780 0.000000
vn -0.044039 -0.089780 0.000000
vn -0.025065 -0.096808 0.000000
vn -0.025065 -0.096808 0.000000
vn -0.005065 -0.099872 0.000000
vn -0.005065 -0.099872 0.000000
vn 0.015143 -0.098847 0.000000
vn 0.015143 -0.098847 0.000000
vn 0.034731 -0.093775 0.000000
vn 0.034731 -0.093775 0.000000
vn 0.052896 -0.084864 0.000000
vn 0.052896 -0.084864 0.000000
vn 0.068897 -0.072479 0.000000
vn 0.068897 -0.072479 0.000000
vn 0.082076 -0.057127 0.000000
vn 0.082076 -0.057127 0.000000
vn 0.091896 -0.039436 0.000000
vn -0.100000 0.000000 0.000000
vn -0.100000 0.000000 0.000000
vn -0.100000 0.000000 0.000000
vn -0.100000 0.000000 0.000000
vn 0.100000 0.000000 0.000000
vn 0.100000 0.000000 0.000000
vn 0.098883 -0.014904 0.000000
vn 0.098883 -0.014904 0.000000
vn 0.095557 -0.029476 0.000000
vn 0.095557 -0.029476 0.000000
vn 0.090097 -0.043388 0.000000
vn 0.090097 -0.043388 0.000000
vn 0.082624 -0.056332 0.000000
vn 0.082624 -0.056332 0.000000
vn 0.073305 -0.068017 0.000000
vn 0.073305 -0.068017 0.000000
vn 0.062349 -0.078183 0.000000
vn 0.062349 -0.078183 0.000000
vn 0.050000 -0.086603 0.000000
vn 0.050000 -0.086603 0.000000
vn 0.036534 -0.093087 0.000000
vn 0.036534 -0.093087 0.000000
vn 0.022252 -0.097493 0.000000
vn 0.022252 -0.097493 0.000000
vn 0.007473 -0.099720 0.000000
vn 0.007473 -0.099720 0.000000
vn -0.007473 -0.099720 0.000000
vn -0.007473 -0.099720 0.000000
vn -0.022252 -0.097493 0.000000
vn -0.022252 -0.097493 0.000000
vn -0.036534 -0.093087 0.000000
vn -0.036534 -0.093087 0.000000
vn -0.050000 -0.086603 0.000000
vn -0.050000 -0.086603 0.000000
vn -0.062349 -0.078183 0.000000
vn -0.062349 -0.078183 0.000000
vn -0.073305 -0.068017 0.000000
vn -0.073305 -0.068017 0.000000
vn -0.082624 -0.056332 0.000000
vn -0.082624 -0.056332 0.000000
vn -0.090097 -0.043388 0.000000
vn -0.090097 -0.043388 0.000000
vn -0.095557 -0.029476 0.000000
vn -0.095557 -0.029476 0.000000
vn -0.098883 -0.014904 0.000000
vn -0.098883 -0.014904 0.000000
vn 0.100000 -0.000000 0.000000
vn 0.100000 -0.000000 0.000000
vn -0.039130 -0.092026 0.000000
vn -0.039130 -0.092026 0.000000
vn -0.047782 -0.087846 0.000000
vn -0.047782 -0.087846 0.000000
vn -0.055993 -0.082854 0.000000
vn -0.055993 -0.082854 0.000000
vn -0.063686 -0.077098 0.000000
vn -0.063686 -0.077098 0.000000
vn -0.070792 -0.070629 0.000000
vn -0.070792 -0.070629 0.000000
vn -0.077244 -0.063509 0.000000
vn -0.077244 -0.063509 0.000000
vn -0.082983 -0.055802 0.000000
vn -0.082983 -0.055802 0.000000
vn -0.087955 -0.047580 0.000000
vn -0.087955 -0.047580 0.000000
vn -0.092116 -0.038919 0.000000
vn -0.092116 -0.038919 0.000000
vn -0.095426 -0.029898 0.000000
vn -0.095426 -0.029898 0.000000
vn -0.097855 -0.020602 0.000000
vn -0.097855 -0.020602 0.000000
vn -0.099380 -0.011115 0.000000
vn -0.099380 -0.011115 0.000000
vn -0.099988 -0.001525 0.000000
vn -0.099988 -0.001525 0.000000
vn -0.099673 0.008078 0.000000
vn -0.099673 0.008078 0.000000
vn -0.098438 0.017607 0.000000
vn -0.098438 0.017607 0.000000
vn -0.096293 0.026973 0.000000
vn -0.096293 0.026973 0.000000
vn -0.093260 0.036091 0.000000
vn -0.093260 0.036091 0.000000
vn -0.089366 0.044875 0.000000
vn -0.089366 0.044875 0.000000
vn -0.084646 0.053245 0.000000
vn -0.084646 0.053245 0.000000
vn -0.079145 0.061123 0.000000
vn -0.079145 0.061123 0.000000
vn -0.072913 0.068437 0.000000
vn -0.072913 0.068437 0.000000
vn -0.066009 0.075119 0.000000
vn -0.066009 0.075119 0.000000
vn -0.058494 0.081108 0.000000
vn -0.058494 0.081108 0.000000
vn -0.050440 0.086347 0.000000
vn -0.050440 0.086347 0.000000
vn -0.041920 0.090790 0.000000
vn -0.041920 0.090790 0.000000
vn -0.033012 0.094394 0.000000
vn -0.033012 0.094394 0.000000
vn -0.023800 0.097126 0.000000
vn -0.023800 0.097126 0.000000
vn -0.014369 0.098962 0.000000
vn -0.014369 0.098962 0.000000
vn -0.004804 0.099885 0.000000
vn -0.004804 0.099885 0.000000
vn 0.004804 0.099885 0.000000
vn 0.004804 0.099885 0.000000
vn 0.014369 0.098962 0.000000
vn 0.014369 0.098962 0.000000
vn 0.023800 0.097126 0.000000
vn 0.023800 0.097126 0.000000
vn 0.033012 0.094394 0.000000
vn 0.033012 0.094394 0.000000
vn 0.041920 0.090790 0.000000
vn 0.041920 0.090790 0.000000
vn 0.050440 0.086347 0.000000
vn 0.050440 0.086347 0.000000
vn 0.058494 0.081108 0.000000
vn 0.058494 0.081108 0.000000
vn 0.066009 0.075119 0.000000
vn 0.066009 0.075119 0.000000
vn 0.072913 0.068437 0.000000
vn 0.072913 0.068437 0.000000
vn 0.079145 0.061123 0.000000
vn 0.079145 0.061123 0.000000
vn 0.084646 0.053245 0.000000
vn 0.084646 0.053245 0.000000
vn 0.089366 0.044875 0.000000
vn 0.089366 0.044875 0.000000
vn 0.093260 0.036091 0.000000
vn 0.093260 0.036091 0.000000
vn 0.096293 0.026973 0.000000
vn 0.096293 0.026973 0.000000
vn 0.098438 0.017607 0.000000
vn 0.098438 0.017607 0.000000
vn 0.099673 0.008078 0.000000
vn 0.099673 0.008078 0.000000
vn 0.099988 -0.001525 0.000000
vn 0.099988 -0.001525 0.000000
vn 0.099380 -0.011115 0.000000
vn 0.099380 -0.011115 0.000000
vn 0.097855 -0.020602 0.000000
vn 0.097855 -0.020602 0.000000
vn 0.095426 -0.029898 0.000000
vn 0.095426 -0.029898 0.000000
vn 0.092116 -0.038919 0.000000
vn 0.092116 -0.038919 0.000000
vn 0.087955 -0.047580 0.000000
vn 0.087955 -0.047580 0.000000
vn 0.082983 -0.055802 0.000000
vn 0.082983 -0.055802 0.000000
vn 0.077244 -0.063509 0.000000
vn 0.077244 -0.063509 0.000000
vn 0.070792 -0.070629 0.000000
vn 0.070792 -0.070629 0.000000
vn 0.063686 -0.077098 0.000000
vn 0.063686 -0.077098 0.000000
vn 0.055993 -0.082854 0.000000
vn 0.055993 -0.082854 0.000000
vn 0.047782 -0.087846 0.000000
vn 0.047782 -0.087846 0.000000
vn 0.039130 -0.092026 0.000000
vn 0.039130 -0.092026 0.000000
vn 0.097953 0.020130 0.000000
vn 0.097953 0.020130 0.000000
vn 0.100000 0.000000 0.000000
vn 0.100000 0.000000 0.000000
vn 0.097953 -0.020130 0.000000
vn 0.097953 -0.020130 0.000000
vn 0.091896 -0.039436 0.000000
vn 0.091896 0.039436 0.000000
vn 0.091896 0.039436 0.000000
vn 0.082076 0.057127 0.000000
vn 0.082076 0.057127 0.000000
vn 0.068897 0.072479 0.000000
vn 0.068897 0.072479 0.000000
vn 0.052896 0.084864 0.000000
vn 0.052896 0.084864 0.000000
vn 0.034731 0.093775 0.000000
vn 0.034731 0.093775 0.000000
vn 0.015143 0.098847 0.000000
vn 0.015143 0.098847 0.000000
vn -0.005065 0.099872 0.000000
vn -0.005065 0.099872 0.000000
vn -0.025065 0.096808 0.000000
vn -0.025065 0.096808 0.000000
vn -0.044039 0.089780 0.000000
vn -0.044039 0.089780 0.000000
vn -0.061211 0.079078 0.000000
vn -0.061211 0.079078 0.000000
vn -0.075876 0.065137 0.000000
vn -0.075876 0.065137 0.000000
vn -0.087435 0.048530 0.000000
vn -0.087435 0.048530 0.000000
vn -0.095414 0.029936 0.000000
vn -0.095414 0.029936 0.000000
vn -0.099487 0.010117 0.000000
vn -0.099487 0.010117 0.000000
vn -0.099487 -0.010117 0.000000
vn -0.099487 -0.010117 0.000000
vn -0.095414 -0.029936 0.000000
vn -0.095414 -0.029936 0.000000
vn -0.087435 -0.048530 0.000000
vn -0.087435 -0.048530 0.000000
vn -0.075876 -0.065137 0.000000
vn -0.075876 -0.065137 0.000000
vn -0.061211 -0.079078 0.000000
vn -0.061211 -0.079078 0.000000
vn -0.044039 -0.089780 0.000000
vn -0.044039 -0.089780 0.000000
vn -0.025065 -0.096808 0.000000
vn -0.025065 -0.096808 0.000000
vn -0.005065 -0.099872 0.000000
vn -0.005065 -0.099872 0.000000
vn 0.015143 -0.098847 0.000000
vn 0.015143 -0.098847 0.000000
vn 0.034731 -0.093775 0.000000
vn 0.034731 -0.093775 0.000000
vn 0.052896 -0.084864 0.000000
vn 0.052896 -0.084864 0.000000
vn 0.068897 -0.072479 0.000000
vn 0.068897 -0.072479 0.000000
vn 0.082076 -0.057127 0.000000
vn 0.082076 -0.057127 0.000000
vn 0.091896 -0.039436 0.000000
vn 0.100000 0.000000 0.000000
vn 0.100000 0.000000 0.000000
vn 0.100000 0.000000 0.000000
vn 0.100000 0.000000 0.000000
vn 0.000000 -0.100000 0.000000
vn 0.000000 -0.100000 0.000000
vn 0.000000 -0.100000 0.000000
vn 0.000000 -0.100000 0.000000
vn -0.100000 0.000000 0.000000
vn -0.100000 0.000000 0.000000
vn 0.000000 0.000000 -0.100000
vn 0.000000 0.000000 -0.100000
vn 0.000000 0.000000 -0.100000
vn 0.000000 0.000000 -0.100000
vn 0.000000 0.000000 -0.100000
vn 0.000000 0.000000 -0.100000
vn 0.000000 0.000000 -0.100000
vn 0.000000 0.000000 -0.100000
vn 0.000000 0.000000 -0.100000
vn 0.000000 0.000000 -0.100000
vn 0.000000 0.000000 -0.100000
vn 0.000000 0.000000 -0.100000
vn 0.000000 0.000000 -0.100000
vn 0.000000 0.000000 -0.100000
vn 0.000000 0.000000 -0.100000
vn 0.000000 0.000000 -0.100000
vn 0.000000 0.000000 -0.100000
vn 0.000000 0.000000 -0.100000
vn 0.000000 0.000000 -0.100000
vn 0.000000 0.000000 -0.100000
vn 0.000000 0.000000 -0.100000
vn 0.000000 0.000000 -0.100000
vn 0.000000 0.000000 -0.100000
vn 0.000000 0.000000 -0.100000
vn 0.000000 0.000000 -0.100000
vn 0.000000 0.000000 -0.100000
vn 0.000000 0.000000 -0.100000
vn 0.000000 0.000000 -0.100000
vn 0.000000 0.000000 -0.100000
vn 0.000000 0.000000 -0.100000
vn 0.000000 0.000000 -0.100000
vn 0.000000 0.000000 -0.100000
vn 0.000000 0.000000 -0.100000
vn 0.000000 0.000000 -0.100000
vn 0.000000 0.000000 -0.100000
vn 0.000000 0.000000 -0.100000
vn 0.000000 0.000000 -0.100000
vn 0.000000 0.000000 -0.100000
vn 0.000000 0.000000 -0.100000
vn 0.000000 0.000000 -0.100000
vn 0.000000 0.000000 -0.100000
vn 0.000000 0.000000 -0.100000
vn 0.000000 0.000000 -0.100000
vn 0.000000 0.000000 -0.100000
vn 0.000000 0.000000 -0.100000
vn 0.000000 0.000000 -0.100000
vn 0.000000 0.000000 -0.100000
vn 0.000000 0.000000 -0.100000
vn 0.000000 0.000000 -0.100000
vn 0.000000 0.000000 -0.100000
vn 0.000000 0.000000 -0.100000
vn 0.000000 0.000000 -0.100000
vn 0.000000 0.000000 -0.100000
vn 0.000000 0.000000 -0.100000
vn 0.000000 0.000000 -0.100000
vn 0.000000 0.000000 -0.100000
vn 0.000000 0.000000 -0.100000
vn 0.000000 0.000000 -0.100000
vn 0.000000 0.000000 -0.100000
vn 0.000000 0.000000 -0.100000
vn 0.000000 0.000000 -0.100000
vn 0.000000 0.000000 -0.100000
vn 0.000000 0.000000 -0.100000
vn 0.000000 0.000000 -0.100000
vn 0.000000 0.000000 -0.100000
vn 0.000000 0.000000 -0.100000
vn 0.000000 0.000000 -0.100000
vn 0.000000 0.000000 -0.100000
vn 0.000000 0.000000 -0.100000
vn 0.000000 0.000000 -0.100000
vn 0.000000 0.000000 -0.100000
vn 0.000000 0.000000 -0.100000
vn 0.000000 0.000000 -0.100000
vn 0.000000 0.000000 -0.100000
vn 0.000000 0.000000 -0.100000
vn 0.000000 0.000000 -0.100000
vn 0.000000 0.000000 -0.100000
vn 0.000000 0.000000 -0.100000
vn 0.000000 0.000000 -0.100000
vn 0.000000 0.000000 -0.100000
vn 0.000000 0.000000 -0.100000
vn 0.000000 0.000000 -0.100000
vn 0.000000 0.000000 -0.100000
vn 0.000000 0.000000 -0.100000
vn 0.000000 0.000000 -0.100000
vn 0.000000 0.000000 -0.100000
vn 0.000000 0.000000 -0.100000
vn 0.000000 0.000000 -0.100000
vn 0.000000 0.000000 -0.100000
vn 0.000000 0.000000 -0.100000
vn 0.000000 0.000000 -0.100000
vn 0.000000 0.000000 -0.100000
vn 0.000000 0.000000 -0.100000
vn 0.000000 0.000000 -0.100000
vn 0.000000 0.000000 -0.100000
vn 0.000000 0.000000 -0.100000
vn 0.000000 0.000000 -0.100000
vn 0.000000 0.000000 -0.100000
vn 0.000000 0.000000 -0.100000
vn 0.000000 0.000000 -0.100000
vn 0.000000 0.000000 -0.100000
vn 0.000000 0.000000 -0.100000
vn 0.000000 0.000000 -0.100000
vn 0.000000 0.000000 -0.100000
vn 0.000000 0.000000 -0.100000
vn 0.000000 0.000000 -0.100000
vn 0.000000 0.000000 -0.100000
vn 0.000000 0.000000 -0.100000
vn 0.000000 0.000000 -0.100000
vn 0.000000 0.000000 -0.100000
vn 0.000000 0.000000 -0.100000
vn 0.000000 0.000000 -0.100000
vn 0.000000 0.000000 -0.100000
vn 0.000000 0.000000 -0.100000
vn 0.000000 0.000000 -0.100000
vn 0.000000 0.000000 -0.100000
vn 0.000000 0.000000 -0.100000
vn 0.000000 0.000000 -0.100000
vn 0.000000 0.000000 -0.100000
vn 0.000000 0.000000 -0.100000
vn 0.000000 0.000000 -0.100000
vn 0.000000 0.000000 -0.100000
vn 0.000000 0.000000 -0.100000
vn 0.000000 0.000000 -0.100000
vn 0.000000 0.000000 -0.100000
vn 0.000000 0.000000 -0.100000
vn 0.000000 0.000000 -0.100000
vn 0.000000 0.000000 -0.100000
vn 0.000000 0.000000 -0.100000
vn 0.000000 0.000000 -0.100000
vn 0.000000 0.000000 -0.100000
vn 0.000000 0.000000 -0.100000
vn 0.000000 0.000000 -0.100000
vn 0.000000 0.000000 -0.100000
vn 0.000000 0.000000 -0.100000
vn 0.000000 0.000000 -0.100000
vn 0.000000 0.000000 -0.100000
vn 0.000000 0.000000 -0.100000
vn 0.000000 0.000000 -0.100000
vn 0.000000 0.000000 -0.100000
vn 0.000000 0.000000 -0.100000
vn 0.000000 0.000000 -0.100000
vn 0.000000 0.000000 -0.100000
vn 0.000000 0.000000 -0.100000
vn 0.000000 0.000000 -0.100000
vn 0.000000 0.000000 -0.100000
vn 0.000000 0.000000 -0.100000
vn 0.000000 0.000000 -0.100000
vn 0.000000 0.000000 -0.100000
vn 0.000000 0.000000 -0.100000
vn 0.000000 0.000000 -0.100000
vn 0.000000 0.000000 -0.100000
vn 0.000000 0.000000 -0.100000
vn 0.000000 0.000000 -0.100000
vn 0.000000 0.000000 -0.100000
vn 0.000000 0.000000 -0.100000
vn 0.000000 0.000000 -0.100000
vn 0.000000 0.000000 -0.100000
vn 0.000000 0.000000 -0.100000
vn 0.000000 0.000000 -0.100000
vn 0.000000 0.000000 -0.100000
vn 0.000000 0.000000 -0.100000
vn 0.000000 0.000000 -0.100000
vn 0.000000 0.000000 -0.100000
vn 0.000000 0.000000 -0.100000
vn 0.000000 0.000000 -0.100000
vn 0.000000 0.000000 -0.100000
vn 0.000000 0.000000 -0.100000
vn 0.000000 0.000000 -0.100000
vn 0.000000 0.000000 -0.100000
vn 0.000000 0.000000 -0.100000
vn 0.000000 0.000000 -0.100000
vn 0.000000 0.000000 -0.100000
vn 0.000000 0.000000 -0.100000
vn 0.000000 0.000000 -0.100000
vn 0.000000 0.000000 -0.100000
vn 0.000000 0.000000 -0.100000
vn 0.000000 0.000000 -0.100000
vn 0.000000 0.000000 -0.100000
vn 0.000000 0.000000 -0.100000
vn 0.000000 0.000000 -0.100000
vn 0.000000 0.000000 -0.100000
vn 0.000000 0.000000 -0.100000
vn 0.000000 0.000000 -0.100000
vn 0.000000 0.000000 -0.100000
vn 0.000000 0.000000 -0.100000
vn 0.000000 0.000000 -0.100000
vn 0.000000 0.000000 -0.100000
vn 0.000000 0.000000 -0.100000
vn 0.000000 0.000000 -0.100000
vn 0.000000 0.000000 -0.100000
vn 0.000000 0.000000 -0.100000
vn 0.000000 0.000000 -0.100000
vn 0.000000 0.000000 -0.100000
vn 0.000000 0.000000 -0.100000
vn 0.000000 0.000000 -0.100000
vn 0.000000 0.000000 -0.100000
vn 0.000000 0.000000 -0.100000
vn 0.000000 0.000000 -0.100000
vn 0.000000 0.000000 -0.100000
vn 0.000000 0.000000 -0.100000
vn 0.000000 0.000000 -0.100000
vn 0.000000 0.000000 -0.100000
vn 0.000000 0.000000 -0.100000
vn 0.000000 0.000000 -0.100000
vn 0.000000 0.000000 -0.100000
vn 0.000000 0.000000 -0.100000
vn 0.000000 0.000000 -0.100000
vn 0.000000 0.000000 -0.100000
vn 0.000000 0.000000 -0.100000
vn 0.000000 0.000000 -0.100000
vn 0.000000 0.000000 -0.100000
vn 0.000000 0.000000 -0.100000
vn 0.000000 0.000000 -0.100000
vn 0.000000 0.000000 -0.100000
vn 0.000000 0.000000 -0.100000
vn 0.000000 0.000000 -0.100000
vn 0.000000 0.000000 -0.100000
vn 0.000000 0.000000 -0.100000
vn 0.000000 0.000000 -0.100000
vn 0.000000 0.000000 -0.100000
vn 0.000000 0.000000 -0.100000
vn 0.000000 0.000000 -0.100000
vn 0.000000 0.000000 -0.100000
vn 0.000000 0.000000 -0.100000
vn 0.000000 0.000000 -0.100000
vn 0.000000 0.000000 -0.100000
vn 0.000000 0.000000 -0.100000
vn 0.000000 0.000000 -0.100000
vn 0.000000 0.000000 -0.100000
vn 0.000000 0.000000 -0.100000
vn 0.000000 0.000000 -0.100000
vn 0.000000 0.000000 -0.100000
vn 0.000000 0.000000 -0.100000
vn 0.000000 0.000000 -0.100000
vn 0.000000 0.000000 -0.100000
vn 0.000000 0.000000 -0.100000
vn 0.000000 0.000000 -0.100000
vn 0.000000 0.000000 -0.100000
vn 0.000000 0.000000 -0.100000
vn 0.000000 0.000000 -0.100000
vn 0.000000 0.000000 -0.100000
vn 0.000000 0.000000 -0.100000
vn 0.000000 0.000000 -0.100000
vn 0.000000 0.000000 -0.100000
vn 0.000000 0.000000 -0.100000
vn 0.000000 0.000000 -0.100000
vn 0.000000 0.000000 -0.100000
vn 0.000000 0.000000 -0.100000
vn 0.000000 0.000000 -0.100000
vn 0.000000 0.000000 -0.100000
vn 0.000000 0.000000 -0.100000
vn 0.000000 0.000000 -0.100000
vn 0.000000 0.000000 -0.100000
vn 0.000000 0.000000 -0.100000
vn 0.000000 0.000000 -0.100000
vn 0.000000 0.000000 -0.100000
vn 0.000000 0.000000 -0.100000
vn 0.000000 0.000000 -0.100000
vn 0.000000 0.000000 -0.100000
vn 0.000000 0.000000 -0.100000
vn 0.000000 0.000000 -0.100000
vn 0.000000 0.000000 -0.100000
vn 0.000000 0.000000 -0.100000
vn 0.000000 0.000000 -0.100000
vn 0.000000 0.000000 -0.100000
vn 0.000000 0.000000 -0.100000
vn 0.000000 0.000000 -0.100000
vn 0.000000 0.000000 -0.100000
vn 0.000000 0.000000 -0.100000
vn 0.000000 0.000000 -0.100000
usemtl Acrylic_(Clear)
f 26/1/1 1/2/2 25/3/3
f 25/3/3 1/2/2 2/4/4
f 25/3/3 2/4/4 24/5/5
f 24/5/5 2/4/4 3/6/6
f 24/5/5 3/6/6 23/7/7
f 23/7/7 3/6/6 4/8/8
f 23/7/7 4/8/8 22/9/9
f 22/9/9 4/8/8 5/10/10
f 22/9/9 5/10/10 21/11/11
f 21/11/11 5/10/10 6/12/12
f 21/11/11 6/12/12 20/13/13
f 20/13/13 6/12/12 7/14/14
f 20/13/13 7/14/14 19/15/15
f 19/15/15 7/14/14 8/16/16
f 19/15/15 8/16/16 18/17/17
f 18/17/17 8/16/16 9/18/18
f 18/17/17 9/18/18 17/19/19
f 17/19/19 9/18/18 10/20/20
f 17/19/19 10/20/20 16/21/21
f 16/21/21 10/20/20 11/22/22
f 16/21/21 11/22/22 15/23/23
f 15/23/23 11/22/22 12/24/24
f 15/23/23 12/24/24 14/25/25
f 14/25/25 12/24/24 13/26/26
f 28/27/27 194/28/28 27/29/29
f 27/29/29 194/28/28 195/30/30
f 27/29/29 195/30/30 196/31/31
f 194/28/28 28/27/27 193/32/32
f 193/32/32 28/27/27 29/33/33
f 193/32/32 29/33/33 192/34/34
f 192/34/34 29/33/33 87/35/35
f 192/34/34 87/35/35 88/36/36
f 29/33/33 30/37/37 87/35/35
f 87/35/35 30/37/37 86/38/38
f 86/38/38 30/37/37 85/39/39
f 85/39/39 30/37/37 31/40/40
f 85/39/39 31/40/40 84/41/41
f 84/41/41 31/40/40 32/42/42
f 84/41/41 32/42/42 83/43/43
f 83/43/43 32/42/42 33/44/44
f 83/43/43 33/44/44 82/45/45
f 82/45/45 33/44/44 34/46/46
f 82/45/45 34/46/46 81/47/47
f 81/47/47 34/46/46 35/48/48
f 81/47/47 35/48/48 36/49/49
f 81/47/47 36/49/49 80/50/50
f 80/50/50 36/49/49 37/51/51
f 80/50/50 37/51/51 79/52/52
f 79/52/52 37/51/51 38/53/53
f 79/52/52 38/53/53 78/54/54
f 78/54/54 38/53/53 39/55/55
f 78/54/54 39/55/55 77/56/56
f 77/56/56 39/55/55 40/57/57
f 77/56/56 40/57/57 76/58/58
f 76/58/58 40/57/57 75/59/59
f 75/59/59 40/57/57 41/60/60
f 75/59/59 41/60/60 158/61/61
f 158/61/61 41/60/60 42/62/62
f 158/61/61 42/62/62 43/63/63
f 43/63/63 44/64/64 158/61/61
f 158/61/61 44/64/64 45/65/65
f 158/61/61 45/65/65 46/66/66
f 46/66/66 47/67/67 158/61/61
f 158/61/61 47/67/67 48/68/68
f 158/61/61 48/68/68 49/69/69
f 49/69/69 50/70/70 158/61/61
f 158/61/61 50/70/70 51/71/71
f 158/61/61 51/71/71 52/72/72
f 53/73/73 275/74/74 52/72/72
f 52/72/72 275/74/74 157/75/75
f 52/72/72 157/75/75 158/61/61
f 275/74/74 53/73/73 274/76/76
f 274/76/76 53/73/73 54/77/77
f 274/76/76 54/77/77 202/78/78
f 202/78/78 54/77/77 201/79/79
f 201/79/79 54/77/77 55/80/80
f 201/79/79 55/80/80 200/81/81
f 200/81/81 55/80/80 199/82/82
f 199/82/82 55/80/80 56/83/83
f 199/82/82 56/83/83 198/84/84
f 198/84/84 56/83/83 197/85/85
f 197/85/85 56/83/83 57/86/86
f 197/85/85 57/86/86 196/31/31
f 196/31/31 57/86/86 27/29/29
f 59/87/87 189/88/88 58/89/89
f 58/89/89 189/88/88 190/90/90
f 58/89/89 190/90/90 191/91/91
f 189/88/88 59/87/87 160/92/92
f 160/92/92 59/87/87 60/93/93
f 160/92/92 60/93/93 61/94/94
f 61/94/94 62/95/95 160/92/92
f 160/92/92 62/95/95 63/96/96
f 160/92/92 63/96/96 64/97/97
f 64/97/97 65/98/98 160/92/92
f 160/92/92 65/98/98 66/99/99
f 160/92/92 66/99/99 159/100/100
f 159/100/100 66/99/99 67/101/101
f 159/100/100 67/101/101 68/102/102
f 68/102/102 69/103/103 159/100/100
f 159/100/100 69/103/103 70/104/104
f 159/100/100 70/104/104 71/105/105
f 71/105/105 72/106/106 159/100/100
f 159/100/100 72/106/106 73/107/107
f 159/100/100 73/107/107 74/108/108
f 74/108/108 75/59/59 159/100/100
f 159/100/100 75/59/59 158/61/61
f 192/34/34 88/36/36 191/91/91
f 191/91/91 88/36/36 58/89/89
f 112/109/109 89/110/110 156/111/111
f 156/111/111 89/110/110 90/112/112
f 156/111/111 90/112/112 155/113/113
f 155/113/113 90/112/112 154/114/114
f 154/114/114 90/112/112 91/115/115
f 154/114/114 91/115/115 153/116/116
f 153/116/116 91/115/115 152/117/117
f 152/117/117 91/115/115 151/118/118
f 151/118/118 91/115/115 92/119/119
f 151/118/118 92/119/119 150/120/120
f 150/120/120 92/119/119 149/121/121
f 149/121/121 92/119/119 93/122/122
f 149/121/121 93/122/122 148/123/123
f 148/123/123 93/122/122 147/124/124
f 147/124/124 93/122/122 94/125/125
f 147/124/124 94/125/125 146/126/126
f 146/126/126 94/125/125 95/127/127
f 146/126/126 95/127/127 145/128/128
f 145/128/128 95/127/127 96/129/129
f 145/128/128 96/129/129 144/130/130
f 144/130/130 96/129/129 97/131/131
f 144/130/130 97/131/131 98/132/132
f 98/132/132 99/133/133 144/130/130
f 144/130/130 99/133/133 100/134/134
f 144/130/130 100/134/134 235/135/135
f 235/135/135 100/134/134 234/136/136
f 234/136/136 100/134/134 101/137/137
f 234/136/136 101/137/137 233/138/138
f 233/138/138 101/137/137 102/139/139
f 233/138/138 102/139/139 232/140/140
f 232/140/140 102/139/139 103/141/141
f 232/140/140 103/141/141 104/142/142
f 104/142/142 105/143/143 232/140/140
f 232/140/140 105/143/143 228/144/144
f 232/140/140 228/144/144 229/145/145
f 228/144/144 105/143/143 227/146/146
f 227/146/146 105/143/143 106/147/147
f 227/146/146 106/147/147 226/148/148
f 226/148/148 106/147/147 107/149/149
f 226/148/148 107/149/149 225/150/150
f 225/150/150 107/149/149 224/151/151
f 224/151/151 107/149/149 108/152/152
f 224/151/151 108/152/152 120/153/153
f 120/153/153 108/152/152 119/154/154
f 119/154/154 108/152/152 109/155/155
f 119/154/154 109/155/155 118/156/156
f 118/156/156 109/155/155 110/157/157
f 118/156/156 110/157/157 156/111/111
f 156/111/111 110/157/157 111/158/158
f 156/111/111 111/158/158 112/109/109
f 143/159/159 113/160/160 157/75/75
f 157/75/75 113/160/160 114/161/161
f 157/75/75 114/161/161 156/111/111
f 156/111/111 114/161/161 115/162/162
f 156/111/111 115/162/162 116/163/163
f 116/163/163 117/164/164 156/111/111
f 156/111/111 117/164/164 118/156/156
f 224/151/151 120/153/153 223/165/165
f 223/165/165 120/153/153 121/166/166
f 223/165/165 121/166/166 222/167/167
f 222/167/167 121/166/166 122/168/168
f 222/167/167 122/168/168 221/169/169
f 221/169/169 122/168/168 123/170/170
f 221/169/169 123/170/170 220/171/171
f 220/171/171 123/170/170 124/172/172
f 220/171/171 124/172/172 219/173/173
f 219/173/173 124/172/172 125/174/174
f 219/173/173 125/174/174 218/175/175
f 218/175/175 125/174/174 126/176/176
f 218/175/175 126/176/176 217/177/177
f 217/177/177 126/176/176 127/178/178
f 217/177/177 127/178/178 216/179/179
f 216/179/179 127/178/178 128/180/180
f 216/179/179 128/180/180 215/181/181
f 215/181/181 128/180/180 129/182/182
f 215/181/181 129/182/182 214/183/183
f 214/183/183 129/182/182 130/184/184
f 214/183/183 130/184/184 213/185/185
f 213/185/185 130/184/184 131/186/186
f 213/185/185 131/186/186 267/187/187
f 267/187/187 131/186/186 266/188/188
f 266/188/188 131/186/186 132/189/189
f 266/188/188 132/189/189 265/190/190
f 265/190/190 132/189/189 133/191/191
f 265/190/190 133/191/191 264/192/192
f 264/192/192 133/191/191 134/193/193
f 264/192/192 134/193/193 263/194/194
f 263/194/194 134/193/193 135/195/195
f 263/194/194 135/195/195 262/196/196
f 262/196/196 135/195/195 136/197/197
f 262/196/196 136/197/197 261/198/198
f 261/198/198 136/197/197 137/199/199
f 261/198/198 137/199/199 260/200/200
f 260/200/200 137/199/199 138/201/201
f 260/200/200 138/201/201 259/202/202
f 259/202/202 138/201/201 139/203/203
f 259/202/202 139/203/203 258/204/204
f 258/204/204 139/203/203 140/205/205
f 258/204/204 140/205/205 257/206/206
f 257/206/206 140/205/205 141/207/207
f 257/206/206 141/207/207 256/208/208
f 256/208/208 141/207/207 142/209/209
f 256/208/208 142/209/209 143/159/159
f 12/210/210 250/211/211 13/212/212
f 13/212/212 250/211/211 251/213/213
f 13/212/212 251/213/213 252/214/214
f 12/210/210 11/215/215 250/211/211
f 250/211/211 11/215/215 10/216/216
f 250/211/211 10/216/216 9/217/217
f 9/217/217 8/218/218 250/211/211
f 250/211/211 8/218/218 249/219/219
f 249/219/219 8/218/218 7/220/220
f 249/219/219 7/220/220 6/221/221
f 6/221/221 5/222/222 249/219/219
f 249/219/219 5/222/222 248/223/223
f 248/223/223 5/222/222 4/224/224
f 248/223/223 4/224/224 3/225/225
f 3/225/225 2/226/226 248/223/223
f 248/223/223 2/226/226 247/227/227
f 247/227/227 2/226/226 1/228/228
f 247/227/227 1/228/228 246/229/229
f 246/229/229 1/228/228 245/230/230
f 245/230/230 1/228/228 244/231/231
f 244/231/231 1/228/228 243/232/232
f 243/232/232 1/228/228 242/233/233
f 242/233/233 1/228/228 241/234/234
f 241/234/234 1/228/228 240/235/235
f 240/235/235 1/228/228 239/236/236
f 239/236/236 1/228/228 144/130/130
f 239/236/236 144/130/130 238/237/237
f 238/237/237 144/130/130 237/238/238
f 237/238/238 144/130/130 236/239/239
f 236/239/239 144/130/130 235/135/135
f 161/240/240 186/241/241 160/92/92
f 160/92/92 186/241/241 187/242/242
f 160/92/92 187/242/242 188/243/243
f 161/240/240 162/244/244 186/241/241
f 186/241/241 162/244/244 185/245/245
f 185/245/245 162/244/244 163/246/246
f 185/245/245 163/246/246 164/247/247
f 185/245/245 164/247/247 184/248/248
f 184/248/248 164/247/247 165/249/249
f 184/248/248 165/249/249 183/250/250
f 183/250/250 165/249/249 166/251/251
f 183/250/250 166/251/251 167/252/252
f 183/250/250 167/252/252 182/253/253
f 182/253/253 167/252/252 168/254/254
f 182/253/253 168/254/254 181/255/255
f 181/255/255 168/254/254 169/256/256
f 181/255/255 169/256/256 170/257/257
f 181/255/255 170/257/257 180/258/258
f 180/258/258 170/257/257 171/259/259
f 180/258/258 171/259/259 179/260/260
f 179/260/260 171/259/259 172/261/261
f 179/260/260 172/261/261 178/262/262
f 178/262/262 172/261/261 173/263/263
f 178/262/262 173/263/263 177/264/264
f 177/264/264 173/263/263 176/265/265
f 176/265/265 173/263/263 175/266/266
f 175/266/266 173/263/263 174/267/267
f 174/267/267 173/263/263 253/268/268
f 253/268/268 173/263/263 13/212/212
f 253/268/268 13/212/212 252/214/214
f 188/243/243 189/88/88 160/92/92
f 202/78/78 203/269/269 274/76/76
f 274/76/76 203/269/269 273/270/270
f 273/270/270 203/269/269 204/271/271
f 273/270/270 204/271/271 205/272/272
f 273/270/270 205/272/272 272/273/273
f 272/273/273 205/272/272 206/274/274
f 272/273/273 206/274/274 207/275/275
f 272/273/273 207/275/275 271/276/276
f 271/276/276 207/275/275 208/277/277
f 271/276/276 208/277/277 270/278/278
f 270/278/278 208/277/277 209/279/279
f 270/278/278 209/279/279 210/280/280
f 270/278/278 210/280/280 269/281/281
f 269/281/281 210/280/280 211/282/282
f 269/281/281 211/282/282 268/283/283
f 268/283/283 211/282/282 212/284/284
f 268/283/283 212/284/284 213/185/185
f 229/145/145 230/285/285 232/140/140
f 232/140/140 230/285/285 231/286/286
f 284/287/287 254/288/288 157/75/75
f 157/75/75 254/288/288 255/289/289
f 157/75/75 255/289/289 143/159/159
f 143/159/159 255/289/289 256/208/208
f 267/187/187 268/283/283 213/185/185
f 275/74/74 276/290/290 157/75/75
f 157/75/75 276/290/290 277/291/291
f 157/75/75 277/291/291 278/292/292
f 278/292/292 279/293/293 157/75/75
f 157/75/75 279/293/293 280/294/294
f 157/75/75 280/294/294 281/295/295
f 281/295/295 282/296/296 157/75/75
f 157/75/75 282/296/296 283/297/297
f 157/75/75 283/297/297 284/287/287
f 26/298/1 285/299/298 1/300/2
f 1/300/2 285/299/298 144/301/299
f 297/302/300 156/303/301 296/304/302
f 296/304/302 156/303/301 155/305/303
f 296/304/302 155/305/303 295/306/304
f 295/306/304 155/305/303 154/307/305
f 295/306/304 154/307/305 294/308/306
f 294/308/306 154/307/305 153/309/307
f 294/308/306 153/309/307 293/310/308
f 293/310/308 153/309/307 152/311/309
f 293/310/308 152/311/309 292/312/310
f 292/312/310 152/311/309 151/313/311
f 292/312/310 151/313/311 291/314/312
f 291/314/312 151/313/311 150/315/313
f 291/314/312 150/315/313 290/316/314
f 290/316/314 150/315/313 149/317/315
f 290/316/314 149/317/315 289/318/316
f 289/318/316 149/317/315 148/319/317
f 289/318/316 148/319/317 288/320/318
f 288/320/318 148/319/317 147/321/319
f 288/320/318 147/321/319 287/322/320
f 287/322/320 147/321/319 146/323/321
f 287/322/320 146/323/321 286/324/322
f 286/324/322 146/323/321 145/325/323
f 286/324/322 145/325/323 285/326/298
f 285/326/298 145/325/323 144/327/299
f 160/328/324 298/329/325 161/330/326
f 161/330/326 298/329/325 299/331/327
f 161/330/326 299/331/327 162/332/328
f 162/332/328 299/331/327 300/333/329
f 162/332/328 300/333/329 163/334/330
f 163/334/330 300/333/329 301/335/331
f 163/334/330 301/335/331 164/336/332
f 164/336/332 301/335/331 302/337/333
f 164/336/332 302/337/333 165/338/334
f 165/338/334 302/337/333 303/339/335
f 165/338/334 303/339/335 166/340/336
f 166/340/336 303/339/335 304/341/337
f 166/340/336 304/341/337 167/342/338
f 167/342/338 304/341/337 305/343/339
f 167/342/338 305/343/339 168/344/340
f 168/344/340 305/343/339 306/345/341
f 168/344/340 306/345/341 169/346/342
f 169/346/342 306/345/341 307/347/343
f 169/346/342 307/347/343 170/348/344
f 170/348/344 307/347/343 308/349/345
f 170/348/344 308/349/345 171/350/346
f 171/350/346 308/349/345 309/351/347
f 171/350/346 309/351/347 172/352/348
f 172/352/348 309/351/347 310/353/349
f 172/352/348 310/353/349 173/354/350
f 173/354/350 310/353/349 311/355/351
f 312/356/352 298/357/353 159/358/354
f 159/358/354 298/357/353 160/359/355
f 13/360/26 173/361/356 14/362/25
f 14/362/25 173/361/356 311/363/357
f 57/364/358 343/365/359 27/366/360
f 27/366/360 343/365/359 313/367/361
f 27/368/360 313/369/361 28/370/362
f 28/370/362 313/369/361 314/371/363
f 28/370/362 314/371/363 315/372/364
f 57/364/358 56/373/365 343/365/359
f 343/365/359 56/373/365 342/374/366
f 342/374/366 56/373/365 55/375/367
f 342/374/366 55/375/367 341/376/368
f 341/376/368 55/375/367 54/377/369
f 341/376/368 54/377/369 340/378/370
f 340/378/370 54/377/369 53/379/371
f 340/378/370 53/379/371 339/380/372
f 339/380/372 53/379/371 52/381/373
f 339/380/372 52/381/373 338/382/374
f 338/382/374 52/381/373 51/383/375
f 338/382/374 51/383/375 337/384/376
f 337/384/376 51/383/375 50/385/377
f 337/384/376 50/385/377 336/386/378
f 336/386/378 50/385/377 49/387/379
f 336/386/378 49/387/379 335/388/380
f 335/388/380 49/387/379 48/389/381
f 335/388/380 48/389/381 334/390/382
f 334/390/382 48/389/381 47/391/383
f 334/390/382 47/391/383 333/392/384
f 333/392/384 47/391/383 46/393/385
f 333/392/384 46/393/385 332/394/386
f 332/394/386 46/393/385 45/395/387
f 332/394/386 45/395/387 331/396/388
f 331/396/388 45/395/387 44/397/389
f 331/396/388 44/397/389 330/398/390
f 330/398/390 44/397/389 43/399/391
f 330/398/390 43/399/391 329/400/392
f 329/400/392 43/399/391 42/401/393
f 329/400/392 42/401/393 328/402/394
f 328/402/394 42/401/393 41/403/395
f 328/402/394 41/403/395 327/404/396
f 327/404/396 41/403/395 40/405/397
f 327/404/396 40/405/397 326/406/398
f 326/406/398 40/405/397 39/407/399
f 326/406/398 39/407/399 325/408/400
f 325/408/400 39/407/399 38/409/401
f 325/408/400 38/409/401 324/410/402
f 324/410/402 38/409/401 37/411/403
f 324/410/402 37/411/403 323/412/404
f 323/412/404 37/411/403 36/413/405
f 323/412/404 36/413/405 322/414/406
f 322/414/406 36/413/405 35/415/407
f 322/414/406 35/415/407 321/416/408
f 321/416/408 35/415/407 34/417/409
f 321/416/408 34/417/409 320/418/410
f 320/418/410 34/417/409 33/419/411
f 320/418/410 33/419/411 319/420/412
f 319/420/412 33/419/411 32/421/413
f 319/420/412 32/421/413 318/422/414
f 318/422/414 32/421/413 31/423/415
f 318/422/414 31/423/415 317/424/416
f 317/424/416 31/423/415 30/425/417
f 317/424/416 30/425/417 316/426/418
f 316/426/418 30/425/417 29/427/419
f 316/426/418 29/427/419 315/372/364
f 315/372/364 29/427/419 28/370/362
f 88/428/420 374/429/421 58/430/422
f 58/430/422 374/429/421 344/431/423
f 58/432/422 344/433/423 59/434/424
f 59/434/424 344/433/423 345/435/425
f 59/434/424 345/435/425 346/436/426
f 88/428/420 87/437/427 374/429/421
f 374/429/421 87/437/427 373/438/428
f 373/438/428 87/437/427 86/439/429
f 373/438/428 86/439/429 372/440/430
f 372/440/430 86/439/429 85/441/431
f 372/440/430 85/441/431 371/442/432
f 371/442/432 85/441/431 84/443/433
f 371/442/432 84/443/433 370/444/434
f 370/444/434 84/443/433 83/445/435
f 370/444/434 83/445/435 369/446/436
f 369/446/436 83/445/435 82/447/437
f 369/446/436 82/447/437 368/448/438
f 368/448/438 82/447/437 81/449/439
f 368/448/438 81/449/439 367/450/440
f 367/450/440 81/449/439 80/451/441
f 367/450/440 80/451/441 366/452/442
f 366/452/442 80/451/441 79/453/443
f 366/452/442 79/453/443 365/454/444
f 365/454/444 79/453/443 78/455/445
f 365/454/444 78/455/445 364/456/446
f 364/456/446 78/455/445 77/457/447
f 364/456/446 77/457/447 363/458/448
f 363/458/448 77/457/447 76/459/449
f 363/458/448 76/459/449 362/460/450
f 362/460/450 76/459/449 75/461/451
f 362/460/450 75/461/451 361/462/452
f 361/462/452 75/461/451 74/463/453
f 361/462/452 74/463/453 360/464/454
f 360/464/454 74/463/453 73/465/455
f 360/464/454 73/465/455 359/466/456
f 359/466/456 73/465/455 72/467/457
f 359/466/456 72/467/457 358/468/458
f 358/468/458 72/467/457 71/469/459
f 358/468/458 71/469/459 357/470/460
f 357/470/460 71/469/459 70/471/461
f 357/470/460 70/471/461 356/472/462
f 356/472/462 70/471/461 69/473/463
f 356/472/462 69/473/463 355/474/464
f 355/474/464 69/473/463 68/475/465
f 355/474/464 68/475/465 354/476/466
f 354/476/466 68/475/465 67/477/467
f 354/476/466 67/477/467 353/478/468
f 353/478/468 67/477/467 66/479/469
f 353/478/468 66/479/469 352/480/470
f 352/480/470 66/479/469 65/481/471
f 352/480/470 65/481/471 351/482/472
f 351/482/472 65/481/471 64/483/473
f 351/482/472 64/483/473 350/484/474
f 350/484/474 64/483/473 63/485/475
f 350/484/474 63/485/475 349/486/476
f 349/486/476 63/485/475 62/487/477
f 349/486/476 62/487/477 348/488/478
f 348/488/478 62/487/477 61/489/479
f 348/488/478 61/489/479 347/490/480
f 347/490/480 61/489/479 60/491/481
f 347/490/480 60/491/481 346/436/426
f 346/436/426 60/491/481 59/434/424
f 112/492/482 398/493/483 89/494/484
f 89/494/484 398/493/483 375/495/485
f 89/496/484 375/497/485 90/498/486
f 90/498/486 375/497/485 376/499/487
f 90/498/486 376/499/487 91/500/488
f 91/500/488 376/499/487 377/501/489
f 91/500/488 377/501/489 92/502/490
f 92/502/490 377/501/489 378/503/491
f 92/502/490 378/503/491 93/504/492
f 93/504/492 378/503/491 379/505/493
f 93/504/492 379/505/493 94/506/494
f 94/506/494 379/505/493 380/507/495
f 94/506/494 380/507/495 95/508/496
f 95/508/496 380/507/495 381/509/497
f 95/508/496 381/509/497 96/510/498
f 96/510/498 381/509/497 382/511/499
f 96/510/498 382/511/499 97/512/500
f 97/512/500 382/511/499 383/513/501
f 97/512/500 383/513/501 98/514/502
f 98/514/502 383/513/501 384/515/503
f 98/514/502 384/515/503 99/516/504
f 99/516/504 384/515/503 385/517/505
f 99/516/504 385/517/505 100/518/506
f 100/518/506 385/517/505 386/519/507
f 100/518/506 386/519/507 101/520/508
f 101/520/508 386/519/507 387/521/509
f 101/520/508 387/521/509 102/522/510
f 102/522/510 387/521/509 388/523/511
f 102/522/510 388/523/511 103/524/512
f 103/524/512 388/523/511 389/525/513
f 103/524/512 389/525/513 104/526/514
f 104/526/514 389/525/513 390/527/515
f 104/526/514 390/527/515 105/528/516
f 105/528/516 390/527/515 391/529/517
f 105/528/516 391/529/517 106/530/518
f 106/530/518 391/529/517 392/531/519
f 106/530/518 392/531/519 107/532/520
f 107/532/520 392/531/519 393/533/521
f 107/532/520 393/533/521 108/534/522
f 108/534/522 393/533/521 394/535/523
f 108/534/522 394/535/523 109/536/524
f 109/536/524 394/535/523 395/537/525
f 109/536/524 395/537/525 110/538/526
f 110/538/526 395/537/525 396/539/527
f 110/538/526 396/539/527 111/540/528
f 111/540/528 396/539/527 397/541/529
f 111/540/528 397/541/529 112/492/482
f 112/492/482 397/541/529 398/493/483
f 143/542/530 429/543/531 113/544/532
f 113/544/532 429/543/531 399/545/533
f 113/546/532 399/547/533 114/548/534
f 114/548/534 399/547/533 400/549/535
f 114/548/534 400/549/535 401/550/536
f 143/542/530 142/551/537 429/543/531
f 429/543/531 142/551/537 428/552/538
f 428/552/538 142/551/537 141/553/539
f 428/552/538 141/553/539 427/554/540
f 427/554/540 141/553/539 140/555/541
f 427/554/540 140/555/541 426/556/542
f 426/556/542 140/555/541 139/557/543
f 426/556/542 139/557/543 425/558/544
f 425/558/544 139/557/543 138/559/545
f 425/558/544 138/559/545 424/560/546
f 424/560/546 138/559/545 137/561/547
f 424/560/546 137/561/547 423/562/548
f 423/562/548 137/561/547 136/563/549
f 423/562/548 136/563/549 422/564/550
f 422/564/550 136/563/549 135/565/551
f 422/564/550 135/565/551 421/566/552
f 421/566/552 135/565/551 134/567/553
f 421/566/552 134/567/553 420/568/554
f 420/568/554 134/567/553 133/569/555
f 420/568/554 133/569/555 419/570/556
f 419/570/556 133/569/555 132/571/557
f 419/570/556 132/571/557 418/572/558
f 418/572/558 132/571/557 131/573/559
f 418/572/558 131/573/559 417/574/560
f 417/574/560 131/573/559 130/575/561
f 417/574/560 130/575/561 416/576/562
f 416/576/562 130/575/561 129/577/563
f 416/576/562 129/577/563 415/578/564
f 415/578/564 129/577/563 128/579/565
f 415/578/564 128/579/565 414/580/566
f 414/580/566 128/579/565 127/581/567
f 414/580/566 127/581/567 413/582/568
f 413/582/568 127/581/567 126/583/569
f 413/582/568 126/583/569 412/584/570
f 412/584/570 126/583/569 125/585/571
f 412/584/570 125/585/571 411/586/572
f 411/586/572 125/585/571 124/587/573
f 411/586/572 124/587/573 410/588/574
f 410/588/574 124/587/573 123/589/575
f 410/588/574 123/589/575 409/590/576
f 409/590/576 123/589/575 122/591/577
f 409/590/576 122/591/577 408/592/578
f 408/592/578 122/591/577 121/593/579
f 408/592/578 121/593/579 407/594/580
f 407/594/580 121/593/579 120/595/581
f 407/594/580 120/595/581 406/596/582
f 406/596/582 120/595/581 119/597/583
f 406/596/582 119/597/583 405/598/584
f 405/598/584 119/597/583 118/599/585
f 405/598/584 118/599/585 404/600/586
f 404/600/586 118/599/585 117/601/587
f 404/600/586 117/601/587 403/602/588
f 403/602/588 117/601/587 116/603/589
f 403/602/588 116/603/589 402/604/590
f 402/604/590 116/603/589 115/605/591
f 402/604/590 115/605/591 401/550/536
f 401/550/536 115/605/591 114/548/534
f 430/606/592 431/607/593 253/608/594
f 253/608/594 431/607/593 174/609/595
f 232/610/596 432/611/597 233/612/598
f 233/612/598 432/611/597 433/613/599
f 233/612/598 433/613/599 234/614/600
f 234/614/600 433/613/599 434/615/601
f 234/614/600 434/615/601 235/616/602
f 235/616/602 434/615/601 435/617/603
f 235/616/602 435/617/603 236/618/604
f 236/618/604 435/617/603 436/619/605
f 236/618/604 436/619/605 237/620/606
f 237/620/606 436/619/605 437/621/607
f 237/620/606 437/621/607 238/622/608
f 238/622/608 437/621/607 438/623/609
f 238/622/608 438/623/609 239/624/610
f 239/624/610 438/623/609 439/625/611
f 239/624/610 439/625/611 240/626/612
f 240/626/612 439/625/611 440/627/613
f 240/626/612 440/627/613 241/628/614
f 241/628/614 440/627/613 441/629/615
f 241/628/614 441/629/615 242/630/616
f 242/630/616 441/629/615 442/631/617
f 242/630/616 442/631/617 243/632/618
f 243/632/618 442/631/617 443/633/619
f 243/632/618 443/633/619 244/634/620
f 244/634/620 443/633/619 444/635/621
f 244/634/620 444/635/621 245/636/622
f 245/636/622 444/635/621 445/637/623
f 245/636/622 445/637/623 246/638/624
f 246/638/624 445/637/623 446/639/625
f 246/638/624 446/639/625 247/640/626
f 247/640/626 446/639/625 447/641/627
f 247/640/626 447/641/627 248/642/628
f 248/642/628 447/641/627 448/643/629
f 248/642/628 448/643/629 249/644/630
f 249/644/630 448/643/629 449/645/631
f 249/644/630 449/645/631 250/646/632
f 250/646/632 449/645/631 450/647/633
f 250/646/632 450/647/633 251/648/634
f 251/648/634 450/647/633 451/649/635
f 251/648/634 451/649/635 252/650/636
f 252/650/636 451/649/635 452/651/637
f 252/650/636 452/651/637 253/652/594
f 253/652/594 452/651/637 430/653/592
f 453/654/638 432/655/597 231/656/639
f 231/656/639 432/655/597 232/657/596
f 174/658/640 431/659/641 175/660/642
f 175/660/642 431/659/641 454/661/643
f 175/660/642 454/661/643 176/662/644
f 176/662/644 454/661/643 455/663/645
f 176/662/644 455/663/645 177/664/646
f 177/664/646 455/663/645 456/665/647
f 177/664/646 456/665/647 178/666/648
f 178/666/648 456/665/647 457/667/649
f 178/666/648 457/667/649 179/668/650
f 179/668/650 457/667/649 458/669/651
f 179/668/650 458/669/651 180/670/652
f 180/670/652 458/669/651 459/671/653
f 180/670/652 459/671/653 181/672/654
f 181/672/654 459/671/653 460/673/655
f 181/672/654 460/673/655 182/674/656
f 182/674/656 460/673/655 461/675/657
f 182/674/656 461/675/657 183/676/658
f 183/676/658 461/675/657 462/677/659
f 183/676/658 462/677/659 184/678/660
f 184/678/660 462/677/659 463/679/661
f 184/678/660 463/679/661 185/680/662
f 185/680/662 463/679/661 464/681/663
f 185/680/662 464/681/663 186/682/664
f 186/682/664 464/681/663 465/683/665
f 186/682/664 465/683/665 187/684/666
f 187/684/666 465/683/665 466/685/667
f 187/684/666 466/685/667 188/686/668
f 188/686/668 466/685/667 467/687/669
f 188/686/668 467/687/669 189/688/670
f 189/688/670 467/687/669 468/689/671
f 189/688/670 468/689/671 190/690/672
f 190/690/672 468/689/671 469/691/673
f 190/690/672 469/691/673 191/692/674
f 191/692/674 469/691/673 470/693/675
f 191/692/674 470/693/675 192/694/676
f 192/694/676 470/693/675 471/695/677
f 192/694/676 471/695/677 193/696/678
f 193/696/678 471/695/677 472/697/679
f 193/696/678 472/697/679 194/698/680
f 194/698/680 472/697/679 473/699/681
f 194/698/680 473/699/681 195/700/682
f 195/700/682 473/699/681 474/701/683
f 195/700/682 474/701/683 196/702/684
f 196/702/684 474/701/683 475/703/685
f 196/702/684 475/703/685 197/704/686
f 197/704/686 475/703/685 476/705/687
f 197/704/686 476/705/687 198/706/688
f 198/706/688 476/705/687 477/707/689
f 198/706/688 477/707/689 199/708/690
f 199/708/690 477/707/689 478/709/691
f 199/708/690 478/709/691 200/710/692
f 200/710/692 478/709/691 479/711/693
f 200/710/692 479/711/693 201/712/694
f 201/712/694 479/711/693 480/713/695
f 201/712/694 480/713/695 202/714/696
f 202/714/696 480/713/695 481/715/697
f 202/714/696 481/715/697 203/716/698
f 203/716/698 481/715/697 482/717/699
f 203/716/698 482/717/699 204/718/700
f 204/718/700 482/717/699 483/719/701
f 204/718/700 483/719/701 205/720/702
f 205/720/702 483/719/701 484/721/703
f 205/720/702 484/721/703 206/722/704
f 206/722/704 484/721/703 485/723/705
f 206/722/704 485/723/705 207/724/706
f 207/724/706 485/723/705 486/725/707
f 207/724/706 486/725/707 208/726/708
f 208/726/708 486/725/707 487/727/709
f 208/726/708 487/727/709 209/728/710
f 209/728/710 487/727/709 488/729/711
f 209/728/710 488/729/711 210/730/712
f 210/730/712 488/729/711 489/731/713
f 210/730/712 489/731/713 211/732/714
f 211/732/714 489/731/713 490/733/715
f 211/732/714 490/733/715 212/734/716
f 212/734/716 490/733/715 491/735/717
f 212/734/716 491/735/717 213/736/718
f 213/736/718 491/735/717 492/737/719
f 213/736/718 492/737/719 214/738/720
f 214/738/720 492/737/719 493/739/721
f 214/738/720 493/739/721 215/740/722
f 215/740/722 493/739/721 494/741/723
f 215/740/722 494/741/723 216/742/724
f 216/742/724 494/741/723 495/743/725
f 216/742/724 495/743/725 217/744/726
f 217/744/726 495/743/725 496/745/727
f 217/744/726 496/745/727 218/746/728
f 218/746/728 496/745/727 497/747/729
f 218/746/728 497/747/729 219/748/730
f 219/748/730 497/747/729 498/749/731
f 219/748/730 498/749/731 220/750/732
f 220/750/732 498/749/731 499/751/733
f 220/750/732 499/751/733 221/752/734
f 221/752/734 499/751/733 500/753/735
f 221/752/734 500/753/735 222/754/736
f 222/754/736 500/753/735 501/755/737
f 222/754/736 501/755/737 223/756/738
f 223/756/738 501/755/737 502/757/739
f 223/756/738 502/757/739 224/758/740
f 224/758/740 502/757/739 503/759/741
f 224/758/740 503/759/741 225/760/742
f 225/760/742 503/759/741 504/761/743
f 225/760/742 504/761/743 226/762/744
f 226/762/744 504/761/743 505/763/745
f 226/762/744 505/763/745 227/764/746
f 227/764/746 505/763/745 506/765/747
f 227/764/746 506/765/747 228/766/748
f 228/766/748 506/765/747 507/767/749
f 228/766/748 507/767/749 229/768/750
f 229/768/750 507/767/749 508/769/751
f 229/768/750 508/769/751 230/770/752
f 230/770/752 508/769/751 509/771/753
f 230/770/752 509/771/753 231/772/754
f 231/772/754 509/771/753 453/773/755
f 284/774/756 540/775/757 254/776/758
f 254/776/758 540/775/757 510/777/759
f 254/778/758 510/779/759 255/780/760
f 255/780/760 510/779/759 511/781/761
f 255/780/760 511/781/761 512/782/762
f 284/774/756 283/783/763 540/775/757
f 540/775/757 283/783/763 539/784/764
f 539/784/764 283/783/763 282/785/765
f 539/784/764 282/785/765 538/786/766
f 538/786/766 282/785/765 281/787/767
f 538/786/766 281/787/767 537/788/768
f 537/788/768 281/787/767 280/789/769
f 537/788/768 280/789/769 536/790/770
f 536/790/770 280/789/769 279/791/771
f 536/790/770 279/791/771 535/792/772
f 535/792/772 279/791/771 278/793/773
f 535/792/772 278/793/773 534/794/774
f 534/794/774 278/793/773 277/795/775
f 534/794/774 277/795/775 533/796/776
f 533/796/776 277/795/775 276/797/777
f 533/796/776 276/797/777 532/798/778
f 532/798/778 276/797/777 275/799/779
f 532/798/778 275/799/779 531/800/780
f 531/800/780 275/799/779 274/801/781
f 531/800/780 274/801/781 530/802/782
f 530/802/782 274/801/781 273/803/783
f 530/802/782 273/803/783 529/804/784
f 529/804/784 273/803/783 272/805/785
f 529/804/784 272/805/785 528/806/786
f 528/806/786 272/805/785 271/807/787
f 528/806/786 271/807/787 527/808/788
f 527/808/788 271/807/787 270/809/789
f 527/808/788 270/809/789 526/810/790
f 526/810/790 270/809/789 269/811/791
f 526/810/790 269/811/791 525/812/792
f 525/812/792 269/811/791 268/813/793
f 525/812/792 268/813/793 524/814/794
f 524/814/794 268/813/793 267/815/795
f 524/814/794 267/815/795 523/816/796
f 523/816/796 267/815/795 266/817/797
f 523/816/796 266/817/797 522/818/798
f 522/818/798 266/817/797 265/819/799
f 522/818/798 265/819/799 521/820/800
f 521/820/800 265/819/799 264/821/801
f 521/820/800 264/821/801 520/822/802
f 520/822/802 264/821/801 263/823/803
f 520/822/802 263/823/803 519/824/804
f 519/824/804 263/823/803 262/825/805
f 519/824/804 262/825/805 518/826/806
f 518/826/806 262/825/805 261/827/807
f 518/826/806 261/827/807 517/828/808
f 517/828/808 261/827/807 260/829/809
f 517/828/808 260/829/809 516/830/810
f 516/830/810 260/829/809 259/831/811
f 516/830/810 259/831/811 515/832/812
f 515/832/812 259/831/811 258/833/813
f 515/832/812 258/833/813 514/834/814
f 514/834/814 258/833/813 257/835/815
f 514/834/814 257/835/815 513/836/816
f 513/836/816 257/835/815 256/837/817
f 513/836/816 256/837/817 512/782/762
f 512/782/762 256/837/817 255/780/760
f 159/838/818 158/839/819 312/840/820
f 312/840/820 158/839/819 541/841/821
f 542/842/822 541/843/823 157/844/824
f 157/844/824 541/843/823 158/845/825
f 297/846/300 542/847/826 156/848/301
f 156/848/301 542/847/826 157/849/827
f 25/850/828 447/851/829 26/852/830
f 26/852/830 447/851/829 446/853/831
f 26/852/830 446/853/831 445/854/832
f 447/851/829 25/850/828 448/855/833
f 448/855/833 25/850/828 24/856/834
f 448/855/833 24/856/834 23/857/835
f 23/857/835 22/858/836 448/855/833
f 448/855/833 22/858/836 449/859/837
f 449/859/837 22/858/836 21/860/838
f 449/859/837 21/860/838 20/861/839
f 20/861/839 19/862/840 449/859/837
f 449/859/837 19/862/840 450/863/841
f 450/863/841 19/862/840 18/864/842
f 450/863/841 18/864/842 17/865/843
f 17/865/843 16/866/844 450/863/841
f 450/863/841 16/866/844 15/867/845
f 450/863/841 15/867/845 14/868/846
f 311/869/847 430/870/848 14/868/846
f 14/868/846 430/870/848 452/871/849
f 14/868/846 452/871/849 451/872/850
f 310/873/851 457/874/852 311/869/847
f 311/869/847 457/874/852 456/875/853
f 311/869/847 456/875/853 455/876/854
f 457/874/852 310/873/851 458/877/855
f 458/877/855 310/873/851 309/878/856
f 458/877/855 309/878/856 459/879/857
f 459/879/857 309/878/856 308/880/858
f 459/879/857 308/880/858 460/881/859
f 460/881/859 308/880/858 307/882/860
f 460/881/859 307/882/860 306/883/861
f 460/881/859 306/883/861 461/884/862
f 461/884/862 306/883/861 305/885/863
f 461/884/862 305/885/863 462/886/864
f 462/886/864 305/885/863 304/887/865
f 462/886/864 304/887/865 303/888/866
f 462/886/864 303/888/866 463/889/867
f 463/889/867 303/888/866 302/890/868
f 463/889/867 302/890/868 464/891/869
f 464/891/869 302/890/868 301/892/870
f 464/891/869 301/892/870 300/893/871
f 464/891/869 300/893/871 465/894/872
f 465/894/872 300/893/871 299/895/873
f 465/894/872 299/895/873 298/896/874
f 312/897/875 352/898/876 298/896/874
f 298/896/874 352/898/876 351/899/877
f 298/896/874 351/899/877 350/900/878
f 541/901/879 361/902/880 312/897/875
f 312/897/875 361/902/880 360/903/881
f 312/897/875 360/903/881 359/904/882
f 542/905/883 338/906/884 541/901/879
f 541/901/879 338/906/884 337/907/885
f 541/901/879 337/907/885 336/908/886
f 297/909/887 400/910/888 542/905/883
f 542/905/883 400/910/888 399/911/889
f 542/905/883 399/911/889 429/912/890
f 296/913/891 376/914/892 297/909/887
f 297/909/887 376/914/892 375/915/893
f 297/909/887 375/915/893 398/916/894
f 296/913/891 295/917/895 376/914/892
f 376/914/892 295/917/895 377/918/896
f 377/918/896 295/917/895 294/919/897
f 377/918/896 294/919/897 293/920/898
f 293/920/898 292/921/899 377/918/896
f 377/918/896 292/921/899 378/922/900
f 378/922/900 292/921/899 291/923/901
f 378/922/900 291/923/901 290/924/902
f 378/922/900 290/924/902 379/925/903
f 379/925/903 290/924/902 289/926/904
f 379/925/903 289/926/904 288/927/905
f 379/925/903 288/927/905 380/928/906
f 380/928/906 288/927/905 287/929/907
f 380/928/906 287/929/907 381/930/908
f 381/930/908 287/929/907 286/931/909
f 381/930/908 286/931/909 382/932/910
f 382/932/910 286/931/909 285/933/911
f 382/932/910 285/933/911 383/934/912
f 383/934/912 285/933/911 384/935/913
f 384/935/913 285/933/911 385/936/914
f 385/936/914 285/933/911 386/937/915
f 386/937/915 285/933/911 435/938/916
f 386/937/915 435/938/916 434/939/917
f 26/852/830 439/940/918 285/933/911
f 285/933/911 439/940/918 438/941/919
f 285/933/911 438/941/919 437/942/920
f 511/943/921 510/944/922 542/905/883
f 542/905/883 510/944/922 540/945/923
f 542/905/883 540/945/923 539/946/924
f 539/946/924 538/947/925 542/905/883
f 542/905/883 538/947/925 537/948/926
f 542/905/883 537/948/926 536/949/927
f 536/949/927 535/950/928 542/905/883
f 542/905/883 535/950/928 534/951/929
f 542/905/883 534/951/929 533/952/930
f 533/952/930 532/953/931 542/905/883
f 542/905/883 532/953/931 531/954/932
f 542/905/883 531/954/932 338/906/884
f 338/906/884 531/954/932 339/955/933
f 339/955/933 531/954/932 530/956/934
f 339/955/933 530/956/934 340/957/935
f 340/957/935 530/956/934 481/958/936
f 340/957/935 481/958/936 480/959/937
f 481/958/936 530/956/934 482/960/938
f 482/960/938 530/956/934 529/961/939
f 482/960/938 529/961/939 483/962/940
f 483/962/940 529/961/939 484/963/941
f 484/963/941 529/961/939 528/964/942
f 484/963/941 528/964/942 485/965/943
f 485/965/943 528/964/942 486/966/944
f 486/966/944 528/964/942 527/967/945
f 486/966/944 527/967/945 487/968/946
f 487/968/946 527/967/945 526/969/947
f 487/968/946 526/969/947 488/970/948
f 488/970/948 526/969/947 489/971/949
f 489/971/949 526/969/947 525/972/950
f 489/971/949 525/972/950 490/973/951
f 490/973/951 525/972/950 524/974/952
f 490/973/951 524/974/952 491/975/953
f 491/975/953 524/974/952 492/976/954
f 492/976/954 524/974/952 523/977/955
f 492/976/954 523/977/955 417/978/956
f 417/978/956 523/977/955 522/979/957
f 417/978/956 522/979/957 418/980/958
f 418/980/958 522/979/957 521/981/959
f 418/980/958 521/981/959 419/982/960
f 419/982/960 521/981/959 520/983/961
f 419/982/960 520/983/961 420/984/962
f 420/984/962 520/983/961 519/985/963
f 420/984/962 519/985/963 421/986/964
f 421/986/964 519/985/963 518/987/965
f 421/986/964 518/987/965 422/988/966
f 422/988/966 518/987/965 517/989/967
f 422/988/966 517/989/967 423/990/968
f 423/990/968 517/989/967 516/991/969
f 423/990/968 516/991/969 424/992/970
f 424/992/970 516/991/969 515/993/971
f 424/992/970 515/993/971 425/994/972
f 425/994/972 515/993/971 514/995/973
f 425/994/972 514/995/973 426/996/974
f 426/996/974 514/995/973 513/997/975
f 426/996/974 513/997/975 427/998/976
f 427/998/976 513/997/975 512/999/977
f 427/998/976 512/999/977 428/1000/978
f 428/1000/978 512/999/977 429/912/890
f 429/912/890 512/999/977 511/943/921
f 429/912/890 511/943/921 542/905/883
f 453/1001/979 509/1002/980 432/1003/981
f 432/1003/981 509/1002/980 508/1004/982
f 432/1003/981 508/1004/982 507/1005/983
f 432/1003/981 507/1005/983 391/1006/984
f 391/1006/984 507/1005/983 506/1007/985
f 391/1006/984 506/1007/985 392/1008/986
f 392/1008/986 506/1007/985 505/1009/987
f 392/1008/986 505/1009/987 393/1010/988
f 393/1010/988 505/1009/987 504/1011/989
f 393/1010/988 504/1011/989 503/1012/990
f 502/1013/991 406/1014/992 503/1012/990
f 503/1012/990 406/1014/992 394/1015/993
f 503/1012/990 394/1015/993 393/1010/988
f 406/1014/992 502/1013/991 407/1016/994
f 407/1016/994 502/1013/991 501/1017/995
f 407/1016/994 501/1017/995 408/1018/996
f 408/1018/996 501/1017/995 500/1019/997
f 408/1018/996 500/1019/997 409/1020/998
f 409/1020/998 500/1019/997 499/1021/999
f 409/1020/998 499/1021/999 410/1022/1000
f 410/1022/1000 499/1021/999 498/1023/1001
f 410/1022/1000 498/1023/1001 411/1024/1002
f 411/1024/1002 498/1023/1001 497/1025/1003
f 411/1024/1002 497/1025/1003 412/1026/1004
f 412/1026/1004 497/1025/1003 496/1027/1005
f 412/1026/1004 496/1027/1005 413/1028/1006
f 413/1028/1006 496/1027/1005 495/1029/1007
f 413/1028/1006 495/1029/1007 414/1030/1008
f 414/1030/1008 495/1029/1007 494/1031/1009
f 414/1030/1008 494/1031/1009 415/1032/1010
f 415/1032/1010 494/1031/1009 493/1033/1011
f 415/1032/1010 493/1033/1011 416/1034/1012
f 416/1034/1012 493/1033/1011 492/976/954
f 416/1034/1012 492/976/954 417/978/956
f 340/957/935 480/959/937 341/1035/1013
f 341/1035/1013 480/959/937 479/1036/1014
f 341/1035/1013 479/1036/1014 478/1037/1015
f 341/1035/1013 478/1037/1015 342/1038/1016
f 342/1038/1016 478/1037/1015 477/1039/1017
f 342/1038/1016 477/1039/1017 476/1040/1018
f 342/1038/1016 476/1040/1018 343/1041/1019
f 343/1041/1019 476/1040/1018 475/1042/1020
f 343/1041/1019 475/1042/1020 313/1043/1021
f 313/1043/1021 475/1042/1020 474/1044/1022
f 313/1043/1021 474/1044/1022 473/1045/1023
f 313/1043/1021 473/1045/1023 314/1046/1024
f 314/1046/1024 473/1045/1023 472/1047/1025
f 314/1046/1024 472/1047/1025 315/1048/1026
f 315/1048/1026 472/1047/1025 471/1049/1027
f 315/1048/1026 471/1049/1027 373/1050/1028
f 373/1050/1028 471/1049/1027 374/1051/1029
f 374/1051/1029 471/1049/1027 470/1052/1030
f 374/1051/1029 470/1052/1030 344/1053/1031
f 344/1053/1031 470/1052/1030 469/1054/1032
f 344/1053/1031 469/1054/1032 468/1055/1033
f 467/1056/1034 298/896/874 468/1055/1033
f 468/1055/1033 298/896/874 345/1057/1035
f 468/1055/1033 345/1057/1035 344/1053/1031
f 467/1056/1034 466/1058/1036 298/896/874
f 298/896/874 466/1058/1036 465/894/872
f 455/876/854 454/1059/1037 311/869/847
f 311/869/847 454/1059/1037 431/1060/1038
f 311/869/847 431/1060/1038 430/870/848
f 451/872/850 450/863/841 14/868/846
f 445/854/832 444/1061/1039 26/852/830
f 26/852/830 444/1061/1039 443/1062/1040
f 26/852/830 443/1062/1040 442/1063/1041
f 442/1063/1041 441/1064/1042 26/852/830
f 26/852/830 441/1064/1042 440/1065/1043
f 26/852/830 440/1065/1043 439/940/918
f 437/942/920 436/1066/1044 285/933/911
f 285/933/911 436/1066/1044 435/938/916
f 386/937/915 434/939/917 387/1067/1045
f 387/1067/1045 434/939/917 433/1068/1046
f 387/1067/1045 433/1068/1046 388/1069/1047
f 388/1069/1047 433/1068/1046 432/1003/981
f 388/1069/1047 432/1003/981 389/1070/1048
f 389/1070/1048 432/1003/981 390/1071/1049
f 390/1071/1049 432/1003/981 391/1006/984
f 406/1014/992 405/1072/1050 394/1015/993
f 394/1015/993 405/1072/1050 395/1073/1051
f 395/1073/1051 405/1072/1050 404/1074/1052
f 395/1073/1051 404/1074/1052 396/1075/1053
f 396/1075/1053 404/1074/1052 297/909/887
f 396/1075/1053 297/909/887 397/1076/1054
f 397/1076/1054 297/909/887 398/916/894
f 404/1074/1052 403/1077/1055 297/909/887
f 297/909/887 403/1077/1055 402/1078/1056
f 297/909/887 402/1078/1056 401/1079/1057
f 401/1079/1057 400/910/888 297/909/887
f 373/1050/1028 372/1080/1058 315/1048/1026
f 315/1048/1026 372/1080/1058 316/1081/1059
f 316/1081/1059 372/1080/1058 371/1082/1060
f 316/1081/1059 371/1082/1060 317/1083/1061
f 317/1083/1061 371/1082/1060 370/1084/1062
f 317/1083/1061 370/1084/1062 318/1085/1063
f 318/1085/1063 370/1084/1062 369/1086/1064
f 318/1085/1063 369/1086/1064 319/1087/1065
f 319/1087/1065 369/1086/1064 368/1088/1066
f 319/1087/1065 368/1088/1066 320/1089/1067
f 320/1089/1067 368/1088/1066 367/1090/1068
f 320/1089/1067 367/1090/1068 321/1091/1069
f 321/1091/1069 367/1090/1068 322/1092/1070
f 322/1092/1070 367/1090/1068 366/1093/1071
f 322/1092/1070 366/1093/1071 323/1094/1072
f 323/1094/1072 366/1093/1071 365/1095/1073
f 323/1094/1072 365/1095/1073 324/1096/1074
f 324/1096/1074 365/1095/1073 364/1097/1075
f 324/1096/1074 364/1097/1075 325/1098/1076
f 325/1098/1076 364/1097/1075 363/1099/1077
f 325/1098/1076 363/1099/1077 326/1100/1078
f 326/1100/1078 363/1099/1077 362/1101/1079
f 326/1100/1078 362/1101/1079 361/902/880
f 359/904/882 358/1102/1080 312/897/875
f 312/897/875 358/1102/1080 357/1103/1081
f 312/897/875 357/1103/1081 356/1104/1082
f 356/1104/1082 355/1105/1083 312/897/875
f 312/897/875 355/1105/1083 354/1106/1084
f 312/897/875 354/1106/1084 353/1107/1085
f 353/1107/1085 352/898/876 312/897/875
f 350/900/878 349/1108/1086 298/896/874
f 298/896/874 349/1108/1086 348/1109/1087
f 298/896/874 348/1109/1087 347/1110/1088
f 347/1110/1088 346/1111/1089 298/896/874
f 298/896/874 346/1111/1089 345/1057/1035
f 336/908/886 335/1112/1090 541/901/879
f 541/901/879 335/1112/1090 334/1113/1091
f 541/901/879 334/1113/1091 333/1114/1092
f 333/1114/1092 332/1115/1093 541/901/879
f 541/901/879 332/1115/1093 331/1116/1094
f 541/901/879 331/1116/1094 330/1117/1095
f 330/1117/1095 329/1118/1096 541/901/879
f 541/901/879 329/1118/1096 328/1119/1097
f 541/901/879 328/1119/1097 327/1120/1098
f 541/901/879 327/1120/1098 361/902/880
f 361/902/880 327/1120/1098 326/1100/1078
# 542 vertices
# 1120 texture params
# 1098 normals
# 1104 facets

# 1 groups
