%
(Header)
(Fixed: Body1-spacer-028.nc -> Body1-spacer-028_fixed.ngc)
(Generated & Repaired by Antigravity G-Code Fixer)
M3
(Header end.)
G21
G90
G00 X0.1295 Y37.3621
G00 Z4.9900
G00 X9.0398 Y83.5762
G1 X8.8663 Y83.7471 Z4.9470 F200
G1 X8.7227 Y83.9441 Z4.9041
G1 X8.6130 Y84.1618 Z4.8611
G1 X8.5402 Y84.3942 Z4.8181
G1 X8.5060 Y84.6356 Z4.7752
G1 X8.5114 Y84.8792 Z4.7322
G1 X8.5563 Y85.1187 Z4.6892
G1 X8.6395 Y85.3478 Z4.6462
G1 X8.7587 Y85.5603 Z4.6033
G1 X8.9108 Y85.7507 Z4.5603
G1 X9.0919 Y85.9138 Z4.5173
G1 X9.2969 Y86.0454 Z4.4744
G1 X9.5207 Y86.1420 Z4.4314
G1 X9.7571 Y86.2010 Z4.3884
G1 X10.0 Y86.2208 Z4.3455
G1 X10.2429 Y86.2010 Z4.3025
G1 X10.4794 Y86.1420 Z4.2595
G1 X10.7031 Y86.0455 Z4.2166
G1 X10.9082 Y85.9138 Z4.1736
G1 X11.0892 Y85.7507 Z4.1306
G1 X11.2413 Y85.5603 Z4.0877
G1 X11.3606 Y85.3478 Z4.0447
G1 X11.4438 Y85.1187 Z4.0017
G1 X11.4886 Y84.8792 Z3.9587
G1 X11.4941 Y84.6355 Z3.9158
G1 X11.4599 Y84.3943 Z3.8728
G1 X11.3870 Y84.1618 Z3.8298
G1 X11.2773 Y83.9441 Z3.7869
G1 X11.1338 Y83.7472 Z3.7439
G1 X10.9602 Y83.5762 Z3.7009
G1 X10.7200 Y83.4064 Z3.6491
G1 X10.5116 Y83.2779 Z3.6059
G1 X10.3589 Y83.2106 Z3.5765
G1 X10.2030 Y83.1796 Z3.5484
G1 X10.0 Y83.1663 Z3.5126
G1 X9.7970 Y83.1796 Z3.4767
G1 X9.6411 Y83.2106 Z3.4487
G1 X9.4888 Y83.2777 Z3.4193
G1 X9.2800 Y83.4065 Z3.3761
G1 X9.0398 Y83.5762 Z3.3242
G1 X8.8663 Y83.7471 Z3.2812
G1 X8.7227 Y83.9441 Z3.2383
G1 X8.6130 Y84.1618 Z3.1953
G1 X8.5402 Y84.3942 Z3.1523
G1 X8.5060 Y84.6356 Z3.1094
G1 X8.5114 Y84.8792 Z3.0664
G1 X8.5563 Y85.1187 Z3.0234
G1 X8.6395 Y85.3478 Z2.9804
G1 X8.7587 Y85.5603 Z2.9375
G1 X8.9108 Y85.7507 Z2.8945
G1 X9.0919 Y85.9138 Z2.8515
G1 X9.2969 Y86.0454 Z2.8086
G1 X9.5207 Y86.1420 Z2.7656
G1 X9.7571 Y86.2010 Z2.7226
G1 X10.0 Y86.2208 Z2.6797
G1 X10.2429 Y86.2010 Z2.6367
G1 X10.4794 Y86.1420 Z2.5937
G1 X10.7031 Y86.0455 Z2.5508
G1 X10.9082 Y85.9138 Z2.5078
G1 X11.0892 Y85.7507 Z2.4648
G1 X11.2413 Y85.5603 Z2.4219
G1 X11.3606 Y85.3478 Z2.3789
G1 X11.4438 Y85.1187 Z2.3359
G1 X11.4886 Y84.8792 Z2.2929
G1 X11.4941 Y84.6355 Z2.2500
G1 X11.4599 Y84.3943 Z2.2070
G1 X11.3870 Y84.1618 Z2.1640
G1 X11.2773 Y83.9441 Z2.1211
G1 X11.1338 Y83.7472 Z2.0781
G1 X10.9602 Y83.5762 Z2.0351
G1 X10.7200 Y83.4064 Z1.9833
G1 X10.5116 Y83.2779 Z1.9401
G1 X10.3589 Y83.2106 Z1.9107
G1 X10.2030 Y83.1796 Z1.8826
G1 X10.0 Y83.1663 Z1.8468
G1 X9.7970 Y83.1796 Z1.8109
G1 X9.6411 Y83.2106 Z1.7829
G1 X9.4888 Y83.2777 Z1.7535
G1 X9.2800 Y83.4065 Z1.7103
G1 X9.0398 Y83.5762 Z1.6584
G1 X8.8663 Y83.7471 Z1.6154
G1 X8.7227 Y83.9441 Z1.5725
G1 X8.6130 Y84.1618 Z1.5295
G1 X8.5402 Y84.3942 Z1.4865
G1 X8.5060 Y84.6356 Z1.4436
G1 X8.5114 Y84.8792 Z1.4006
G1 X8.5563 Y85.1187 Z1.3576
G1 X8.6395 Y85.3478 Z1.3146
G1 X8.7587 Y85.5603 Z1.2717
G1 X8.9108 Y85.7507 Z1.2287
G1 X9.0919 Y85.9138 Z1.1857
G1 X9.2969 Y86.0454 Z1.1428
G1 X9.5207 Y86.1420 Z1.0998
G1 X9.7571 Y86.2010 Z1.0568
G1 X10.0 Y86.2208 Z1.0139
G1 X10.2429 Y86.2010 Z0.9709
G1 X10.4794 Y86.1420 Z0.9279
G1 X10.7031 Y86.0455 Z0.8850
G1 X10.9082 Y85.9138 Z0.8420
G1 X11.0892 Y85.7507 Z0.7990
G1 X11.2413 Y85.5603 Z0.7561
G1 X11.3606 Y85.3478 Z0.7131
G1 X11.4438 Y85.1187 Z0.6701
G1 X11.4886 Y84.8792 Z0.6271
G1 X11.4941 Y84.6355 Z0.5842
G1 X11.4599 Y84.3943 Z0.5412
G1 X11.3870 Y84.1618 Z0.4982
G1 X11.2773 Y83.9441 Z0.4553
G1 X11.1338 Y83.7472 Z0.4123
G1 X10.9602 Y83.5762 Z0.3693
G1 X10.7200 Y83.4064 Z0.3175
G1 X10.5116 Y83.2779 Z0.2743
G1 X10.3589 Y83.2106 Z0.2449
G1 X10.2030 Y83.1796 Z0.2168
G1 X10.0 Y83.1663 Z0.1810
G1 X9.7970 Y83.1796 Z0.1451
G1 X9.6411 Y83.2106 Z0.1171
G1 X9.4888 Y83.2777 Z0.0877
G1 X9.2800 Y83.4065 Z0.0445
G1 X9.0398 Y83.5762 Z-0.0074
G1 X8.8663 Y83.7471 Z-0.0504
G1 X8.7227 Y83.9441 Z-0.0933
G1 X8.6130 Y84.1618 Z-0.1363
G1 X8.5402 Y84.3942 Z-0.1793
G1 X8.5060 Y84.6356 Z-0.2222
G1 X8.5114 Y84.8792 Z-0.2652
G1 X8.5563 Y85.1187 Z-0.3082
G1 X8.6395 Y85.3478 Z-0.3512
G1 X8.7587 Y85.5603 Z-0.3941
G1 X8.9108 Y85.7507 Z-0.4371
G1 X9.0919 Y85.9138 Z-0.4801
G1 X9.2969 Y86.0454 Z-0.4827
G1 X9.5207 Y86.1420 F480
G1 X9.7571 Y86.2010
G1 X10.0 Y86.2208
G1 X10.2429 Y86.2010
G1 X10.4794 Y86.1420
G1 X10.7031 Y86.0455
G1 X10.9082 Y85.9138
G1 X11.0892 Y85.7507
G1 X11.2413 Y85.5603
G1 X11.3606 Y85.3478
G1 X11.4438 Y85.1187
G1 X11.4886 Y84.8792
G1 X11.4941 Y84.6355
G1 X11.4599 Y84.3943
G1 X11.3870 Y84.1618
G1 X11.2773 Y83.9441
G1 X11.1338 Y83.7472
G1 X10.9602 Y83.5762
G1 X10.7200 Y83.4064
G1 X10.5116 Y83.2779
G1 X10.3589 Y83.2106
G1 X10.2030 Y83.1796
G1 X10.0 Y83.1663
G1 X9.7970 Y83.1796
G1 X9.6411 Y83.2106
G1 X9.4888 Y83.2777
G1 X9.2800 Y83.4065
G1 X9.0398 Y83.5762
G1 X8.8663 Y83.7471
G1 X8.7227 Y83.9441
G1 X8.6130 Y84.1618
G1 X8.5402 Y84.3942
G1 X8.5060 Y84.6356
G1 X8.5114 Y84.8792
G1 X8.5563 Y85.1187
G1 X8.6395 Y85.3478
G1 X8.7587 Y85.5603
G1 X8.9108 Y85.7507
G1 X9.0919 Y85.9138
G1 X9.2969 Y86.0454
G00 Z4.9900
G00 X9.7969 Y93.1796
G1 Z0.0900 F200
G1 X9.6411 Y93.2106 Z0.0620
G1 X9.4888 Y93.2777 Z0.0326
G1 X9.2800 Y93.4064 Z-0.0106
G1 X9.0398 Y93.5761 Z-0.0625
G1 X8.8663 Y93.7471 Z-0.1054
G1 X8.7227 Y93.9441 Z-0.1484
G1 X8.6130 Y94.1618 Z-0.1914
G1 X8.5401 Y94.3942 Z-0.2343
G1 X8.5060 Y94.6355 Z-0.2773
G1 X8.5114 Y94.8792 Z-0.3203
G1 X8.5563 Y95.1187 Z-0.3633
G1 X8.6395 Y95.3478 Z-0.4062
G1 X8.7587 Y95.5603 Z-0.4492
G1 X8.9108 Y95.7507 Z-0.4827
G1 X9.0918 Y95.9138 F480
G1 X9.2969 Y96.0454
G1 X9.5207 Y96.1420
G1 X9.7571 Y96.2010
G1 X10.0 Y96.2208
G1 X10.2429 Y96.2010
G1 X10.4794 Y96.1420
G1 X10.7030 Y96.0454
G1 X10.9082 Y95.9138
G1 X11.0892 Y95.7507
G1 X11.2414 Y95.5603
G1 X11.3606 Y95.3478
G1 X11.4438 Y95.1187
G1 X11.4886 Y94.8792
G1 X11.4941 Y94.6355
G1 X11.4599 Y94.3942
G1 X11.3870 Y94.1618
G1 X11.2773 Y93.9441
G1 X11.1338 Y93.7472
G1 X10.9602 Y93.5761
G1 X10.7199 Y93.4064
G1 X10.5116 Y93.2779
G1 X10.3589 Y93.2106
G1 X10.2031 Y93.1796
G1 X10.0 Y93.1663
G1 X9.7969 Y93.1796
G1 X9.6411 Y93.2106
G1 X9.4888 Y93.2777
G1 X9.2800 Y93.4064
G1 X9.0398 Y93.5761
G1 X8.8663 Y93.7471
G1 X8.7227 Y93.9441
G1 X8.6130 Y94.1618
G1 X8.5401 Y94.3942
G1 X8.5060 Y94.6355
G1 X8.5114 Y94.8792
G1 X8.5563 Y95.1187
G1 X8.6395 Y95.3478
G1 X8.7587 Y95.5603
G1 X8.9108 Y95.7507
G00 Z4.9900
G00 X48.5114 Y94.8792
G1 Z0.0900 F200
G1 X48.5563 Y95.1187 Z0.0470
G1 X48.6394 Y95.3478 Z0.0041
G1 X48.7587 Y95.5603 Z-0.0389
G1 X48.9108 Y95.7507 Z-0.0819
G1 X49.0918 Y95.9138 Z-0.1248
G1 X49.2970 Y96.0454 Z-0.1678
G1 X49.5206 Y96.1420 Z-0.2108
G1 X49.7570 Y96.2010 Z-0.2537
G1 X50.0 Y96.2208 Z-0.2967
G1 X50.2429 Y96.2010 Z-0.3397
G1 X50.4793 Y96.1420 Z-0.3827
G1 X50.7031 Y96.0454 Z-0.4256
G1 X50.9082 Y95.9138 Z-0.4686
G1 X51.0892 Y95.7507 Z-0.4827
G1 X51.2413 Y95.5603 F480
G1 X51.3605 Y95.3478
G1 X51.4437 Y95.1187
G1 X51.4886 Y94.8792
G1 X51.4940 Y94.6380
G1 X51.4569 Y94.3847
G1 X51.3870 Y94.1618
G1 X51.2773 Y93.9441
G1 X51.1338 Y93.7471
G1 X50.9602 Y93.5761
G1 X50.7201 Y93.4065
G1 X50.5116 Y93.2779
G1 X50.3589 Y93.2106
G1 X50.2031 Y93.1796
G1 X50.0 Y93.1663
G1 X49.7969 Y93.1796
G1 X49.6411 Y93.2106
G1 X49.4887 Y93.2777
G1 X49.2801 Y93.4064
G1 X49.0398 Y93.5761
G1 X48.8662 Y93.7472
G1 X48.7227 Y93.9441
G1 X48.6130 Y94.1617
G1 X48.5401 Y94.3943
G1 X48.5059 Y94.6355
G1 X48.5114 Y94.8792
G1 X48.5563 Y95.1187
G1 X48.6394 Y95.3478
G1 X48.7587 Y95.5603
G1 X48.9108 Y95.7507
G1 X49.0918 Y95.9138
G1 X49.2970 Y96.0454
G1 X49.5206 Y96.1420
G1 X49.7570 Y96.2010
G1 X50.0 Y96.2208
G1 X50.2429 Y96.2010
G1 X50.4793 Y96.1420
G1 X50.7031 Y96.0454
G1 X50.9082 Y95.9138
G1 X51.0892 Y95.7507
G00 Z4.9900
G00 X50.2429 Y86.2010
G1 Z0.0900 F200
G1 X50.4793 Y86.1420 Z0.0470
G1 X50.7031 Y86.0454 Z0.0041
G1 X50.9082 Y85.9138 Z-0.0389
G1 X51.0892 Y85.7507 Z-0.0819
G1 X51.2413 Y85.5603 Z-0.1248
G1 X51.3605 Y85.3478 Z-0.1678
G1 X51.4437 Y85.1187 Z-0.2108
G1 X51.4886 Y84.8792 Z-0.2537
G1 X51.4940 Y84.6356 Z-0.2967
G1 X51.4598 Y84.3942 Z-0.3397
G1 X51.3870 Y84.1618 Z-0.3826
G1 X51.2773 Y83.9441 Z-0.4256
G1 X51.1338 Y83.7471 Z-0.4686
G1 X50.9602 Y83.5761 Z-0.4827
G1 X50.7201 Y83.4065 F480
G1 X50.5116 Y83.2779
G1 X50.3589 Y83.2106
G1 X50.2030 Y83.1796
G1 X50.0 Y83.1663
G1 X49.7970 Y83.1796
G1 X49.6410 Y83.2106
G1 X49.4888 Y83.2777
G1 X49.2800 Y83.4065
G1 X49.0398 Y83.5762
G1 X48.8662 Y83.7472
G1 X48.7227 Y83.9441
G1 X48.6130 Y84.1618
G1 X48.5401 Y84.3943
G1 X48.5059 Y84.6355
G1 X48.5114 Y84.8792
G1 X48.5563 Y85.1187
G1 X48.6394 Y85.3478
G1 X48.7587 Y85.5603
G1 X48.9108 Y85.7507
G1 X49.0918 Y85.9138
G1 X49.2969 Y86.0455
G1 X49.5206 Y86.1420
G1 X49.7571 Y86.2010
G1 X50.0 Y86.2208
G1 X50.2429 Y86.2010
G1 X50.4793 Y86.1420
G1 X50.7031 Y86.0454
G1 X50.9082 Y85.9138
G1 X51.0892 Y85.7507
G1 X51.2413 Y85.5603
G1 X51.3605 Y85.3478
G1 X51.4437 Y85.1187
G1 X51.4886 Y84.8792
G1 X51.4940 Y84.6356
G1 X51.4598 Y84.3942
G1 X51.3870 Y84.1618
G1 X51.2773 Y83.9441
G1 X51.1338 Y83.7471
G1 X50.9602 Y83.5761
G00 Z4.9900
G00 X50.0 Y96.2208
G1 Z0.0900 F200
G1 X50.2429 Y96.2010 Z0.0470
G1 X50.4793 Y96.1420 Z0.0041
G1 X50.7031 Y96.0454 Z-0.0389
G1 X50.9082 Y95.9138 Z-0.0819
G1 X51.0892 Y95.7507 Z-0.1248
G1 X51.2413 Y95.5603 Z-0.1678
G1 X51.3605 Y95.3478 Z-0.2108
G1 X51.4437 Y95.1187 Z-0.2538
G1 X51.4886 Y94.8792 Z-0.2967
G1 X51.4940 Y94.6380 Z-0.3393
G1 X51.4569 Y94.3847 Z-0.3844
G1 X51.3870 Y94.1618 Z-0.4256
G1 X51.2773 Y93.9441 Z-0.4686
G1 X51.1338 Y93.7471 Z-0.5116
G1 X50.9602 Y93.5761 Z-0.5545
G1 X50.7201 Y93.4065 Z-0.6064
G1 X50.5116 Y93.2779 Z-0.6496
G1 X50.3589 Y93.2106 Z-0.6790
G1 X50.2031 Y93.1796 Z-0.7070
G1 X50.0 Y93.1663 Z-0.7429
G1 X49.7969 Y93.1796 Z-0.7788
G1 X49.6411 Y93.2106 Z-0.8068
G1 X49.4887 Y93.2777 Z-0.8361
G1 X49.2801 Y93.4064 Z-0.8794
G1 X49.0398 Y93.5761 Z-0.9312
G1 X48.8662 Y93.7472 Z-0.9555
G1 X48.7227 Y93.9441 F480
G1 X48.6130 Y94.1617
G1 X48.5401 Y94.3943
G1 X48.5059 Y94.6355
G1 X48.5114 Y94.8792
G1 X48.5563 Y95.1187
G1 X48.6394 Y95.3478
G1 X48.7587 Y95.5603
G1 X48.9108 Y95.7507
G1 X49.0918 Y95.9138
G1 X49.2970 Y96.0454
G1 X49.5206 Y96.1420
G1 X49.7570 Y96.2010
G1 X50.0 Y96.2208
G1 X50.2429 Y96.2010
G1 X50.4793 Y96.1420
G1 X50.7031 Y96.0454
G1 X50.9082 Y95.9138
G1 X51.0892 Y95.7507
G1 X51.2413 Y95.5603
G1 X51.3605 Y95.3478
G1 X51.4437 Y95.1187
G1 X51.4886 Y94.8792
G1 X51.4940 Y94.6380
G1 X51.4569 Y94.3847
G1 X51.3870 Y94.1618
G1 X51.2773 Y93.9441
G1 X51.1338 Y93.7471
G1 X50.9602 Y93.5761
G1 X50.7201 Y93.4065
G1 X50.5116 Y93.2779
G1 X50.3589 Y93.2106
G1 X50.2031 Y93.1796
G1 X50.0 Y93.1663
G1 X49.7969 Y93.1796
G1 X49.6411 Y93.2106
G1 X49.4887 Y93.2777
G1 X49.2801 Y93.4064
G1 X49.0398 Y93.5761
G1 X48.8662 Y93.7472
G00 Z4.9900
G00 X49.7571 Y86.2010
G1 Z0.0900 F200
G1 X50.0 Y86.2208 Z0.0470
G1 X50.2429 Y86.2010 Z0.0040
G1 X50.4793 Y86.1420 Z-0.0389
G1 X50.7031 Y86.0454 Z-0.0819
G1 X50.9082 Y85.9138 Z-0.1249
G1 X51.0892 Y85.7507 Z-0.1678
G1 X51.2413 Y85.5603 Z-0.2108
G1 X51.3605 Y85.3478 Z-0.2538
G1 X51.4437 Y85.1187 Z-0.2967
G1 X51.4886 Y84.8792 Z-0.3397
G1 X51.4940 Y84.6356 Z-0.3827
G1 X51.4598 Y84.3942 Z-0.4257
G1 X51.3870 Y84.1618 Z-0.4686
G1 X51.2773 Y83.9441 Z-0.5116
G1 X51.1338 Y83.7471 Z-0.5546
G1 X50.9602 Y83.5761 Z-0.5975
G1 X50.7201 Y83.4065 Z-0.6494
G1 X50.5116 Y83.2779 Z-0.6926
G1 X50.3589 Y83.2106 Z-0.7220
G1 X50.2030 Y83.1796 Z-0.7500
G1 X50.0 Y83.1663 Z-0.7859
G1 X49.7970 Y83.1796 Z-0.8218
G1 X49.6410 Y83.2106 Z-0.8498
G1 X49.4888 Y83.2777 Z-0.8791
G1 X49.2800 Y83.4065 Z-0.9224
G1 X49.0398 Y83.5762 Z-0.9555
G1 X48.8662 Y83.7472 F480
G1 X48.7227 Y83.9441
G1 X48.6130 Y84.1618
G1 X48.5401 Y84.3943
G1 X48.5059 Y84.6355
G1 X48.5114 Y84.8792
G1 X48.5563 Y85.1187
G1 X48.6394 Y85.3478
G1 X48.7587 Y85.5603
G1 X48.9108 Y85.7507
G1 X49.0918 Y85.9138
G1 X49.2969 Y86.0455
G1 X49.5206 Y86.1420
G1 X49.7571 Y86.2010
G1 X50.0 Y86.2208
G1 X50.2429 Y86.2010
G1 X50.4793 Y86.1420
G1 X50.7031 Y86.0454
G1 X50.9082 Y85.9138
G1 X51.0892 Y85.7507
G1 X51.2413 Y85.5603
G1 X51.3605 Y85.3478
G1 X51.4437 Y85.1187
G1 X51.4886 Y84.8792
G1 X51.4940 Y84.6356
G1 X51.4598 Y84.3942
G1 X51.3870 Y84.1618
G1 X51.2773 Y83.9441
G1 X51.1338 Y83.7471
G1 X50.9602 Y83.5761
G1 X50.7201 Y83.4065
G1 X50.5116 Y83.2779
G1 X50.3589 Y83.2106
G1 X50.2030 Y83.1796
G1 X50.0 Y83.1663
G1 X49.7970 Y83.1796
G1 X49.6410 Y83.2106
G1 X49.4888 Y83.2777
G1 X49.2800 Y83.4065
G1 X49.0398 Y83.5762
G00 Z4.9900
G00 X11.4941 Y84.6355
G1 Z0.0900 F200
G1 X11.4599 Y84.3943 Z0.0470
G1 X11.3870 Y84.1618 Z0.0041
G1 X11.2773 Y83.9441 Z-0.0389
G1 X11.1338 Y83.7472 Z-0.0819
G1 X10.9602 Y83.5762 Z-0.1248
G1 X10.7200 Y83.4064 Z-0.1767
G1 X10.5116 Y83.2779 Z-0.2199
G1 X10.3589 Y83.2106 Z-0.2493
G1 X10.2030 Y83.1796 Z-0.2773
G1 X10.0 Y83.1663 Z-0.3132
G1 X9.7970 Y83.1796 Z-0.3491
G1 X9.6411 Y83.2106 Z-0.3771
G1 X9.4888 Y83.2777 Z-0.4064
G1 X9.2800 Y83.4065 Z-0.4497
G1 X9.0398 Y83.5762 Z-0.5016
G1 X8.8663 Y83.7471 Z-0.5445
G1 X8.7227 Y83.9441 Z-0.5875
G1 X8.6130 Y84.1618 Z-0.6305
G1 X8.5402 Y84.3942 Z-0.6734
G1 X8.5060 Y84.6356 Z-0.7164
G1 X8.5114 Y84.8792 Z-0.7594
G1 X8.5563 Y85.1187 Z-0.8023
G1 X8.6395 Y85.3478 Z-0.8453
G1 X8.7587 Y85.5603 Z-0.8883
G1 X8.9108 Y85.7507 Z-0.9312
G1 X9.0919 Y85.9138 Z-0.9555
G1 X9.2969 Y86.0454 F480
G1 X9.5207 Y86.1420
G1 X9.7571 Y86.2010
G1 X10.0 Y86.2208
G1 X10.2429 Y86.2010
G1 X10.4794 Y86.1420
G1 X10.7031 Y86.0455
G1 X10.9082 Y85.9138
G1 X11.0892 Y85.7507
G1 X11.2413 Y85.5603
G1 X11.3606 Y85.3478
G1 X11.4438 Y85.1187
G1 X11.4886 Y84.8792
G1 X11.4941 Y84.6355
G1 X11.4599 Y84.3943
G1 X11.3870 Y84.1618
G1 X11.2773 Y83.9441
G1 X11.1338 Y83.7472
G1 X10.9602 Y83.5762
G1 X10.7200 Y83.4064
G1 X10.5116 Y83.2779
G1 X10.3589 Y83.2106
G1 X10.2030 Y83.1796
G1 X10.0 Y83.1663
G1 X9.7970 Y83.1796
G1 X9.6411 Y83.2106
G1 X9.4888 Y83.2777
G1 X9.2800 Y83.4065
G1 X9.0398 Y83.5762
G1 X8.8663 Y83.7471
G1 X8.7227 Y83.9441
G1 X8.6130 Y84.1618
G1 X8.5402 Y84.3942
G1 X8.5060 Y84.6356
G1 X8.5114 Y84.8792
G1 X8.5563 Y85.1187
G1 X8.6395 Y85.3478
G1 X8.7587 Y85.5603
G1 X8.9108 Y85.7507
G1 X9.0919 Y85.9138
G00 Z4.9900
G00 X9.7969 Y93.1796
G1 Z0.0900 F200
G1 X9.6411 Y93.2106 Z0.0620
G1 X9.4888 Y93.2777 Z0.0326
G1 X9.2800 Y93.4064 Z-0.0106
G1 X9.0398 Y93.5761 Z-0.0625
G1 X8.8663 Y93.7471 Z-0.1054
G1 X8.7227 Y93.9441 Z-0.1484
G1 X8.6130 Y94.1618 Z-0.1914
G1 X8.5401 Y94.3942 Z-0.2343
G1 X8.5060 Y94.6355 Z-0.2773
G1 X8.5114 Y94.8792 Z-0.3203
G1 X8.5563 Y95.1187 Z-0.3633
G1 X8.6395 Y95.3478 Z-0.4062
G1 X8.7587 Y95.5603 Z-0.4492
G1 X8.9108 Y95.7507 Z-0.4922
G1 X9.0918 Y95.9138 Z-0.5351
G1 X9.2969 Y96.0454 Z-0.5781
G1 X9.5207 Y96.1420 Z-0.6211
G1 X9.7571 Y96.2010 Z-0.6640
G1 X10.0 Y96.2208 Z-0.7070
G1 X10.2429 Y96.2010 Z-0.7500
G1 X10.4794 Y96.1420 Z-0.7930
G1 X10.7030 Y96.0454 Z-0.8359
G1 X10.9082 Y95.9138 Z-0.8789
G1 X11.0892 Y95.7507 Z-0.9219
G1 X11.2414 Y95.5603 Z-0.9555
G1 X11.3606 Y95.3478 F480
G1 X11.4438 Y95.1187
G1 X11.4886 Y94.8792
G1 X11.4941 Y94.6355
G1 X11.4599 Y94.3942
G1 X11.3870 Y94.1618
G1 X11.2773 Y93.9441
G1 X11.1338 Y93.7472
G1 X10.9602 Y93.5761
G1 X10.7199 Y93.4064
G1 X10.5116 Y93.2779
G1 X10.3589 Y93.2106
G1 X10.2031 Y93.1796
G1 X10.0 Y93.1663
G1 X9.7969 Y93.1796
G1 X9.6411 Y93.2106
G1 X9.4888 Y93.2777
G1 X9.2800 Y93.4064
G1 X9.0398 Y93.5761
G1 X8.8663 Y93.7471
G1 X8.7227 Y93.9441
G1 X8.6130 Y94.1618
G1 X8.5401 Y94.3942
G1 X8.5060 Y94.6355
G1 X8.5114 Y94.8792
G1 X8.5563 Y95.1187
G1 X8.6395 Y95.3478
G1 X8.7587 Y95.5603
G1 X8.9108 Y95.7507
G1 X9.0918 Y95.9138
G1 X9.2969 Y96.0454
G1 X9.5207 Y96.1420
G1 X9.7571 Y96.2010
G1 X10.0 Y96.2208
G1 X10.2429 Y96.2010
G1 X10.4794 Y96.1420
G1 X10.7030 Y96.0454
G1 X10.9082 Y95.9138
G1 X11.0892 Y95.7507
G1 X11.2414 Y95.5603
G00 Z4.9900
G00 X10.0 Y96.2208
G1 Z0.0900 F200
G1 X10.2429 Y96.2010 Z0.0470
G1 X10.4794 Y96.1420 Z0.0041
G1 X10.7031 Y96.0454 Z-0.0389
G1 X10.9082 Y95.9138 Z-0.0819
G1 X11.0892 Y95.7507 Z-0.1248
G1 X11.2413 Y95.5603 Z-0.1678
G1 X11.3606 Y95.3477 Z-0.2108
G1 X11.4438 Y95.1187 Z-0.2538
G1 X11.4886 Y94.8792 Z-0.2967
G1 X11.4941 Y94.6355 Z-0.3397
G1 X11.4599 Y94.3942 Z-0.3827
G1 X11.3870 Y94.1617 Z-0.4256
G1 X11.2773 Y93.9441 Z-0.4686
G1 X11.1338 Y93.7472 Z-0.5116
G1 X10.9602 Y93.5761 Z-0.5545
G1 X10.7200 Y93.4064 Z-0.6064
G1 X10.5116 Y93.2779 Z-0.6496
G1 X10.3589 Y93.2105 Z-0.6790
G1 X10.2031 Y93.1796 Z-0.7070
G1 X10.0 Y93.1663 Z-0.7429
G1 X9.7969 Y93.1796 Z-0.7788
G1 X9.6411 Y93.2106 Z-0.8068
G1 X9.4888 Y93.2777 Z-0.8362
G1 X9.2800 Y93.4064 Z-0.8794
G1 X9.0398 Y93.5761 Z-0.9313
G1 X8.8663 Y93.7471 Z-0.9742
G1 X8.7227 Y93.9441 Z-1.0172
G1 X8.6130 Y94.1618 Z-1.0602
G1 X8.5401 Y94.3942 Z-1.1031
G1 X8.5060 Y94.6355 Z-1.1461
G1 X8.5114 Y94.8792 Z-1.1891
G1 X8.5563 Y95.1187 Z-1.2320
G1 X8.6395 Y95.3478 Z-1.2750
G1 X8.7587 Y95.5603 Z-1.3180
G1 X8.9108 Y95.7507 Z-1.3610
G1 X9.0918 Y95.9138 Z-1.4039
G1 X9.2969 Y96.0454 Z-1.4282
G1 X9.5207 Y96.1420 F480
G1 X9.7571 Y96.2010
G1 X10.0 Y96.2208
G1 X10.2429 Y96.2010
G1 X10.4794 Y96.1420
G1 X10.7031 Y96.0454
G1 X10.9082 Y95.9138
G1 X11.0892 Y95.7507
G1 X11.2413 Y95.5603
G1 X11.3606 Y95.3477
G1 X11.4438 Y95.1187
G1 X11.4886 Y94.8792
G1 X11.4941 Y94.6355
G1 X11.4599 Y94.3942
G1 X11.3870 Y94.1617
G1 X11.2773 Y93.9441
G1 X11.1338 Y93.7472
G1 X10.9602 Y93.5761
G1 X10.7200 Y93.4064
G1 X10.5116 Y93.2779
G1 X10.3589 Y93.2105
G1 X10.2031 Y93.1796
G1 X10.0 Y93.1663
G1 X9.7969 Y93.1796
G1 X9.6411 Y93.2106
G1 X9.4888 Y93.2777
G1 X9.2800 Y93.4064
G1 X9.0398 Y93.5761
G1 X8.8663 Y93.7471
G1 X8.7227 Y93.9441
G1 X8.6130 Y94.1618
G1 X8.5401 Y94.3942
G1 X8.5060 Y94.6355
G1 X8.5114 Y94.8792
G1 X8.5563 Y95.1187
G1 X8.6395 Y95.3478
G1 X8.7587 Y95.5603
G1 X8.9108 Y95.7507
G1 X9.0918 Y95.9138
G1 X9.2969 Y96.0454
G00 Z4.9900
G00 X9.9999 Y86.2208
G1 Z0.0900 F200
G1 X10.2430 Y86.2010 Z0.0470
G1 X10.4794 Y86.1420 Z0.0040
G1 X10.7031 Y86.0455 Z-0.0389
G1 X10.9082 Y85.9138 Z-0.0819
G1 X11.0892 Y85.7507 Z-0.1249
G1 X11.2413 Y85.5604 Z-0.1678
G1 X11.3606 Y85.3478 Z-0.2108
G1 X11.4438 Y85.1187 Z-0.2538
G1 X11.4886 Y84.8792 Z-0.2967
G1 X11.4941 Y84.6356 Z-0.3397
G1 X11.4599 Y84.3943 Z-0.3827
G1 X11.3870 Y84.1618 Z-0.4256
G1 X11.2773 Y83.9441 Z-0.4686
G1 X11.1338 Y83.7472 Z-0.5116
G1 X10.9602 Y83.5762 Z-0.5546
G1 X10.7200 Y83.4064 Z-0.6064
G1 X10.5115 Y83.2779 Z-0.6496
G1 X10.3589 Y83.2106 Z-0.6790
G1 X10.2031 Y83.1796 Z-0.7070
G1 X10.0 Y83.1663 Z-0.7429
G1 X9.7970 Y83.1796 Z-0.7788
G1 X9.6411 Y83.2106 Z-0.8068
G1 X9.4888 Y83.2777 Z-0.8362
G1 X9.2800 Y83.4065 Z-0.8794
G1 X9.0398 Y83.5762 Z-0.9313
G1 X8.8663 Y83.7471 Z-0.9742
G1 X8.7227 Y83.9441 Z-1.0172
G1 X8.6130 Y84.1618 Z-1.0602
G1 X8.5402 Y84.3942 Z-1.1031
G1 X8.5060 Y84.6356 Z-1.1461
G1 X8.5114 Y84.8792 Z-1.1891
G1 X8.5563 Y85.1187 Z-1.2321
G1 X8.6395 Y85.3478 Z-1.2750
G1 X8.7587 Y85.5603 Z-1.3180
G1 X8.9108 Y85.7507 Z-1.3610
G1 X9.0919 Y85.9138 Z-1.4039
G1 X9.2970 Y86.0455 Z-1.4282
G1 X9.5207 Y86.1420 F480
G1 X9.7571 Y86.2010
G1 X9.9999 Y86.2208
G1 X10.2430 Y86.2010
G1 X10.4794 Y86.1420
G1 X10.7031 Y86.0455
G1 X10.9082 Y85.9138
G1 X11.0892 Y85.7507
G1 X11.2413 Y85.5604
G1 X11.3606 Y85.3478
G1 X11.4438 Y85.1187
G1 X11.4886 Y84.8792
G1 X11.4941 Y84.6356
G1 X11.4599 Y84.3943
G1 X11.3870 Y84.1618
G1 X11.2773 Y83.9441
G1 X11.1338 Y83.7472
G1 X10.9602 Y83.5762
G1 X10.7200 Y83.4064
G1 X10.5115 Y83.2779
G1 X10.3589 Y83.2106
G1 X10.2031 Y83.1796
G1 X10.0 Y83.1663
G1 X9.7970 Y83.1796
G1 X9.6411 Y83.2106
G1 X9.4888 Y83.2777
G1 X9.2800 Y83.4065
G1 X9.0398 Y83.5762
G1 X8.8663 Y83.7471
G1 X8.7227 Y83.9441
G1 X8.6130 Y84.1618
G1 X8.5402 Y84.3942
G1 X8.5060 Y84.6356
G1 X8.5114 Y84.8792
G1 X8.5563 Y85.1187
G1 X8.6395 Y85.3478
G1 X8.7587 Y85.5603
G1 X8.9108 Y85.7507
G1 X9.0919 Y85.9138
G1 X9.2970 Y86.0455
G00 Z4.9900
G00 X48.5114 Y84.8792
G1 Z0.0900 F200
G1 X48.5562 Y85.1187 Z0.0470
G1 X48.6394 Y85.3478 Z0.0041
G1 X48.7587 Y85.5604 Z-0.0389
G1 X48.9108 Y85.7507 Z-0.0819
G1 X49.0918 Y85.9138 Z-0.1248
G1 X49.2969 Y86.0455 Z-0.1678
G1 X49.5206 Y86.1420 Z-0.2108
G1 X49.7570 Y86.2010 Z-0.2537
G1 X50.0 Y86.2208 Z-0.2967
G1 X50.2429 Y86.2010 Z-0.3397
G1 X50.4793 Y86.1420 Z-0.3827
G1 X50.7030 Y86.0455 Z-0.4256
G1 X50.9082 Y85.9138 Z-0.4686
G1 X51.0892 Y85.7507 Z-0.5116
G1 X51.2413 Y85.5603 Z-0.5545
G1 X51.3606 Y85.3478 Z-0.5975
G1 X51.4437 Y85.1187 Z-0.6405
G1 X51.4886 Y84.8792 Z-0.6835
G1 X51.4940 Y84.6356 Z-0.7264
G1 X51.4598 Y84.3942 Z-0.7694
G1 X51.3870 Y84.1618 Z-0.8123
G1 X51.2773 Y83.9441 Z-0.8553
G1 X51.1338 Y83.7471 Z-0.8983
G1 X50.9602 Y83.5761 Z-0.9413
G1 X50.7201 Y83.4065 Z-0.9931
G1 X50.5116 Y83.2779 Z-1.0363
G1 X50.3589 Y83.2106 Z-1.0657
G1 X50.2030 Y83.1796 Z-1.0938
G1 X50.0 Y83.1663 Z-1.1296
G1 X49.7969 Y83.1796 Z-1.1655
G1 X49.6411 Y83.2106 Z-1.1935
G1 X49.4888 Y83.2777 Z-1.2229
G1 X49.2800 Y83.4065 Z-1.2661
G1 X49.0398 Y83.5762 Z-1.3180
G1 X48.8662 Y83.7472 Z-1.3610
G1 X48.7227 Y83.9441 Z-1.4039
G1 X48.6130 Y84.1617 Z-1.4282
G1 X48.5401 Y84.3943 F480
G1 X48.5059 Y84.6356
G1 X48.5114 Y84.8792
G1 X48.5562 Y85.1187
G1 X48.6394 Y85.3478
G1 X48.7587 Y85.5604
G1 X48.9108 Y85.7507
G1 X49.0918 Y85.9138
G1 X49.2969 Y86.0455
G1 X49.5206 Y86.1420
G1 X49.7570 Y86.2010
G1 X50.0 Y86.2208
G1 X50.2429 Y86.2010
G1 X50.4793 Y86.1420
G1 X50.7030 Y86.0455
G1 X50.9082 Y85.9138
G1 X51.0892 Y85.7507
G1 X51.2413 Y85.5603
G1 X51.3606 Y85.3478
G1 X51.4437 Y85.1187
G1 X51.4886 Y84.8792
G1 X51.4940 Y84.6356
G1 X51.4598 Y84.3942
G1 X51.3870 Y84.1618
G1 X51.2773 Y83.9441
G1 X51.1338 Y83.7471
G1 X50.9602 Y83.5761
G1 X50.7201 Y83.4065
G1 X50.5116 Y83.2779
G1 X50.3589 Y83.2106
G1 X50.2030 Y83.1796
G1 X50.0 Y83.1663
G1 X49.7969 Y83.1796
G1 X49.6411 Y83.2106
G1 X49.4888 Y83.2777
G1 X49.2800 Y83.4065
G1 X49.0398 Y83.5762
G1 X48.8662 Y83.7472
G1 X48.7227 Y83.9441
G1 X48.6130 Y84.1617
G00 Z4.9900
G00 X49.7969 Y93.1796
G1 Z0.0900 F200
G1 X49.6411 Y93.2105 Z0.0620
G1 X49.4887 Y93.2778 Z0.0326
G1 X49.2800 Y93.4064 Z-0.0106
G1 X49.0398 Y93.5761 Z-0.0625
G1 X48.8662 Y93.7472 Z-0.1054
G1 X48.7227 Y93.9441 Z-0.1484
G1 X48.6130 Y94.1617 Z-0.1914
G1 X48.5401 Y94.3943 Z-0.2343
G1 X48.5059 Y94.6355 Z-0.2773
G1 X48.5114 Y94.8792 Z-0.3203
G1 X48.5562 Y95.1187 Z-0.3632
G1 X48.6394 Y95.3477 Z-0.4062
G1 X48.7587 Y95.5603 Z-0.4492
G1 X48.9108 Y95.7507 Z-0.4922
G1 X49.0918 Y95.9138 Z-0.5351
G1 X49.2969 Y96.0454 Z-0.5781
G1 X49.5206 Y96.1420 Z-0.6211
G1 X49.7570 Y96.2010 Z-0.6640
G1 X50.0 Y96.2208 Z-0.7070
G1 X50.2429 Y96.2010 Z-0.7500
G1 X50.4793 Y96.1420 Z-0.7930
G1 X50.7031 Y96.0454 Z-0.8359
G1 X50.9082 Y95.9138 Z-0.8789
G1 X51.0892 Y95.7507 Z-0.9219
G1 X51.2413 Y95.5603 Z-0.9648
G1 X51.3605 Y95.3478 Z-1.0078
G1 X51.4437 Y95.1187 Z-1.0508
G1 X51.4886 Y94.8792 Z-1.0937
G1 X51.4940 Y94.6355 Z-1.1367
G1 X51.4599 Y94.3942 Z-1.1797
G1 X51.3870 Y94.1618 Z-1.2226
G1 X51.2773 Y93.9441 Z-1.2656
G1 X51.1338 Y93.7471 Z-1.3086
G1 X50.9602 Y93.5761 Z-1.3515
G1 X50.7199 Y93.4064 Z-1.4034
G1 X50.5116 Y93.2779 Z-1.4282
G1 X50.3589 Y93.2105 F480
G1 X50.2031 Y93.1796
G1 X50.0 Y93.1663
G1 X49.7969 Y93.1796
G1 X49.6411 Y93.2105
G1 X49.4887 Y93.2778
G1 X49.2800 Y93.4064
G1 X49.0398 Y93.5761
G1 X48.8662 Y93.7472
G1 X48.7227 Y93.9441
G1 X48.6130 Y94.1617
G1 X48.5401 Y94.3943
G1 X48.5059 Y94.6355
G1 X48.5114 Y94.8792
G1 X48.5562 Y95.1187
G1 X48.6394 Y95.3477
G1 X48.7587 Y95.5603
G1 X48.9108 Y95.7507
G1 X49.0918 Y95.9138
G1 X49.2969 Y96.0454
G1 X49.5206 Y96.1420
G1 X49.7570 Y96.2010
G1 X50.0 Y96.2208
G1 X50.2429 Y96.2010
G1 X50.4793 Y96.1420
G1 X50.7031 Y96.0454
G1 X50.9082 Y95.9138
G1 X51.0892 Y95.7507
G1 X51.2413 Y95.5603
G1 X51.3605 Y95.3478
G1 X51.4437 Y95.1187
G1 X51.4886 Y94.8792
G1 X51.4940 Y94.6355
G1 X51.4599 Y94.3942
G1 X51.3870 Y94.1618
G1 X51.2773 Y93.9441
G1 X51.1338 Y93.7471
G1 X50.9602 Y93.5761
G1 X50.7199 Y93.4064
G1 X50.5116 Y93.2779
G00 Z4.9900
G00 X50.0 Y96.2208
G1 Z0.0900 F200
G1 X50.2429 Y96.2010 Z0.0470
G1 X50.4793 Y96.1420 Z0.0041
G1 X50.7031 Y96.0454 Z-0.0389
G1 X50.9082 Y95.9138 Z-0.0819
G1 X51.0892 Y95.7507 Z-0.1248
G1 X51.2413 Y95.5603 Z-0.1678
G1 X51.3605 Y95.3478 Z-0.2108
G1 X51.4437 Y95.1187 Z-0.2538
G1 X51.4886 Y94.8792 Z-0.2967
G1 X51.4940 Y94.6355 Z-0.3397
G1 X51.4599 Y94.3942 Z-0.3827
G1 X51.3870 Y94.1618 Z-0.4256
G1 X51.2773 Y93.9441 Z-0.4686
G1 X51.1338 Y93.7471 Z-0.5116
G1 X50.9602 Y93.5761 Z-0.5545
G1 X50.7199 Y93.4064 Z-0.6064
G1 X50.5116 Y93.2779 Z-0.6496
G1 X50.3589 Y93.2105 Z-0.6790
G1 X50.2031 Y93.1796 Z-0.7070
G1 X50.0 Y93.1663 Z-0.7429
G1 X49.7969 Y93.1796 Z-0.7788
G1 X49.6411 Y93.2105 Z-0.8068
G1 X49.4887 Y93.2778 Z-0.8362
G1 X49.2800 Y93.4064 Z-0.8794
G1 X49.0398 Y93.5761 Z-0.9313
G1 X48.8662 Y93.7472 Z-0.9742
G1 X48.7227 Y93.9441 Z-1.0172
G1 X48.6130 Y94.1617 Z-1.0602
G1 X48.5401 Y94.3943 Z-1.1031
G1 X48.5059 Y94.6355 Z-1.1461
G1 X48.5114 Y94.8792 Z-1.1891
G1 X48.5562 Y95.1187 Z-1.2320
G1 X48.6394 Y95.3477 Z-1.2750
G1 X48.7587 Y95.5603 Z-1.3180
G1 X48.9108 Y95.7507 Z-1.3610
G1 X49.0918 Y95.9138 Z-1.4039
G1 X49.2969 Y96.0454 Z-1.4469
G1 X49.5206 Y96.1420 Z-1.4899
G1 X49.7570 Y96.2010 Z-1.5328
G1 X50.0 Y96.2208 Z-1.5758
G1 X50.2429 Y96.2010 Z-1.6188
G1 X50.4793 Y96.1420 Z-1.6617
G1 X50.7031 Y96.0454 Z-1.7047
G1 X50.9082 Y95.9138 Z-1.7477
G1 X51.0892 Y95.7507 Z-1.7906
G1 X51.2413 Y95.5603 Z-1.8336
G1 X51.3605 Y95.3478 Z-1.8766
G1 X51.4437 Y95.1187 Z-1.9009
G1 X51.4886 Y94.8792 F480
G1 X51.4940 Y94.6355
G1 X51.4599 Y94.3942
G1 X51.3870 Y94.1618
G1 X51.2773 Y93.9441
G1 X51.1338 Y93.7471
G1 X50.9602 Y93.5761
G1 X50.7199 Y93.4064
G1 X50.5116 Y93.2779
G1 X50.3589 Y93.2105
G1 X50.2031 Y93.1796
G1 X50.0 Y93.1663
G1 X49.7969 Y93.1796
G1 X49.6411 Y93.2105
G1 X49.4887 Y93.2778
G1 X49.2800 Y93.4064
G1 X49.0398 Y93.5761
G1 X48.8662 Y93.7472
G1 X48.7227 Y93.9441
G1 X48.6130 Y94.1617
G1 X48.5401 Y94.3943
G1 X48.5059 Y94.6355
G1 X48.5114 Y94.8792
G1 X48.5562 Y95.1187
G1 X48.6394 Y95.3477
G1 X48.7587 Y95.5603
G1 X48.9108 Y95.7507
G1 X49.0918 Y95.9138
G1 X49.2969 Y96.0454
G1 X49.5206 Y96.1420
G1 X49.7570 Y96.2010
G1 X50.0 Y96.2208
G1 X50.2429 Y96.2010
G1 X50.4793 Y96.1420
G1 X50.7031 Y96.0454
G1 X50.9082 Y95.9138
G1 X51.0892 Y95.7507
G1 X51.2413 Y95.5603
G1 X51.3605 Y95.3478
G1 X51.4437 Y95.1187
G00 Z4.9900
G00 X50.2429 Y86.2010
G1 Z0.0900 F200
G1 X50.4793 Y86.1420 Z0.0470
G1 X50.7030 Y86.0455 Z0.0041
G1 X50.9082 Y85.9138 Z-0.0389
G1 X51.0892 Y85.7507 Z-0.0819
G1 X51.2413 Y85.5603 Z-0.1248
G1 X51.3606 Y85.3478 Z-0.1678
G1 X51.4437 Y85.1187 Z-0.2108
G1 X51.4886 Y84.8792 Z-0.2538
G1 X51.4940 Y84.6356 Z-0.2967
G1 X51.4598 Y84.3942 Z-0.3397
G1 X51.3870 Y84.1618 Z-0.3826
G1 X51.2773 Y83.9441 Z-0.4256
G1 X51.1338 Y83.7471 Z-0.4686
G1 X50.9602 Y83.5761 Z-0.5116
G1 X50.7201 Y83.4065 Z-0.5634
G1 X50.5116 Y83.2779 Z-0.6066
G1 X50.3589 Y83.2106 Z-0.6360
G1 X50.2030 Y83.1796 Z-0.6640
G1 X50.0 Y83.1663 Z-0.6999
G1 X49.7969 Y83.1796 Z-0.7358
G1 X49.6411 Y83.2106 Z-0.7638
G1 X49.4888 Y83.2777 Z-0.7932
G1 X49.2800 Y83.4065 Z-0.8364
G1 X49.0398 Y83.5762 Z-0.8883
G1 X48.8662 Y83.7472 Z-0.9312
G1 X48.7227 Y83.9441 Z-0.9742
G1 X48.6130 Y84.1617 Z-1.0172
G1 X48.5401 Y84.3943 Z-1.0602
G1 X48.5059 Y84.6356 Z-1.1031
G1 X48.5114 Y84.8792 Z-1.1461
G1 X48.5562 Y85.1187 Z-1.1891
G1 X48.6394 Y85.3478 Z-1.2320
G1 X48.7587 Y85.5604 Z-1.2750
G1 X48.9108 Y85.7507 Z-1.3180
G1 X49.0918 Y85.9138 Z-1.3609
G1 X49.2969 Y86.0455 Z-1.4039
G1 X49.5206 Y86.1420 Z-1.4469
G1 X49.7570 Y86.2010 Z-1.4898
G1 X50.0 Y86.2208 Z-1.5328
G1 X50.2429 Y86.2010 Z-1.5758
G1 X50.4793 Y86.1420 Z-1.6188
G1 X50.7030 Y86.0455 Z-1.6617
G1 X50.9082 Y85.9138 Z-1.7047
G1 X51.0892 Y85.7507 Z-1.7477
G1 X51.2413 Y85.5603 Z-1.7906
G1 X51.3606 Y85.3478 Z-1.8336
G1 X51.4437 Y85.1187 Z-1.8766
G1 X51.4886 Y84.8792 Z-1.9009
G1 X51.4940 Y84.6356 F480
G1 X51.4598 Y84.3942
G1 X51.3870 Y84.1618
G1 X51.2773 Y83.9441
G1 X51.1338 Y83.7471
G1 X50.9602 Y83.5761
G1 X50.7201 Y83.4065
G1 X50.5116 Y83.2779
G1 X50.3589 Y83.2106
G1 X50.2030 Y83.1796
G1 X50.0 Y83.1663
G1 X49.7969 Y83.1796
G1 X49.6411 Y83.2106
G1 X49.4888 Y83.2777
G1 X49.2800 Y83.4065
G1 X49.0398 Y83.5762
G1 X48.8662 Y83.7472
G1 X48.7227 Y83.9441
G1 X48.6130 Y84.1617
G1 X48.5401 Y84.3943
G1 X48.5059 Y84.6356
G1 X48.5114 Y84.8792
G1 X48.5562 Y85.1187
G1 X48.6394 Y85.3478
G1 X48.7587 Y85.5604
G1 X48.9108 Y85.7507
G1 X49.0918 Y85.9138
G1 X49.2969 Y86.0455
G1 X49.5206 Y86.1420
G1 X49.7570 Y86.2010
G1 X50.0 Y86.2208
G1 X50.2429 Y86.2010
G1 X50.4793 Y86.1420
G1 X50.7030 Y86.0455
G1 X50.9082 Y85.9138
G1 X51.0892 Y85.7507
G1 X51.2413 Y85.5603
G1 X51.3606 Y85.3478
G1 X51.4437 Y85.1187
G1 X51.4886 Y84.8792
G00 Z4.9900
G00 X11.4941 Y84.6356
G1 Z0.0900 F200
G1 X11.4599 Y84.3943 Z0.0470
G1 X11.3870 Y84.1618 Z0.0041
G1 X11.2773 Y83.9441 Z-0.0389
G1 X11.1338 Y83.7472 Z-0.0819
G1 X10.9602 Y83.5762 Z-0.1248
G1 X10.7200 Y83.4064 Z-0.1767
G1 X10.5115 Y83.2779 Z-0.2199
G1 X10.3589 Y83.2106 Z-0.2493
G1 X10.2031 Y83.1796 Z-0.2773
G1 X10.0 Y83.1663 Z-0.3132
G1 X9.7970 Y83.1796 Z-0.3491
G1 X9.6411 Y83.2106 Z-0.3771
G1 X9.4888 Y83.2777 Z-0.4065
G1 X9.2800 Y83.4065 Z-0.4497
G1 X9.0398 Y83.5762 Z-0.5016
G1 X8.8663 Y83.7471 Z-0.5445
G1 X8.7227 Y83.9441 Z-0.5875
G1 X8.6130 Y84.1618 Z-0.6305
G1 X8.5402 Y84.3942 Z-0.6734
G1 X8.5060 Y84.6356 Z-0.7164
G1 X8.5114 Y84.8792 Z-0.7594
G1 X8.5563 Y85.1187 Z-0.8024
G1 X8.6395 Y85.3478 Z-0.8453
G1 X8.7587 Y85.5603 Z-0.8883
G1 X8.9108 Y85.7507 Z-0.9313
G1 X9.0919 Y85.9138 Z-0.9742
G1 X9.2970 Y86.0455 Z-1.0172
G1 X9.5207 Y86.1420 Z-1.0602
G1 X9.7571 Y86.2010 Z-1.1031
G1 X9.9999 Y86.2208 Z-1.1461
G1 X10.2430 Y86.2010 Z-1.1891
G1 X10.4794 Y86.1420 Z-1.2320
G1 X10.7031 Y86.0455 Z-1.2750
G1 X10.9082 Y85.9138 Z-1.3180
G1 X11.0892 Y85.7507 Z-1.3610
G1 X11.2413 Y85.5604 Z-1.4039
G1 X11.3606 Y85.3478 Z-1.4469
G1 X11.4438 Y85.1187 Z-1.4899
G1 X11.4886 Y84.8792 Z-1.5328
G1 X11.4941 Y84.6356 Z-1.5758
G1 X11.4599 Y84.3943 Z-1.6188
G1 X11.3870 Y84.1618 Z-1.6617
G1 X11.2773 Y83.9441 Z-1.7047
G1 X11.1338 Y83.7472 Z-1.7477
G1 X10.9602 Y83.5762 Z-1.7906
G1 X10.7200 Y83.4064 Z-1.8425
G1 X10.5115 Y83.2779 Z-1.8857
G1 X10.3589 Y83.2106 Z-1.9009
G1 X10.2031 Y83.1796 F480
G1 X10.0 Y83.1663
G1 X9.7970 Y83.1796
G1 X9.6411 Y83.2106
G1 X9.4888 Y83.2777
G1 X9.2800 Y83.4065
G1 X9.0398 Y83.5762
G1 X8.8663 Y83.7471
G1 X8.7227 Y83.9441
G1 X8.6130 Y84.1618
G1 X8.5402 Y84.3942
G1 X8.5060 Y84.6356
G1 X8.5114 Y84.8792
G1 X8.5563 Y85.1187
G1 X8.6395 Y85.3478
G1 X8.7587 Y85.5603
G1 X8.9108 Y85.7507
G1 X9.0919 Y85.9138
G1 X9.2970 Y86.0455
G1 X9.5207 Y86.1420
G1 X9.7571 Y86.2010
G1 X9.9999 Y86.2208
G1 X10.2430 Y86.2010
G1 X10.4794 Y86.1420
G1 X10.7031 Y86.0455
G1 X10.9082 Y85.9138
G1 X11.0892 Y85.7507
G1 X11.2413 Y85.5604
G1 X11.3606 Y85.3478
G1 X11.4438 Y85.1187
G1 X11.4886 Y84.8792
G1 X11.4941 Y84.6356
G1 X11.4599 Y84.3943
G1 X11.3870 Y84.1618
G1 X11.2773 Y83.9441
G1 X11.1338 Y83.7472
G1 X10.9602 Y83.5762
G1 X10.7200 Y83.4064
G1 X10.5115 Y83.2779
G1 X10.3589 Y83.2106
G00 Z4.9900
G00 X10.0 Y93.1663
G1 Z0.0900 F200
G1 X9.7969 Y93.1796 Z0.0541
G1 X9.6411 Y93.2106 Z0.0261
G1 X9.4888 Y93.2777 Z-0.0033
G1 X9.2800 Y93.4064 Z-0.0465
G1 X9.0398 Y93.5761 Z-0.0984
G1 X8.8663 Y93.7471 Z-0.1413
G1 X8.7227 Y93.9441 Z-0.1843
G1 X8.6130 Y94.1618 Z-0.2273
G1 X8.5401 Y94.3942 Z-0.2702
G1 X8.5060 Y94.6355 Z-0.3132
G1 X8.5114 Y94.8792 Z-0.3562
G1 X8.5563 Y95.1187 Z-0.3991
G1 X8.6395 Y95.3478 Z-0.4421
G1 X8.7587 Y95.5603 Z-0.4851
G1 X8.9108 Y95.7507 Z-0.5281
G1 X9.0918 Y95.9138 Z-0.5710
G1 X9.2969 Y96.0454 Z-0.6140
G1 X9.5207 Y96.1420 Z-0.6570
G1 X9.7571 Y96.2010 Z-0.6999
G1 X10.0 Y96.2208 Z-0.7429
G1 X10.2429 Y96.2010 Z-0.7859
G1 X10.4794 Y96.1420 Z-0.8288
G1 X10.7031 Y96.0454 Z-0.8718
G1 X10.9082 Y95.9138 Z-0.9148
G1 X11.0892 Y95.7507 Z-0.9577
G1 X11.2413 Y95.5603 Z-1.0007
G1 X11.3606 Y95.3477 Z-1.0437
G1 X11.4438 Y95.1187 Z-1.0867
G1 X11.4886 Y94.8792 Z-1.1296
G1 X11.4941 Y94.6355 Z-1.1726
G1 X11.4599 Y94.3942 Z-1.2156
G1 X11.3870 Y94.1617 Z-1.2585
G1 X11.2773 Y93.9441 Z-1.3015
G1 X11.1338 Y93.7472 Z-1.3445
G1 X10.9602 Y93.5761 Z-1.3874
G1 X10.7200 Y93.4064 Z-1.4393
G1 X10.5116 Y93.2779 Z-1.4825
G1 X10.3589 Y93.2105 Z-1.5119
G1 X10.2031 Y93.1796 Z-1.5399
G1 X10.0 Y93.1663 Z-1.5758
G1 X9.7969 Y93.1796 Z-1.6117
G1 X9.6411 Y93.2106 Z-1.6397
G1 X9.4888 Y93.2777 Z-1.6691
G1 X9.2800 Y93.4064 Z-1.7123
G1 X9.0398 Y93.5761 Z-1.7642
G1 X8.8663 Y93.7471 Z-1.8071
G1 X8.7227 Y93.9441 Z-1.8501
G1 X8.6130 Y94.1618 Z-1.8931
G1 X8.5401 Y94.3942 Z-1.9009
G1 X8.5060 Y94.6355 F480
G1 X8.5114 Y94.8792
G1 X8.5563 Y95.1187
G1 X8.6395 Y95.3478
G1 X8.7587 Y95.5603
G1 X8.9108 Y95.7507
G1 X9.0918 Y95.9138
G1 X9.2969 Y96.0454
G1 X9.5207 Y96.1420
G1 X9.7571 Y96.2010
G1 X10.0 Y96.2208
G1 X10.2429 Y96.2010
G1 X10.4794 Y96.1420
G1 X10.7031 Y96.0454
G1 X10.9082 Y95.9138
G1 X11.0892 Y95.7507
G1 X11.2413 Y95.5603
G1 X11.3606 Y95.3477
G1 X11.4438 Y95.1187
G1 X11.4886 Y94.8792
G1 X11.4941 Y94.6355
G1 X11.4599 Y94.3942
G1 X11.3870 Y94.1617
G1 X11.2773 Y93.9441
G1 X11.1338 Y93.7472
G1 X10.9602 Y93.5761
G1 X10.7200 Y93.4064
G1 X10.5116 Y93.2779
G1 X10.3589 Y93.2105
G1 X10.2031 Y93.1796
G1 X10.0 Y93.1663
G1 X9.7969 Y93.1796
G1 X9.6411 Y93.2106
G1 X9.4888 Y93.2777
G1 X9.2800 Y93.4064
G1 X9.0398 Y93.5761
G1 X8.8663 Y93.7471
G1 X8.7227 Y93.9441
G1 X8.6130 Y94.1618
G1 X8.5401 Y94.3942
G00 Z4.9900
G00 X10.0 Y96.2208
G1 Z0.0900 F200
G1 X10.2429 Y96.2010 Z0.0470
G1 X10.4794 Y96.1420 Z0.0041
G1 X10.7031 Y96.0454 Z-0.0389
G1 X10.9082 Y95.9138 Z-0.0819
G1 X11.0892 Y95.7507 Z-0.1248
G1 X11.2413 Y95.5603 Z-0.1678
G1 X11.3606 Y95.3477 Z-0.2108
G1 X11.4438 Y95.1187 Z-0.2538
G1 X11.4886 Y94.8792 Z-0.2967
G1 X11.4941 Y94.6355 Z-0.3397
G1 X11.4599 Y94.3942 Z-0.3827
G1 X11.3870 Y94.1617 Z-0.4256
G1 X11.2773 Y93.9441 Z-0.4686
G1 X11.1338 Y93.7472 Z-0.5116
G1 X10.9602 Y93.5761 Z-0.5545
G1 X10.7200 Y93.4064 Z-0.6064
G1 X10.5116 Y93.2779 Z-0.6496
G1 X10.3589 Y93.2105 Z-0.6790
G1 X10.2031 Y93.1796 Z-0.7070
G1 X10.0 Y93.1663 Z-0.7429
G1 X9.7969 Y93.1796 Z-0.7788
G1 X9.6411 Y93.2106 Z-0.8068
G1 X9.4888 Y93.2777 Z-0.8362
G1 X9.2800 Y93.4064 Z-0.8794
G1 X9.0398 Y93.5761 Z-0.9313
G1 X8.8663 Y93.7471 Z-0.9742
G1 X8.7227 Y93.9441 Z-1.0172
G1 X8.6130 Y94.1618 Z-1.0602
G1 X8.5401 Y94.3942 Z-1.1031
G1 X8.5060 Y94.6355 Z-1.1461
G1 X8.5114 Y94.8792 Z-1.1891
G1 X8.5563 Y95.1187 Z-1.2320
G1 X8.6395 Y95.3478 Z-1.2750
G1 X8.7587 Y95.5603 Z-1.3180
G1 X8.9108 Y95.7507 Z-1.3610
G1 X9.0918 Y95.9138 Z-1.4039
G1 X9.2969 Y96.0454 Z-1.4469
G1 X9.5207 Y96.1420 Z-1.4899
G1 X9.7571 Y96.2010 Z-1.5328
G1 X10.0 Y96.2208 Z-1.5758
G1 X10.2429 Y96.2010 Z-1.6188
G1 X10.4794 Y96.1420 Z-1.6617
G1 X10.7031 Y96.0454 Z-1.7047
G1 X10.9082 Y95.9138 Z-1.7477
G1 X11.0892 Y95.7507 Z-1.7907
G1 X11.2413 Y95.5603 Z-1.8336
G1 X11.3606 Y95.3477 Z-1.8766
G1 X11.4438 Y95.1187 Z-1.9196
G1 X11.4886 Y94.8792 Z-1.9625
G1 X11.4941 Y94.6355 Z-2.0055
G1 X11.4599 Y94.3942 Z-2.0485
G1 X11.3870 Y94.1617 Z-2.0914
G1 X11.2773 Y93.9441 Z-2.1344
G1 X11.1338 Y93.7472 Z-2.1774
G1 X10.9602 Y93.5761 Z-2.2203
G1 X10.7200 Y93.4064 Z-2.2722
G1 X10.5116 Y93.2779 Z-2.3154
G1 X10.3589 Y93.2105 Z-2.3448
G1 X10.2031 Y93.1796 Z-2.3728
G1 X10.0 Y93.1663 Z-2.3736
G1 X9.7969 Y93.1796 F480
G1 X9.6411 Y93.2106
G1 X9.4888 Y93.2777
G1 X9.2800 Y93.4064
G1 X9.0398 Y93.5761
G1 X8.8663 Y93.7471
G1 X8.7227 Y93.9441
G1 X8.6130 Y94.1618
G1 X8.5401 Y94.3942
G1 X8.5060 Y94.6355
G1 X8.5114 Y94.8792
G1 X8.5563 Y95.1187
G1 X8.6395 Y95.3478
G1 X8.7587 Y95.5603
G1 X8.9108 Y95.7507
G1 X9.0918 Y95.9138
G1 X9.2969 Y96.0454
G1 X9.5207 Y96.1420
G1 X9.7571 Y96.2010
G1 X10.0 Y96.2208
G1 X10.2429 Y96.2010
G1 X10.4794 Y96.1420
G1 X10.7031 Y96.0454
G1 X10.9082 Y95.9138
G1 X11.0892 Y95.7507
G1 X11.2413 Y95.5603
G1 X11.3606 Y95.3477
G1 X11.4438 Y95.1187
G1 X11.4886 Y94.8792
G1 X11.4941 Y94.6355
G1 X11.4599 Y94.3942
G1 X11.3870 Y94.1617
G1 X11.2773 Y93.9441
G1 X11.1338 Y93.7472
G1 X10.9602 Y93.5761
G1 X10.7200 Y93.4064
G1 X10.5116 Y93.2779
G1 X10.3589 Y93.2105
G1 X10.2031 Y93.1796
G1 X10.0 Y93.1663
G00 Z4.9900
G00 X9.9999 Y86.2208
G1 Z0.0900 F200
G1 X10.2430 Y86.2010 Z0.0470
G1 X10.4794 Y86.1420 Z0.0040
G1 X10.7031 Y86.0455 Z-0.0389
G1 X10.9082 Y85.9138 Z-0.0819
G1 X11.0892 Y85.7507 Z-0.1249
G1 X11.2413 Y85.5604 Z-0.1678
G1 X11.3606 Y85.3478 Z-0.2108
G1 X11.4438 Y85.1187 Z-0.2538
G1 X11.4886 Y84.8792 Z-0.2967
G1 X11.4941 Y84.6356 Z-0.3397
G1 X11.4599 Y84.3943 Z-0.3827
G1 X11.3870 Y84.1618 Z-0.4256
G1 X11.2773 Y83.9441 Z-0.4686
G1 X11.1338 Y83.7472 Z-0.5116
G1 X10.9602 Y83.5762 Z-0.5546
G1 X10.7200 Y83.4064 Z-0.6064
G1 X10.5115 Y83.2779 Z-0.6496
G1 X10.3589 Y83.2106 Z-0.6790
G1 X10.2031 Y83.1796 Z-0.7070
G1 X10.0 Y83.1663 Z-0.7429
G1 X9.7970 Y83.1796 Z-0.7788
G1 X9.6411 Y83.2106 Z-0.8068
G1 X9.4888 Y83.2777 Z-0.8362
G1 X9.2800 Y83.4065 Z-0.8794
G1 X9.0398 Y83.5762 Z-0.9313
G1 X8.8663 Y83.7471 Z-0.9742
G1 X8.7227 Y83.9441 Z-1.0172
G1 X8.6130 Y84.1618 Z-1.0602
G1 X8.5402 Y84.3942 Z-1.1031
G1 X8.5060 Y84.6356 Z-1.1461
G1 X8.5114 Y84.8792 Z-1.1891
G1 X8.5563 Y85.1187 Z-1.2321
G1 X8.6395 Y85.3478 Z-1.2750
G1 X8.7587 Y85.5603 Z-1.3180
G1 X8.9108 Y85.7507 Z-1.3610
G1 X9.0919 Y85.9138 Z-1.4039
G1 X9.2970 Y86.0455 Z-1.4469
G1 X9.5207 Y86.1420 Z-1.4899
G1 X9.7571 Y86.2010 Z-1.5328
G1 X9.9999 Y86.2208 Z-1.5758
G1 X10.2430 Y86.2010 Z-1.6188
G1 X10.4794 Y86.1420 Z-1.6618
G1 X10.7031 Y86.0455 Z-1.7047
G1 X10.9082 Y85.9138 Z-1.7477
G1 X11.0892 Y85.7507 Z-1.7907
G1 X11.2413 Y85.5604 Z-1.8336
G1 X11.3606 Y85.3478 Z-1.8766
G1 X11.4438 Y85.1187 Z-1.9196
G1 X11.4886 Y84.8792 Z-1.9625
G1 X11.4941 Y84.6356 Z-2.0055
G1 X11.4599 Y84.3943 Z-2.0485
G1 X11.3870 Y84.1618 Z-2.0914
G1 X11.2773 Y83.9441 Z-2.1344
G1 X11.1338 Y83.7472 Z-2.1774
G1 X10.9602 Y83.5762 Z-2.2204
G1 X10.7200 Y83.4064 Z-2.2722
G1 X10.5115 Y83.2779 Z-2.3154
G1 X10.3589 Y83.2106 Z-2.3448
G1 X10.2031 Y83.1796 Z-2.3728
G1 X10.0 Y83.1663 Z-2.3736
G1 X9.7970 Y83.1796 F480
G1 X9.6411 Y83.2106
G1 X9.4888 Y83.2777
G1 X9.2800 Y83.4065
G1 X9.0398 Y83.5762
G1 X8.8663 Y83.7471
G1 X8.7227 Y83.9441
G1 X8.6130 Y84.1618
G1 X8.5402 Y84.3942
G1 X8.5060 Y84.6356
G1 X8.5114 Y84.8792
G1 X8.5563 Y85.1187
G1 X8.6395 Y85.3478
G1 X8.7587 Y85.5603
G1 X8.9108 Y85.7507
G1 X9.0919 Y85.9138
G1 X9.2970 Y86.0455
G1 X9.5207 Y86.1420
G1 X9.7571 Y86.2010
G1 X9.9999 Y86.2208
G1 X10.2430 Y86.2010
G1 X10.4794 Y86.1420
G1 X10.7031 Y86.0455
G1 X10.9082 Y85.9138
G1 X11.0892 Y85.7507
G1 X11.2413 Y85.5604
G1 X11.3606 Y85.3478
G1 X11.4438 Y85.1187
G1 X11.4886 Y84.8792
G1 X11.4941 Y84.6356
G1 X11.4599 Y84.3943
G1 X11.3870 Y84.1618
G1 X11.2773 Y83.9441
G1 X11.1338 Y83.7472
G1 X10.9602 Y83.5762
G1 X10.7200 Y83.4064
G1 X10.5115 Y83.2779
G1 X10.3589 Y83.2106
G1 X10.2031 Y83.1796
G1 X10.0 Y83.1663
G00 Z4.9900
G00 X48.5059 Y84.6356
G1 Z0.0900 F200
G1 X48.5114 Y84.8792 Z0.0470
G1 X48.5562 Y85.1187 Z0.0041
G1 X48.6394 Y85.3478 Z-0.0389
G1 X48.7587 Y85.5604 Z-0.0819
G1 X48.9108 Y85.7507 Z-0.1248
G1 X49.0918 Y85.9138 Z-0.1678
G1 X49.2969 Y86.0455 Z-0.2108
G1 X49.5206 Y86.1420 Z-0.2538
G1 X49.7570 Y86.2010 Z-0.2967
G1 X50.0 Y86.2208 Z-0.3397
G1 X50.2429 Y86.2010 Z-0.3827
G1 X50.4793 Y86.1420 Z-0.4256
G1 X50.7030 Y86.0455 Z-0.4686
G1 X50.9082 Y85.9138 Z-0.5116
G1 X51.0892 Y85.7507 Z-0.5545
G1 X51.2413 Y85.5603 Z-0.5975
G1 X51.3606 Y85.3478 Z-0.6405
G1 X51.4437 Y85.1187 Z-0.6835
G1 X51.4886 Y84.8792 Z-0.7264
G1 X51.4940 Y84.6356 Z-0.7694
G1 X51.4598 Y84.3942 Z-0.8124
G1 X51.3870 Y84.1618 Z-0.8553
G1 X51.2773 Y83.9441 Z-0.8983
G1 X51.1338 Y83.7471 Z-0.9413
G1 X50.9602 Y83.5761 Z-0.9842
G1 X50.7201 Y83.4065 Z-1.0361
G1 X50.5116 Y83.2779 Z-1.0793
G1 X50.3589 Y83.2106 Z-1.1087
G1 X50.2030 Y83.1796 Z-1.1367
G1 X50.0 Y83.1663 Z-1.1726
G1 X49.7969 Y83.1796 Z-1.2085
G1 X49.6411 Y83.2106 Z-1.2365
G1 X49.4888 Y83.2777 Z-1.2659
G1 X49.2800 Y83.4065 Z-1.3091
G1 X49.0398 Y83.5762 Z-1.3610
G1 X48.8662 Y83.7472 Z-1.4039
G1 X48.7227 Y83.9441 Z-1.4469
G1 X48.6130 Y84.1617 Z-1.4899
G1 X48.5401 Y84.3943 Z-1.5328
G1 X48.5059 Y84.6356 Z-1.5758
G1 X48.5114 Y84.8792 Z-1.6188
G1 X48.5562 Y85.1187 Z-1.6617
G1 X48.6394 Y85.3478 Z-1.7047
G1 X48.7587 Y85.5604 Z-1.7477
G1 X48.9108 Y85.7507 Z-1.7906
G1 X49.0918 Y85.9138 Z-1.8336
G1 X49.2969 Y86.0455 Z-1.8766
G1 X49.5206 Y86.1420 Z-1.9196
G1 X49.7570 Y86.2010 Z-1.9625
G1 X50.0 Y86.2208 Z-2.0055
G1 X50.2429 Y86.2010 Z-2.0485
G1 X50.4793 Y86.1420 Z-2.0914
G1 X50.7030 Y86.0455 Z-2.1344
G1 X50.9082 Y85.9138 Z-2.1774
G1 X51.0892 Y85.7507 Z-2.2204
G1 X51.2413 Y85.5603 Z-2.2633
G1 X51.3606 Y85.3478 Z-2.3063
G1 X51.4437 Y85.1187 Z-2.3493
G1 X51.4886 Y84.8792 Z-2.3736
G1 X51.4940 Y84.6356 F480
G1 X51.4598 Y84.3942
G1 X51.3870 Y84.1618
G1 X51.2773 Y83.9441
G1 X51.1338 Y83.7471
G1 X50.9602 Y83.5761
G1 X50.7201 Y83.4065
G1 X50.5116 Y83.2779
G1 X50.3589 Y83.2106
G1 X50.2030 Y83.1796
G1 X50.0 Y83.1663
G1 X49.7969 Y83.1796
G1 X49.6411 Y83.2106
G1 X49.4888 Y83.2777
G1 X49.2800 Y83.4065
G1 X49.0398 Y83.5762
G1 X48.8662 Y83.7472
G1 X48.7227 Y83.9441
G1 X48.6130 Y84.1617
G1 X48.5401 Y84.3943
G1 X48.5059 Y84.6356
G1 X48.5114 Y84.8792
G1 X48.5562 Y85.1187
G1 X48.6394 Y85.3478
G1 X48.7587 Y85.5604
G1 X48.9108 Y85.7507
G1 X49.0918 Y85.9138
G1 X49.2969 Y86.0455
G1 X49.5206 Y86.1420
G1 X49.7570 Y86.2010
G1 X50.0 Y86.2208
G1 X50.2429 Y86.2010
G1 X50.4793 Y86.1420
G1 X50.7030 Y86.0455
G1 X50.9082 Y85.9138
G1 X51.0892 Y85.7507
G1 X51.2413 Y85.5603
G1 X51.3606 Y85.3478
G1 X51.4437 Y85.1187
G1 X51.4886 Y84.8792
G00 Z4.9900
G00 X50.2031 Y93.1796
G1 Z0.0900 F200
G1 X50.0 Y93.1663 Z0.0541
G1 X49.7969 Y93.1796 Z0.0182
G1 X49.6411 Y93.2105 Z-0.0098
G1 X49.4887 Y93.2778 Z-0.0391
G1 X49.2800 Y93.4064 Z-0.0824
G1 X49.0398 Y93.5761 Z-0.1342
G1 X48.8662 Y93.7472 Z-0.1772
G1 X48.7227 Y93.9441 Z-0.2202
G1 X48.6130 Y94.1617 Z-0.2632
G1 X48.5401 Y94.3943 Z-0.3061
G1 X48.5059 Y94.6355 Z-0.3491
G1 X48.5114 Y94.8792 Z-0.3921
G1 X48.5562 Y95.1187 Z-0.4350
G1 X48.6394 Y95.3477 Z-0.4780
G1 X48.7587 Y95.5603 Z-0.5210
G1 X48.9108 Y95.7507 Z-0.5639
G1 X49.0918 Y95.9138 Z-0.6069
G1 X49.2969 Y96.0454 Z-0.6499
G1 X49.5206 Y96.1420 Z-0.6928
G1 X49.7570 Y96.2010 Z-0.7358
G1 X50.0 Y96.2208 Z-0.7788
G1 X50.2429 Y96.2010 Z-0.8218
G1 X50.4793 Y96.1420 Z-0.8647
G1 X50.7031 Y96.0454 Z-0.9077
G1 X50.9082 Y95.9138 Z-0.9507
G1 X51.0892 Y95.7507 Z-0.9936
G1 X51.2413 Y95.5603 Z-1.0366
G1 X51.3605 Y95.3478 Z-1.0796
G1 X51.4437 Y95.1187 Z-1.1225
G1 X51.4886 Y94.8792 Z-1.1655
G1 X51.4940 Y94.6355 Z-1.2085
G1 X51.4599 Y94.3942 Z-1.2515
G1 X51.3870 Y94.1618 Z-1.2944
G1 X51.2773 Y93.9441 Z-1.3374
G1 X51.1338 Y93.7471 Z-1.3804
G1 X50.9602 Y93.5761 Z-1.4233
G1 X50.7199 Y93.4064 Z-1.4752
G1 X50.5116 Y93.2779 Z-1.5184
G1 X50.3589 Y93.2105 Z-1.5478
G1 X50.2031 Y93.1796 Z-1.5758
G1 X50.0 Y93.1663 Z-1.6117
G1 X49.7969 Y93.1796 Z-1.6476
G1 X49.6411 Y93.2105 Z-1.6756
G1 X49.4887 Y93.2778 Z-1.7049
G1 X49.2800 Y93.4064 Z-1.7482
G1 X49.0398 Y93.5761 Z-1.8000
G1 X48.8662 Y93.7472 Z-1.8430
G1 X48.7227 Y93.9441 Z-1.8860
G1 X48.6130 Y94.1617 Z-1.9290
G1 X48.5401 Y94.3943 Z-1.9719
G1 X48.5059 Y94.6355 Z-2.0149
G1 X48.5114 Y94.8792 Z-2.0579
G1 X48.5562 Y95.1187 Z-2.1008
G1 X48.6394 Y95.3477 Z-2.1438
G1 X48.7587 Y95.5603 Z-2.1868
G1 X48.9108 Y95.7507 Z-2.2297
G1 X49.0918 Y95.9138 Z-2.2727
G1 X49.2969 Y96.0454 Z-2.3157
G1 X49.5206 Y96.1420 Z-2.3586
G1 X49.7570 Y96.2010 Z-2.3736
G1 X50.0 Y96.2208 F480
G1 X50.2429 Y96.2010
G1 X50.4793 Y96.1420
G1 X50.7031 Y96.0454
G1 X50.9082 Y95.9138
G1 X51.0892 Y95.7507
G1 X51.2413 Y95.5603
G1 X51.3605 Y95.3478
G1 X51.4437 Y95.1187
G1 X51.4886 Y94.8792
G1 X51.4940 Y94.6355
G1 X51.4599 Y94.3942
G1 X51.3870 Y94.1618
G1 X51.2773 Y93.9441
G1 X51.1338 Y93.7471
G1 X50.9602 Y93.5761
G1 X50.7199 Y93.4064
G1 X50.5116 Y93.2779
G1 X50.3589 Y93.2105
G1 X50.2031 Y93.1796
G1 X50.0 Y93.1663
G1 X49.7969 Y93.1796
G1 X49.6411 Y93.2105
G1 X49.4887 Y93.2778
G1 X49.2800 Y93.4064
G1 X49.0398 Y93.5761
G1 X48.8662 Y93.7472
G1 X48.7227 Y93.9441
G1 X48.6130 Y94.1617
G1 X48.5401 Y94.3943
G1 X48.5059 Y94.6355
G1 X48.5114 Y94.8792
G1 X48.5562 Y95.1187
G1 X48.6394 Y95.3477
G1 X48.7587 Y95.5603
G1 X48.9108 Y95.7507
G1 X49.0918 Y95.9138
G1 X49.2969 Y96.0454
G1 X49.5206 Y96.1420
G1 X49.7570 Y96.2010
G1 X50.0 Y96.2208 F322.2222
G1 X50.2429 Y96.2010 Z-2.4166 F200
G1 X50.4793 Y96.1420 Z-2.4596
G1 X50.7031 Y96.0454 Z-2.5025
G1 X50.9082 Y95.9138 Z-2.5455
G1 X51.0892 Y95.7507 Z-2.5885
G1 X51.2413 Y95.5603 Z-2.6314
G1 X51.3605 Y95.3478 Z-2.6744
G1 X51.4437 Y95.1187 Z-2.7174
G1 X51.4886 Y94.8792 Z-2.7604
G1 X51.4940 Y94.6355 Z-2.8033
G1 X51.4599 Y94.3942 Z-2.8463
G1 X51.3870 Y94.1618 Z-2.8464
G1 X51.2773 Y93.9441 F480
G1 X51.1338 Y93.7471
G1 X50.9602 Y93.5761
G1 X50.7199 Y93.4064
G1 X50.5116 Y93.2779
G1 X50.3589 Y93.2105
G1 X50.2031 Y93.1796
G1 X50.0 Y93.1663
G1 X49.7969 Y93.1796
G1 X49.6411 Y93.2105
G1 X49.4887 Y93.2778
G1 X49.2800 Y93.4064
G1 X49.0398 Y93.5761
G1 X48.8662 Y93.7472
G1 X48.7227 Y93.9441
G1 X48.6130 Y94.1617
G1 X48.5401 Y94.3943
G1 X48.5059 Y94.6355
G1 X48.5114 Y94.8792
G1 X48.5562 Y95.1187
G1 X48.6394 Y95.3477
G1 X48.7587 Y95.5603
G1 X48.9108 Y95.7507
G1 X49.0918 Y95.9138
G1 X49.2969 Y96.0454
G1 X49.5206 Y96.1420
G1 X49.7570 Y96.2010
G1 X50.0 Y96.2208
G1 X50.2429 Y96.2010
G1 X50.4793 Y96.1420
G1 X50.7031 Y96.0454
G1 X50.9082 Y95.9138
G1 X51.0892 Y95.7507
G1 X51.2413 Y95.5603
G1 X51.3605 Y95.3478
G1 X51.4437 Y95.1187
G1 X51.4886 Y94.8792
G1 X51.4940 Y94.6355
G1 X51.4599 Y94.3942
G1 X51.3870 Y94.1618
G00 Z4.9900
G00 X50.2429 Y86.2010
G1 Z0.0900 F200
G1 X50.4793 Y86.1420 Z0.0470
G1 X50.7030 Y86.0455 Z0.0041
G1 X50.9082 Y85.9138 Z-0.0389
G1 X51.0892 Y85.7507 Z-0.0819
G1 X51.2413 Y85.5603 Z-0.1248
G1 X51.3606 Y85.3478 Z-0.1678
G1 X51.4437 Y85.1187 Z-0.2108
G1 X51.4886 Y84.8792 Z-0.2538
G1 X51.4940 Y84.6356 Z-0.2967
G1 X51.4598 Y84.3942 Z-0.3397
G1 X51.3870 Y84.1618 Z-0.3826
G1 X51.2773 Y83.9441 Z-0.4256
G1 X51.1338 Y83.7471 Z-0.4686
G1 X50.9602 Y83.5761 Z-0.5116
G1 X50.7201 Y83.4065 Z-0.5634
G1 X50.5116 Y83.2779 Z-0.6066
G1 X50.3589 Y83.2106 Z-0.6360
G1 X50.2030 Y83.1796 Z-0.6640
G1 X50.0 Y83.1663 Z-0.6999
G1 X49.7969 Y83.1796 Z-0.7358
G1 X49.6411 Y83.2106 Z-0.7638
G1 X49.4888 Y83.2777 Z-0.7932
G1 X49.2800 Y83.4065 Z-0.8364
G1 X49.0398 Y83.5762 Z-0.8883
G1 X48.8662 Y83.7472 Z-0.9312
G1 X48.7227 Y83.9441 Z-0.9742
G1 X48.6130 Y84.1617 Z-1.0172
G1 X48.5401 Y84.3943 Z-1.0602
G1 X48.5059 Y84.6356 Z-1.1031
G1 X48.5114 Y84.8792 Z-1.1461
G1 X48.5562 Y85.1187 Z-1.1891
G1 X48.6394 Y85.3478 Z-1.2320
G1 X48.7587 Y85.5604 Z-1.2750
G1 X48.9108 Y85.7507 Z-1.3180
G1 X49.0918 Y85.9138 Z-1.3609
G1 X49.2969 Y86.0455 Z-1.4039
G1 X49.5206 Y86.1420 Z-1.4469
G1 X49.7570 Y86.2010 Z-1.4898
G1 X50.0 Y86.2208 Z-1.5328
G1 X50.2429 Y86.2010 Z-1.5758
G1 X50.4793 Y86.1420 Z-1.6188
G1 X50.7030 Y86.0455 Z-1.6617
G1 X50.9082 Y85.9138 Z-1.7047
G1 X51.0892 Y85.7507 Z-1.7477
G1 X51.2413 Y85.5603 Z-1.7906
G1 X51.3606 Y85.3478 Z-1.8336
G1 X51.4437 Y85.1187 Z-1.8766
G1 X51.4886 Y84.8792 Z-1.9196
G1 X51.4940 Y84.6356 Z-1.9625
G1 X51.4598 Y84.3942 Z-2.0055
G1 X51.3870 Y84.1618 Z-2.0484
G1 X51.2773 Y83.9441 Z-2.0914
G1 X51.1338 Y83.7471 Z-2.1344
G1 X50.9602 Y83.5761 Z-2.1774
G1 X50.7201 Y83.4065 Z-2.2292
G1 X50.5116 Y83.2779 Z-2.2724
G1 X50.3589 Y83.2106 Z-2.3018
G1 X50.2030 Y83.1796 Z-2.3299
G1 X50.0 Y83.1663 Z-2.3657
G1 X49.7969 Y83.1796 Z-2.4016
G1 X49.6411 Y83.2106 Z-2.4296
G1 X49.4888 Y83.2777 Z-2.4590
G1 X49.2800 Y83.4065 Z-2.5022
G1 X49.0398 Y83.5762 Z-2.5541
G1 X48.8662 Y83.7472 Z-2.5970
G1 X48.7227 Y83.9441 Z-2.6400
G1 X48.6130 Y84.1617 Z-2.6830
G1 X48.5401 Y84.3943 Z-2.7260
G1 X48.5059 Y84.6356 Z-2.7689
G1 X48.5114 Y84.8792 Z-2.8119
G1 X48.5562 Y85.1187 Z-2.8464
G1 X48.6394 Y85.3478 F480
G1 X48.7587 Y85.5604
G1 X48.9108 Y85.7507
G1 X49.0918 Y85.9138
G1 X49.2969 Y86.0455
G1 X49.5206 Y86.1420
G1 X49.7570 Y86.2010
G1 X50.0 Y86.2208
G1 X50.2429 Y86.2010
G1 X50.4793 Y86.1420
G1 X50.7030 Y86.0455
G1 X50.9082 Y85.9138
G1 X51.0892 Y85.7507
G1 X51.2413 Y85.5603
G1 X51.3606 Y85.3478
G1 X51.4437 Y85.1187
G1 X51.4886 Y84.8792
G1 X51.4940 Y84.6356
G1 X51.4598 Y84.3942
G1 X51.3870 Y84.1618
G1 X51.2773 Y83.9441
G1 X51.1338 Y83.7471
G1 X50.9602 Y83.5761
G1 X50.7201 Y83.4065
G1 X50.5116 Y83.2779
G1 X50.3589 Y83.2106
G1 X50.2030 Y83.1796
G1 X50.0 Y83.1663
G1 X49.7969 Y83.1796
G1 X49.6411 Y83.2106
G1 X49.4888 Y83.2777
G1 X49.2800 Y83.4065
G1 X49.0398 Y83.5762
G1 X48.8662 Y83.7472
G1 X48.7227 Y83.9441
G1 X48.6130 Y84.1617
G1 X48.5401 Y84.3943
G1 X48.5059 Y84.6356
G1 X48.5114 Y84.8792
G1 X48.5562 Y85.1187
G00 Z4.9900
G00 X11.4941 Y84.6356
G1 Z0.0900 F200
G1 X11.4599 Y84.3943 Z0.0470
G1 X11.3870 Y84.1618 Z0.0041
G1 X11.2773 Y83.9441 Z-0.0389
G1 X11.1338 Y83.7472 Z-0.0819
G1 X10.9602 Y83.5762 Z-0.1248
G1 X10.7200 Y83.4064 Z-0.1767
G1 X10.5115 Y83.2779 Z-0.2199
G1 X10.3589 Y83.2106 Z-0.2493
G1 X10.2031 Y83.1796 Z-0.2773
G1 X10.0 Y83.1663 Z-0.3132
G1 X9.7970 Y83.1796 Z-0.3491
G1 X9.6411 Y83.2106 Z-0.3771
G1 X9.4888 Y83.2777 Z-0.4065
G1 X9.2800 Y83.4065 Z-0.4497
G1 X9.0398 Y83.5762 Z-0.5016
G1 X8.8663 Y83.7471 Z-0.5445
G1 X8.7227 Y83.9441 Z-0.5875
G1 X8.6130 Y84.1618 Z-0.6305
G1 X8.5402 Y84.3942 Z-0.6734
G1 X8.5060 Y84.6356 Z-0.7164
G1 X8.5114 Y84.8792 Z-0.7594
G1 X8.5563 Y85.1187 Z-0.8024
G1 X8.6395 Y85.3478 Z-0.8453
G1 X8.7587 Y85.5603 Z-0.8883
G1 X8.9108 Y85.7507 Z-0.9313
G1 X9.0919 Y85.9138 Z-0.9742
G1 X9.2970 Y86.0455 Z-1.0172
G1 X9.5207 Y86.1420 Z-1.0602
G1 X9.7571 Y86.2010 Z-1.1031
G1 X9.9999 Y86.2208 Z-1.1461
G1 X10.2430 Y86.2010 Z-1.1891
G1 X10.4794 Y86.1420 Z-1.2320
G1 X10.7031 Y86.0455 Z-1.2750
G1 X10.9082 Y85.9138 Z-1.3180
G1 X11.0892 Y85.7507 Z-1.3610
G1 X11.2413 Y85.5604 Z-1.4039
G1 X11.3606 Y85.3478 Z-1.4469
G1 X11.4438 Y85.1187 Z-1.4899
G1 X11.4886 Y84.8792 Z-1.5328
G1 X11.4941 Y84.6356 Z-1.5758
G1 X11.4599 Y84.3943 Z-1.6188
G1 X11.3870 Y84.1618 Z-1.6617
G1 X11.2773 Y83.9441 Z-1.7047
G1 X11.1338 Y83.7472 Z-1.7477
G1 X10.9602 Y83.5762 Z-1.7906
G1 X10.7200 Y83.4064 Z-1.8425
G1 X10.5115 Y83.2779 Z-1.8857
G1 X10.3589 Y83.2106 Z-1.9151
G1 X10.2031 Y83.1796 Z-1.9431
G1 X10.0 Y83.1663 Z-1.9790
G1 X9.7970 Y83.1796 Z-2.0149
G1 X9.6411 Y83.2106 Z-2.0429
G1 X9.4888 Y83.2777 Z-2.0723
G1 X9.2800 Y83.4065 Z-2.1155
G1 X9.0398 Y83.5762 Z-2.1674
G1 X8.8663 Y83.7471 Z-2.2103
G1 X8.7227 Y83.9441 Z-2.2533
G1 X8.6130 Y84.1618 Z-2.2963
G1 X8.5402 Y84.3942 Z-2.3392
G1 X8.5060 Y84.6356 Z-2.3822
G1 X8.5114 Y84.8792 Z-2.4252
G1 X8.5563 Y85.1187 Z-2.4682
G1 X8.6395 Y85.3478 Z-2.5111
G1 X8.7587 Y85.5603 Z-2.5541
G1 X8.9108 Y85.7507 Z-2.5971
G1 X9.0919 Y85.9138 Z-2.6400
G1 X9.2970 Y86.0455 Z-2.6830
G1 X9.5207 Y86.1420 Z-2.7260
G1 X9.7571 Y86.2010 Z-2.7689
G1 X9.9999 Y86.2208 Z-2.8119
G1 X10.2430 Y86.2010 Z-2.8464
G1 X10.4794 Y86.1420 F480
G1 X10.7031 Y86.0455
G1 X10.9082 Y85.9138
G1 X11.0892 Y85.7507
G1 X11.2413 Y85.5604
G1 X11.3606 Y85.3478
G1 X11.4438 Y85.1187
G1 X11.4886 Y84.8792
G1 X11.4941 Y84.6356
G1 X11.4599 Y84.3943
G1 X11.3870 Y84.1618
G1 X11.2773 Y83.9441
G1 X11.1338 Y83.7472
G1 X10.9602 Y83.5762
G1 X10.7200 Y83.4064
G1 X10.5115 Y83.2779
G1 X10.3589 Y83.2106
G1 X10.2031 Y83.1796
G1 X10.0 Y83.1663
G1 X9.7970 Y83.1796
G1 X9.6411 Y83.2106
G1 X9.4888 Y83.2777
G1 X9.2800 Y83.4065
G1 X9.0398 Y83.5762
G1 X8.8663 Y83.7471
G1 X8.7227 Y83.9441
G1 X8.6130 Y84.1618
G1 X8.5402 Y84.3942
G1 X8.5060 Y84.6356
G1 X8.5114 Y84.8792
G1 X8.5563 Y85.1187
G1 X8.6395 Y85.3478
G1 X8.7587 Y85.5603
G1 X8.9108 Y85.7507
G1 X9.0919 Y85.9138
G1 X9.2970 Y86.0455
G1 X9.5207 Y86.1420
G1 X9.7571 Y86.2010
G1 X9.9999 Y86.2208
G1 X10.2430 Y86.2010
G00 Z4.9900
G00 X10.0 Y93.1663
G1 Z0.0900 F200
G1 X9.7969 Y93.1796 Z0.0541
G1 X9.6411 Y93.2106 Z0.0261
G1 X9.4888 Y93.2777 Z-0.0033
G1 X9.2800 Y93.4064 Z-0.0465
G1 X9.0398 Y93.5761 Z-0.0984
G1 X8.8663 Y93.7471 Z-0.1413
G1 X8.7227 Y93.9441 Z-0.1843
G1 X8.6130 Y94.1618 Z-0.2273
G1 X8.5401 Y94.3942 Z-0.2702
G1 X8.5060 Y94.6355 Z-0.3132
G1 X8.5114 Y94.8792 Z-0.3562
G1 X8.5563 Y95.1187 Z-0.3991
G1 X8.6395 Y95.3478 Z-0.4421
G1 X8.7587 Y95.5603 Z-0.4851
G1 X8.9108 Y95.7507 Z-0.5281
G1 X9.0918 Y95.9138 Z-0.5710
G1 X9.2969 Y96.0454 Z-0.6140
G1 X9.5207 Y96.1420 Z-0.6570
G1 X9.7571 Y96.2010 Z-0.6999
G1 X10.0 Y96.2208 Z-0.7429
G1 X10.2429 Y96.2010 Z-0.7859
G1 X10.4794 Y96.1420 Z-0.8288
G1 X10.7031 Y96.0454 Z-0.8718
G1 X10.9082 Y95.9138 Z-0.9148
G1 X11.0892 Y95.7507 Z-0.9577
G1 X11.2413 Y95.5603 Z-1.0007
G1 X11.3606 Y95.3477 Z-1.0437
G1 X11.4438 Y95.1187 Z-1.0867
G1 X11.4886 Y94.8792 Z-1.1296
G1 X11.4941 Y94.6355 Z-1.1726
G1 X11.4599 Y94.3942 Z-1.2156
G1 X11.3870 Y94.1617 Z-1.2585
G1 X11.2773 Y93.9441 Z-1.3015
G1 X11.1338 Y93.7472 Z-1.3445
G1 X10.9602 Y93.5761 Z-1.3874
G1 X10.7200 Y93.4064 Z-1.4393
G1 X10.5116 Y93.2779 Z-1.4825
G1 X10.3589 Y93.2105 Z-1.5119
G1 X10.2031 Y93.1796 Z-1.5399
G1 X10.0 Y93.1663 Z-1.5758
G1 X9.7969 Y93.1796 Z-1.6117
G1 X9.6411 Y93.2106 Z-1.6397
G1 X9.4888 Y93.2777 Z-1.6691
G1 X9.2800 Y93.4064 Z-1.7123
G1 X9.0398 Y93.5761 Z-1.7642
G1 X8.8663 Y93.7471 Z-1.8071
G1 X8.7227 Y93.9441 Z-1.8501
G1 X8.6130 Y94.1618 Z-1.8931
G1 X8.5401 Y94.3942 Z-1.9360
G1 X8.5060 Y94.6355 Z-1.9790
G1 X8.5114 Y94.8792 Z-2.0220
G1 X8.5563 Y95.1187 Z-2.0649
G1 X8.6395 Y95.3478 Z-2.1079
G1 X8.7587 Y95.5603 Z-2.1509
G1 X8.9108 Y95.7507 Z-2.1939
G1 X9.0918 Y95.9138 Z-2.2368
G1 X9.2969 Y96.0454 Z-2.2798
G1 X9.5207 Y96.1420 Z-2.3228
G1 X9.7571 Y96.2010 Z-2.3657
G1 X10.0 Y96.2208 Z-2.4087
G1 X10.2429 Y96.2010 Z-2.4517
G1 X10.4794 Y96.1420 Z-2.4946
G1 X10.7031 Y96.0454 Z-2.5376
G1 X10.9082 Y95.9138 Z-2.5806
G1 X11.0892 Y95.7507 Z-2.6236
G1 X11.2413 Y95.5603 Z-2.6665
G1 X11.3606 Y95.3477 Z-2.7095
G1 X11.4438 Y95.1187 Z-2.7525
G1 X11.4886 Y94.8792 Z-2.7954
G1 X11.4941 Y94.6355 Z-2.8384
G1 X11.4599 Y94.3942 Z-2.8464
G1 X11.3870 Y94.1617 F480
G1 X11.2773 Y93.9441
G1 X11.1338 Y93.7472
G1 X10.9602 Y93.5761
G1 X10.7200 Y93.4064
G1 X10.5116 Y93.2779
G1 X10.3589 Y93.2105
G1 X10.2031 Y93.1796
G1 X10.0 Y93.1663
G1 X9.7969 Y93.1796
G1 X9.6411 Y93.2106
G1 X9.4888 Y93.2777
G1 X9.2800 Y93.4064
G1 X9.0398 Y93.5761
G1 X8.8663 Y93.7471
G1 X8.7227 Y93.9441
G1 X8.6130 Y94.1618
G1 X8.5401 Y94.3942
G1 X8.5060 Y94.6355
G1 X8.5114 Y94.8792
G1 X8.5563 Y95.1187
G1 X8.6395 Y95.3478
G1 X8.7587 Y95.5603
G1 X8.9108 Y95.7507
G1 X9.0918 Y95.9138
G1 X9.2969 Y96.0454
G1 X9.5207 Y96.1420
G1 X9.7571 Y96.2010
G1 X10.0 Y96.2208
G1 X10.2429 Y96.2010
G1 X10.4794 Y96.1420
G1 X10.7031 Y96.0454
G1 X10.9082 Y95.9138
G1 X11.0892 Y95.7507
G1 X11.2413 Y95.5603
G1 X11.3606 Y95.3477
G1 X11.4438 Y95.1187
G1 X11.4886 Y94.8792
G1 X11.4941 Y94.6355
G1 X11.4599 Y94.3942
G00 Z4.9900
G00 X10.0 Y96.2208
G1 Z0.0900 F200
G1 X10.2429 Y96.2010 Z0.0470
G1 X10.4794 Y96.1420 Z0.0041
G1 X10.7031 Y96.0454 Z-0.0389
G1 X10.9082 Y95.9138 Z-0.0819
G1 X11.0892 Y95.7507 Z-0.1248
G1 X11.2413 Y95.5603 Z-0.1678
G1 X11.3606 Y95.3477 Z-0.2108
G1 X11.4438 Y95.1187 Z-0.2538
G1 X11.4886 Y94.8792 Z-0.2967
G1 X11.4941 Y94.6355 Z-0.3397
G1 X11.4599 Y94.3942 Z-0.3827
G1 X11.3870 Y94.1617 Z-0.4256
G1 X11.2773 Y93.9441 Z-0.4686
G1 X11.1338 Y93.7472 Z-0.5116
G1 X10.9602 Y93.5761 Z-0.5545
G1 X10.7200 Y93.4064 Z-0.6064
G1 X10.5116 Y93.2779 Z-0.6496
G1 X10.3589 Y93.2105 Z-0.6790
G1 X10.2031 Y93.1796 Z-0.7070
G1 X10.0 Y93.1663 Z-0.7429
G1 X9.7969 Y93.1796 Z-0.7788
G1 X9.6411 Y93.2106 Z-0.8068
G1 X9.4888 Y93.2777 Z-0.8362
G1 X9.2800 Y93.4064 Z-0.8794
G1 X9.0398 Y93.5761 Z-0.9313
G1 X8.8663 Y93.7471 Z-0.9742
G1 X8.7227 Y93.9441 Z-1.0172
G1 X8.6130 Y94.1618 Z-1.0602
G1 X8.5401 Y94.3942 Z-1.1031
G1 X8.5060 Y94.6355 Z-1.1461
G1 X8.5114 Y94.8792 Z-1.1891
G1 X8.5563 Y95.1187 Z-1.2320
G1 X8.6395 Y95.3478 Z-1.2750
G1 X8.7587 Y95.5603 Z-1.3180
G1 X8.9108 Y95.7507 Z-1.3610
G1 X9.0918 Y95.9138 Z-1.4039
G1 X9.2969 Y96.0454 Z-1.4469
G1 X9.5207 Y96.1420 Z-1.4899
G1 X9.7571 Y96.2010 Z-1.5328
G1 X10.0 Y96.2208 Z-1.5758
G1 X10.2429 Y96.2010 Z-1.6188
G1 X10.4794 Y96.1420 Z-1.6617
G1 X10.7031 Y96.0454 Z-1.7047
G1 X10.9082 Y95.9138 Z-1.7477
G1 X11.0892 Y95.7507 Z-1.7907
G1 X11.2413 Y95.5603 Z-1.8336
G1 X11.3606 Y95.3477 Z-1.8766
G1 X11.4438 Y95.1187 Z-1.9196
G1 X11.4886 Y94.8792 Z-1.9625
G1 X11.4941 Y94.6355 Z-2.0055
G1 X11.4599 Y94.3942 Z-2.0485
G1 X11.3870 Y94.1617 Z-2.0914
G1 X11.2773 Y93.9441 Z-2.1344
G1 X11.1338 Y93.7472 Z-2.1774
G1 X10.9602 Y93.5761 Z-2.2203
G1 X10.7200 Y93.4064 Z-2.2722
G1 X10.5116 Y93.2779 Z-2.3154
G1 X10.3589 Y93.2105 Z-2.3448
G1 X10.2031 Y93.1796 Z-2.3728
G1 X10.0 Y93.1663 Z-2.4087
G1 X9.7969 Y93.1796 Z-2.4446
G1 X9.6411 Y93.2106 Z-2.4726
G1 X9.4888 Y93.2777 Z-2.5020
G1 X9.2800 Y93.4064 Z-2.5452
G1 X9.0398 Y93.5761 Z-2.5971
G1 X8.8663 Y93.7471 Z-2.6400
G1 X8.7227 Y93.9441 Z-2.6830
G1 X8.6130 Y94.1618 Z-2.7260
G1 X8.5401 Y94.3942 Z-2.7689
G1 X8.5060 Y94.6355 Z-2.8119
G1 X8.5114 Y94.8792 Z-2.8549
G1 X8.5563 Y95.1187 Z-2.8978
G1 X8.6395 Y95.3478 Z-2.9408
G1 X8.7587 Y95.5603 Z-2.9838
G1 X8.9108 Y95.7507 Z-3.0268
G1 X9.0918 Y95.9138 Z-3.0697
G1 X9.2969 Y96.0454 Z-3.1127
G1 X9.5207 Y96.1420 Z-3.1557
G1 X9.7571 Y96.2010 Z-3.1986
G1 X10.0 Y96.2208 Z-3.2416
G1 X10.2429 Y96.2010 Z-3.2846
G1 X10.4794 Y96.1420 Z-3.3191
G1 X10.7031 Y96.0454 F480
G1 X10.9082 Y95.9138
G1 X11.0892 Y95.7507
G1 X11.2413 Y95.5603
G1 X11.3606 Y95.3477
G1 X11.4438 Y95.1187
G1 X11.4886 Y94.8792
G1 X11.4941 Y94.6355
G1 X11.4599 Y94.3942
G1 X11.3870 Y94.1617
G1 X11.2773 Y93.9441
G1 X11.1338 Y93.7472
G1 X10.9602 Y93.5761
G1 X10.7200 Y93.4064
G1 X10.5116 Y93.2779
G1 X10.3589 Y93.2105
G1 X10.2031 Y93.1796
G1 X10.0 Y93.1663
G1 X9.7969 Y93.1796
G1 X9.6411 Y93.2106
G1 X9.4888 Y93.2777
G1 X9.2800 Y93.4064
G1 X9.0398 Y93.5761
G1 X8.8663 Y93.7471
G1 X8.7227 Y93.9441
G1 X8.6130 Y94.1618
G1 X8.5401 Y94.3942
G1 X8.5060 Y94.6355
G1 X8.5114 Y94.8792
G1 X8.5563 Y95.1187
G1 X8.6395 Y95.3478
G1 X8.7587 Y95.5603
G1 X8.9108 Y95.7507
G1 X9.0918 Y95.9138
G1 X9.2969 Y96.0454
G1 X9.5207 Y96.1420
G1 X9.7571 Y96.2010
G1 X10.0 Y96.2208
G1 X10.2429 Y96.2010
G1 X10.4794 Y96.1420
G00 Z4.9900
G00 X9.9999 Y86.2208
G1 Z0.0900 F200
G1 X10.2430 Y86.2010 Z0.0470
G1 X10.4794 Y86.1420 Z0.0040
G1 X10.7031 Y86.0455 Z-0.0389
G1 X10.9082 Y85.9138 Z-0.0819
G1 X11.0892 Y85.7507 Z-0.1249
G1 X11.2413 Y85.5604 Z-0.1678
G1 X11.3606 Y85.3478 Z-0.2108
G1 X11.4438 Y85.1187 Z-0.2538
G1 X11.4886 Y84.8792 Z-0.2967
G1 X11.4941 Y84.6356 Z-0.3397
G1 X11.4599 Y84.3943 Z-0.3827
G1 X11.3870 Y84.1618 Z-0.4256
G1 X11.2773 Y83.9441 Z-0.4686
G1 X11.1338 Y83.7472 Z-0.5116
G1 X10.9602 Y83.5762 Z-0.5546
G1 X10.7200 Y83.4064 Z-0.6064
G1 X10.5115 Y83.2779 Z-0.6496
G1 X10.3589 Y83.2106 Z-0.6790
G1 X10.2031 Y83.1796 Z-0.7070
G1 X10.0 Y83.1663 Z-0.7429
G1 X9.7970 Y83.1796 Z-0.7788
G1 X9.6411 Y83.2106 Z-0.8068
G1 X9.4888 Y83.2777 Z-0.8362
G1 X9.2800 Y83.4065 Z-0.8794
G1 X9.0398 Y83.5762 Z-0.9313
G1 X8.8663 Y83.7471 Z-0.9742
G1 X8.7227 Y83.9441 Z-1.0172
G1 X8.6130 Y84.1618 Z-1.0602
G1 X8.5402 Y84.3942 Z-1.1031
G1 X8.5060 Y84.6356 Z-1.1461
G1 X8.5114 Y84.8792 Z-1.1891
G1 X8.5563 Y85.1187 Z-1.2321
G1 X8.6395 Y85.3478 Z-1.2750
G1 X8.7587 Y85.5603 Z-1.3180
G1 X8.9108 Y85.7507 Z-1.3610
G1 X9.0919 Y85.9138 Z-1.4039
G1 X9.2970 Y86.0455 Z-1.4469
G1 X9.5207 Y86.1420 Z-1.4899
G1 X9.7571 Y86.2010 Z-1.5328
G1 X9.9999 Y86.2208 Z-1.5758
G1 X10.2430 Y86.2010 Z-1.6188
G1 X10.4794 Y86.1420 Z-1.6618
G1 X10.7031 Y86.0455 Z-1.7047
G1 X10.9082 Y85.9138 Z-1.7477
G1 X11.0892 Y85.7507 Z-1.7907
G1 X11.2413 Y85.5604 Z-1.8336
G1 X11.3606 Y85.3478 Z-1.8766
G1 X11.4438 Y85.1187 Z-1.9196
G1 X11.4886 Y84.8792 Z-1.9625
G1 X11.4941 Y84.6356 Z-2.0055
G1 X11.4599 Y84.3943 Z-2.0485
G1 X11.3870 Y84.1618 Z-2.0914
G1 X11.2773 Y83.9441 Z-2.1344
G1 X11.1338 Y83.7472 Z-2.1774
G1 X10.9602 Y83.5762 Z-2.2204
G1 X10.7200 Y83.4064 Z-2.2722
G1 X10.5115 Y83.2779 Z-2.3154
G1 X10.3589 Y83.2106 Z-2.3448
G1 X10.2031 Y83.1796 Z-2.3728
G1 X10.0 Y83.1663 Z-2.4087
G1 X9.7970 Y83.1796 Z-2.4446
G1 X9.6411 Y83.2106 Z-2.4726
G1 X9.4888 Y83.2777 Z-2.5020
G1 X9.2800 Y83.4065 Z-2.5452
G1 X9.0398 Y83.5762 Z-2.5971
G1 X8.8663 Y83.7471 Z-2.6400
G1 X8.7227 Y83.9441 Z-2.6830
G1 X8.6130 Y84.1618 Z-2.7260
G1 X8.5402 Y84.3942 Z-2.7689
G1 X8.5060 Y84.6356 Z-2.8119
G1 X8.5114 Y84.8792 Z-2.8549
G1 X8.5563 Y85.1187 Z-2.8979
G1 X8.6395 Y85.3478 Z-2.9408
G1 X8.7587 Y85.5603 Z-2.9838
G1 X8.9108 Y85.7507 Z-3.0268
G1 X9.0919 Y85.9138 Z-3.0697
G1 X9.2970 Y86.0455 Z-3.1127
G1 X9.5207 Y86.1420 Z-3.1557
G1 X9.7571 Y86.2010 Z-3.1986
G1 X9.9999 Y86.2208 Z-3.2416
G1 X10.2430 Y86.2010 Z-3.2846
G1 X10.4794 Y86.1420 Z-3.3191
G1 X10.7031 Y86.0455 F480
G1 X10.9082 Y85.9138
G1 X11.0892 Y85.7507
G1 X11.2413 Y85.5604
G1 X11.3606 Y85.3478
G1 X11.4438 Y85.1187
G1 X11.4886 Y84.8792
G1 X11.4941 Y84.6356
G1 X11.4599 Y84.3943
G1 X11.3870 Y84.1618
G1 X11.2773 Y83.9441
G1 X11.1338 Y83.7472
G1 X10.9602 Y83.5762
G1 X10.7200 Y83.4064
G1 X10.5115 Y83.2779
G1 X10.3589 Y83.2106
G1 X10.2031 Y83.1796
G1 X10.0 Y83.1663
G1 X9.7970 Y83.1796
G1 X9.6411 Y83.2106
G1 X9.4888 Y83.2777
G1 X9.2800 Y83.4065
G1 X9.0398 Y83.5762
G1 X8.8663 Y83.7471
G1 X8.7227 Y83.9441
G1 X8.6130 Y84.1618
G1 X8.5402 Y84.3942
G1 X8.5060 Y84.6356
G1 X8.5114 Y84.8792
G1 X8.5563 Y85.1187
G1 X8.6395 Y85.3478
G1 X8.7587 Y85.5603
G1 X8.9108 Y85.7507
G1 X9.0919 Y85.9138
G1 X9.2970 Y86.0455
G1 X9.5207 Y86.1420
G1 X9.7571 Y86.2010
G1 X9.9999 Y86.2208
G1 X10.2430 Y86.2010
G1 X10.4794 Y86.1420
G00 Z4.9900
G00 X48.5114 Y84.8792
G1 Z0.0900 F200
G1 X48.5562 Y85.1187 Z0.0470
G1 X48.6394 Y85.3478 Z0.0041
G1 X48.7587 Y85.5604 Z-0.0389
G1 X48.9108 Y85.7507 Z-0.0819
G1 X49.0918 Y85.9138 Z-0.1248
G1 X49.2969 Y86.0455 Z-0.1678
G1 X49.5206 Y86.1420 Z-0.2108
G1 X49.7570 Y86.2010 Z-0.2537
G1 X50.0 Y86.2208 Z-0.2967
G1 X50.2429 Y86.2010 Z-0.3397
G1 X50.4793 Y86.1420 Z-0.3827
G1 X50.7030 Y86.0455 Z-0.4256
G1 X50.9082 Y85.9138 Z-0.4686
G1 X51.0892 Y85.7507 Z-0.5116
G1 X51.2413 Y85.5603 Z-0.5545
G1 X51.3606 Y85.3478 Z-0.5975
G1 X51.4437 Y85.1187 Z-0.6405
G1 X51.4886 Y84.8792 Z-0.6835
G1 X51.4940 Y84.6356 Z-0.7264
G1 X51.4598 Y84.3942 Z-0.7694
G1 X51.3870 Y84.1618 Z-0.8123
G1 X51.2773 Y83.9441 Z-0.8553
G1 X51.1338 Y83.7471 Z-0.8983
G1 X50.9602 Y83.5761 Z-0.9413
G1 X50.7201 Y83.4065 Z-0.9931
G1 X50.5116 Y83.2779 Z-1.0363
G1 X50.3589 Y83.2106 Z-1.0657
G1 X50.2030 Y83.1796 Z-1.0938
G1 X50.0 Y83.1663 Z-1.1296
G1 X49.7969 Y83.1796 Z-1.1655
G1 X49.6411 Y83.2106 Z-1.1935
G1 X49.4888 Y83.2777 Z-1.2229
G1 X49.2800 Y83.4065 Z-1.2661
G1 X49.0398 Y83.5762 Z-1.3180
G1 X48.8662 Y83.7472 Z-1.3610
G1 X48.7227 Y83.9441 Z-1.4039
G1 X48.6130 Y84.1617 Z-1.4469
G1 X48.5401 Y84.3943 Z-1.4899
G1 X48.5059 Y84.6356 Z-1.5328
G1 X48.5114 Y84.8792 Z-1.5758
G1 X48.5562 Y85.1187 Z-1.6188
G1 X48.6394 Y85.3478 Z-1.6617
G1 X48.7587 Y85.5604 Z-1.7047
G1 X48.9108 Y85.7507 Z-1.7477
G1 X49.0918 Y85.9138 Z-1.7906
G1 X49.2969 Y86.0455 Z-1.8336
G1 X49.5206 Y86.1420 Z-1.8766
G1 X49.7570 Y86.2010 Z-1.9195
G1 X50.0 Y86.2208 Z-1.9625
G1 X50.2429 Y86.2010 Z-2.0055
G1 X50.4793 Y86.1420 Z-2.0485
G1 X50.7030 Y86.0455 Z-2.0914
G1 X50.9082 Y85.9138 Z-2.1344
G1 X51.0892 Y85.7507 Z-2.1774
G1 X51.2413 Y85.5603 Z-2.2203
G1 X51.3606 Y85.3478 Z-2.2633
G1 X51.4437 Y85.1187 Z-2.3063
G1 X51.4886 Y84.8792 Z-2.3493
G1 X51.4940 Y84.6356 Z-2.3922
G1 X51.4598 Y84.3942 Z-2.4352
G1 X51.3870 Y84.1618 Z-2.4782
G1 X51.2773 Y83.9441 Z-2.5211
G1 X51.1338 Y83.7471 Z-2.5641
G1 X50.9602 Y83.5761 Z-2.6071
G1 X50.7201 Y83.4065 Z-2.6589
G1 X50.5116 Y83.2779 Z-2.7021
G1 X50.3589 Y83.2106 Z-2.7315
G1 X50.2030 Y83.1796 Z-2.7596
G1 X50.0 Y83.1663 Z-2.7954
G1 X49.7969 Y83.1796 Z-2.8313
G1 X49.6411 Y83.2106 Z-2.8593
G1 X49.4888 Y83.2777 Z-2.8887
G1 X49.2800 Y83.4065 Z-2.9319
G1 X49.0398 Y83.5762 Z-2.9838
G1 X48.8662 Y83.7472 Z-3.0268
G1 X48.7227 Y83.9441 Z-3.0697
G1 X48.6130 Y84.1617 Z-3.1127
G1 X48.5401 Y84.3943 Z-3.1557
G1 X48.5059 Y84.6356 Z-3.1986
G1 X48.5114 Y84.8792 Z-3.2416
G1 X48.5562 Y85.1187 Z-3.2846
G1 X48.6394 Y85.3478 Z-3.3191
G1 X48.7587 Y85.5604 F480
G1 X48.9108 Y85.7507
G1 X49.0918 Y85.9138
G1 X49.2969 Y86.0455
G1 X49.5206 Y86.1420
G1 X49.7570 Y86.2010
G1 X50.0 Y86.2208
G1 X50.2429 Y86.2010
G1 X50.4793 Y86.1420
G1 X50.7030 Y86.0455
G1 X50.9082 Y85.9138
G1 X51.0892 Y85.7507
G1 X51.2413 Y85.5603
G1 X51.3606 Y85.3478
G1 X51.4437 Y85.1187
G1 X51.4886 Y84.8792
G1 X51.4940 Y84.6356
G1 X51.4598 Y84.3942
G1 X51.3870 Y84.1618
G1 X51.2773 Y83.9441
G1 X51.1338 Y83.7471
G1 X50.9602 Y83.5761
G1 X50.7201 Y83.4065
G1 X50.5116 Y83.2779
G1 X50.3589 Y83.2106
G1 X50.2030 Y83.1796
G1 X50.0 Y83.1663
G1 X49.7969 Y83.1796
G1 X49.6411 Y83.2106
G1 X49.4888 Y83.2777
G1 X49.2800 Y83.4065
G1 X49.0398 Y83.5762
G1 X48.8662 Y83.7472
G1 X48.7227 Y83.9441
G1 X48.6130 Y84.1617
G1 X48.5401 Y84.3943
G1 X48.5059 Y84.6356
G1 X48.5114 Y84.8792
G1 X48.5562 Y85.1187
G1 X48.6394 Y85.3478
G00 Z4.9900
G00 X49.7969 Y93.1796
G1 Z0.0900 F200
G1 X49.6411 Y93.2105 Z0.0620
G1 X49.4887 Y93.2778 Z0.0326
G1 X49.2800 Y93.4064 Z-0.0106
G1 X49.0398 Y93.5761 Z-0.0625
G1 X48.8662 Y93.7472 Z-0.1054
G1 X48.7227 Y93.9441 Z-0.1484
G1 X48.6130 Y94.1617 Z-0.1914
G1 X48.5401 Y94.3943 Z-0.2343
G1 X48.5059 Y94.6355 Z-0.2773
G1 X48.5114 Y94.8792 Z-0.3203
G1 X48.5562 Y95.1187 Z-0.3632
G1 X48.6394 Y95.3477 Z-0.4062
G1 X48.7587 Y95.5603 Z-0.4492
G1 X48.9108 Y95.7507 Z-0.4922
G1 X49.0918 Y95.9138 Z-0.5351
G1 X49.2969 Y96.0454 Z-0.5781
G1 X49.5206 Y96.1420 Z-0.6211
G1 X49.7570 Y96.2010 Z-0.6640
G1 X50.0 Y96.2208 Z-0.7070
G1 X50.2429 Y96.2010 Z-0.7500
G1 X50.4793 Y96.1420 Z-0.7930
G1 X50.7031 Y96.0454 Z-0.8359
G1 X50.9082 Y95.9138 Z-0.8789
G1 X51.0892 Y95.7507 Z-0.9219
G1 X51.2413 Y95.5603 Z-0.9648
G1 X51.3605 Y95.3478 Z-1.0078
G1 X51.4437 Y95.1187 Z-1.0508
G1 X51.4886 Y94.8792 Z-1.0937
G1 X51.4940 Y94.6355 Z-1.1367
G1 X51.4599 Y94.3942 Z-1.1797
G1 X51.3870 Y94.1618 Z-1.2226
G1 X51.2773 Y93.9441 Z-1.2656
G1 X51.1338 Y93.7471 Z-1.3086
G1 X50.9602 Y93.5761 Z-1.3515
G1 X50.7199 Y93.4064 Z-1.4034
G1 X50.5116 Y93.2779 Z-1.4466
G1 X50.3589 Y93.2105 Z-1.4760
G1 X50.2031 Y93.1796 Z-1.5040
G1 X50.0 Y93.1663 Z-1.5399
G1 X49.7969 Y93.1796 Z-1.5758
G1 X49.6411 Y93.2105 Z-1.6038
G1 X49.4887 Y93.2778 Z-1.6332
G1 X49.2800 Y93.4064 Z-1.6764
G1 X49.0398 Y93.5761 Z-1.7283
G1 X48.8662 Y93.7472 Z-1.7712
G1 X48.7227 Y93.9441 Z-1.8142
G1 X48.6130 Y94.1617 Z-1.8572
G1 X48.5401 Y94.3943 Z-1.9001
G1 X48.5059 Y94.6355 Z-1.9431
G1 X48.5114 Y94.8792 Z-1.9861
G1 X48.5562 Y95.1187 Z-2.0290
G1 X48.6394 Y95.3477 Z-2.0720
G1 X48.7587 Y95.5603 Z-2.1150
G1 X48.9108 Y95.7507 Z-2.1580
G1 X49.0918 Y95.9138 Z-2.2009
G1 X49.2969 Y96.0454 Z-2.2439
G1 X49.5206 Y96.1420 Z-2.2869
G1 X49.7570 Y96.2010 Z-2.3298
G1 X50.0 Y96.2208 Z-2.3728
G1 X50.2429 Y96.2010 Z-2.4158
G1 X50.4793 Y96.1420 Z-2.4588
G1 X50.7031 Y96.0454 Z-2.5017
G1 X50.9082 Y95.9138 Z-2.5447
G1 X51.0892 Y95.7507 Z-2.5877
G1 X51.2413 Y95.5603 Z-2.6306
G1 X51.3605 Y95.3478 Z-2.6736
G1 X51.4437 Y95.1187 Z-2.7166
G1 X51.4886 Y94.8792 Z-2.7595
G1 X51.4940 Y94.6355 Z-2.8025
G1 X51.4599 Y94.3942 Z-2.8455
G1 X51.3870 Y94.1618 Z-2.8884
G1 X51.2773 Y93.9441 Z-2.9314
G1 X51.1338 Y93.7471 Z-2.9744
G1 X50.9602 Y93.5761 Z-3.0174
G1 X50.7199 Y93.4064 Z-3.0692
G1 X50.5116 Y93.2779 Z-3.1124
G1 X50.3589 Y93.2105 Z-3.1418
G1 X50.2031 Y93.1796 Z-3.1698
G1 X50.0 Y93.1663 Z-3.2057
G1 X49.7969 Y93.1796 Z-3.2416
G1 X49.6411 Y93.2105 Z-3.2696
G1 X49.4887 Y93.2778 Z-3.2990
G1 X49.2800 Y93.4064 Z-3.3191
G1 X49.0398 Y93.5761 F480
G1 X48.8662 Y93.7472
G1 X48.7227 Y93.9441
G1 X48.6130 Y94.1617
G1 X48.5401 Y94.3943
G1 X48.5059 Y94.6355
G1 X48.5114 Y94.8792
G1 X48.5562 Y95.1187
G1 X48.6394 Y95.3477
G1 X48.7587 Y95.5603
G1 X48.9108 Y95.7507
G1 X49.0918 Y95.9138
G1 X49.2969 Y96.0454
G1 X49.5206 Y96.1420
G1 X49.7570 Y96.2010
G1 X50.0 Y96.2208
G1 X50.2429 Y96.2010
G1 X50.4793 Y96.1420
G1 X50.7031 Y96.0454
G1 X50.9082 Y95.9138
G1 X51.0892 Y95.7507
G1 X51.2413 Y95.5603
G1 X51.3605 Y95.3478
G1 X51.4437 Y95.1187
G1 X51.4886 Y94.8792
G1 X51.4940 Y94.6355
G1 X51.4599 Y94.3942
G1 X51.3870 Y94.1618
G1 X51.2773 Y93.9441
G1 X51.1338 Y93.7471
G1 X50.9602 Y93.5761
G1 X50.7199 Y93.4064
G1 X50.5116 Y93.2779
G1 X50.3589 Y93.2105
G1 X50.2031 Y93.1796
G1 X50.0 Y93.1663
G1 X49.7969 Y93.1796
G1 X49.6411 Y93.2105
G1 X49.4887 Y93.2778
G1 X49.2800 Y93.4064
G00 Z4.9900
G00 X50.0 Y96.2208
G1 Z0.0900 F200
G1 X50.2429 Y96.2010 Z0.0470
G1 X50.4793 Y96.1420 Z0.0041
G1 X50.7031 Y96.0454 Z-0.0389
G1 X50.9082 Y95.9138 Z-0.0819
G1 X51.0892 Y95.7507 Z-0.1248
G1 X51.2413 Y95.5603 Z-0.1678
G1 X51.3605 Y95.3478 Z-0.2108
G1 X51.4437 Y95.1187 Z-0.2538
G1 X51.4886 Y94.8792 Z-0.2967
G1 X51.4940 Y94.6355 Z-0.3397
G1 X51.4599 Y94.3942 Z-0.3827
G1 X51.3870 Y94.1618 Z-0.4256
G1 X51.2773 Y93.9441 Z-0.4686
G1 X51.1338 Y93.7471 Z-0.5116
G1 X50.9602 Y93.5761 Z-0.5545
G1 X50.7199 Y93.4064 Z-0.6064
G1 X50.5116 Y93.2779 Z-0.6496
G1 X50.3589 Y93.2105 Z-0.6790
G1 X50.2031 Y93.1796 Z-0.7070
G1 X50.0 Y93.1663 Z-0.7429
G1 X49.7969 Y93.1796 Z-0.7788
G1 X49.6411 Y93.2105 Z-0.8068
G1 X49.4887 Y93.2778 Z-0.8362
G1 X49.2800 Y93.4064 Z-0.8794
G1 X49.0398 Y93.5761 Z-0.9313
G1 X48.8662 Y93.7472 Z-0.9742
G1 X48.7227 Y93.9441 Z-1.0172
G1 X48.6130 Y94.1617 Z-1.0602
G1 X48.5401 Y94.3943 Z-1.1031
G1 X48.5059 Y94.6355 Z-1.1461
G1 X48.5114 Y94.8792 Z-1.1891
G1 X48.5562 Y95.1187 Z-1.2320
G1 X48.6394 Y95.3477 Z-1.2750
G1 X48.7587 Y95.5603 Z-1.3180
G1 X48.9108 Y95.7507 Z-1.3610
G1 X49.0918 Y95.9138 Z-1.4039
G1 X49.2969 Y96.0454 Z-1.4469
G1 X49.5206 Y96.1420 Z-1.4899
G1 X49.7570 Y96.2010 Z-1.5328
G1 X50.0 Y96.2208 Z-1.5758
G1 X50.2429 Y96.2010 Z-1.6188
G1 X50.4793 Y96.1420 Z-1.6617
G1 X50.7031 Y96.0454 Z-1.7047
G1 X50.9082 Y95.9138 Z-1.7477
G1 X51.0892 Y95.7507 Z-1.7906
G1 X51.2413 Y95.5603 Z-1.8336
G1 X51.3605 Y95.3478 Z-1.8766
G1 X51.4437 Y95.1187 Z-1.9196
G1 X51.4886 Y94.8792 Z-1.9625
G1 X51.4940 Y94.6355 Z-2.0055
G1 X51.4599 Y94.3942 Z-2.0485
G1 X51.3870 Y94.1618 Z-2.0914
G1 X51.2773 Y93.9441 Z-2.1344
G1 X51.1338 Y93.7471 Z-2.1774
G1 X50.9602 Y93.5761 Z-2.2203
G1 X50.7199 Y93.4064 Z-2.2722
G1 X50.5116 Y93.2779 Z-2.3154
G1 X50.3589 Y93.2105 Z-2.3448
G1 X50.2031 Y93.1796 Z-2.3728
G1 X50.0 Y93.1663 Z-2.4087
G1 X49.7969 Y93.1796 Z-2.4446
G1 X49.6411 Y93.2105 Z-2.4726
G1 X49.4887 Y93.2778 Z-2.5020
G1 X49.2800 Y93.4064 Z-2.5452
G1 X49.0398 Y93.5761 Z-2.5971
G1 X48.8662 Y93.7472 Z-2.6400
G1 X48.7227 Y93.9441 Z-2.6830
G1 X48.6130 Y94.1617 Z-2.7260
G1 X48.5401 Y94.3943 Z-2.7689
G1 X48.5059 Y94.6355 Z-2.8119
G1 X48.5114 Y94.8792 Z-2.8549
G1 X48.5562 Y95.1187 Z-2.8978
G1 X48.6394 Y95.3477 Z-2.9408
G1 X48.7587 Y95.5603 Z-2.9838
G1 X48.9108 Y95.7507 Z-3.0268
G1 X49.0918 Y95.9138 Z-3.0697
G1 X49.2969 Y96.0454 Z-3.1127
G1 X49.5206 Y96.1420 Z-3.1557
G1 X49.7570 Y96.2010 Z-3.1986
G1 X50.0 Y96.2208 Z-3.2416
G1 X50.2429 Y96.2010 Z-3.2846
G1 X50.4793 Y96.1420 Z-3.3275
G1 X50.7031 Y96.0454 Z-3.3705
G1 X50.9082 Y95.9138 Z-3.4135
G1 X51.0892 Y95.7507 Z-3.4565
G1 X51.2413 Y95.5603 Z-3.4994
G1 X51.3605 Y95.3478 Z-3.5424
G1 X51.4437 Y95.1187 Z-3.5854
G1 X51.4886 Y94.8792 Z-3.6283
G1 X51.4940 Y94.6355 Z-3.6713
G1 X51.4599 Y94.3942 Z-3.7143
G1 X51.3870 Y94.1618 Z-3.7572
G1 X51.2773 Y93.9441 Z-3.7918
G1 X51.1338 Y93.7471 F480
G1 X50.9602 Y93.5761
G1 X50.7199 Y93.4064
G1 X50.5116 Y93.2779
G1 X50.3589 Y93.2105
G1 X50.2031 Y93.1796
G1 X50.0 Y93.1663
G1 X49.7969 Y93.1796
G1 X49.6411 Y93.2105
G1 X49.4887 Y93.2778
G1 X49.2800 Y93.4064
G1 X49.0398 Y93.5761
G1 X48.8662 Y93.7472
G1 X48.7227 Y93.9441
G1 X48.6130 Y94.1617
G1 X48.5401 Y94.3943
G1 X48.5059 Y94.6355
G1 X48.5114 Y94.8792
G1 X48.5562 Y95.1187
G1 X48.6394 Y95.3477
G1 X48.7587 Y95.5603
G1 X48.9108 Y95.7507
G1 X49.0918 Y95.9138
G1 X49.2969 Y96.0454
G1 X49.5206 Y96.1420
G1 X49.7570 Y96.2010
G1 X50.0 Y96.2208
G1 X50.2429 Y96.2010
G1 X50.4793 Y96.1420
G1 X50.7031 Y96.0454
G1 X50.9082 Y95.9138
G1 X51.0892 Y95.7507
G1 X51.2413 Y95.5603
G1 X51.3605 Y95.3478
G1 X51.4437 Y95.1187
G1 X51.4886 Y94.8792
G1 X51.4940 Y94.6355
G1 X51.4599 Y94.3942
G1 X51.3870 Y94.1618
G1 X51.2773 Y93.9441
G00 Z4.9900
G00 X50.2429 Y86.2010
G1 Z0.0900 F200
G1 X50.4793 Y86.1420 Z0.0470
G1 X50.7030 Y86.0455 Z0.0041
G1 X50.9082 Y85.9138 Z-0.0389
G1 X51.0892 Y85.7507 Z-0.0819
G1 X51.2413 Y85.5603 Z-0.1248
G1 X51.3606 Y85.3478 Z-0.1678
G1 X51.4437 Y85.1187 Z-0.2108
G1 X51.4886 Y84.8792 Z-0.2538
G1 X51.4940 Y84.6356 Z-0.2967
G1 X51.4598 Y84.3942 Z-0.3397
G1 X51.3870 Y84.1618 Z-0.3826
G1 X51.2773 Y83.9441 Z-0.4256
G1 X51.1338 Y83.7471 Z-0.4686
G1 X50.9602 Y83.5761 Z-0.5116
G1 X50.7201 Y83.4065 Z-0.5634
G1 X50.5116 Y83.2779 Z-0.6066
G1 X50.3589 Y83.2106 Z-0.6360
G1 X50.2030 Y83.1796 Z-0.6640
G1 X50.0 Y83.1663 Z-0.6999
G1 X49.7969 Y83.1796 Z-0.7358
G1 X49.6411 Y83.2106 Z-0.7638
G1 X49.4888 Y83.2777 Z-0.7932
G1 X49.2800 Y83.4065 Z-0.8364
G1 X49.0398 Y83.5762 Z-0.8883
G1 X48.8662 Y83.7472 Z-0.9312
G1 X48.7227 Y83.9441 Z-0.9742
G1 X48.6130 Y84.1617 Z-1.0172
G1 X48.5401 Y84.3943 Z-1.0602
G1 X48.5059 Y84.6356 Z-1.1031
G1 X48.5114 Y84.8792 Z-1.1461
G1 X48.5562 Y85.1187 Z-1.1891
G1 X48.6394 Y85.3478 Z-1.2320
G1 X48.7587 Y85.5604 Z-1.2750
G1 X48.9108 Y85.7507 Z-1.3180
G1 X49.0918 Y85.9138 Z-1.3609
G1 X49.2969 Y86.0455 Z-1.4039
G1 X49.5206 Y86.1420 Z-1.4469
G1 X49.7570 Y86.2010 Z-1.4898
G1 X50.0 Y86.2208 Z-1.5328
G1 X50.2429 Y86.2010 Z-1.5758
G1 X50.4793 Y86.1420 Z-1.6188
G1 X50.7030 Y86.0455 Z-1.6617
G1 X50.9082 Y85.9138 Z-1.7047
G1 X51.0892 Y85.7507 Z-1.7477
G1 X51.2413 Y85.5603 Z-1.7906
G1 X51.3606 Y85.3478 Z-1.8336
G1 X51.4437 Y85.1187 Z-1.8766
G1 X51.4886 Y84.8792 Z-1.9196
G1 X51.4940 Y84.6356 Z-1.9625
G1 X51.4598 Y84.3942 Z-2.0055
G1 X51.3870 Y84.1618 Z-2.0484
G1 X51.2773 Y83.9441 Z-2.0914
G1 X51.1338 Y83.7471 Z-2.1344
G1 X50.9602 Y83.5761 Z-2.1774
G1 X50.7201 Y83.4065 Z-2.2292
G1 X50.5116 Y83.2779 Z-2.2724
G1 X50.3589 Y83.2106 Z-2.3018
G1 X50.2030 Y83.1796 Z-2.3299
G1 X50.0 Y83.1663 Z-2.3657
G1 X49.7969 Y83.1796 Z-2.4016
G1 X49.6411 Y83.2106 Z-2.4296
G1 X49.4888 Y83.2777 Z-2.4590
G1 X49.2800 Y83.4065 Z-2.5022
G1 X49.0398 Y83.5762 Z-2.5541
G1 X48.8662 Y83.7472 Z-2.5970
G1 X48.7227 Y83.9441 Z-2.6400
G1 X48.6130 Y84.1617 Z-2.6830
G1 X48.5401 Y84.3943 Z-2.7260
G1 X48.5059 Y84.6356 Z-2.7689
G1 X48.5114 Y84.8792 Z-2.8119
G1 X48.5562 Y85.1187 Z-2.8549
G1 X48.6394 Y85.3478 Z-2.8978
G1 X48.7587 Y85.5604 Z-2.9408
G1 X48.9108 Y85.7507 Z-2.9838
G1 X49.0918 Y85.9138 Z-3.0267
G1 X49.2969 Y86.0455 Z-3.0697
G1 X49.5206 Y86.1420 Z-3.1127
G1 X49.7570 Y86.2010 Z-3.1556
G1 X50.0 Y86.2208 Z-3.1986
G1 X50.2429 Y86.2010 Z-3.2416
G1 X50.4793 Y86.1420 Z-3.2846
G1 X50.7030 Y86.0455 Z-3.3275
G1 X50.9082 Y85.9138 Z-3.3705
G1 X51.0892 Y85.7507 Z-3.4135
G1 X51.2413 Y85.5603 Z-3.4564
G1 X51.3606 Y85.3478 Z-3.4994
G1 X51.4437 Y85.1187 Z-3.5424
G1 X51.4886 Y84.8792 Z-3.5854
G1 X51.4940 Y84.6356 Z-3.6283
G1 X51.4598 Y84.3942 Z-3.6713
G1 X51.3870 Y84.1618 Z-3.7142
G1 X51.2773 Y83.9441 Z-3.7572
G1 X51.1338 Y83.7471 Z-3.7918
G1 X50.9602 Y83.5761 F480
G1 X50.7201 Y83.4065
G1 X50.5116 Y83.2779
G1 X50.3589 Y83.2106
G1 X50.2030 Y83.1796
G1 X50.0 Y83.1663
G1 X49.7969 Y83.1796
G1 X49.6411 Y83.2106
G1 X49.4888 Y83.2777
G1 X49.2800 Y83.4065
G1 X49.0398 Y83.5762
G1 X48.8662 Y83.7472
G1 X48.7227 Y83.9441
G1 X48.6130 Y84.1617
G1 X48.5401 Y84.3943
G1 X48.5059 Y84.6356
G1 X48.5114 Y84.8792
G1 X48.5562 Y85.1187
G1 X48.6394 Y85.3478
G1 X48.7587 Y85.5604
G1 X48.9108 Y85.7507
G1 X49.0918 Y85.9138
G1 X49.2969 Y86.0455
G1 X49.5206 Y86.1420
G1 X49.7570 Y86.2010
G1 X50.0 Y86.2208
G1 X50.2429 Y86.2010
G1 X50.4793 Y86.1420
G1 X50.7030 Y86.0455
G1 X50.9082 Y85.9138
G1 X51.0892 Y85.7507
G1 X51.2413 Y85.5603
G1 X51.3606 Y85.3478
G1 X51.4437 Y85.1187
G1 X51.4886 Y84.8792
G1 X51.4940 Y84.6356
G1 X51.4598 Y84.3942
G1 X51.3870 Y84.1618
G1 X51.2773 Y83.9441
G1 X51.1338 Y83.7471
G00 Z4.9900
G00 X11.4941 Y84.6356
G1 Z0.0900 F200
G1 X11.4599 Y84.3943 Z0.0470
G1 X11.3870 Y84.1618 Z0.0041
G1 X11.2773 Y83.9441 Z-0.0389
G1 X11.1338 Y83.7472 Z-0.0819
G1 X10.9602 Y83.5762 Z-0.1248
G1 X10.7200 Y83.4064 Z-0.1767
G1 X10.5115 Y83.2779 Z-0.2199
G1 X10.3589 Y83.2106 Z-0.2493
G1 X10.2031 Y83.1796 Z-0.2773
G1 X10.0 Y83.1663 Z-0.3132
G1 X9.7970 Y83.1796 Z-0.3491
G1 X9.6411 Y83.2106 Z-0.3771
G1 X9.4888 Y83.2777 Z-0.4065
G1 X9.2800 Y83.4065 Z-0.4497
G1 X9.0398 Y83.5762 Z-0.5016
G1 X8.8663 Y83.7471 Z-0.5445
G1 X8.7227 Y83.9441 Z-0.5875
G1 X8.6130 Y84.1618 Z-0.6305
G1 X8.5402 Y84.3942 Z-0.6734
G1 X8.5060 Y84.6356 Z-0.7164
G1 X8.5114 Y84.8792 Z-0.7594
G1 X8.5563 Y85.1187 Z-0.8024
G1 X8.6395 Y85.3478 Z-0.8453
G1 X8.7587 Y85.5603 Z-0.8883
G1 X8.9108 Y85.7507 Z-0.9313
G1 X9.0919 Y85.9138 Z-0.9742
G1 X9.2970 Y86.0455 Z-1.0172
G1 X9.5207 Y86.1420 Z-1.0602
G1 X9.7571 Y86.2010 Z-1.1031
G1 X9.9999 Y86.2208 Z-1.1461
G1 X10.2430 Y86.2010 Z-1.1891
G1 X10.4794 Y86.1420 Z-1.2320
G1 X10.7031 Y86.0455 Z-1.2750
G1 X10.9082 Y85.9138 Z-1.3180
G1 X11.0892 Y85.7507 Z-1.3610
G1 X11.2413 Y85.5604 Z-1.4039
G1 X11.3606 Y85.3478 Z-1.4469
G1 X11.4438 Y85.1187 Z-1.4899
G1 X11.4886 Y84.8792 Z-1.5328
G1 X11.4941 Y84.6356 Z-1.5758
G1 X11.4599 Y84.3943 Z-1.6188
G1 X11.3870 Y84.1618 Z-1.6617
G1 X11.2773 Y83.9441 Z-1.7047
G1 X11.1338 Y83.7472 Z-1.7477
G1 X10.9602 Y83.5762 Z-1.7906
G1 X10.7200 Y83.4064 Z-1.8425
G1 X10.5115 Y83.2779 Z-1.8857
G1 X10.3589 Y83.2106 Z-1.9151
G1 X10.2031 Y83.1796 Z-1.9431
G1 X10.0 Y83.1663 Z-1.9790
G1 X9.7970 Y83.1796 Z-2.0149
G1 X9.6411 Y83.2106 Z-2.0429
G1 X9.4888 Y83.2777 Z-2.0723
G1 X9.2800 Y83.4065 Z-2.1155
G1 X9.0398 Y83.5762 Z-2.1674
G1 X8.8663 Y83.7471 Z-2.2103
G1 X8.7227 Y83.9441 Z-2.2533
G1 X8.6130 Y84.1618 Z-2.2963
G1 X8.5402 Y84.3942 Z-2.3392
G1 X8.5060 Y84.6356 Z-2.3822
G1 X8.5114 Y84.8792 Z-2.4252
G1 X8.5563 Y85.1187 Z-2.4682
G1 X8.6395 Y85.3478 Z-2.5111
G1 X8.7587 Y85.5603 Z-2.5541
G1 X8.9108 Y85.7507 Z-2.5971
G1 X9.0919 Y85.9138 Z-2.6400
G1 X9.2970 Y86.0455 Z-2.6830
G1 X9.5207 Y86.1420 Z-2.7260
G1 X9.7571 Y86.2010 Z-2.7689
G1 X9.9999 Y86.2208 Z-2.8119
G1 X10.2430 Y86.2010 Z-2.8549
G1 X10.4794 Y86.1420 Z-2.8979
G1 X10.7031 Y86.0455 Z-2.9408
G1 X10.9082 Y85.9138 Z-2.9838
G1 X11.0892 Y85.7507 Z-3.0268
G1 X11.2413 Y85.5604 Z-3.0697
G1 X11.3606 Y85.3478 Z-3.1127
G1 X11.4438 Y85.1187 Z-3.1557
G1 X11.4886 Y84.8792 Z-3.1986
G1 X11.4941 Y84.6356 Z-3.2416
G1 X11.4599 Y84.3943 Z-3.2846
G1 X11.3870 Y84.1618 Z-3.3275
G1 X11.2773 Y83.9441 Z-3.3705
G1 X11.1338 Y83.7472 Z-3.4135
G1 X10.9602 Y83.5762 Z-3.4564
G1 X10.7200 Y83.4064 Z-3.5083
G1 X10.5115 Y83.2779 Z-3.5515
G1 X10.3589 Y83.2106 Z-3.5809
G1 X10.2031 Y83.1796 Z-3.6089
G1 X10.0 Y83.1663 Z-3.6448
G1 X9.7970 Y83.1796 Z-3.6807
G1 X9.6411 Y83.2106 Z-3.7087
G1 X9.4888 Y83.2777 Z-3.7381
G1 X9.2800 Y83.4065 Z-3.7813
G1 X9.0398 Y83.5762 Z-3.7918
G1 X8.8663 Y83.7471 F480
G1 X8.7227 Y83.9441
G1 X8.6130 Y84.1618
G1 X8.5402 Y84.3942
G1 X8.5060 Y84.6356
G1 X8.5114 Y84.8792
G1 X8.5563 Y85.1187
G1 X8.6395 Y85.3478
G1 X8.7587 Y85.5603
G1 X8.9108 Y85.7507
G1 X9.0919 Y85.9138
G1 X9.2970 Y86.0455
G1 X9.5207 Y86.1420
G1 X9.7571 Y86.2010
G1 X9.9999 Y86.2208
G1 X10.2430 Y86.2010
G1 X10.4794 Y86.1420
G1 X10.7031 Y86.0455
G1 X10.9082 Y85.9138
G1 X11.0892 Y85.7507
G1 X11.2413 Y85.5604
G1 X11.3606 Y85.3478
G1 X11.4438 Y85.1187
G1 X11.4886 Y84.8792
G1 X11.4941 Y84.6356
G1 X11.4599 Y84.3943
G1 X11.3870 Y84.1618
G1 X11.2773 Y83.9441
G1 X11.1338 Y83.7472
G1 X10.9602 Y83.5762
G1 X10.7200 Y83.4064
G1 X10.5115 Y83.2779
G1 X10.3589 Y83.2106
G1 X10.2031 Y83.1796
G1 X10.0 Y83.1663
G1 X9.7970 Y83.1796
G1 X9.6411 Y83.2106
G1 X9.4888 Y83.2777
G1 X9.2800 Y83.4065
G1 X9.0398 Y83.5762
G00 Z4.9900
G00 X9.7969 Y93.1796
G1 Z0.0900 F200
G1 X9.6411 Y93.2106 Z0.0620
G1 X9.4888 Y93.2777 Z0.0326
G1 X9.2800 Y93.4064 Z-0.0106
G1 X9.0398 Y93.5761 Z-0.0625
G1 X8.8663 Y93.7471 Z-0.1054
G1 X8.7227 Y93.9441 Z-0.1484
G1 X8.6130 Y94.1618 Z-0.1914
G1 X8.5401 Y94.3942 Z-0.2343
G1 X8.5060 Y94.6355 Z-0.2773
G1 X8.5114 Y94.8792 Z-0.3203
G1 X8.5563 Y95.1187 Z-0.3633
G1 X8.6395 Y95.3478 Z-0.4062
G1 X8.7587 Y95.5603 Z-0.4492
G1 X8.9108 Y95.7507 Z-0.4922
G1 X9.0918 Y95.9138 Z-0.5351
G1 X9.2969 Y96.0454 Z-0.5781
G1 X9.5207 Y96.1420 Z-0.6211
G1 X9.7571 Y96.2010 Z-0.6640
G1 X10.0 Y96.2208 Z-0.7070
G1 X10.2429 Y96.2010 Z-0.7500
G1 X10.4794 Y96.1420 Z-0.7930
G1 X10.7031 Y96.0454 Z-0.8359
G1 X10.9082 Y95.9138 Z-0.8789
G1 X11.0892 Y95.7507 Z-0.9219
G1 X11.2413 Y95.5603 Z-0.9648
G1 X11.3606 Y95.3477 Z-1.0078
G1 X11.4438 Y95.1187 Z-1.0508
G1 X11.4886 Y94.8792 Z-1.0937
G1 X11.4941 Y94.6355 Z-1.1367
G1 X11.4599 Y94.3942 Z-1.1797
G1 X11.3870 Y94.1617 Z-1.2226
G1 X11.2773 Y93.9441 Z-1.2656
G1 X11.1338 Y93.7472 Z-1.3086
G1 X10.9602 Y93.5761 Z-1.3516
G1 X10.7200 Y93.4064 Z-1.4034
G1 X10.5116 Y93.2779 Z-1.4466
G1 X10.3589 Y93.2105 Z-1.4760
G1 X10.2031 Y93.1796 Z-1.5040
G1 X10.0 Y93.1663 Z-1.5399
G1 X9.7969 Y93.1796 Z-1.5758
G1 X9.6411 Y93.2106 Z-1.6038
G1 X9.4888 Y93.2777 Z-1.6332
G1 X9.2800 Y93.4064 Z-1.6764
G1 X9.0398 Y93.5761 Z-1.7283
G1 X8.8663 Y93.7471 Z-1.7712
G1 X8.7227 Y93.9441 Z-1.8142
G1 X8.6130 Y94.1618 Z-1.8572
G1 X8.5401 Y94.3942 Z-1.9001
G1 X8.5060 Y94.6355 Z-1.9431
G1 X8.5114 Y94.8792 Z-1.9861
G1 X8.5563 Y95.1187 Z-2.0291
G1 X8.6395 Y95.3478 Z-2.0720
G1 X8.7587 Y95.5603 Z-2.1150
G1 X8.9108 Y95.7507 Z-2.1580
G1 X9.0918 Y95.9138 Z-2.2009
G1 X9.2969 Y96.0454 Z-2.2439
G1 X9.5207 Y96.1420 Z-2.2869
G1 X9.7571 Y96.2010 Z-2.3298
G1 X10.0 Y96.2208 Z-2.3728
G1 X10.2429 Y96.2010 Z-2.4158
G1 X10.4794 Y96.1420 Z-2.4588
G1 X10.7031 Y96.0454 Z-2.5017
G1 X10.9082 Y95.9138 Z-2.5447
G1 X11.0892 Y95.7507 Z-2.5877
G1 X11.2413 Y95.5603 Z-2.6306
G1 X11.3606 Y95.3477 Z-2.6736
G1 X11.4438 Y95.1187 Z-2.7166
G1 X11.4886 Y94.8792 Z-2.7595
G1 X11.4941 Y94.6355 Z-2.8025
G1 X11.4599 Y94.3942 Z-2.8455
G1 X11.3870 Y94.1617 Z-2.8885
G1 X11.2773 Y93.9441 Z-2.9314
G1 X11.1338 Y93.7472 Z-2.9744
G1 X10.9602 Y93.5761 Z-3.0174
G1 X10.7200 Y93.4064 Z-3.0692
G1 X10.5116 Y93.2779 Z-3.1124
G1 X10.3589 Y93.2105 Z-3.1418
G1 X10.2031 Y93.1796 Z-3.1698
G1 X10.0 Y93.1663 Z-3.2057
G1 X9.7969 Y93.1796 Z-3.2416
G1 X9.6411 Y93.2106 Z-3.2696
G1 X9.4888 Y93.2777 Z-3.2990
G1 X9.2800 Y93.4064 Z-3.3422
G1 X9.0398 Y93.5761 Z-3.3941
G1 X8.8663 Y93.7471 Z-3.4370
G1 X8.7227 Y93.9441 Z-3.4800
G1 X8.6130 Y94.1618 Z-3.5230
G1 X8.5401 Y94.3942 Z-3.5660
G1 X8.5060 Y94.6355 Z-3.6089
G1 X8.5114 Y94.8792 Z-3.6519
G1 X8.5563 Y95.1187 Z-3.6949
G1 X8.6395 Y95.3478 Z-3.7378
G1 X8.7587 Y95.5603 Z-3.7808
G1 X8.9108 Y95.7507 Z-3.7918
G1 X9.0918 Y95.9138 F480
G1 X9.2969 Y96.0454
G1 X9.5207 Y96.1420
G1 X9.7571 Y96.2010
G1 X10.0 Y96.2208
G1 X10.2429 Y96.2010
G1 X10.4794 Y96.1420
G1 X10.7031 Y96.0454
G1 X10.9082 Y95.9138
G1 X11.0892 Y95.7507
G1 X11.2413 Y95.5603
G1 X11.3606 Y95.3477
G1 X11.4438 Y95.1187
G1 X11.4886 Y94.8792
G1 X11.4941 Y94.6355
G1 X11.4599 Y94.3942
G1 X11.3870 Y94.1617
G1 X11.2773 Y93.9441
G1 X11.1338 Y93.7472
G1 X10.9602 Y93.5761
G1 X10.7200 Y93.4064
G1 X10.5116 Y93.2779
G1 X10.3589 Y93.2105
G1 X10.2031 Y93.1796
G1 X10.0 Y93.1663
G1 X9.7969 Y93.1796
G1 X9.6411 Y93.2106
G1 X9.4888 Y93.2777
G1 X9.2800 Y93.4064
G1 X9.0398 Y93.5761
G1 X8.8663 Y93.7471
G1 X8.7227 Y93.9441
G1 X8.6130 Y94.1618
G1 X8.5401 Y94.3942
G1 X8.5060 Y94.6355
G1 X8.5114 Y94.8792
G1 X8.5563 Y95.1187
G1 X8.6395 Y95.3478
G1 X8.7587 Y95.5603
G1 X8.9108 Y95.7507
G00 Z4.9900
G00 X10.0 Y96.2208
G1 Z0.0900 F200
G1 X10.2429 Y96.2010 Z0.0470
G1 X10.4794 Y96.1420 Z0.0041
G1 X10.7031 Y96.0454 Z-0.0389
G1 X10.9082 Y95.9138 Z-0.0819
G1 X11.0892 Y95.7507 Z-0.1248
G1 X11.2413 Y95.5603 Z-0.1678
G1 X11.3606 Y95.3477 Z-0.2108
G1 X11.4438 Y95.1187 Z-0.2538
G1 X11.4886 Y94.8792 Z-0.2967
G1 X11.4941 Y94.6355 Z-0.3397
G1 X11.4599 Y94.3942 Z-0.3827
G1 X11.3870 Y94.1617 Z-0.4256
G1 X11.2773 Y93.9441 Z-0.4686
G1 X11.1338 Y93.7472 Z-0.5116
G1 X10.9602 Y93.5761 Z-0.5545
G1 X10.7200 Y93.4064 Z-0.6064
G1 X10.5116 Y93.2779 Z-0.6496
G1 X10.3589 Y93.2105 Z-0.6790
G1 X10.2031 Y93.1796 Z-0.7070
G1 X10.0 Y93.1663 Z-0.7429
G1 X9.7969 Y93.1796 Z-0.7788
G1 X9.6411 Y93.2106 Z-0.8068
G1 X9.4888 Y93.2777 Z-0.8362
G1 X9.2800 Y93.4064 Z-0.8794
G1 X9.0398 Y93.5761 Z-0.9313
G1 X8.8663 Y93.7471 Z-0.9742
G1 X8.7227 Y93.9441 Z-1.0172
G1 X8.6130 Y94.1618 Z-1.0602
G1 X8.5401 Y94.3942 Z-1.1031
G1 X8.5060 Y94.6355 Z-1.1461
G1 X8.5114 Y94.8792 Z-1.1891
G1 X8.5563 Y95.1187 Z-1.2320
G1 X8.6395 Y95.3478 Z-1.2750
G1 X8.7587 Y95.5603 Z-1.3180
G1 X8.9108 Y95.7507 Z-1.3610
G1 X9.0918 Y95.9138 Z-1.4039
G1 X9.2969 Y96.0454 Z-1.4469
G1 X9.5207 Y96.1420 Z-1.4899
G1 X9.7571 Y96.2010 Z-1.5328
G1 X10.0 Y96.2208 Z-1.5758
G1 X10.2429 Y96.2010 Z-1.6188
G1 X10.4794 Y96.1420 Z-1.6617
G1 X10.7031 Y96.0454 Z-1.7047
G1 X10.9082 Y95.9138 Z-1.7477
G1 X11.0892 Y95.7507 Z-1.7907
G1 X11.2413 Y95.5603 Z-1.8336
G1 X11.3606 Y95.3477 Z-1.8766
G1 X11.4438 Y95.1187 Z-1.9196
G1 X11.4886 Y94.8792 Z-1.9625
G1 X11.4941 Y94.6355 Z-2.0055
G1 X11.4599 Y94.3942 Z-2.0485
G1 X11.3870 Y94.1617 Z-2.0914
G1 X11.2773 Y93.9441 Z-2.1344
G1 X11.1338 Y93.7472 Z-2.1774
G1 X10.9602 Y93.5761 Z-2.2203
G1 X10.7200 Y93.4064 Z-2.2722
G1 X10.5116 Y93.2779 Z-2.3154
G1 X10.3589 Y93.2105 Z-2.3448
G1 X10.2031 Y93.1796 Z-2.3728
G1 X10.0 Y93.1663 Z-2.4087
G1 X9.7969 Y93.1796 Z-2.4446
G1 X9.6411 Y93.2106 Z-2.4726
G1 X9.4888 Y93.2777 Z-2.5020
G1 X9.2800 Y93.4064 Z-2.5452
G1 X9.0398 Y93.5761 Z-2.5971
G1 X8.8663 Y93.7471 Z-2.6400
G1 X8.7227 Y93.9441 Z-2.6830
G1 X8.6130 Y94.1618 Z-2.7260
G1 X8.5401 Y94.3942 Z-2.7689
G1 X8.5060 Y94.6355 Z-2.8119
G1 X8.5114 Y94.8792 Z-2.8549
G1 X8.5563 Y95.1187 Z-2.8978
G1 X8.6395 Y95.3478 Z-2.9408
G1 X8.7587 Y95.5603 Z-2.9838
G1 X8.9108 Y95.7507 Z-3.0268
G1 X9.0918 Y95.9138 Z-3.0697
G1 X9.2969 Y96.0454 Z-3.1127
G1 X9.5207 Y96.1420 Z-3.1557
G1 X9.7571 Y96.2010 Z-3.1986
G1 X10.0 Y96.2208 Z-3.2416
G1 X10.2429 Y96.2010 Z-3.2846
G1 X10.4794 Y96.1420 Z-3.3276
G1 X10.7031 Y96.0454 Z-3.3705
G1 X10.9082 Y95.9138 Z-3.4135
G1 X11.0892 Y95.7507 Z-3.4565
G1 X11.2413 Y95.5603 Z-3.4994
G1 X11.3606 Y95.3477 Z-3.5424
G1 X11.4438 Y95.1187 Z-3.5854
G1 X11.4886 Y94.8792 Z-3.6283
G1 X11.4941 Y94.6355 Z-3.6713
G1 X11.4599 Y94.3942 Z-3.7143
G1 X11.3870 Y94.1617 Z-3.7572
G1 X11.2773 Y93.9441 Z-3.8002
G1 X11.1338 Y93.7472 Z-3.8432
G1 X10.9602 Y93.5761 Z-3.8862
G1 X10.7200 Y93.4064 Z-3.9380
G1 X10.5116 Y93.2779 Z-3.9812
G1 X10.3589 Y93.2105 Z-4.0106
G1 X10.2031 Y93.1796 Z-4.0386
G1 X10.0 Y93.1663 Z-4.0745
G1 X9.7969 Y93.1796 Z-4.1104
G1 X9.6411 Y93.2106 Z-4.1384
G1 X9.4888 Y93.2777 Z-4.1678
G1 X9.2800 Y93.4064 Z-4.2110
G1 X9.0398 Y93.5761 Z-4.2629
G1 X8.8663 Y93.7471 Z-4.2645
G1 X8.7227 Y93.9441 F480
G1 X8.6130 Y94.1618
G1 X8.5401 Y94.3942
G1 X8.5060 Y94.6355
G1 X8.5114 Y94.8792
G1 X8.5563 Y95.1187
G1 X8.6395 Y95.3478
G1 X8.7587 Y95.5603
G1 X8.9108 Y95.7507
G1 X9.0918 Y95.9138
G1 X9.2969 Y96.0454
G1 X9.5207 Y96.1420
G1 X9.7571 Y96.2010
G1 X10.0 Y96.2208
G1 X10.2429 Y96.2010
G1 X10.4794 Y96.1420
G1 X10.7031 Y96.0454
G1 X10.9082 Y95.9138
G1 X11.0892 Y95.7507
G1 X11.2413 Y95.5603
G1 X11.3606 Y95.3477
G1 X11.4438 Y95.1187
G1 X11.4886 Y94.8792
G1 X11.4941 Y94.6355
G1 X11.4599 Y94.3942
G1 X11.3870 Y94.1617
G1 X11.2773 Y93.9441
G1 X11.1338 Y93.7472
G1 X10.9602 Y93.5761
G1 X10.7200 Y93.4064
G1 X10.5116 Y93.2779
G1 X10.3589 Y93.2105
G1 X10.2031 Y93.1796
G1 X10.0 Y93.1663
G1 X9.7969 Y93.1796
G1 X9.6411 Y93.2106
G1 X9.4888 Y93.2777
G1 X9.2800 Y93.4064
G1 X9.0398 Y93.5761
G1 X8.8663 Y93.7471
G00 Z4.9900
G00 X9.7571 Y86.2010
G1 Z0.0900 F200
G1 X9.9999 Y86.2208 Z0.0470
G1 X10.2430 Y86.2010 Z0.0040
G1 X10.4794 Y86.1420 Z-0.0389
G1 X10.7031 Y86.0455 Z-0.0819
G1 X10.9082 Y85.9138 Z-0.1249
G1 X11.0892 Y85.7507 Z-0.1678
G1 X11.2413 Y85.5604 Z-0.2108
G1 X11.3606 Y85.3478 Z-0.2538
G1 X11.4438 Y85.1187 Z-0.2967
G1 X11.4886 Y84.8792 Z-0.3397
G1 X11.4941 Y84.6356 Z-0.3827
G1 X11.4599 Y84.3943 Z-0.4256
G1 X11.3870 Y84.1618 Z-0.4686
G1 X11.2773 Y83.9441 Z-0.5116
G1 X11.1338 Y83.7472 Z-0.5545
G1 X10.9602 Y83.5762 Z-0.5975
G1 X10.7200 Y83.4064 Z-0.6494
G1 X10.5115 Y83.2779 Z-0.6926
G1 X10.3589 Y83.2106 Z-0.7220
G1 X10.2031 Y83.1796 Z-0.7500
G1 X10.0 Y83.1663 Z-0.7859
G1 X9.7970 Y83.1796 Z-0.8217
G1 X9.6411 Y83.2106 Z-0.8498
G1 X9.4888 Y83.2777 Z-0.8791
G1 X9.2800 Y83.4065 Z-0.9224
G1 X9.0398 Y83.5762 Z-0.9742
G1 X8.8663 Y83.7471 Z-1.0172
G1 X8.7227 Y83.9441 Z-1.0602
G1 X8.6130 Y84.1618 Z-1.1032
G1 X8.5402 Y84.3942 Z-1.1461
G1 X8.5060 Y84.6356 Z-1.1891
G1 X8.5114 Y84.8792 Z-1.2320
G1 X8.5563 Y85.1187 Z-1.2750
G1 X8.6395 Y85.3478 Z-1.3180
G1 X8.7587 Y85.5603 Z-1.3610
G1 X8.9108 Y85.7507 Z-1.4039
G1 X9.0919 Y85.9138 Z-1.4469
G1 X9.2970 Y86.0455 Z-1.4899
G1 X9.5207 Y86.1420 Z-1.5328
G1 X9.7571 Y86.2010 Z-1.5758
G1 X9.9999 Y86.2208 Z-1.6188
G1 X10.2430 Y86.2010 Z-1.6618
G1 X10.4794 Y86.1420 Z-1.7047
G1 X10.7031 Y86.0455 Z-1.7477
G1 X10.9082 Y85.9138 Z-1.7907
G1 X11.0892 Y85.7507 Z-1.8336
G1 X11.2413 Y85.5604 Z-1.8766
G1 X11.3606 Y85.3478 Z-1.9196
G1 X11.4438 Y85.1187 Z-1.9625
G1 X11.4886 Y84.8792 Z-2.0055
G1 X11.4941 Y84.6356 Z-2.0485
G1 X11.4599 Y84.3943 Z-2.0914
G1 X11.3870 Y84.1618 Z-2.1344
G1 X11.2773 Y83.9441 Z-2.1774
G1 X11.1338 Y83.7472 Z-2.2204
G1 X10.9602 Y83.5762 Z-2.2633
G1 X10.7200 Y83.4064 Z-2.3152
G1 X10.5115 Y83.2779 Z-2.3584
G1 X10.3589 Y83.2106 Z-2.3878
G1 X10.2031 Y83.1796 Z-2.4158
G1 X10.0 Y83.1663 Z-2.4517
G1 X9.7970 Y83.1796 Z-2.4876
G1 X9.6411 Y83.2106 Z-2.5156
G1 X9.4888 Y83.2777 Z-2.5449
G1 X9.2800 Y83.4065 Z-2.5882
G1 X9.0398 Y83.5762 Z-2.6400
G1 X8.8663 Y83.7471 Z-2.6830
G1 X8.7227 Y83.9441 Z-2.7260
G1 X8.6130 Y84.1618 Z-2.7690
G1 X8.5402 Y84.3942 Z-2.8119
G1 X8.5060 Y84.6356 Z-2.8549
G1 X8.5114 Y84.8792 Z-2.8978
G1 X8.5563 Y85.1187 Z-2.9408
G1 X8.6395 Y85.3478 Z-2.9838
G1 X8.7587 Y85.5603 Z-3.0268
G1 X8.9108 Y85.7507 Z-3.0697
G1 X9.0919 Y85.9138 Z-3.1127
G1 X9.2970 Y86.0455 Z-3.1557
G1 X9.5207 Y86.1420 Z-3.1986
G1 X9.7571 Y86.2010 Z-3.2416
G1 X9.9999 Y86.2208 Z-3.2846
G1 X10.2430 Y86.2010 Z-3.3276
G1 X10.4794 Y86.1420 Z-3.3705
G1 X10.7031 Y86.0455 Z-3.4135
G1 X10.9082 Y85.9138 Z-3.4565
G1 X11.0892 Y85.7507 Z-3.4994
G1 X11.2413 Y85.5604 Z-3.5424
G1 X11.3606 Y85.3478 Z-3.5854
G1 X11.4438 Y85.1187 Z-3.6283
G1 X11.4886 Y84.8792 Z-3.6713
G1 X11.4941 Y84.6356 Z-3.7143
G1 X11.4599 Y84.3943 Z-3.7573
G1 X11.3870 Y84.1618 Z-3.8002
G1 X11.2773 Y83.9441 Z-3.8432
G1 X11.1338 Y83.7472 Z-3.8862
G1 X10.9602 Y83.5762 Z-3.9291
G1 X10.7200 Y83.4064 Z-3.9810
G1 X10.5115 Y83.2779 Z-4.0242
G1 X10.3589 Y83.2106 Z-4.0536
G1 X10.2031 Y83.1796 Z-4.0816
G1 X10.0 Y83.1663 Z-4.1175
G1 X9.7970 Y83.1796 Z-4.1534
G1 X9.6411 Y83.2106 Z-4.1814
G1 X9.4888 Y83.2777 Z-4.2107
G1 X9.2800 Y83.4065 Z-4.2540
G1 X9.0398 Y83.5762 Z-4.2645
G1 X8.8663 Y83.7471 F480
G1 X8.7227 Y83.9441
G1 X8.6130 Y84.1618
G1 X8.5402 Y84.3942
G1 X8.5060 Y84.6356
G1 X8.5114 Y84.8792
G1 X8.5563 Y85.1187
G1 X8.6395 Y85.3478
G1 X8.7587 Y85.5603
G1 X8.9108 Y85.7507
G1 X9.0919 Y85.9138
G1 X9.2970 Y86.0455
G1 X9.5207 Y86.1420
G1 X9.7571 Y86.2010
G1 X9.9999 Y86.2208
G1 X10.2430 Y86.2010
G1 X10.4794 Y86.1420
G1 X10.7031 Y86.0455
G1 X10.9082 Y85.9138
G1 X11.0892 Y85.7507
G1 X11.2413 Y85.5604
G1 X11.3606 Y85.3478
G1 X11.4438 Y85.1187
G1 X11.4886 Y84.8792
G1 X11.4941 Y84.6356
G1 X11.4599 Y84.3943
G1 X11.3870 Y84.1618
G1 X11.2773 Y83.9441
G1 X11.1338 Y83.7472
G1 X10.9602 Y83.5762
G1 X10.7200 Y83.4064
G1 X10.5115 Y83.2779
G1 X10.3589 Y83.2106
G1 X10.2031 Y83.1796
G1 X10.0 Y83.1663
G1 X9.7970 Y83.1796
G1 X9.6411 Y83.2106
G1 X9.4888 Y83.2777
G1 X9.2800 Y83.4065
G1 X9.0398 Y83.5762
G00 Z4.9900
G00 X48.5059 Y84.6356
G1 Z0.0900 F200
G1 X48.5114 Y84.8792 Z0.0470
G1 X48.5562 Y85.1187 Z0.0041
G1 X48.6394 Y85.3478 Z-0.0389
G1 X48.7587 Y85.5604 Z-0.0819
G1 X48.9108 Y85.7507 Z-0.1248
G1 X49.0918 Y85.9138 Z-0.1678
G1 X49.2969 Y86.0455 Z-0.2108
G1 X49.5206 Y86.1420 Z-0.2538
G1 X49.7570 Y86.2010 Z-0.2967
G1 X50.0 Y86.2208 Z-0.3397
G1 X50.2429 Y86.2010 Z-0.3827
G1 X50.4793 Y86.1420 Z-0.4256
G1 X50.7030 Y86.0455 Z-0.4686
G1 X50.9082 Y85.9138 Z-0.5116
G1 X51.0892 Y85.7507 Z-0.5545
G1 X51.2413 Y85.5603 Z-0.5975
G1 X51.3606 Y85.3478 Z-0.6405
G1 X51.4437 Y85.1187 Z-0.6835
G1 X51.4886 Y84.8792 Z-0.7264
G1 X51.4940 Y84.6356 Z-0.7694
G1 X51.4598 Y84.3942 Z-0.8124
G1 X51.3870 Y84.1618 Z-0.8553
G1 X51.2773 Y83.9441 Z-0.8983
G1 X51.1338 Y83.7471 Z-0.9413
G1 X50.9602 Y83.5761 Z-0.9842
G1 X50.7201 Y83.4065 Z-1.0361
G1 X50.5116 Y83.2779 Z-1.0793
G1 X50.3589 Y83.2106 Z-1.1087
G1 X50.2030 Y83.1796 Z-1.1367
G1 X50.0 Y83.1663 Z-1.1726
G1 X49.7969 Y83.1796 Z-1.2085
G1 X49.6411 Y83.2106 Z-1.2365
G1 X49.4888 Y83.2777 Z-1.2659
G1 X49.2800 Y83.4065 Z-1.3091
G1 X49.0398 Y83.5762 Z-1.3610
G1 X48.8662 Y83.7472 Z-1.4039
G1 X48.7227 Y83.9441 Z-1.4469
G1 X48.6130 Y84.1617 Z-1.4899
G1 X48.5401 Y84.3943 Z-1.5328
G1 X48.5059 Y84.6356 Z-1.5758
G1 X48.5114 Y84.8792 Z-1.6188
G1 X48.5562 Y85.1187 Z-1.6617
G1 X48.6394 Y85.3478 Z-1.7047
G1 X48.7587 Y85.5604 Z-1.7477
G1 X48.9108 Y85.7507 Z-1.7906
G1 X49.0918 Y85.9138 Z-1.8336
G1 X49.2969 Y86.0455 Z-1.8766
G1 X49.5206 Y86.1420 Z-1.9196
G1 X49.7570 Y86.2010 Z-1.9625
G1 X50.0 Y86.2208 Z-2.0055
G1 X50.2429 Y86.2010 Z-2.0485
G1 X50.4793 Y86.1420 Z-2.0914
G1 X50.7030 Y86.0455 Z-2.1344
G1 X50.9082 Y85.9138 Z-2.1774
G1 X51.0892 Y85.7507 Z-2.2204
G1 X51.2413 Y85.5603 Z-2.2633
G1 X51.3606 Y85.3478 Z-2.3063
G1 X51.4437 Y85.1187 Z-2.3493
G1 X51.4886 Y84.8792 Z-2.3922
G1 X51.4940 Y84.6356 Z-2.4352
G1 X51.4598 Y84.3942 Z-2.4782
G1 X51.3870 Y84.1618 Z-2.5211
G1 X51.2773 Y83.9441 Z-2.5641
G1 X51.1338 Y83.7471 Z-2.6071
G1 X50.9602 Y83.5761 Z-2.6500
G1 X50.7201 Y83.4065 Z-2.7019
G1 X50.5116 Y83.2779 Z-2.7451
G1 X50.3589 Y83.2106 Z-2.7745
G1 X50.2030 Y83.1796 Z-2.8025
G1 X50.0 Y83.1663 Z-2.8384
G1 X49.7969 Y83.1796 Z-2.8743
G1 X49.6411 Y83.2106 Z-2.9023
G1 X49.4888 Y83.2777 Z-2.9317
G1 X49.2800 Y83.4065 Z-2.9749
G1 X49.0398 Y83.5762 Z-3.0268
G1 X48.8662 Y83.7472 Z-3.0697
G1 X48.7227 Y83.9441 Z-3.1127
G1 X48.6130 Y84.1617 Z-3.1557
G1 X48.5401 Y84.3943 Z-3.1986
G1 X48.5059 Y84.6356 Z-3.2416
G1 X48.5114 Y84.8792 Z-3.2846
G1 X48.5562 Y85.1187 Z-3.3275
G1 X48.6394 Y85.3478 Z-3.3705
G1 X48.7587 Y85.5604 Z-3.4135
G1 X48.9108 Y85.7507 Z-3.4564
G1 X49.0918 Y85.9138 Z-3.4994
G1 X49.2969 Y86.0455 Z-3.5424
G1 X49.5206 Y86.1420 Z-3.5854
G1 X49.7570 Y86.2010 Z-3.6283
G1 X50.0 Y86.2208 Z-3.6713
G1 X50.2429 Y86.2010 Z-3.7143
G1 X50.4793 Y86.1420 Z-3.7572
G1 X50.7030 Y86.0455 Z-3.8002
G1 X50.9082 Y85.9138 Z-3.8432
G1 X51.0892 Y85.7507 Z-3.8862
G1 X51.2413 Y85.5603 Z-3.9291
G1 X51.3606 Y85.3478 Z-3.9721
G1 X51.4437 Y85.1187 Z-4.0151
G1 X51.4886 Y84.8792 Z-4.0580
G1 X51.4940 Y84.6356 Z-4.1010
G1 X51.4598 Y84.3942 Z-4.1440
G1 X51.3870 Y84.1618 Z-4.1869
G1 X51.2773 Y83.9441 Z-4.2299
G1 X51.1338 Y83.7471 Z-4.2645
G1 X50.9602 Y83.5761 F480
G1 X50.7201 Y83.4065
G1 X50.5116 Y83.2779
G1 X50.3589 Y83.2106
G1 X50.2030 Y83.1796
G1 X50.0 Y83.1663
G1 X49.7969 Y83.1796
G1 X49.6411 Y83.2106
G1 X49.4888 Y83.2777
G1 X49.2800 Y83.4065
G1 X49.0398 Y83.5762
G1 X48.8662 Y83.7472
G1 X48.7227 Y83.9441
G1 X48.6130 Y84.1617
G1 X48.5401 Y84.3943
G1 X48.5059 Y84.6356
G1 X48.5114 Y84.8792
G1 X48.5562 Y85.1187
G1 X48.6394 Y85.3478
G1 X48.7587 Y85.5604
G1 X48.9108 Y85.7507
G1 X49.0918 Y85.9138
G1 X49.2969 Y86.0455
G1 X49.5206 Y86.1420
G1 X49.7570 Y86.2010
G1 X50.0 Y86.2208
G1 X50.2429 Y86.2010
G1 X50.4793 Y86.1420
G1 X50.7030 Y86.0455
G1 X50.9082 Y85.9138
G1 X51.0892 Y85.7507
G1 X51.2413 Y85.5603
G1 X51.3606 Y85.3478
G1 X51.4437 Y85.1187
G1 X51.4886 Y84.8792
G1 X51.4940 Y84.6356
G1 X51.4598 Y84.3942
G1 X51.3870 Y84.1618
G1 X51.2773 Y83.9441
G1 X51.1338 Y83.7471
G00 Z4.9900
G00 X50.2031 Y93.1796
G1 Z0.0900 F200
G1 X50.0 Y93.1663 Z0.0541
G1 X49.7969 Y93.1796 Z0.0182
G1 X49.6411 Y93.2105 Z-0.0098
G1 X49.4887 Y93.2778 Z-0.0391
G1 X49.2800 Y93.4064 Z-0.0824
G1 X49.0398 Y93.5761 Z-0.1342
G1 X48.8662 Y93.7472 Z-0.1772
G1 X48.7227 Y93.9441 Z-0.2202
G1 X48.6130 Y94.1617 Z-0.2632
G1 X48.5401 Y94.3943 Z-0.3061
G1 X48.5059 Y94.6355 Z-0.3491
G1 X48.5114 Y94.8792 Z-0.3921
G1 X48.5562 Y95.1187 Z-0.4350
G1 X48.6394 Y95.3477 Z-0.4780
G1 X48.7587 Y95.5603 Z-0.5210
G1 X48.9108 Y95.7507 Z-0.5639
G1 X49.0918 Y95.9138 Z-0.6069
G1 X49.2969 Y96.0454 Z-0.6499
G1 X49.5206 Y96.1420 Z-0.6928
G1 X49.7570 Y96.2010 Z-0.7358
G1 X50.0 Y96.2208 Z-0.7788
G1 X50.2429 Y96.2010 Z-0.8218
G1 X50.4793 Y96.1420 Z-0.8647
G1 X50.7031 Y96.0454 Z-0.9077
G1 X50.9082 Y95.9138 Z-0.9507
G1 X51.0892 Y95.7507 Z-0.9936
G1 X51.2413 Y95.5603 Z-1.0366
G1 X51.3605 Y95.3478 Z-1.0796
G1 X51.4437 Y95.1187 Z-1.1225
G1 X51.4886 Y94.8792 Z-1.1655
G1 X51.4940 Y94.6355 Z-1.2085
G1 X51.4599 Y94.3942 Z-1.2515
G1 X51.3870 Y94.1618 Z-1.2944
G1 X51.2773 Y93.9441 Z-1.3374
G1 X51.1338 Y93.7471 Z-1.3804
G1 X50.9602 Y93.5761 Z-1.4233
G1 X50.7199 Y93.4064 Z-1.4752
G1 X50.5116 Y93.2779 Z-1.5184
G1 X50.3589 Y93.2105 Z-1.5478
G1 X50.2031 Y93.1796 Z-1.5758
G1 X50.0 Y93.1663 Z-1.6117
G1 X49.7969 Y93.1796 Z-1.6476
G1 X49.6411 Y93.2105 Z-1.6756
G1 X49.4887 Y93.2778 Z-1.7049
G1 X49.2800 Y93.4064 Z-1.7482
G1 X49.0398 Y93.5761 Z-1.8000
G1 X48.8662 Y93.7472 Z-1.8430
G1 X48.7227 Y93.9441 Z-1.8860
G1 X48.6130 Y94.1617 Z-1.9290
G1 X48.5401 Y94.3943 Z-1.9719
G1 X48.5059 Y94.6355 Z-2.0149
G1 X48.5114 Y94.8792 Z-2.0579
G1 X48.5562 Y95.1187 Z-2.1008
G1 X48.6394 Y95.3477 Z-2.1438
G1 X48.7587 Y95.5603 Z-2.1868
G1 X48.9108 Y95.7507 Z-2.2297
G1 X49.0918 Y95.9138 Z-2.2727
G1 X49.2969 Y96.0454 Z-2.3157
G1 X49.5206 Y96.1420 Z-2.3586
G1 X49.7570 Y96.2010 Z-2.4016
G1 X50.0 Y96.2208 Z-2.4446
G1 X50.2429 Y96.2010 Z-2.4876
G1 X50.4793 Y96.1420 Z-2.5305
G1 X50.7031 Y96.0454 Z-2.5735
G1 X50.9082 Y95.9138 Z-2.6165
G1 X51.0892 Y95.7507 Z-2.6594
G1 X51.2413 Y95.5603 Z-2.7024
G1 X51.3605 Y95.3478 Z-2.7454
G1 X51.4437 Y95.1187 Z-2.7884
G1 X51.4886 Y94.8792 Z-2.8313
G1 X51.4940 Y94.6355 Z-2.8743
G1 X51.4599 Y94.3942 Z-2.9173
G1 X51.3870 Y94.1618 Z-2.9602
G1 X51.2773 Y93.9441 Z-3.0032
G1 X51.1338 Y93.7471 Z-3.0462
G1 X50.9602 Y93.5761 Z-3.0891
G1 X50.7199 Y93.4064 Z-3.1410
G1 X50.5116 Y93.2779 Z-3.1842
G1 X50.3589 Y93.2105 Z-3.2136
G1 X50.2031 Y93.1796 Z-3.2416
G1 X50.0 Y93.1663 Z-3.2775
G1 X49.7969 Y93.1796 Z-3.3134
G1 X49.6411 Y93.2105 Z-3.3414
G1 X49.4887 Y93.2778 Z-3.3708
G1 X49.2800 Y93.4064 Z-3.4140
G1 X49.0398 Y93.5761 Z-3.4658
G1 X48.8662 Y93.7472 Z-3.5088
G1 X48.7227 Y93.9441 Z-3.5518
G1 X48.6130 Y94.1617 Z-3.5948
G1 X48.5401 Y94.3943 Z-3.6377
G1 X48.5059 Y94.6355 Z-3.6807
G1 X48.5114 Y94.8792 Z-3.7237
G1 X48.5562 Y95.1187 Z-3.7666
G1 X48.6394 Y95.3477 Z-3.8096
G1 X48.7587 Y95.5603 Z-3.8526
G1 X48.9108 Y95.7507 Z-3.8955
G1 X49.0918 Y95.9138 Z-3.9385
G1 X49.2969 Y96.0454 Z-3.9815
G1 X49.5206 Y96.1420 Z-4.0245
G1 X49.7570 Y96.2010 Z-4.0674
G1 X50.0 Y96.2208 Z-4.1104
G1 X50.2429 Y96.2010 Z-4.1534
G1 X50.4793 Y96.1420 Z-4.1963
G1 X50.7031 Y96.0454 Z-4.2393
G1 X50.9082 Y95.9138 Z-4.2645
G1 X51.0892 Y95.7507 F480
G1 X51.2413 Y95.5603
G1 X51.3605 Y95.3478
G1 X51.4437 Y95.1187
G1 X51.4886 Y94.8792
G1 X51.4940 Y94.6355
G1 X51.4599 Y94.3942
G1 X51.3870 Y94.1618
G1 X51.2773 Y93.9441
G1 X51.1338 Y93.7471
G1 X50.9602 Y93.5761
G1 X50.7199 Y93.4064
G1 X50.5116 Y93.2779
G1 X50.3589 Y93.2105
G1 X50.2031 Y93.1796
G1 X50.0 Y93.1663
G1 X49.7969 Y93.1796
G1 X49.6411 Y93.2105
G1 X49.4887 Y93.2778
G1 X49.2800 Y93.4064
G1 X49.0398 Y93.5761
G1 X48.8662 Y93.7472
G1 X48.7227 Y93.9441
G1 X48.6130 Y94.1617
G1 X48.5401 Y94.3943
G1 X48.5059 Y94.6355
G1 X48.5114 Y94.8792
G1 X48.5562 Y95.1187
G1 X48.6394 Y95.3477
G1 X48.7587 Y95.5603
G1 X48.9108 Y95.7507
G1 X49.0918 Y95.9138
G1 X49.2969 Y96.0454
G1 X49.5206 Y96.1420
G1 X49.7570 Y96.2010
G1 X50.0 Y96.2208
G1 X50.2429 Y96.2010
G1 X50.4793 Y96.1420
G1 X50.7031 Y96.0454
G1 X50.9082 Y95.9138
G00 Z4.9900
G00 X50.0 Y96.2208
G1 Z0.0900 F200
G1 X50.2429 Y96.2010 Z0.0470
G1 X50.4793 Y96.1420 Z0.0041
G1 X50.7031 Y96.0454 Z-0.0389
G1 X50.9082 Y95.9138 Z-0.0819
G1 X51.0892 Y95.7507 Z-0.1248
G1 X51.2413 Y95.5603 Z-0.1678
G1 X51.3605 Y95.3478 Z-0.2108
G1 X51.4437 Y95.1187 Z-0.2538
G1 X51.4886 Y94.8792 Z-0.2967
G1 X51.4940 Y94.6355 Z-0.3397
G1 X51.4599 Y94.3942 Z-0.3827
G1 X51.3870 Y94.1618 Z-0.4256
G1 X51.2773 Y93.9441 Z-0.4686
G1 X51.1338 Y93.7471 Z-0.5116
G1 X50.9602 Y93.5761 Z-0.5545
G1 X50.7199 Y93.4064 Z-0.6064
G1 X50.5116 Y93.2779 Z-0.6496
G1 X50.3589 Y93.2105 Z-0.6790
G1 X50.2031 Y93.1796 Z-0.7070
G1 X50.0 Y93.1663 Z-0.7429
G1 X49.7969 Y93.1796 Z-0.7788
G1 X49.6411 Y93.2105 Z-0.8068
G1 X49.4887 Y93.2778 Z-0.8362
G1 X49.2800 Y93.4064 Z-0.8794
G1 X49.0398 Y93.5761 Z-0.9313
G1 X48.8662 Y93.7472 Z-0.9742
G1 X48.7227 Y93.9441 Z-1.0172
G1 X48.6130 Y94.1617 Z-1.0602
G1 X48.5401 Y94.3943 Z-1.1031
G1 X48.5059 Y94.6355 Z-1.1461
G1 X48.5114 Y94.8792 Z-1.1891
G1 X48.5562 Y95.1187 Z-1.2320
G1 X48.6394 Y95.3477 Z-1.2750
G1 X48.7587 Y95.5603 Z-1.3180
G1 X48.9108 Y95.7507 Z-1.3610
G1 X49.0918 Y95.9138 Z-1.4039
G1 X49.2969 Y96.0454 Z-1.4469
G1 X49.5206 Y96.1420 Z-1.4899
G1 X49.7570 Y96.2010 Z-1.5328
G1 X50.0 Y96.2208 Z-1.5758
G1 X50.2429 Y96.2010 Z-1.6188
G1 X50.4793 Y96.1420 Z-1.6617
G1 X50.7031 Y96.0454 Z-1.7047
G1 X50.9082 Y95.9138 Z-1.7477
G1 X51.0892 Y95.7507 Z-1.7906
G1 X51.2413 Y95.5603 Z-1.8336
G1 X51.3605 Y95.3478 Z-1.8766
G1 X51.4437 Y95.1187 Z-1.9196
G1 X51.4886 Y94.8792 Z-1.9625
G1 X51.4940 Y94.6355 Z-2.0055
G1 X51.4599 Y94.3942 Z-2.0485
G1 X51.3870 Y94.1618 Z-2.0914
G1 X51.2773 Y93.9441 Z-2.1344
G1 X51.1338 Y93.7471 Z-2.1774
G1 X50.9602 Y93.5761 Z-2.2203
G1 X50.7199 Y93.4064 Z-2.2722
G1 X50.5116 Y93.2779 Z-2.3154
G1 X50.3589 Y93.2105 Z-2.3448
G1 X50.2031 Y93.1796 Z-2.3728
G1 X50.0 Y93.1663 Z-2.4087
G1 X49.7969 Y93.1796 Z-2.4446
G1 X49.6411 Y93.2105 Z-2.4726
G1 X49.4887 Y93.2778 Z-2.5020
G1 X49.2800 Y93.4064 Z-2.5452
G1 X49.0398 Y93.5761 Z-2.5971
G1 X48.8662 Y93.7472 Z-2.6400
G1 X48.7227 Y93.9441 Z-2.6830
G1 X48.6130 Y94.1617 Z-2.7260
G1 X48.5401 Y94.3943 Z-2.7689
G1 X48.5059 Y94.6355 Z-2.8119
G1 X48.5114 Y94.8792 Z-2.8549
G1 X48.5562 Y95.1187 Z-2.8978
G1 X48.6394 Y95.3477 Z-2.9408
G1 X48.7587 Y95.5603 Z-2.9838
G1 X48.9108 Y95.7507 Z-3.0268
G1 X49.0918 Y95.9138 Z-3.0697
G1 X49.2969 Y96.0454 Z-3.1127
G1 X49.5206 Y96.1420 Z-3.1557
G1 X49.7570 Y96.2010 Z-3.1986
G1 X50.0 Y96.2208 Z-3.2416
G1 X50.2429 Y96.2010 Z-3.2846
G1 X50.4793 Y96.1420 Z-3.3275
G1 X50.7031 Y96.0454 Z-3.3705
G1 X50.9082 Y95.9138 Z-3.4135
G1 X51.0892 Y95.7507 Z-3.4565
G1 X51.2413 Y95.5603 Z-3.4994
G1 X51.3605 Y95.3478 Z-3.5424
G1 X51.4437 Y95.1187 Z-3.5854
G1 X51.4886 Y94.8792 Z-3.6283
G1 X51.4940 Y94.6355 Z-3.6713
G1 X51.4599 Y94.3942 Z-3.7143
G1 X51.3870 Y94.1618 Z-3.7572
G1 X51.2773 Y93.9441 Z-3.8002
G1 X51.1338 Y93.7471 Z-3.8432
G1 X50.9602 Y93.5761 Z-3.8861
G1 X50.7199 Y93.4064 Z-3.9380
G1 X50.5116 Y93.2779 Z-3.9812
G1 X50.3589 Y93.2105 Z-4.0106
G1 X50.2031 Y93.1796 Z-4.0386
G1 X50.0 Y93.1663 Z-4.0745
G1 X49.7969 Y93.1796 Z-4.1104
G1 X49.6411 Y93.2105 Z-4.1384
G1 X49.4887 Y93.2778 Z-4.1678
G1 X49.2800 Y93.4064 Z-4.2110
G1 X49.0398 Y93.5761 Z-4.2629
G1 X48.8662 Y93.7472 Z-4.3058
G1 X48.7227 Y93.9441 Z-4.3488
G1 X48.6130 Y94.1617 Z-4.3918
G1 X48.5401 Y94.3943 Z-4.4347
G1 X48.5059 Y94.6355 Z-4.4777
G1 X48.5114 Y94.8792 Z-4.5207
G1 X48.5562 Y95.1187 Z-4.5636
G1 X48.6394 Y95.3477 Z-4.6066
G1 X48.7587 Y95.5603 Z-4.6496
G1 X48.9108 Y95.7507 Z-4.6926
G1 X49.0918 Y95.9138 Z-4.7355
G1 X49.2969 Y96.0454 Z-4.7373
G1 X49.5206 Y96.1420 F480
G1 X49.7570 Y96.2010
G1 X50.0 Y96.2208
G1 X50.2429 Y96.2010
G1 X50.4793 Y96.1420
G1 X50.7031 Y96.0454
G1 X50.9082 Y95.9138
G1 X51.0892 Y95.7507
G1 X51.2413 Y95.5603
G1 X51.3605 Y95.3478
G1 X51.4437 Y95.1187
G1 X51.4886 Y94.8792
G1 X51.4940 Y94.6355
G1 X51.4599 Y94.3942
G1 X51.3870 Y94.1618
G1 X51.2773 Y93.9441
G1 X51.1338 Y93.7471
G1 X50.9602 Y93.5761
G1 X50.7199 Y93.4064
G1 X50.5116 Y93.2779
G1 X50.3589 Y93.2105
G1 X50.2031 Y93.1796
G1 X50.0 Y93.1663
G1 X49.7969 Y93.1796
G1 X49.6411 Y93.2105
G1 X49.4887 Y93.2778
G1 X49.2800 Y93.4064
G1 X49.0398 Y93.5761
G1 X48.8662 Y93.7472
G1 X48.7227 Y93.9441
G1 X48.6130 Y94.1617
G1 X48.5401 Y94.3943
G1 X48.5059 Y94.6355
G1 X48.5114 Y94.8792
G1 X48.5562 Y95.1187
G1 X48.6394 Y95.3477
G1 X48.7587 Y95.5603
G1 X48.9108 Y95.7507
G1 X49.0918 Y95.9138
G1 X49.2969 Y96.0454
G00 Z4.9900
G00 X50.0 Y86.2208
G1 Z0.0900 F200
G1 X50.2429 Y86.2010 Z0.0470
G1 X50.4793 Y86.1420 Z0.0041
G1 X50.7030 Y86.0455 Z-0.0389
G1 X50.9082 Y85.9138 Z-0.0819
G1 X51.0892 Y85.7507 Z-0.1248
G1 X51.2413 Y85.5603 Z-0.1678
G1 X51.3606 Y85.3478 Z-0.2108
G1 X51.4437 Y85.1187 Z-0.2538
G1 X51.4886 Y84.8792 Z-0.2967
G1 X51.4940 Y84.6356 Z-0.3397
G1 X51.4598 Y84.3942 Z-0.3827
G1 X51.3870 Y84.1618 Z-0.4256
G1 X51.2773 Y83.9441 Z-0.4686
G1 X51.1338 Y83.7471 Z-0.5116
G1 X50.9602 Y83.5761 Z-0.5545
G1 X50.7201 Y83.4065 Z-0.6064
G1 X50.5116 Y83.2779 Z-0.6496
G1 X50.3589 Y83.2106 Z-0.6790
G1 X50.2030 Y83.1796 Z-0.7070
G1 X50.0 Y83.1663 Z-0.7429
G1 X49.7969 Y83.1796 Z-0.7788
G1 X49.6411 Y83.2106 Z-0.8068
G1 X49.4888 Y83.2777 Z-0.8362
G1 X49.2800 Y83.4065 Z-0.8794
G1 X49.0398 Y83.5762 Z-0.9313
G1 X48.8662 Y83.7472 Z-0.9742
G1 X48.7227 Y83.9441 Z-1.0172
G1 X48.6130 Y84.1617 Z-1.0602
G1 X48.5401 Y84.3943 Z-1.1031
G1 X48.5059 Y84.6356 Z-1.1461
G1 X48.5114 Y84.8792 Z-1.1891
G1 X48.5562 Y85.1187 Z-1.2320
G1 X48.6394 Y85.3478 Z-1.2750
G1 X48.7587 Y85.5604 Z-1.3180
G1 X48.9108 Y85.7507 Z-1.3609
G1 X49.0918 Y85.9138 Z-1.4039
G1 X49.2969 Y86.0455 Z-1.4469
G1 X49.5206 Y86.1420 Z-1.4899
G1 X49.7570 Y86.2010 Z-1.5328
G1 X50.0 Y86.2208 Z-1.5758
G1 X50.2429 Y86.2010 Z-1.6188
G1 X50.4793 Y86.1420 Z-1.6617
G1 X50.7030 Y86.0455 Z-1.7047
G1 X50.9082 Y85.9138 Z-1.7477
G1 X51.0892 Y85.7507 Z-1.7906
G1 X51.2413 Y85.5603 Z-1.8336
G1 X51.3606 Y85.3478 Z-1.8766
G1 X51.4437 Y85.1187 Z-1.9196
G1 X51.4886 Y84.8792 Z-1.9625
G1 X51.4940 Y84.6356 Z-2.0055
G1 X51.4598 Y84.3942 Z-2.0485
G1 X51.3870 Y84.1618 Z-2.0914
G1 X51.2773 Y83.9441 Z-2.1344
G1 X51.1338 Y83.7471 Z-2.1774
G1 X50.9602 Y83.5761 Z-2.2203
G1 X50.7201 Y83.4065 Z-2.2722
G1 X50.5116 Y83.2779 Z-2.3154
G1 X50.3589 Y83.2106 Z-2.3448
G1 X50.2030 Y83.1796 Z-2.3728
G1 X50.0 Y83.1663 Z-2.4087
G1 X49.7969 Y83.1796 Z-2.4446
G1 X49.6411 Y83.2106 Z-2.4726
G1 X49.4888 Y83.2777 Z-2.5020
G1 X49.2800 Y83.4065 Z-2.5452
G1 X49.0398 Y83.5762 Z-2.5971
G1 X48.8662 Y83.7472 Z-2.6400
G1 X48.7227 Y83.9441 Z-2.6830
G1 X48.6130 Y84.1617 Z-2.7260
G1 X48.5401 Y84.3943 Z-2.7689
G1 X48.5059 Y84.6356 Z-2.8119
G1 X48.5114 Y84.8792 Z-2.8549
G1 X48.5562 Y85.1187 Z-2.8978
G1 X48.6394 Y85.3478 Z-2.9408
G1 X48.7587 Y85.5604 Z-2.9838
G1 X48.9108 Y85.7507 Z-3.0267
G1 X49.0918 Y85.9138 Z-3.0697
G1 X49.2969 Y86.0455 Z-3.1127
G1 X49.5206 Y86.1420 Z-3.1557
G1 X49.7570 Y86.2010 Z-3.1986
G1 X50.0 Y86.2208 Z-3.2416
G1 X50.2429 Y86.2010 Z-3.2846
G1 X50.4793 Y86.1420 Z-3.3275
G1 X50.7030 Y86.0455 Z-3.3705
G1 X50.9082 Y85.9138 Z-3.4135
G1 X51.0892 Y85.7507 Z-3.4565
G1 X51.2413 Y85.5603 Z-3.4994
G1 X51.3606 Y85.3478 Z-3.5424
G1 X51.4437 Y85.1187 Z-3.5854
G1 X51.4886 Y84.8792 Z-3.6283
G1 X51.4940 Y84.6356 Z-3.6713
G1 X51.4598 Y84.3942 Z-3.7143
G1 X51.3870 Y84.1618 Z-3.7572
G1 X51.2773 Y83.9441 Z-3.8002
G1 X51.1338 Y83.7471 Z-3.8432
G1 X50.9602 Y83.5761 Z-3.8861
G1 X50.7201 Y83.4065 Z-3.9380
G1 X50.5116 Y83.2779 Z-3.9812
G1 X50.3589 Y83.2106 Z-4.0106
G1 X50.2030 Y83.1796 Z-4.0386
G1 X50.0 Y83.1663 Z-4.0745
G1 X49.7969 Y83.1796 Z-4.1104
G1 X49.6411 Y83.2106 Z-4.1384
G1 X49.4888 Y83.2777 Z-4.1678
G1 X49.2800 Y83.4065 Z-4.2110
G1 X49.0398 Y83.5762 Z-4.2629
G1 X48.8662 Y83.7472 Z-4.3058
G1 X48.7227 Y83.9441 Z-4.3488
G1 X48.6130 Y84.1617 Z-4.3918
G1 X48.5401 Y84.3943 Z-4.4347
G1 X48.5059 Y84.6356 Z-4.4777
G1 X48.5114 Y84.8792 Z-4.5207
G1 X48.5562 Y85.1187 Z-4.5636
G1 X48.6394 Y85.3478 Z-4.6066
G1 X48.7587 Y85.5604 Z-4.6496
G1 X48.9108 Y85.7507 Z-4.6926
G1 X49.0918 Y85.9138 Z-4.7355
G1 X49.2969 Y86.0455 Z-4.7373
G1 X49.5206 Y86.1420 F480
G1 X49.7570 Y86.2010
G1 X50.0 Y86.2208
G1 X50.2429 Y86.2010
G1 X50.4793 Y86.1420
G1 X50.7030 Y86.0455
G1 X50.9082 Y85.9138
G1 X51.0892 Y85.7507
G1 X51.2413 Y85.5603
G1 X51.3606 Y85.3478
G1 X51.4437 Y85.1187
G1 X51.4886 Y84.8792
G1 X51.4940 Y84.6356
G1 X51.4598 Y84.3942
G1 X51.3870 Y84.1618
G1 X51.2773 Y83.9441
G1 X51.1338 Y83.7471
G1 X50.9602 Y83.5761
G1 X50.7201 Y83.4065
G1 X50.5116 Y83.2779
G1 X50.3589 Y83.2106
G1 X50.2030 Y83.1796
G1 X50.0 Y83.1663
G1 X49.7969 Y83.1796
G1 X49.6411 Y83.2106
G1 X49.4888 Y83.2777
G1 X49.2800 Y83.4065
G1 X49.0398 Y83.5762
G1 X48.8662 Y83.7472
G1 X48.7227 Y83.9441
G1 X48.6130 Y84.1617
G1 X48.5401 Y84.3943
G1 X48.5059 Y84.6356
G1 X48.5114 Y84.8792
G1 X48.5562 Y85.1187
G1 X48.6394 Y85.3478
G1 X48.7587 Y85.5604
G1 X48.9108 Y85.7507
G1 X49.0918 Y85.9138
G1 X49.2969 Y86.0455
G00 Z4.9900
G00 X11.4886 Y84.8792
G1 Z0.0900 F200
G1 X11.4941 Y84.6356 Z0.0470
G1 X11.4599 Y84.3943 Z0.0041
G1 X11.3870 Y84.1618 Z-0.0389
G1 X11.2773 Y83.9441 Z-0.0819
G1 X11.1338 Y83.7472 Z-0.1249
G1 X10.9602 Y83.5762 Z-0.1678
G1 X10.7200 Y83.4064 Z-0.2197
G1 X10.5115 Y83.2779 Z-0.2629
G1 X10.3589 Y83.2106 Z-0.2923
G1 X10.2031 Y83.1796 Z-0.3203
G1 X10.0 Y83.1663 Z-0.3562
G1 X9.7970 Y83.1796 Z-0.3920
G1 X9.6411 Y83.2106 Z-0.4201
G1 X9.4888 Y83.2777 Z-0.4494
G1 X9.2800 Y83.4065 Z-0.4927
G1 X9.0398 Y83.5762 Z-0.5445
G1 X8.8663 Y83.7471 Z-0.5875
G1 X8.7227 Y83.9441 Z-0.6305
G1 X8.6130 Y84.1618 Z-0.6735
G1 X8.5402 Y84.3942 Z-0.7164
G1 X8.5060 Y84.6356 Z-0.7594
G1 X8.5114 Y84.8792 Z-0.8023
G1 X8.5563 Y85.1187 Z-0.8453
G1 X8.6395 Y85.3478 Z-0.8883
G1 X8.7587 Y85.5603 Z-0.9313
G1 X8.9108 Y85.7507 Z-0.9742
G1 X9.0919 Y85.9138 Z-1.0172
G1 X9.2970 Y86.0455 Z-1.0602
G1 X9.5207 Y86.1420 Z-1.1031
G1 X9.7571 Y86.2010 Z-1.1461
G1 X9.9999 Y86.2208 Z-1.1891
G1 X10.2430 Y86.2010 Z-1.2321
G1 X10.4794 Y86.1420 Z-1.2750
G1 X10.7031 Y86.0455 Z-1.3180
G1 X10.9082 Y85.9138 Z-1.3610
G1 X11.0892 Y85.7507 Z-1.4039
G1 X11.2413 Y85.5604 Z-1.4469
G1 X11.3606 Y85.3478 Z-1.4899
G1 X11.4438 Y85.1187 Z-1.5328
G1 X11.4886 Y84.8792 Z-1.5758
G1 X11.4941 Y84.6356 Z-1.6188
G1 X11.4599 Y84.3943 Z-1.6618
G1 X11.3870 Y84.1618 Z-1.7047
G1 X11.2773 Y83.9441 Z-1.7477
G1 X11.1338 Y83.7472 Z-1.7907
G1 X10.9602 Y83.5762 Z-1.8336
G1 X10.7200 Y83.4064 Z-1.8855
G1 X10.5115 Y83.2779 Z-1.9287
G1 X10.3589 Y83.2106 Z-1.9581
G1 X10.2031 Y83.1796 Z-1.9861
G1 X10.0 Y83.1663 Z-2.0220
G1 X9.7970 Y83.1796 Z-2.0579
G1 X9.6411 Y83.2106 Z-2.0859
G1 X9.4888 Y83.2777 Z-2.1152
G1 X9.2800 Y83.4065 Z-2.1585
G1 X9.0398 Y83.5762 Z-2.2103
G1 X8.8663 Y83.7471 Z-2.2533
G1 X8.7227 Y83.9441 Z-2.2963
G1 X8.6130 Y84.1618 Z-2.3393
G1 X8.5402 Y84.3942 Z-2.3822
G1 X8.5060 Y84.6356 Z-2.4252
G1 X8.5114 Y84.8792 Z-2.4682
G1 X8.5563 Y85.1187 Z-2.5111
G1 X8.6395 Y85.3478 Z-2.5541
G1 X8.7587 Y85.5603 Z-2.5971
G1 X8.9108 Y85.7507 Z-2.6400
G1 X9.0919 Y85.9138 Z-2.6830
G1 X9.2970 Y86.0455 Z-2.7260
G1 X9.5207 Y86.1420 Z-2.7689
G1 X9.7571 Y86.2010 Z-2.8119
G1 X9.9999 Y86.2208 Z-2.8549
G1 X10.2430 Y86.2010 Z-2.8979
G1 X10.4794 Y86.1420 Z-2.9408
G1 X10.7031 Y86.0455 Z-2.9838
G1 X10.9082 Y85.9138 Z-3.0268
G1 X11.0892 Y85.7507 Z-3.0697
G1 X11.2413 Y85.5604 Z-3.1127
G1 X11.3606 Y85.3478 Z-3.1557
G1 X11.4438 Y85.1187 Z-3.1986
G1 X11.4886 Y84.8792 Z-3.2416
G1 X11.4941 Y84.6356 Z-3.2846
G1 X11.4599 Y84.3943 Z-3.3276
G1 X11.3870 Y84.1618 Z-3.3705
G1 X11.2773 Y83.9441 Z-3.4135
G1 X11.1338 Y83.7472 Z-3.4565
G1 X10.9602 Y83.5762 Z-3.4994
G1 X10.7200 Y83.4064 Z-3.5513
G1 X10.5115 Y83.2779 Z-3.5945
G1 X10.3589 Y83.2106 Z-3.6239
G1 X10.2031 Y83.1796 Z-3.6519
G1 X10.0 Y83.1663 Z-3.6878
G1 X9.7970 Y83.1796 Z-3.7237
G1 X9.6411 Y83.2106 Z-3.7517
G1 X9.4888 Y83.2777 Z-3.7810
G1 X9.2800 Y83.4065 Z-3.8243
G1 X9.0398 Y83.5762 Z-3.8761
G1 X8.8663 Y83.7471 Z-3.9191
G1 X8.7227 Y83.9441 Z-3.9621
G1 X8.6130 Y84.1618 Z-4.0051
G1 X8.5402 Y84.3942 Z-4.0480
G1 X8.5060 Y84.6356 Z-4.0910
G1 X8.5114 Y84.8792 Z-4.1340
G1 X8.5563 Y85.1187 Z-4.1769
G1 X8.6395 Y85.3478 Z-4.2199
G1 X8.7587 Y85.5603 Z-4.2629
G1 X8.9108 Y85.7507 Z-4.3058
G1 X9.0919 Y85.9138 Z-4.3488
G1 X9.2970 Y86.0455 Z-4.3918
G1 X9.5207 Y86.1420 Z-4.4347
G1 X9.7571 Y86.2010 Z-4.4777
G1 X9.9999 Y86.2208 Z-4.5207
G1 X10.2430 Y86.2010 Z-4.5637
G1 X10.4794 Y86.1420 Z-4.6066
G1 X10.7031 Y86.0455 Z-4.6496
G1 X10.9082 Y85.9138 Z-4.6926
G1 X11.0892 Y85.7507 Z-4.7355
G1 X11.2413 Y85.5604 Z-4.7373
G1 X11.3606 Y85.3478 F480
G1 X11.4438 Y85.1187
G1 X11.4886 Y84.8792
G1 X11.4941 Y84.6356
G1 X11.4599 Y84.3943
G1 X11.3870 Y84.1618
G1 X11.2773 Y83.9441
G1 X11.1338 Y83.7472
G1 X10.9602 Y83.5762
G1 X10.7200 Y83.4064
G1 X10.5115 Y83.2779
G1 X10.3589 Y83.2106
G1 X10.2031 Y83.1796
G1 X10.0 Y83.1663
G1 X9.7970 Y83.1796
G1 X9.6411 Y83.2106
G1 X9.4888 Y83.2777
G1 X9.2800 Y83.4065
G1 X9.0398 Y83.5762
G1 X8.8663 Y83.7471
G1 X8.7227 Y83.9441
G1 X8.6130 Y84.1618
G1 X8.5402 Y84.3942
G1 X8.5060 Y84.6356
G1 X8.5114 Y84.8792
G1 X8.5563 Y85.1187
G1 X8.6395 Y85.3478
G1 X8.7587 Y85.5603
G1 X8.9108 Y85.7507
G1 X9.0919 Y85.9138
G1 X9.2970 Y86.0455
G1 X9.5207 Y86.1420
G1 X9.7571 Y86.2010
G1 X9.9999 Y86.2208
G1 X10.2430 Y86.2010
G1 X10.4794 Y86.1420
G1 X10.7031 Y86.0455
G1 X10.9082 Y85.9138
G1 X11.0892 Y85.7507
G1 X11.2413 Y85.5604
G00 Z4.9900
G00 X10.2031 Y93.1796
G1 Z0.0900 F200
G1 X10.0 Y93.1663 Z0.0541
G1 X9.7969 Y93.1796 Z0.0182
G1 X9.6411 Y93.2106 Z-0.0098
G1 X9.4888 Y93.2777 Z-0.0392
G1 X9.2800 Y93.4064 Z-0.0824
G1 X9.0398 Y93.5761 Z-0.1343
G1 X8.8663 Y93.7471 Z-0.1772
G1 X8.7227 Y93.9441 Z-0.2202
G1 X8.6130 Y94.1618 Z-0.2632
G1 X8.5401 Y94.3942 Z-0.3061
G1 X8.5060 Y94.6355 Z-0.3491
G1 X8.5114 Y94.8792 Z-0.3921
G1 X8.5563 Y95.1187 Z-0.4350
G1 X8.6395 Y95.3478 Z-0.4780
G1 X8.7587 Y95.5603 Z-0.5210
G1 X8.9108 Y95.7507 Z-0.5639
G1 X9.0918 Y95.9138 Z-0.6069
G1 X9.2969 Y96.0454 Z-0.6499
G1 X9.5207 Y96.1420 Z-0.6929
G1 X9.7571 Y96.2010 Z-0.7358
G1 X10.0 Y96.2208 Z-0.7788
G1 X10.2429 Y96.2010 Z-0.8218
G1 X10.4794 Y96.1420 Z-0.8647
G1 X10.7031 Y96.0454 Z-0.9077
G1 X10.9082 Y95.9138 Z-0.9507
G1 X11.0892 Y95.7507 Z-0.9936
G1 X11.2413 Y95.5603 Z-1.0366
G1 X11.3606 Y95.3477 Z-1.0796
G1 X11.4438 Y95.1187 Z-1.1226
G1 X11.4886 Y94.8792 Z-1.1655
G1 X11.4941 Y94.6355 Z-1.2085
G1 X11.4599 Y94.3942 Z-1.2515
G1 X11.3870 Y94.1617 Z-1.2944
G1 X11.2773 Y93.9441 Z-1.3374
G1 X11.1338 Y93.7472 Z-1.3804
G1 X10.9602 Y93.5761 Z-1.4233
G1 X10.7200 Y93.4064 Z-1.4752
G1 X10.5116 Y93.2779 Z-1.5184
G1 X10.3589 Y93.2105 Z-1.5478
G1 X10.2031 Y93.1796 Z-1.5758
G1 X10.0 Y93.1663 Z-1.6117
G1 X9.7969 Y93.1796 Z-1.6476
G1 X9.6411 Y93.2106 Z-1.6756
G1 X9.4888 Y93.2777 Z-1.7050
G1 X9.2800 Y93.4064 Z-1.7482
G1 X9.0398 Y93.5761 Z-1.8001
G1 X8.8663 Y93.7471 Z-1.8430
G1 X8.7227 Y93.9441 Z-1.8860
G1 X8.6130 Y94.1618 Z-1.9290
G1 X8.5401 Y94.3942 Z-1.9719
G1 X8.5060 Y94.6355 Z-2.0149
G1 X8.5114 Y94.8792 Z-2.0579
G1 X8.5563 Y95.1187 Z-2.1008
G1 X8.6395 Y95.3478 Z-2.1438
G1 X8.7587 Y95.5603 Z-2.1868
G1 X8.9108 Y95.7507 Z-2.2297
G1 X9.0918 Y95.9138 Z-2.2727
G1 X9.2969 Y96.0454 Z-2.3157
G1 X9.5207 Y96.1420 Z-2.3587
G1 X9.7571 Y96.2010 Z-2.4016
G1 X10.0 Y96.2208 Z-2.4446
G1 X10.2429 Y96.2010 Z-2.4876
G1 X10.4794 Y96.1420 Z-2.5305
G1 X10.7031 Y96.0454 Z-2.5735
G1 X10.9082 Y95.9138 Z-2.6165
G1 X11.0892 Y95.7507 Z-2.6594
G1 X11.2413 Y95.5603 Z-2.7024
G1 X11.3606 Y95.3477 Z-2.7454
G1 X11.4438 Y95.1187 Z-2.7884
G1 X11.4886 Y94.8792 Z-2.8313
G1 X11.4941 Y94.6355 Z-2.8743
G1 X11.4599 Y94.3942 Z-2.9173
G1 X11.3870 Y94.1617 Z-2.9602
G1 X11.2773 Y93.9441 Z-3.0032
G1 X11.1338 Y93.7472 Z-3.0462
G1 X10.9602 Y93.5761 Z-3.0891
G1 X10.7200 Y93.4064 Z-3.1410
G1 X10.5116 Y93.2779 Z-3.1842
G1 X10.3589 Y93.2105 Z-3.2136
G1 X10.2031 Y93.1796 Z-3.2416
G1 X10.0 Y93.1663 Z-3.2775
G1 X9.7969 Y93.1796 Z-3.3134
G1 X9.6411 Y93.2106 Z-3.3414
G1 X9.4888 Y93.2777 Z-3.3708
G1 X9.2800 Y93.4064 Z-3.4140
G1 X9.0398 Y93.5761 Z-3.4659
G1 X8.8663 Y93.7471 Z-3.5088
G1 X8.7227 Y93.9441 Z-3.5518
G1 X8.6130 Y94.1618 Z-3.5948
G1 X8.5401 Y94.3942 Z-3.6377
G1 X8.5060 Y94.6355 Z-3.6807
G1 X8.5114 Y94.8792 Z-3.7237
G1 X8.5563 Y95.1187 Z-3.7666
G1 X8.6395 Y95.3478 Z-3.8096
G1 X8.7587 Y95.5603 Z-3.8526
G1 X8.9108 Y95.7507 Z-3.8956
G1 X9.0918 Y95.9138 Z-3.9385
G1 X9.2969 Y96.0454 Z-3.9815
G1 X9.5207 Y96.1420 Z-4.0245
G1 X9.7571 Y96.2010 Z-4.0674
G1 X10.0 Y96.2208 Z-4.1104
G1 X10.2429 Y96.2010 Z-4.1534
G1 X10.4794 Y96.1420 Z-4.1963
G1 X10.7031 Y96.0454 Z-4.2393
G1 X10.9082 Y95.9138 Z-4.2823
G1 X11.0892 Y95.7507 Z-4.3252
G1 X11.2413 Y95.5603 Z-4.3682
G1 X11.3606 Y95.3477 Z-4.4112
G1 X11.4438 Y95.1187 Z-4.4542
G1 X11.4886 Y94.8792 Z-4.4971
G1 X11.4941 Y94.6355 Z-4.5401
G1 X11.4599 Y94.3942 Z-4.5831
G1 X11.3870 Y94.1617 Z-4.6260
G1 X11.2773 Y93.9441 Z-4.6690
G1 X11.1338 Y93.7472 Z-4.7120
G1 X10.9602 Y93.5761 Z-4.7373
G1 X10.7200 Y93.4064 F480
G1 X10.5116 Y93.2779
G1 X10.3589 Y93.2105
G1 X10.2031 Y93.1796
G1 X10.0 Y93.1663
G1 X9.7969 Y93.1796
G1 X9.6411 Y93.2106
G1 X9.4888 Y93.2777
G1 X9.2800 Y93.4064
G1 X9.0398 Y93.5761
G1 X8.8663 Y93.7471
G1 X8.7227 Y93.9441
G1 X8.6130 Y94.1618
G1 X8.5401 Y94.3942
G1 X8.5060 Y94.6355
G1 X8.5114 Y94.8792
G1 X8.5563 Y95.1187
G1 X8.6395 Y95.3478
G1 X8.7587 Y95.5603
G1 X8.9108 Y95.7507
G1 X9.0918 Y95.9138
G1 X9.2969 Y96.0454
G1 X9.5207 Y96.1420
G1 X9.7571 Y96.2010
G1 X10.0 Y96.2208
G1 X10.2429 Y96.2010
G1 X10.4794 Y96.1420
G1 X10.7031 Y96.0454
G1 X10.9082 Y95.9138
G1 X11.0892 Y95.7507
G1 X11.2413 Y95.5603
G1 X11.3606 Y95.3477
G1 X11.4438 Y95.1187
G1 X11.4886 Y94.8792
G1 X11.4941 Y94.6355
G1 X11.4599 Y94.3942
G1 X11.3870 Y94.1617
G1 X11.2773 Y93.9441
G1 X11.1338 Y93.7472
G1 X10.9602 Y93.5761
G00 Z4.9900
G00 X10.0 Y96.2208
G1 Z0.0900 F200
G1 X10.2429 Y96.2010 Z0.0470
G1 X10.4794 Y96.1420 Z0.0041
G1 X10.7031 Y96.0454 Z-0.0389
G1 X10.9082 Y95.9138 Z-0.0819
G1 X11.0892 Y95.7507 Z-0.1248
G1 X11.2413 Y95.5603 Z-0.1678
G1 X11.3606 Y95.3477 Z-0.2108
G1 X11.4438 Y95.1187 Z-0.2538
G1 X11.4886 Y94.8792 Z-0.2967
G1 X11.4941 Y94.6355 Z-0.3397
G1 X11.4599 Y94.3942 Z-0.3827
G1 X11.3870 Y94.1617 Z-0.4256
G1 X11.2773 Y93.9441 Z-0.4686
G1 X11.1338 Y93.7472 Z-0.5116
G1 X10.9602 Y93.5761 Z-0.5545
G1 X10.7200 Y93.4064 Z-0.6064
G1 X10.5116 Y93.2779 Z-0.6496
G1 X10.3589 Y93.2105 Z-0.6790
G1 X10.2031 Y93.1796 Z-0.7070
G1 X10.0 Y93.1663 Z-0.7429
G1 X9.7969 Y93.1796 Z-0.7788
G1 X9.6411 Y93.2106 Z-0.8068
G1 X9.4888 Y93.2777 Z-0.8362
G1 X9.2800 Y93.4064 Z-0.8794
G1 X9.0398 Y93.5761 Z-0.9313
G1 X8.8663 Y93.7471 Z-0.9742
G1 X8.7227 Y93.9441 Z-1.0172
G1 X8.6130 Y94.1618 Z-1.0602
G1 X8.5401 Y94.3942 Z-1.1031
G1 X8.5060 Y94.6355 Z-1.1461
G1 X8.5114 Y94.8792 Z-1.1891
G1 X8.5563 Y95.1187 Z-1.2320
G1 X8.6395 Y95.3478 Z-1.2750
G1 X8.7587 Y95.5603 Z-1.3180
G1 X8.9108 Y95.7507 Z-1.3610
G1 X9.0918 Y95.9138 Z-1.4039
G1 X9.2969 Y96.0454 Z-1.4469
G1 X9.5207 Y96.1420 Z-1.4899
G1 X9.7571 Y96.2010 Z-1.5328
G1 X10.0 Y96.2208 Z-1.5758
G1 X10.2429 Y96.2010 Z-1.6188
G1 X10.4794 Y96.1420 Z-1.6617
G1 X10.7031 Y96.0454 Z-1.7047
G1 X10.9082 Y95.9138 Z-1.7477
G1 X11.0892 Y95.7507 Z-1.7907
G1 X11.2413 Y95.5603 Z-1.8336
G1 X11.3606 Y95.3477 Z-1.8766
G1 X11.4438 Y95.1187 Z-1.9196
G1 X11.4886 Y94.8792 Z-1.9625
G1 X11.4941 Y94.6355 Z-2.0055
G1 X11.4599 Y94.3942 Z-2.0485
G1 X11.3870 Y94.1617 Z-2.0914
G1 X11.2773 Y93.9441 Z-2.1344
G1 X11.1338 Y93.7472 Z-2.1774
G1 X10.9602 Y93.5761 Z-2.2203
G1 X10.7200 Y93.4064 Z-2.2722
G1 X10.5116 Y93.2779 Z-2.3154
G1 X10.3589 Y93.2105 Z-2.3448
G1 X10.2031 Y93.1796 Z-2.3728
G1 X10.0 Y93.1663 Z-2.4087
G1 X9.7969 Y93.1796 Z-2.4446
G1 X9.6411 Y93.2106 Z-2.4726
G1 X9.4888 Y93.2777 Z-2.5020
G1 X9.2800 Y93.4064 Z-2.5452
G1 X9.0398 Y93.5761 Z-2.5971
G1 X8.8663 Y93.7471 Z-2.6400
G1 X8.7227 Y93.9441 Z-2.6830
G1 X8.6130 Y94.1618 Z-2.7260
G1 X8.5401 Y94.3942 Z-2.7689
G1 X8.5060 Y94.6355 Z-2.8119
G1 X8.5114 Y94.8792 Z-2.8549
G1 X8.5563 Y95.1187 Z-2.8978
G1 X8.6395 Y95.3478 Z-2.9408
G1 X8.7587 Y95.5603 Z-2.9838
G1 X8.9108 Y95.7507 Z-3.0268
G1 X9.0918 Y95.9138 Z-3.0697
G1 X9.2969 Y96.0454 Z-3.1127
G1 X9.5207 Y96.1420 Z-3.1557
G1 X9.7571 Y96.2010 Z-3.1986
G1 X10.0 Y96.2208 Z-3.2416
G1 X10.2429 Y96.2010 Z-3.2846
G1 X10.4794 Y96.1420 Z-3.3276
G1 X10.7031 Y96.0454 Z-3.3705
G1 X10.9082 Y95.9138 Z-3.4135
G1 X11.0892 Y95.7507 Z-3.4565
G1 X11.2413 Y95.5603 Z-3.4994
G1 X11.3606 Y95.3477 Z-3.5424
G1 X11.4438 Y95.1187 Z-3.5854
G1 X11.4886 Y94.8792 Z-3.6283
G1 X11.4941 Y94.6355 Z-3.6713
G1 X11.4599 Y94.3942 Z-3.7143
G1 X11.3870 Y94.1617 Z-3.7572
G1 X11.2773 Y93.9441 Z-3.8002
G1 X11.1338 Y93.7472 Z-3.8432
G1 X10.9602 Y93.5761 Z-3.8862
G1 X10.7200 Y93.4064 Z-3.9380
G1 X10.5116 Y93.2779 Z-3.9812
G1 X10.3589 Y93.2105 Z-4.0106
G1 X10.2031 Y93.1796 Z-4.0386
G1 X10.0 Y93.1663 Z-4.0745
G1 X9.7969 Y93.1796 Z-4.1104
G1 X9.6411 Y93.2106 Z-4.1384
G1 X9.4888 Y93.2777 Z-4.1678
G1 X9.2800 Y93.4064 Z-4.2110
G1 X9.0398 Y93.5761 Z-4.2629
G1 X8.8663 Y93.7471 Z-4.3058
G1 X8.7227 Y93.9441 Z-4.3488
G1 X8.6130 Y94.1618 Z-4.3918
G1 X8.5401 Y94.3942 Z-4.4347
G1 X8.5060 Y94.6355 Z-4.4777
G1 X8.5114 Y94.8792 Z-4.5207
G1 X8.5563 Y95.1187 Z-4.5637
G1 X8.6395 Y95.3478 Z-4.6066
G1 X8.7587 Y95.5603 Z-4.6496
G1 X8.9108 Y95.7507 Z-4.6926
G1 X9.0918 Y95.9138 Z-4.7355
G1 X9.2969 Y96.0454 Z-4.7785
G1 X9.5207 Y96.1420 Z-4.8215
G1 X9.7571 Y96.2010 Z-4.8644
G1 X10.0 Y96.2208 Z-4.9074
G1 X10.2429 Y96.2010 Z-4.9504
G1 X10.4794 Y96.1420 Z-4.9934
G1 X10.7031 Y96.0454 Z-5.0363
G1 X10.9082 Y95.9138 Z-5.0793
G1 X11.0892 Y95.7507 Z-5.1223
G1 X11.2413 Y95.5603 Z-5.1652
G1 X11.3606 Y95.3477 Z-5.2082
G1 X11.4438 Y95.1187 Z-5.2100
G1 X11.4886 Y94.8792 F480
G1 X11.4941 Y94.6355
G1 X11.4599 Y94.3942
G1 X11.3870 Y94.1617
G1 X11.2773 Y93.9441
G1 X11.1338 Y93.7472
G1 X10.9602 Y93.5761
G1 X10.7200 Y93.4064
G1 X10.5116 Y93.2779
G1 X10.3589 Y93.2105
G1 X10.2031 Y93.1796
G1 X10.0 Y93.1663
G1 X9.7969 Y93.1796
G1 X9.6411 Y93.2106
G1 X9.4888 Y93.2777
G1 X9.2800 Y93.4064
G1 X9.0398 Y93.5761
G1 X8.8663 Y93.7471
G1 X8.7227 Y93.9441
G1 X8.6130 Y94.1618
G1 X8.5401 Y94.3942
G1 X8.5060 Y94.6355
G1 X8.5114 Y94.8792
G1 X8.5563 Y95.1187
G1 X8.6395 Y95.3478
G1 X8.7587 Y95.5603
G1 X8.9108 Y95.7507
G1 X9.0918 Y95.9138
G1 X9.2969 Y96.0454
G1 X9.5207 Y96.1420
G1 X9.7571 Y96.2010
G1 X10.0 Y96.2208
G1 X10.2429 Y96.2010
G1 X10.4794 Y96.1420
G1 X10.7031 Y96.0454
G1 X10.9082 Y95.9138
G1 X11.0892 Y95.7507
G1 X11.2413 Y95.5603
G1 X11.3606 Y95.3477
G1 X11.4438 Y95.1187
G00 Z4.9900
G00 X10.2430 Y86.2010
G1 Z0.0900 F200
G1 X10.4794 Y86.1420 Z0.0470
G1 X10.7031 Y86.0455 Z0.0041
G1 X10.9082 Y85.9138 Z-0.0389
G1 X11.0892 Y85.7507 Z-0.0819
G1 X11.2413 Y85.5604 Z-0.1248
G1 X11.3606 Y85.3478 Z-0.1678
G1 X11.4438 Y85.1187 Z-0.2108
G1 X11.4886 Y84.8792 Z-0.2537
G1 X11.4941 Y84.6356 Z-0.2967
G1 X11.4599 Y84.3943 Z-0.3397
G1 X11.3870 Y84.1618 Z-0.3826
G1 X11.2773 Y83.9441 Z-0.4256
G1 X11.1338 Y83.7472 Z-0.4686
G1 X10.9602 Y83.5762 Z-0.5116
G1 X10.7200 Y83.4064 Z-0.5634
G1 X10.5115 Y83.2779 Z-0.6066
G1 X10.3589 Y83.2106 Z-0.6360
G1 X10.2031 Y83.1796 Z-0.6640
G1 X10.0 Y83.1663 Z-0.6999
G1 X9.7970 Y83.1796 Z-0.7358
G1 X9.6411 Y83.2106 Z-0.7638
G1 X9.4888 Y83.2777 Z-0.7932
G1 X9.2800 Y83.4065 Z-0.8364
G1 X9.0398 Y83.5762 Z-0.8883
G1 X8.8663 Y83.7471 Z-0.9312
G1 X8.7227 Y83.9441 Z-0.9742
G1 X8.6130 Y84.1618 Z-1.0172
G1 X8.5402 Y84.3942 Z-1.0601
G1 X8.5060 Y84.6356 Z-1.1031
G1 X8.5114 Y84.8792 Z-1.1461
G1 X8.5563 Y85.1187 Z-1.1891
G1 X8.6395 Y85.3478 Z-1.2320
G1 X8.7587 Y85.5603 Z-1.2750
G1 X8.9108 Y85.7507 Z-1.3180
G1 X9.0919 Y85.9138 Z-1.3609
G1 X9.2970 Y86.0455 Z-1.4039
G1 X9.5207 Y86.1420 Z-1.4469
G1 X9.7571 Y86.2010 Z-1.4898
G1 X9.9999 Y86.2208 Z-1.5328
G1 X10.2430 Y86.2010 Z-1.5758
G1 X10.4794 Y86.1420 Z-1.6188
G1 X10.7031 Y86.0455 Z-1.6617
G1 X10.9082 Y85.9138 Z-1.7047
G1 X11.0892 Y85.7507 Z-1.7477
G1 X11.2413 Y85.5604 Z-1.7906
G1 X11.3606 Y85.3478 Z-1.8336
G1 X11.4438 Y85.1187 Z-1.8766
G1 X11.4886 Y84.8792 Z-1.9195
G1 X11.4941 Y84.6356 Z-1.9625
G1 X11.4599 Y84.3943 Z-2.0055
G1 X11.3870 Y84.1618 Z-2.0485
G1 X11.2773 Y83.9441 Z-2.0914
G1 X11.1338 Y83.7472 Z-2.1344
G1 X10.9602 Y83.5762 Z-2.1774
G1 X10.7200 Y83.4064 Z-2.2292
G1 X10.5115 Y83.2779 Z-2.2724
G1 X10.3589 Y83.2106 Z-2.3018
G1 X10.2031 Y83.1796 Z-2.3298
G1 X10.0 Y83.1663 Z-2.3657
G1 X9.7970 Y83.1796 Z-2.4016
G1 X9.6411 Y83.2106 Z-2.4296
G1 X9.4888 Y83.2777 Z-2.4590
G1 X9.2800 Y83.4065 Z-2.5022
G1 X9.0398 Y83.5762 Z-2.5541
G1 X8.8663 Y83.7471 Z-2.5970
G1 X8.7227 Y83.9441 Z-2.6400
G1 X8.6130 Y84.1618 Z-2.6830
G1 X8.5402 Y84.3942 Z-2.7259
G1 X8.5060 Y84.6356 Z-2.7689
G1 X8.5114 Y84.8792 Z-2.8119
G1 X8.5563 Y85.1187 Z-2.8549
G1 X8.6395 Y85.3478 Z-2.8978
G1 X8.7587 Y85.5603 Z-2.9408
G1 X8.9108 Y85.7507 Z-2.9838
G1 X9.0919 Y85.9138 Z-3.0267
G1 X9.2970 Y86.0455 Z-3.0697
G1 X9.5207 Y86.1420 Z-3.1127
G1 X9.7571 Y86.2010 Z-3.1556
G1 X9.9999 Y86.2208 Z-3.1986
G1 X10.2430 Y86.2010 Z-3.2416
G1 X10.4794 Y86.1420 Z-3.2846
G1 X10.7031 Y86.0455 Z-3.3275
G1 X10.9082 Y85.9138 Z-3.3705
G1 X11.0892 Y85.7507 Z-3.4135
G1 X11.2413 Y85.5604 Z-3.4564
G1 X11.3606 Y85.3478 Z-3.4994
G1 X11.4438 Y85.1187 Z-3.5424
G1 X11.4886 Y84.8792 Z-3.5853
G1 X11.4941 Y84.6356 Z-3.6283
G1 X11.4599 Y84.3943 Z-3.6713
G1 X11.3870 Y84.1618 Z-3.7143
G1 X11.2773 Y83.9441 Z-3.7572
G1 X11.1338 Y83.7472 Z-3.8002
G1 X10.9602 Y83.5762 Z-3.8432
G1 X10.7200 Y83.4064 Z-3.8950
G1 X10.5115 Y83.2779 Z-3.9382
G1 X10.3589 Y83.2106 Z-3.9676
G1 X10.2031 Y83.1796 Z-3.9956
G1 X10.0 Y83.1663 Z-4.0315
G1 X9.7970 Y83.1796 Z-4.0674
G1 X9.6411 Y83.2106 Z-4.0954
G1 X9.4888 Y83.2777 Z-4.1248
G1 X9.2800 Y83.4065 Z-4.1680
G1 X9.0398 Y83.5762 Z-4.2199
G1 X8.8663 Y83.7471 Z-4.2628
G1 X8.7227 Y83.9441 Z-4.3058
G1 X8.6130 Y84.1618 Z-4.3488
G1 X8.5402 Y84.3942 Z-4.3917
G1 X8.5060 Y84.6356 Z-4.4347
G1 X8.5114 Y84.8792 Z-4.4777
G1 X8.5563 Y85.1187 Z-4.5207
G1 X8.6395 Y85.3478 Z-4.5636
G1 X8.7587 Y85.5603 Z-4.6066
G1 X8.9108 Y85.7507 Z-4.6496
G1 X9.0919 Y85.9138 Z-4.6925
G1 X9.2970 Y86.0455 Z-4.7355
G1 X9.5207 Y86.1420 Z-4.7785
G1 X9.7571 Y86.2010 Z-4.8215
G1 X9.9999 Y86.2208 Z-4.8644
G1 X10.2430 Y86.2010 Z-4.9074
G1 X10.4794 Y86.1420 Z-4.9504
G1 X10.7031 Y86.0455 Z-4.9933
G1 X10.9082 Y85.9138 Z-5.0363
G1 X11.0892 Y85.7507 Z-5.0793
G1 X11.2413 Y85.5604 Z-5.1222
G1 X11.3606 Y85.3478 Z-5.1652
G1 X11.4438 Y85.1187 Z-5.2082
G1 X11.4886 Y84.8792 Z-5.2100
G1 X11.4941 Y84.6356 F480
G1 X11.4599 Y84.3943
G1 X11.3870 Y84.1618
G1 X11.2773 Y83.9441
G1 X11.1338 Y83.7472
G1 X10.9602 Y83.5762
G1 X10.7200 Y83.4064
G1 X10.5115 Y83.2779
G1 X10.3589 Y83.2106
G1 X10.2031 Y83.1796
G1 X10.0 Y83.1663
G1 X9.7970 Y83.1796
G1 X9.6411 Y83.2106
G1 X9.4888 Y83.2777
G1 X9.2800 Y83.4065
G1 X9.0398 Y83.5762
G1 X8.8663 Y83.7471
G1 X8.7227 Y83.9441
G1 X8.6130 Y84.1618
G1 X8.5402 Y84.3942
G1 X8.5060 Y84.6356
G1 X8.5114 Y84.8792
G1 X8.5563 Y85.1187
G1 X8.6395 Y85.3478
G1 X8.7587 Y85.5603
G1 X8.9108 Y85.7507
G1 X9.0919 Y85.9138
G1 X9.2970 Y86.0455
G1 X9.5207 Y86.1420
G1 X9.7571 Y86.2010
G1 X9.9999 Y86.2208
G1 X10.2430 Y86.2010
G1 X10.4794 Y86.1420
G1 X10.7031 Y86.0455
G1 X10.9082 Y85.9138
G1 X11.0892 Y85.7507
G1 X11.2413 Y85.5604
G1 X11.3606 Y85.3478
G1 X11.4438 Y85.1187
G1 X11.4886 Y84.8792
G00 Z4.9900
G00 X48.5059 Y84.6356
G1 Z0.0900 F200
G1 X48.5114 Y84.8792 Z0.0470
G1 X48.5562 Y85.1187 Z0.0041
G1 X48.6394 Y85.3478 Z-0.0389
G1 X48.7587 Y85.5604 Z-0.0819
G1 X48.9108 Y85.7507 Z-0.1248
G1 X49.0918 Y85.9138 Z-0.1678
G1 X49.2969 Y86.0455 Z-0.2108
G1 X49.5206 Y86.1420 Z-0.2538
G1 X49.7570 Y86.2010 Z-0.2967
G1 X50.0 Y86.2208 Z-0.3397
G1 X50.2429 Y86.2010 Z-0.3827
G1 X50.4793 Y86.1420 Z-0.4256
G1 X50.7030 Y86.0455 Z-0.4686
G1 X50.9082 Y85.9138 Z-0.5116
G1 X51.0892 Y85.7507 Z-0.5545
G1 X51.2413 Y85.5603 Z-0.5975
G1 X51.3606 Y85.3478 Z-0.6405
G1 X51.4437 Y85.1187 Z-0.6835
G1 X51.4886 Y84.8792 Z-0.7264
G1 X51.4940 Y84.6356 Z-0.7694
G1 X51.4598 Y84.3942 Z-0.8124
G1 X51.3870 Y84.1618 Z-0.8553
G1 X51.2773 Y83.9441 Z-0.8983
G1 X51.1338 Y83.7471 Z-0.9413
G1 X50.9602 Y83.5761 Z-0.9842
G1 X50.7201 Y83.4065 Z-1.0361
G1 X50.5116 Y83.2779 Z-1.0793
G1 X50.3589 Y83.2106 Z-1.1087
G1 X50.2030 Y83.1796 Z-1.1367
G1 X50.0 Y83.1663 Z-1.1726
G1 X49.7969 Y83.1796 Z-1.2085
G1 X49.6411 Y83.2106 Z-1.2365
G1 X49.4888 Y83.2777 Z-1.2659
G1 X49.2800 Y83.4065 Z-1.3091
G1 X49.0398 Y83.5762 Z-1.3610
G1 X48.8662 Y83.7472 Z-1.4039
G1 X48.7227 Y83.9441 Z-1.4469
G1 X48.6130 Y84.1617 Z-1.4899
G1 X48.5401 Y84.3943 Z-1.5328
G1 X48.5059 Y84.6356 Z-1.5758
G1 X48.5114 Y84.8792 Z-1.6188
G1 X48.5562 Y85.1187 Z-1.6617
G1 X48.6394 Y85.3478 Z-1.7047
G1 X48.7587 Y85.5604 Z-1.7477
G1 X48.9108 Y85.7507 Z-1.7906
G1 X49.0918 Y85.9138 Z-1.8336
G1 X49.2969 Y86.0455 Z-1.8766
G1 X49.5206 Y86.1420 Z-1.9196
G1 X49.7570 Y86.2010 Z-1.9625
G1 X50.0 Y86.2208 Z-2.0055
G1 X50.2429 Y86.2010 Z-2.0485
G1 X50.4793 Y86.1420 Z-2.0914
G1 X50.7030 Y86.0455 Z-2.1344
G1 X50.9082 Y85.9138 Z-2.1774
G1 X51.0892 Y85.7507 Z-2.2204
G1 X51.2413 Y85.5603 Z-2.2633
G1 X51.3606 Y85.3478 Z-2.3063
G1 X51.4437 Y85.1187 Z-2.3493
G1 X51.4886 Y84.8792 Z-2.3922
G1 X51.4940 Y84.6356 Z-2.4352
G1 X51.4598 Y84.3942 Z-2.4782
G1 X51.3870 Y84.1618 Z-2.5211
G1 X51.2773 Y83.9441 Z-2.5641
G1 X51.1338 Y83.7471 Z-2.6071
G1 X50.9602 Y83.5761 Z-2.6500
G1 X50.7201 Y83.4065 Z-2.7019
G1 X50.5116 Y83.2779 Z-2.7451
G1 X50.3589 Y83.2106 Z-2.7745
G1 X50.2030 Y83.1796 Z-2.8025
G1 X50.0 Y83.1663 Z-2.8384
G1 X49.7969 Y83.1796 Z-2.8743
G1 X49.6411 Y83.2106 Z-2.9023
G1 X49.4888 Y83.2777 Z-2.9317
G1 X49.2800 Y83.4065 Z-2.9749
G1 X49.0398 Y83.5762 Z-3.0268
G1 X48.8662 Y83.7472 Z-3.0697
G1 X48.7227 Y83.9441 Z-3.1127
G1 X48.6130 Y84.1617 Z-3.1557
G1 X48.5401 Y84.3943 Z-3.1986
G1 X48.5059 Y84.6356 Z-3.2416
G1 X48.5114 Y84.8792 Z-3.2846
G1 X48.5562 Y85.1187 Z-3.3275
G1 X48.6394 Y85.3478 Z-3.3705
G1 X48.7587 Y85.5604 Z-3.4135
G1 X48.9108 Y85.7507 Z-3.4564
G1 X49.0918 Y85.9138 Z-3.4994
G1 X49.2969 Y86.0455 Z-3.5424
G1 X49.5206 Y86.1420 Z-3.5854
G1 X49.7570 Y86.2010 Z-3.6283
G1 X50.0 Y86.2208 Z-3.6713
G1 X50.2429 Y86.2010 Z-3.7143
G1 X50.4793 Y86.1420 Z-3.7572
G1 X50.7030 Y86.0455 Z-3.8002
G1 X50.9082 Y85.9138 Z-3.8432
G1 X51.0892 Y85.7507 Z-3.8862
G1 X51.2413 Y85.5603 Z-3.9291
G1 X51.3606 Y85.3478 Z-3.9721
G1 X51.4437 Y85.1187 Z-4.0151
G1 X51.4886 Y84.8792 Z-4.0580
G1 X51.4940 Y84.6356 Z-4.1010
G1 X51.4598 Y84.3942 Z-4.1440
G1 X51.3870 Y84.1618 Z-4.1869
G1 X51.2773 Y83.9441 Z-4.2299
G1 X51.1338 Y83.7471 Z-4.2729
G1 X50.9602 Y83.5761 Z-4.3158
G1 X50.7201 Y83.4065 Z-4.3677
G1 X50.5116 Y83.2779 Z-4.4109
G1 X50.3589 Y83.2106 Z-4.4403
G1 X50.2030 Y83.1796 Z-4.4683
G1 X50.0 Y83.1663 Z-4.5042
G1 X49.7969 Y83.1796 Z-4.5401
G1 X49.6411 Y83.2106 Z-4.5681
G1 X49.4888 Y83.2777 Z-4.5975
G1 X49.2800 Y83.4065 Z-4.6407
G1 X49.0398 Y83.5762 Z-4.6926
G1 X48.8662 Y83.7472 Z-4.7355
G1 X48.7227 Y83.9441 Z-4.7785
G1 X48.6130 Y84.1617 Z-4.8215
G1 X48.5401 Y84.3943 Z-4.8644
G1 X48.5059 Y84.6356 Z-4.9074
G1 X48.5114 Y84.8792 Z-4.9504
G1 X48.5562 Y85.1187 Z-4.9933
G1 X48.6394 Y85.3478 Z-5.0363
G1 X48.7587 Y85.5604 Z-5.0793
G1 X48.9108 Y85.7507 Z-5.1223
G1 X49.0918 Y85.9138 Z-5.1652
G1 X49.2969 Y86.0455 Z-5.2082
G1 X49.5206 Y86.1420 Z-5.2100
G1 X49.7570 Y86.2010 F480
G1 X50.0 Y86.2208
G1 X50.2429 Y86.2010
G1 X50.4793 Y86.1420
G1 X50.7030 Y86.0455
G1 X50.9082 Y85.9138
G1 X51.0892 Y85.7507
G1 X51.2413 Y85.5603
G1 X51.3606 Y85.3478
G1 X51.4437 Y85.1187
G1 X51.4886 Y84.8792
G1 X51.4940 Y84.6356
G1 X51.4598 Y84.3942
G1 X51.3870 Y84.1618
G1 X51.2773 Y83.9441
G1 X51.1338 Y83.7471
G1 X50.9602 Y83.5761
G1 X50.7201 Y83.4065
G1 X50.5116 Y83.2779
G1 X50.3589 Y83.2106
G1 X50.2030 Y83.1796
G1 X50.0 Y83.1663
G1 X49.7969 Y83.1796
G1 X49.6411 Y83.2106
G1 X49.4888 Y83.2777
G1 X49.2800 Y83.4065
G1 X49.0398 Y83.5762
G1 X48.8662 Y83.7472
G1 X48.7227 Y83.9441
G1 X48.6130 Y84.1617
G1 X48.5401 Y84.3943
G1 X48.5059 Y84.6356
G1 X48.5114 Y84.8792
G1 X48.5562 Y85.1187
G1 X48.6394 Y85.3478
G1 X48.7587 Y85.5604
G1 X48.9108 Y85.7507
G1 X49.0918 Y85.9138
G1 X49.2969 Y86.0455
G1 X49.5206 Y86.1420
G00 Z4.9900
G00 X50.0 Y93.1663
G1 Z0.0900 F200
G1 X49.7969 Y93.1796 Z0.0541
G1 X49.6411 Y93.2105 Z0.0261
G1 X49.4887 Y93.2778 Z-0.0033
G1 X49.2800 Y93.4064 Z-0.0465
G1 X49.0398 Y93.5761 Z-0.0984
G1 X48.8662 Y93.7472 Z-0.1413
G1 X48.7227 Y93.9441 Z-0.1843
G1 X48.6130 Y94.1617 Z-0.2273
G1 X48.5401 Y94.3943 Z-0.2702
G1 X48.5059 Y94.6355 Z-0.3132
G1 X48.5114 Y94.8792 Z-0.3562
G1 X48.5562 Y95.1187 Z-0.3991
G1 X48.6394 Y95.3477 Z-0.4421
G1 X48.7587 Y95.5603 Z-0.4851
G1 X48.9108 Y95.7507 Z-0.5281
G1 X49.0918 Y95.9138 Z-0.5710
G1 X49.2969 Y96.0454 Z-0.6140
G1 X49.5206 Y96.1420 Z-0.6570
G1 X49.7570 Y96.2010 Z-0.6999
G1 X50.0 Y96.2208 Z-0.7429
G1 X50.2429 Y96.2010 Z-0.7859
G1 X50.4793 Y96.1420 Z-0.8288
G1 X50.7031 Y96.0454 Z-0.8718
G1 X50.9082 Y95.9138 Z-0.9148
G1 X51.0892 Y95.7507 Z-0.9578
G1 X51.2413 Y95.5603 Z-1.0007
G1 X51.3605 Y95.3478 Z-1.0437
G1 X51.4437 Y95.1187 Z-1.0867
G1 X51.4886 Y94.8792 Z-1.1296
G1 X51.4940 Y94.6355 Z-1.1726
G1 X51.4599 Y94.3942 Z-1.2156
G1 X51.3870 Y94.1618 Z-1.2585
G1 X51.2773 Y93.9441 Z-1.3015
G1 X51.1338 Y93.7471 Z-1.3445
G1 X50.9602 Y93.5761 Z-1.3874
G1 X50.7199 Y93.4064 Z-1.4393
G1 X50.5116 Y93.2779 Z-1.4825
G1 X50.3589 Y93.2105 Z-1.5119
G1 X50.2031 Y93.1796 Z-1.5399
G1 X50.0 Y93.1663 Z-1.5758
G1 X49.7969 Y93.1796 Z-1.6117
G1 X49.6411 Y93.2105 Z-1.6397
G1 X49.4887 Y93.2778 Z-1.6691
G1 X49.2800 Y93.4064 Z-1.7123
G1 X49.0398 Y93.5761 Z-1.7642
G1 X48.8662 Y93.7472 Z-1.8071
G1 X48.7227 Y93.9441 Z-1.8501
G1 X48.6130 Y94.1617 Z-1.8931
G1 X48.5401 Y94.3943 Z-1.9360
G1 X48.5059 Y94.6355 Z-1.9790
G1 X48.5114 Y94.8792 Z-2.0220
G1 X48.5562 Y95.1187 Z-2.0649
G1 X48.6394 Y95.3477 Z-2.1079
G1 X48.7587 Y95.5603 Z-2.1509
G1 X48.9108 Y95.7507 Z-2.1939
G1 X49.0918 Y95.9138 Z-2.2368
G1 X49.2969 Y96.0454 Z-2.2798
G1 X49.5206 Y96.1420 Z-2.3228
G1 X49.7570 Y96.2010 Z-2.3657
G1 X50.0 Y96.2208 Z-2.4087
G1 X50.2429 Y96.2010 Z-2.4517
G1 X50.4793 Y96.1420 Z-2.4946
G1 X50.7031 Y96.0454 Z-2.5376
G1 X50.9082 Y95.9138 Z-2.5806
G1 X51.0892 Y95.7507 Z-2.6236
G1 X51.2413 Y95.5603 Z-2.6665
G1 X51.3605 Y95.3478 Z-2.7095
G1 X51.4437 Y95.1187 Z-2.7525
G1 X51.4886 Y94.8792 Z-2.7954
G1 X51.4940 Y94.6355 Z-2.8384
G1 X51.4599 Y94.3942 Z-2.8814
G1 X51.3870 Y94.1618 Z-2.9243
G1 X51.2773 Y93.9441 Z-2.9673
G1 X51.1338 Y93.7471 Z-3.0103
G1 X50.9602 Y93.5761 Z-3.0532
G1 X50.7199 Y93.4064 Z-3.1051
G1 X50.5116 Y93.2779 Z-3.1483
G1 X50.3589 Y93.2105 Z-3.1777
G1 X50.2031 Y93.1796 Z-3.2057
G1 X50.0 Y93.1663 Z-3.2416
G1 X49.7969 Y93.1796 Z-3.2775
G1 X49.6411 Y93.2105 Z-3.3055
G1 X49.4887 Y93.2778 Z-3.3349
G1 X49.2800 Y93.4064 Z-3.3781
G1 X49.0398 Y93.5761 Z-3.4300
G1 X48.8662 Y93.7472 Z-3.4729
G1 X48.7227 Y93.9441 Z-3.5159
G1 X48.6130 Y94.1617 Z-3.5589
G1 X48.5401 Y94.3943 Z-3.6018
G1 X48.5059 Y94.6355 Z-3.6448
G1 X48.5114 Y94.8792 Z-3.6878
G1 X48.5562 Y95.1187 Z-3.7307
G1 X48.6394 Y95.3477 Z-3.7737
G1 X48.7587 Y95.5603 Z-3.8167
G1 X48.9108 Y95.7507 Z-3.8597
G1 X49.0918 Y95.9138 Z-3.9026
G1 X49.2969 Y96.0454 Z-3.9456
G1 X49.5206 Y96.1420 Z-3.9886
G1 X49.7570 Y96.2010 Z-4.0315
G1 X50.0 Y96.2208 Z-4.0745
G1 X50.2429 Y96.2010 Z-4.1175
G1 X50.4793 Y96.1420 Z-4.1604
G1 X50.7031 Y96.0454 Z-4.2034
G1 X50.9082 Y95.9138 Z-4.2464
G1 X51.0892 Y95.7507 Z-4.2894
G1 X51.2413 Y95.5603 Z-4.3323
G1 X51.3605 Y95.3478 Z-4.3753
G1 X51.4437 Y95.1187 Z-4.4183
G1 X51.4886 Y94.8792 Z-4.4612
G1 X51.4940 Y94.6355 Z-4.5042
G1 X51.4599 Y94.3942 Z-4.5472
G1 X51.3870 Y94.1618 Z-4.5901
G1 X51.2773 Y93.9441 Z-4.6331
G1 X51.1338 Y93.7471 Z-4.6761
G1 X50.9602 Y93.5761 Z-4.7190
G1 X50.7199 Y93.4064 Z-4.7709
G1 X50.5116 Y93.2779 Z-4.8141
G1 X50.3589 Y93.2105 Z-4.8435
G1 X50.2031 Y93.1796 Z-4.8715
G1 X50.0 Y93.1663 Z-4.9074
G1 X49.7969 Y93.1796 Z-4.9433
G1 X49.6411 Y93.2105 Z-4.9713
G1 X49.4887 Y93.2778 Z-5.0007
G1 X49.2800 Y93.4064 Z-5.0439
G1 X49.0398 Y93.5761 Z-5.0958
G1 X48.8662 Y93.7472 Z-5.1387
G1 X48.7227 Y93.9441 Z-5.1817
G1 X48.6130 Y94.1617 Z-5.2100
G1 X48.5401 Y94.3943 F480
G1 X48.5059 Y94.6355
G1 X48.5114 Y94.8792
G1 X48.5562 Y95.1187
G1 X48.6394 Y95.3477
G1 X48.7587 Y95.5603
G1 X48.9108 Y95.7507
G1 X49.0918 Y95.9138
G1 X49.2969 Y96.0454
G1 X49.5206 Y96.1420
G1 X49.7570 Y96.2010
G1 X50.0 Y96.2208
G1 X50.2429 Y96.2010
G1 X50.4793 Y96.1420
G1 X50.7031 Y96.0454
G1 X50.9082 Y95.9138
G1 X51.0892 Y95.7507
G1 X51.2413 Y95.5603
G1 X51.3605 Y95.3478
G1 X51.4437 Y95.1187
G1 X51.4886 Y94.8792
G1 X51.4940 Y94.6355
G1 X51.4599 Y94.3942
G1 X51.3870 Y94.1618
G1 X51.2773 Y93.9441
G1 X51.1338 Y93.7471
G1 X50.9602 Y93.5761
G1 X50.7199 Y93.4064
G1 X50.5116 Y93.2779
G1 X50.3589 Y93.2105
G1 X50.2031 Y93.1796
G1 X50.0 Y93.1663
G1 X49.7969 Y93.1796
G1 X49.6411 Y93.2105
G1 X49.4887 Y93.2778
G1 X49.2800 Y93.4064
G1 X49.0398 Y93.5761
G1 X48.8662 Y93.7472
G1 X48.7227 Y93.9441
G1 X48.6130 Y94.1617
G00 Z4.9900
G00 X56.0 Y100.7242
G1 X40.5577 Z2.2671 F200
G1 X40.2760 Y99.0705 Z1.9713
G1 X40.0834 Y98.2986 Z1.8310
G1 X39.8330 Y97.5435 Z1.6908
G1 X39.5261 Y96.8096 Z1.5505
G1 X39.1645 Y96.1010 Z1.4102
G1 X38.7502 Y95.4217 Z1.2699
G1 X38.2857 Y94.7757 Z1.1296
G1 X37.7738 Y94.1670 Z0.9894
G1 X37.2171 Y93.5986 Z0.8491
G1 X36.6191 Y93.0742 Z0.7089
G1 X35.9829 Y92.5963 Z0.5685
G1 X35.3124 Y92.1681 Z0.4283
G1 X34.6115 Y91.7918 Z0.2880
G1 X33.8841 Y91.4697 Z0.1477
G1 X33.1345 Y91.2037 Z0.0075
G1 X32.3666 Y90.9951 Z-0.1328
G1 X31.5855 Y90.8453 Z-0.2731
G1 X30.7948 Y90.7550 Z-0.4134
G1 X30.0 Y90.7249 Z-0.4827
G1 X29.2052 Y90.7550 F480
G1 X28.4145 Y90.8453
G1 X27.6334 Y90.9951
G1 X26.8655 Y91.2037
G1 X26.1159 Y91.4697
G1 X25.3885 Y91.7918
G1 X24.6876 Y92.1681
G1 X24.0171 Y92.5963
G1 X23.3809 Y93.0742
G1 X22.7829 Y93.5986
G1 X22.2262 Y94.1670
G1 X21.7143 Y94.7757
G1 X21.2498 Y95.4217
G1 X20.8355 Y96.1010
G1 X20.4739 Y96.8096
G1 X20.1670 Y97.5435
G1 X19.9166 Y98.2986
G1 X19.7240 Y99.0705
G1 X19.4423 Y100.7242
G1 X4.0
G1 Y78.7242
G1 X56.0
G1 Y100.7242
G1 X40.5577
G1 X40.2760 Y99.0705
G1 X40.0834 Y98.2986
G1 X39.8330 Y97.5435
G1 X39.5261 Y96.8096
G1 X39.1645 Y96.1010
G1 X38.7502 Y95.4217
G1 X38.2857 Y94.7757
G1 X37.7738 Y94.1670
G1 X37.2171 Y93.5986
G1 X36.6191 Y93.0742
G1 X35.9829 Y92.5963
G1 X35.3124 Y92.1681
G1 X34.6115 Y91.7918
G1 X33.8841 Y91.4697
G1 X33.1345 Y91.2037
G1 X32.3666 Y90.9951
G1 X31.5855 Y90.8453
G1 X30.7948 Y90.7550
G1 X30.0 Y90.7249
G00 Z4.9900
G00 X40.5577 Y100.7242
G1 Z0.0900 F200
G1 X40.2760 Y99.0705 Z-0.2058
G1 X40.0834 Y98.2986 Z-0.3461
G1 X39.8330 Y97.5435 Z-0.4863
G1 X39.5261 Y96.8096 Z-0.6266
G1 X39.1645 Y96.1010 Z-0.7669
G1 X38.7502 Y95.4217 Z-0.9072
G1 X38.2857 Y94.7757 Z-0.9555
G1 X37.7738 Y94.1670 F480
G1 X37.2171 Y93.5986
G1 X36.6191 Y93.0742
G1 X35.9829 Y92.5963
G1 X35.3124 Y92.1681
G1 X34.6115 Y91.7918
G1 X33.8841 Y91.4697
G1 X33.1345 Y91.2037
G1 X32.3666 Y90.9951
G1 X31.5855 Y90.8453
G1 X30.7948 Y90.7550
G1 X30.0 Y90.7249
G1 X29.2052 Y90.7550
G1 X28.4145 Y90.8453
G1 X27.6334 Y90.9951
G1 X26.8655 Y91.2037
G1 X26.1159 Y91.4697
G1 X25.3885 Y91.7918
G1 X24.6876 Y92.1681
G1 X24.0171 Y92.5963
G1 X23.3809 Y93.0742
G1 X22.7829 Y93.5986
G1 X22.2262 Y94.1670
G1 X21.7143 Y94.7757
G1 X21.2498 Y95.4217
G1 X20.8355 Y96.1010
G1 X20.4739 Y96.8096
G1 X20.1670 Y97.5435
G1 X19.9166 Y98.2986
G1 X19.7240 Y99.0705
G1 X19.4423 Y100.7242
G1 X4.0
G1 Y78.7242
G1 X56.0
G1 Y100.7242
G1 X40.5577
G1 X40.2760 Y99.0705
G1 X40.0834 Y98.2986
G1 X39.8330 Y97.5435
G1 X39.5261 Y96.8096
G1 X39.1645 Y96.1010
G1 X38.7502 Y95.4217
G1 X38.2857 Y94.7757
G00 Z4.9900
G00 X40.5577 Y100.7242
G1 Z0.0900 F200
G1 X40.2760 Y99.0705 Z-0.2058
G1 X40.0834 Y98.2986 Z-0.3461
G1 X39.8330 Y97.5435 Z-0.4863
G1 X39.5261 Y96.8096 Z-0.6266
G1 X39.1645 Y96.1010 Z-0.7669
G1 X38.7502 Y95.4217 Z-0.9072
G1 X38.2857 Y94.7757 Z-1.0475
G1 X37.7738 Y94.1670 Z-1.1877
G1 X37.2171 Y93.5986 Z-1.3280
G1 X36.6191 Y93.0742 Z-1.4282
G1 X35.9829 Y92.5963 F480
G1 X35.3124 Y92.1681
G1 X34.6115 Y91.7918
G1 X33.8841 Y91.4697
G1 X33.1345 Y91.2037
G1 X32.3666 Y90.9951
G1 X31.5855 Y90.8453
G1 X30.7948 Y90.7550
G1 X30.0 Y90.7249
G1 X29.2052 Y90.7550
G1 X28.4145 Y90.8453
G1 X27.6334 Y90.9951
G1 X26.8655 Y91.2037
G1 X26.1159 Y91.4697
G1 X25.3885 Y91.7918
G1 X24.6876 Y92.1681
G1 X24.0171 Y92.5963
G1 X23.3809 Y93.0742
G1 X22.7829 Y93.5986
G1 X22.2262 Y94.1670
G1 X21.7143 Y94.7757
G1 X21.2498 Y95.4217
G1 X20.8355 Y96.1010
G1 X20.4739 Y96.8096
G1 X20.1670 Y97.5435
G1 X19.9166 Y98.2986
G1 X19.7240 Y99.0705
G1 X19.4423 Y100.7242
G1 X4.0
G1 Y78.7242
G1 X56.0
G1 Y100.7242
G1 X40.5577
G1 X40.2760 Y99.0705
G1 X40.0834 Y98.2986
G1 X39.8330 Y97.5435
G1 X39.5261 Y96.8096
G1 X39.1645 Y96.1010
G1 X38.7502 Y95.4217
G1 X38.2857 Y94.7757
G1 X37.7738 Y94.1670
G1 X37.2171 Y93.5986
G1 X36.6191 Y93.0742
G00 Z4.9900
G00 X40.5577 Y100.7242
G1 Z0.0900 F200
G1 X40.2760 Y99.0705 Z-0.2058
G1 X40.0834 Y98.2986 Z-0.3461
G1 X39.8330 Y97.5435 Z-0.4863
G1 X39.5261 Y96.8096 Z-0.6266
G1 X39.1645 Y96.1010 Z-0.7669
G1 X38.7502 Y95.4217 Z-0.9072
G1 X38.2857 Y94.7757 Z-1.0475
G1 X37.7738 Y94.1670 Z-1.1877
G1 X37.2171 Y93.5986 Z-1.3280
G1 X36.6191 Y93.0742 Z-1.4682
G1 X35.9829 Y92.5963 Z-1.6086
G1 X35.3124 Y92.1681 Z-1.7488
G1 X34.6115 Y91.7918 Z-1.8891
G1 X33.8841 Y91.4697 Z-1.9009
G1 X33.1345 Y91.2037 F480
G1 X32.3666 Y90.9951
G1 X31.5855 Y90.8453
G1 X30.7948 Y90.7550
G1 X30.0 Y90.7249
G1 X29.2052 Y90.7550
G1 X28.4145 Y90.8453
G1 X27.6334 Y90.9951
G1 X26.8655 Y91.2037
G1 X26.1159 Y91.4697
G1 X25.3885 Y91.7918
G1 X24.6876 Y92.1681
G1 X24.0171 Y92.5963
G1 X23.3809 Y93.0742
G1 X22.7829 Y93.5986
G1 X22.2262 Y94.1670
G1 X21.7143 Y94.7757
G1 X21.2498 Y95.4217
G1 X20.8355 Y96.1010
G1 X20.4739 Y96.8096
G1 X20.1670 Y97.5435
G1 X19.9166 Y98.2986
G1 X19.7240 Y99.0705
G1 X19.4423 Y100.7242
G1 X4.0
G1 Y78.7242
G1 X56.0
G1 Y100.7242
G1 X40.5577
G1 X40.2760 Y99.0705
G1 X40.0834 Y98.2986
G1 X39.8330 Y97.5435
G1 X39.5261 Y96.8096
G1 X39.1645 Y96.1010
G1 X38.7502 Y95.4217
G1 X38.2857 Y94.7757
G1 X37.7738 Y94.1670
G1 X37.2171 Y93.5986
G1 X36.6191 Y93.0742
G1 X35.9829 Y92.5963
G1 X35.3124 Y92.1681
G1 X34.6115 Y91.7918
G1 X33.8841 Y91.4697
G00 Z4.9900
G00 X40.5577 Y100.7242
G1 Z0.0900 F200
G1 X40.2760 Y99.0705 Z-0.2058
G1 X40.0834 Y98.2986 Z-0.3461
G1 X39.8330 Y97.5435 Z-0.4863
G1 X39.5261 Y96.8096 Z-0.6266
G1 X39.1645 Y96.1010 Z-0.7669
G1 X38.7502 Y95.4217 Z-0.9072
G1 X38.2857 Y94.7757 Z-1.0475
G1 X37.7738 Y94.1670 Z-1.1877
G1 X37.2171 Y93.5986 Z-1.3280
G1 X36.6191 Y93.0742 Z-1.4682
G1 X35.9829 Y92.5963 Z-1.6086
G1 X35.3124 Y92.1681 Z-1.7488
G1 X34.6115 Y91.7918 Z-1.8891
G1 X33.8841 Y91.4697 Z-2.0294
G1 X33.1345 Y91.2037 Z-2.1696
G1 X32.3666 Y90.9951 Z-2.3099
G1 X31.5855 Y90.8453 Z-2.3736
G1 X30.7948 Y90.7550 F480
G1 X30.0 Y90.7249
G1 X29.2052 Y90.7550
G1 X28.4145 Y90.8453
G1 X27.6334 Y90.9951
G1 X26.8655 Y91.2037
G1 X26.1159 Y91.4697
G1 X25.3885 Y91.7918
G1 X24.6876 Y92.1681
G1 X24.0171 Y92.5963
G1 X23.3809 Y93.0742
G1 X22.7829 Y93.5986
G1 X22.2262 Y94.1670
G1 X21.7143 Y94.7757
G1 X21.2498 Y95.4217
G1 X20.8355 Y96.1010
G1 X20.4739 Y96.8096
G1 X20.1670 Y97.5435
G1 X19.9166 Y98.2986
G1 X19.7240 Y99.0705
G1 X19.4423 Y100.7242
G1 X4.0
G1 Y78.7242
G1 X56.0
G1 Y100.7242
G1 X40.5577
G1 X40.2760 Y99.0705
G1 X40.0834 Y98.2986
G1 X39.8330 Y97.5435
G1 X39.5261 Y96.8096
G1 X39.1645 Y96.1010
G1 X38.7502 Y95.4217
G1 X38.2857 Y94.7757
G1 X37.7738 Y94.1670
G1 X37.2171 Y93.5986
G1 X36.6191 Y93.0742
G1 X35.9829 Y92.5963
G1 X35.3124 Y92.1681
G1 X34.6115 Y91.7918
G1 X33.8841 Y91.4697
G1 X33.1345 Y91.2037
G1 X32.3666 Y90.9951
G1 X31.5855 Y90.8453
G00 Z4.9900
G00 X40.5577 Y100.7242
G1 Z0.0900 F200
G1 X40.2760 Y99.0705 Z-0.2058
G1 X40.0834 Y98.2986 Z-0.3461
G1 X39.8330 Y97.5435 Z-0.4863
G1 X39.5261 Y96.8096 Z-0.6266
G1 X39.1645 Y96.1010 Z-0.7669
G1 X38.7502 Y95.4217 Z-0.9072
G1 X38.2857 Y94.7757 Z-1.0475
G1 X37.7738 Y94.1670 Z-1.1877
G1 X37.2171 Y93.5986 Z-1.3280
G1 X36.6191 Y93.0742 Z-1.4682
G1 X35.9829 Y92.5963 Z-1.6086
G1 X35.3124 Y92.1681 Z-1.7488
G1 X34.6115 Y91.7918 Z-1.8891
G1 X33.8841 Y91.4697 Z-2.0294
G1 X33.1345 Y91.2037 Z-2.1696
G1 X32.3666 Y90.9951 Z-2.3099
G1 X31.5855 Y90.8453 Z-2.4502
G1 X30.7948 Y90.7550 Z-2.5905
G1 X30.0 Y90.7249 Z-2.7307
G1 X29.2052 Y90.7550 Z-2.8464
G1 X28.4145 Y90.8453 F480
G1 X27.6334 Y90.9951
G1 X26.8655 Y91.2037
G1 X26.1159 Y91.4697
G1 X25.3885 Y91.7918
G1 X24.6876 Y92.1681
G1 X24.0171 Y92.5963
G1 X23.3809 Y93.0742
G1 X22.7829 Y93.5986
G1 X22.2262 Y94.1670
G1 X21.7143 Y94.7757
G1 X21.2498 Y95.4217
G1 X20.8355 Y96.1010
G1 X20.4739 Y96.8096
G1 X20.1670 Y97.5435
G1 X19.9166 Y98.2986
G1 X19.7240 Y99.0705
G1 X19.4423 Y100.7242
G1 X4.0
G1 Y78.7242
G1 X56.0
G1 Y100.7242
G1 X40.5577
G1 X40.2760 Y99.0705
G1 X40.0834 Y98.2986
G1 X39.8330 Y97.5435
G1 X39.5261 Y96.8096
G1 X39.1645 Y96.1010
G1 X38.7502 Y95.4217
G1 X38.2857 Y94.7757
G1 X37.7738 Y94.1670
G1 X37.2171 Y93.5986
G1 X36.6191 Y93.0742
G1 X35.9829 Y92.5963
G1 X35.3124 Y92.1681
G1 X34.6115 Y91.7918
G1 X33.8841 Y91.4697
G1 X33.1345 Y91.2037
G1 X32.3666 Y90.9951
G1 X31.5855 Y90.8453
G1 X30.7948 Y90.7550
G1 X30.0 Y90.7249
G1 X29.2052 Y90.7550
G00 Z4.9900
G00 X19.4423 Y100.7242
G1 Z0.0900 F200
G1 X4.0 Z-2.6329
G1 Y78.7242 Z-3.3191
G1 X56.0 F480
G1 Y100.7242
G1 X40.5577
G1 X40.2760 Y99.0705
G1 X40.0834 Y98.2986
G1 X39.8330 Y97.5435
G1 X39.5261 Y96.8096
G1 X39.1645 Y96.1010
G1 X38.7502 Y95.4217
G1 X38.2857 Y94.7757
G1 X37.7738 Y94.1670
G1 X37.2171 Y93.5986
G1 X36.6191 Y93.0742
G1 X35.9829 Y92.5963
G1 X35.3124 Y92.1681
G1 X34.6115 Y91.7918
G1 X33.8841 Y91.4697
G1 X33.1345 Y91.2037
G1 X32.3666 Y90.9951
G1 X31.5855 Y90.8453
G1 X30.7948 Y90.7550
G1 X30.0 Y90.7249
G1 X29.2052 Y90.7550
G1 X28.4145 Y90.8453
G1 X27.6334 Y90.9951
G1 X26.8655 Y91.2037
G1 X26.1159 Y91.4697
G1 X25.3885 Y91.7918
G1 X24.6876 Y92.1681
G1 X24.0171 Y92.5963
G1 X23.3809 Y93.0742
G1 X22.7829 Y93.5986
G1 X22.2262 Y94.1670
G1 X21.7143 Y94.7757
G1 X21.2498 Y95.4217
G1 X20.8355 Y96.1010
G1 X20.4739 Y96.8096
G1 X20.1670 Y97.5435
G1 X19.9166 Y98.2986
G1 X19.7240 Y99.0705
G1 X19.4423 Y100.7242
G1 X4.0
G1 Y78.7242
G1 Y100.7242 F322.2222
G1 Y78.7242 Z-3.7918 F200
G1 X56.0 F480
G1 Y100.7242
G1 X40.5577
G1 X40.2760 Y99.0705
G1 X40.0834 Y98.2986
G1 X39.8330 Y97.5435
G1 X39.5261 Y96.8096
G1 X39.1645 Y96.1010
G1 X38.7502 Y95.4217
G1 X38.2857 Y94.7757
G1 X37.7738 Y94.1670
G1 X37.2171 Y93.5986
G1 X36.6191 Y93.0742
G1 X35.9829 Y92.5963
G1 X35.3124 Y92.1681
G1 X34.6115 Y91.7918
G1 X33.8841 Y91.4697
G1 X33.1345 Y91.2037
G1 X32.3666 Y90.9951
G1 X31.5855 Y90.8453
G1 X30.7948 Y90.7550
G1 X30.0 Y90.7249
G1 X29.2052 Y90.7550
G1 X28.4145 Y90.8453
G1 X27.6334 Y90.9951
G1 X26.8655 Y91.2037
G1 X26.1159 Y91.4697
G1 X25.3885 Y91.7918
G1 X24.6876 Y92.1681
G1 X24.0171 Y92.5963
G1 X23.3809 Y93.0742
G1 X22.7829 Y93.5986
G1 X22.2262 Y94.1670
G1 X21.7143 Y94.7757
G1 X21.2498 Y95.4217
G1 X20.8355 Y96.1010
G1 X20.4739 Y96.8096
G1 X20.1670 Y97.5435
G1 X19.9166 Y98.2986
G1 X19.7240 Y99.0705
G1 X19.4423 Y100.7242
G1 X4.0
G1 Y78.7242
G1 Y100.7242 F322.2222
G1 Y78.7242 Z-4.2645 F200
G1 X56.0 F480
G1 Y100.7242
G1 X40.5577
G1 X40.2760 Y99.0705
G1 X40.0834 Y98.2986
G1 X39.8330 Y97.5435
G1 X39.5261 Y96.8096
G1 X39.1645 Y96.1010
G1 X38.7502 Y95.4217
G1 X38.2857 Y94.7757
G1 X37.7738 Y94.1670
G1 X37.2171 Y93.5986
G1 X36.6191 Y93.0742
G1 X35.9829 Y92.5963
G1 X35.3124 Y92.1681
G1 X34.6115 Y91.7918
G1 X33.8841 Y91.4697
G1 X33.1345 Y91.2037
G1 X32.3666 Y90.9951
G1 X31.5855 Y90.8453
G1 X30.7948 Y90.7550
G1 X30.0 Y90.7249
G1 X29.2052 Y90.7550
G1 X28.4145 Y90.8453
G1 X27.6334 Y90.9951
G1 X26.8655 Y91.2037
G1 X26.1159 Y91.4697
G1 X25.3885 Y91.7918
G1 X24.6876 Y92.1681
G1 X24.0171 Y92.5963
G1 X23.3809 Y93.0742
G1 X22.7829 Y93.5986
G1 X22.2262 Y94.1670
G1 X21.7143 Y94.7757
G1 X21.2498 Y95.4217
G1 X20.8355 Y96.1010
G1 X20.4739 Y96.8096
G1 X20.1670 Y97.5435
G1 X19.9166 Y98.2986
G1 X19.7240 Y99.0705
G1 X19.4423 Y100.7242
G1 X4.0
G1 Y78.7242
G00 Z4.9900
G00 Y100.7242
G1 Z0.0900 F200
G1 Y93.0203 Z-1.2684
G1 Y90.0203 Z-1.7974
G1 Y78.7242 Z-3.7892
G1 X10.5168 Z-4.7373
G1 Z-4.7000 F480
G1 X13.5168
G1 Z-4.7373 F100
G1 X34.5377 F480
G1 Z-4.7000
G1 X37.5377
G1 Z-4.7373 F100
G1 X56.0 F480
G1 Y87.0765
G1 Z-4.7000
G1 Y90.0765
G1 Z-4.7373 F100
G1 Y100.7242 F480
G1 X49.7618
G1 Z-4.7000
G1 X46.7618
G1 Z-4.7373 F100
G1 X40.5577 F480
G1 X40.2760 Y99.0705
G1 X40.0834 Y98.2986
G1 X39.8330 Y97.5435
G1 X39.5261 Y96.8096
G1 X39.1645 Y96.1010
G1 X38.7502 Y95.4217
G1 X38.2857 Y94.7757
G1 X37.7738 Y94.1670
G1 X37.2171 Y93.5986
G1 X36.6191 Y93.0742
G1 X35.9829 Y92.5963
G1 X35.3124 Y92.1681
G1 X34.6115 Y91.7918
G1 X33.8841 Y91.4697
G1 X33.1345 Y91.2037
G1 X32.4408 Y91.0152
G1 Z-4.7000
G1 X32.3666 Y90.9951
G1 X31.5855 Y90.8453
G1 X30.7948 Y90.7550
G1 X30.0 Y90.7249
G1 X29.4521 Y90.7456
G1 Z-4.7373 F100
G1 X29.2052 Y90.7550 F480
G1 X28.4145 Y90.8453
G1 X27.6334 Y90.9951
G1 X26.8655 Y91.2037
G1 X26.1159 Y91.4697
G1 X25.3885 Y91.7918
G1 X24.6876 Y92.1681
G1 X24.0171 Y92.5963
G1 X23.3809 Y93.0742
G1 X22.7829 Y93.5986
G1 X22.2262 Y94.1670
G1 X21.7143 Y94.7757
G1 X21.2498 Y95.4217
G1 X20.8355 Y96.1010
G1 X20.4739 Y96.8096
G1 X20.1670 Y97.5435
G1 X19.9166 Y98.2986
G1 X19.7240 Y99.0705
G1 X19.4423 Y100.7242
G1 X15.1531
G1 Z-4.7000
G1 X12.1531
G1 Z-4.7373 F100
G1 X4.0 F480
G1 Y93.0203
G1 Z-4.7000
G1 Y90.0203
G1 Z-4.7373 F100
G1 Y78.7242 F480
G1 X10.5168
G00 Z4.9900
G00 X12.1531 Y100.7242
G1 Z0.0900 F200
G1 X4.0 Z-1.3476
G1 Y93.0203 Z-2.7060
G1 Y90.0203 Z-3.2350
G1 Y78.7242 Z-5.2100
G1 X10.5168 F480
G1 Z-4.7000
G1 X13.5168
G1 Z-5.2100 F100
G1 X34.5377 F480
G1 Z-4.7000
G1 X37.5377
G1 Z-5.2100 F100
G1 X56.0 F480
G1 Y87.0765
G1 Z-4.7000
G1 Y90.0765
G1 Z-5.2100 F100
G1 Y100.7242 F480
G1 X49.7618
G1 Z-4.7000
G1 X46.7618
G1 Z-5.2100 F100
G1 X40.5577 F480
G1 X40.2760 Y99.0705
G1 X40.0834 Y98.2986
G1 X39.8330 Y97.5435
G1 X39.5261 Y96.8096
G1 X39.1645 Y96.1010
G1 X38.7502 Y95.4217
G1 X38.2857 Y94.7757
G1 X37.7738 Y94.1670
G1 X37.2171 Y93.5986
G1 X36.6191 Y93.0742
G1 X35.9829 Y92.5963
G1 X35.3124 Y92.1681
G1 X34.6115 Y91.7918
G1 X33.8841 Y91.4697
G1 X33.1345 Y91.2037
G1 X32.4408 Y91.0152
G1 Z-4.7000
G1 X32.3666 Y90.9951
G1 X31.5855 Y90.8453
G1 X30.7948 Y90.7550
G1 X30.0 Y90.7249
G1 X29.4521 Y90.7456
G1 Z-5.2100 F100
G1 X29.2052 Y90.7550 F480
G1 X28.4145 Y90.8453
G1 X27.6334 Y90.9951
G1 X26.8655 Y91.2037
G1 X26.1159 Y91.4697
G1 X25.3885 Y91.7918
G1 X24.6876 Y92.1681
G1 X24.0171 Y92.5963
G1 X23.3809 Y93.0742
G1 X22.7829 Y93.5986
G1 X22.2262 Y94.1670
G1 X21.7143 Y94.7757
G1 X21.2498 Y95.4217
G1 X20.8355 Y96.1010
G1 X20.4739 Y96.8096
G1 X20.1670 Y97.5435
G1 X19.9166 Y98.2986
G1 X19.7240 Y99.0705
G1 X19.4423 Y100.7242
G1 X15.1531
G1 Z-4.7000
G1 X12.1531
G1 Z-5.2100 F100
G1 X4.0 F480
G1 Y93.0203
G1 Z-4.7000
G1 Y90.0203
G1 Z-5.2100 F100
G1 Y78.7242 F480
G00 Z4.9900
G00 X10.1196 Y67.3539
G1 X10.0705 Y67.4724 Z4.9674 F200
G1 X10.0537 Y67.5996 Z4.9448
G1 X10.0705 Y67.7268 Z4.9221
G1 X10.1196 Y67.8453 Z4.8995
G1 X10.1976 Y67.9470 Z4.8769
G1 X10.2994 Y68.0251 Z4.8543
G1 X10.4180 Y68.0742 Z4.8317
G1 X10.5451 Y68.0910 Z4.8091
G1 X10.6723 Y68.0742 Z4.7864
G1 X10.7908 Y68.0251 Z4.7638
G1 X10.8925 Y67.9471 Z4.7412
G1 X10.9706 Y67.8453 Z4.7186
G1 X11.0197 Y67.7267 Z4.6960
G1 X11.0365 Y67.5996 Z4.6733
G1 X11.0197 Y67.4724 Z4.6507
G1 X10.9706 Y67.3539 Z4.6281
G1 X10.8925 Y67.2521 Z4.6055
G1 X10.7908 Y67.1741 Z4.5829
G1 X10.6723 Y67.1250 Z4.5603
G1 X10.5451 Y67.1082 Z4.5376
G1 X10.4179 Y67.1250 Z4.5150
G1 X10.2994 Y67.1741 Z4.4924
G1 X10.1976 Y67.2522 Z4.4698
G1 X10.1196 Y67.3539 Z4.4472
G1 X10.0705 Y67.4724 Z4.4245
G1 X10.0537 Y67.5996 Z4.4019
G1 X10.0705 Y67.7268 Z4.3793
G1 X10.1196 Y67.8453 Z4.3567
G1 X10.1976 Y67.9470 Z4.3341
G1 X10.2994 Y68.0251 Z4.3115
G1 X10.4180 Y68.0742 Z4.2888
G1 X10.5451 Y68.0910 Z4.2662
G1 X10.6723 Y68.0742 Z4.2436
G1 X10.7908 Y68.0251 Z4.2210
G1 X10.8925 Y67.9471 Z4.1984
G1 X10.9706 Y67.8453 Z4.1758
G1 X11.0197 Y67.7267 Z4.1531
G1 X11.0365 Y67.5996 Z4.1305
G1 X11.0197 Y67.4724 Z4.1079
G1 X10.9706 Y67.3539 Z4.0853
G1 X10.8925 Y67.2521 Z4.0627
G1 X10.7908 Y67.1741 Z4.0400
G1 X10.6723 Y67.1250 Z4.0174
G1 X10.5451 Y67.1082 Z3.9948
G1 X10.4179 Y67.1250 Z3.9722
G1 X10.2994 Y67.1741 Z3.9496
G1 X10.1976 Y67.2522 Z3.9269
G1 X10.1196 Y67.3539 Z3.9043
G1 X10.0705 Y67.4724 Z3.8817
G1 X10.0537 Y67.5996 Z3.8591
G1 X10.0705 Y67.7268 Z3.8365
G1 X10.1196 Y67.8453 Z3.8139
G1 X10.1976 Y67.9470 Z3.7912
G1 X10.2994 Y68.0251 Z3.7686
G1 X10.4180 Y68.0742 Z3.7460
G1 X10.5451 Y68.0910 Z3.7234
G1 X10.6723 Y68.0742 Z3.7008
G1 X10.7908 Y68.0251 Z3.6781
G1 X10.8925 Y67.9471 Z3.6555
G1 X10.9706 Y67.8453 Z3.6329
G1 X11.0197 Y67.7267 Z3.6103
G1 X11.0365 Y67.5996 Z3.5877
G1 X11.0197 Y67.4724 Z3.5651
G1 X10.9706 Y67.3539 Z3.5424
G1 X10.8925 Y67.2521 Z3.5198
G1 X10.7908 Y67.1741 Z3.4972
G1 X10.6723 Y67.1250 Z3.4746
G1 X10.5451 Y67.1082 Z3.4520
G1 X10.4179 Y67.1250 Z3.4294
G1 X10.2994 Y67.1741 Z3.4067
G1 X10.1976 Y67.2522 Z3.3841
G1 X10.1196 Y67.3539 Z3.3615
G1 X10.0705 Y67.4724 Z3.3389
G1 X10.0537 Y67.5996 Z3.3163
G1 X10.0705 Y67.7268 Z3.2936
G1 X10.1196 Y67.8453 Z3.2710
G1 X10.1976 Y67.9470 Z3.2484
G1 X10.2994 Y68.0251 Z3.2258
G1 X10.4180 Y68.0742 Z3.2032
G1 X10.5451 Y68.0910 Z3.1806
G1 X10.6723 Y68.0742 Z3.1579
G1 X10.7908 Y68.0251 Z3.1353
G1 X10.8925 Y67.9471 Z3.1127
G1 X10.9706 Y67.8453 Z3.0901
G1 X11.0197 Y67.7267 Z3.0675
G1 X11.0365 Y67.5996 Z3.0448
G1 X11.0197 Y67.4724 Z3.0222
G1 X10.9706 Y67.3539 Z2.9996
G1 X10.8925 Y67.2521 Z2.9770
G1 X10.7908 Y67.1741 Z2.9544
G1 X10.6723 Y67.1250 Z2.9318
G1 X10.5451 Y67.1082 Z2.9091
G1 X10.4179 Y67.1250 Z2.8865
G1 X10.2994 Y67.1741 Z2.8639
G1 X10.1976 Y67.2522 Z2.8413
G1 X10.1196 Y67.3539 Z2.8187
G1 X10.0705 Y67.4724 Z2.7960
G1 X10.0537 Y67.5996 Z2.7734
G1 X10.0705 Y67.7268 Z2.7508
G1 X10.1196 Y67.8453 Z2.7282
G1 X10.1976 Y67.9470 Z2.7056
G1 X10.2994 Y68.0251 Z2.6830
G1 X10.4180 Y68.0742 Z2.6603
G1 X10.5451 Y68.0910 Z2.6377
G1 X10.6723 Y68.0742 Z2.6151
G1 X10.7908 Y68.0251 Z2.5925
G1 X10.8925 Y67.9471 Z2.5699
G1 X10.9706 Y67.8453 Z2.5473
G1 X11.0197 Y67.7267 Z2.5246
G1 X11.0365 Y67.5996 Z2.5020
G1 X11.0197 Y67.4724 Z2.4794
G1 X10.9706 Y67.3539 Z2.4568
G1 X10.8925 Y67.2521 Z2.4342
G1 X10.7908 Y67.1741 Z2.4115
G1 X10.6723 Y67.1250 Z2.3889
G1 X10.5451 Y67.1082 Z2.3663
G1 X10.4179 Y67.1250 Z2.3437
G1 X10.2994 Y67.1741 Z2.3211
G1 X10.1976 Y67.2522 Z2.2985
G1 X10.1196 Y67.3539 Z2.2758
G1 X10.0705 Y67.4724 Z2.2532
G1 X10.0537 Y67.5996 Z2.2306
G1 X10.0705 Y67.7268 Z2.2080
G1 X10.1196 Y67.8453 Z2.1854
G1 X10.1976 Y67.9470 Z2.1627
G1 X10.2994 Y68.0251 Z2.1401
G1 X10.4180 Y68.0742 Z2.1175
G1 X10.5451 Y68.0910 Z2.0949
G1 X10.6723 Y68.0742 Z2.0723
G1 X10.7908 Y68.0251 Z2.0496
G1 X10.8925 Y67.9471 Z2.0270
G1 X10.9706 Y67.8453 Z2.0044
G1 X11.0197 Y67.7267 Z1.9818
G1 X11.0365 Y67.5996 Z1.9592
G1 X11.0197 Y67.4724 Z1.9366
G1 X10.9706 Y67.3539 Z1.9139
G1 X10.8925 Y67.2521 Z1.8913
G1 X10.7908 Y67.1741 Z1.8687
G1 X10.6723 Y67.1250 Z1.8461
G1 X10.5451 Y67.1082 Z1.8235
G1 X10.4179 Y67.1250 Z1.8009
G1 X10.2994 Y67.1741 Z1.7782
G1 X10.1976 Y67.2522 Z1.7556
G1 X10.1196 Y67.3539 Z1.7330
G1 X10.0705 Y67.4724 Z1.7104
G1 X10.0537 Y67.5996 Z1.6878
G1 X10.0705 Y67.7268 Z1.6652
G1 X10.1196 Y67.8453 Z1.6425
G1 X10.1976 Y67.9470 Z1.6199
G1 X10.2994 Y68.0251 Z1.5973
G1 X10.4180 Y68.0742 Z1.5747
G1 X10.5451 Y68.0910 Z1.5521
G1 X10.6723 Y68.0742 Z1.5294
G1 X10.7908 Y68.0251 Z1.5068
G1 X10.8925 Y67.9471 Z1.4842
G1 X10.9706 Y67.8453 Z1.4616
G1 X11.0197 Y67.7267 Z1.4390
G1 X11.0365 Y67.5996 Z1.4163
G1 X11.0197 Y67.4724 Z1.3937
G1 X10.9706 Y67.3539 Z1.3711
G1 X10.8925 Y67.2521 Z1.3485
G1 X10.7908 Y67.1741 Z1.3259
G1 X10.6723 Y67.1250 Z1.3033
G1 X10.5451 Y67.1082 Z1.2806
G1 X10.4179 Y67.1250 Z1.2580
G1 X10.2994 Y67.1741 Z1.2354
G1 X10.1976 Y67.2522 Z1.2128
G1 X10.1196 Y67.3539 Z1.1902
G1 X10.0705 Y67.4724 Z1.1675
G1 X10.0537 Y67.5996 Z1.1449
G1 X10.0705 Y67.7268 Z1.1223
G1 X10.1196 Y67.8453 Z1.0997
G1 X10.1976 Y67.9470 Z1.0771
G1 X10.2994 Y68.0251 Z1.0545
G1 X10.4180 Y68.0742 Z1.0318
G1 X10.5451 Y68.0910 Z1.0092
G1 X10.6723 Y68.0742 Z0.9866
G1 X10.7908 Y68.0251 Z0.9640
G1 X10.8925 Y67.9471 Z0.9414
G1 X10.9706 Y67.8453 Z0.9188
G1 X11.0197 Y67.7267 Z0.8961
G1 X11.0365 Y67.5996 Z0.8735
G1 X11.0197 Y67.4724 Z0.8509
G1 X10.9706 Y67.3539 Z0.8283
G1 X10.8925 Y67.2521 Z0.8057
G1 X10.7908 Y67.1741 Z0.7830
G1 X10.6723 Y67.1250 Z0.7604
G1 X10.5451 Y67.1082 Z0.7378
G1 X10.4179 Y67.1250 Z0.7152
G1 X10.2994 Y67.1741 Z0.6926
G1 X10.1976 Y67.2522 Z0.6700
G1 X10.1196 Y67.3539 Z0.6473
G1 X10.0705 Y67.4724 Z0.6247
G1 X10.0537 Y67.5996 Z0.6021
G1 X10.0705 Y67.7268 Z0.5795
G1 X10.1196 Y67.8453 Z0.5569
G1 X10.1976 Y67.9470 Z0.5342
G1 X10.2994 Y68.0251 Z0.5116
G1 X10.4180 Y68.0742 Z0.4890
G1 X10.5451 Y68.0910 Z0.4664
G1 X10.6723 Y68.0742 Z0.4438
G1 X10.7908 Y68.0251 Z0.4211
G1 X10.8925 Y67.9471 Z0.3985
G1 X10.9706 Y67.8453 Z0.3759
G1 X11.0197 Y67.7267 Z0.3533
G1 X11.0365 Y67.5996 Z0.3307
G1 X11.0197 Y67.4724 Z0.3081
G1 X10.9706 Y67.3539 Z0.2854
G1 X10.8925 Y67.2521 Z0.2628
G1 X10.7908 Y67.1741 Z0.2402
G1 X10.6723 Y67.1250 Z0.2176
G1 X10.5451 Y67.1082 Z0.1950
G1 X10.4179 Y67.1250 Z0.1724
G1 X10.2994 Y67.1741 Z0.1497
G1 X10.1976 Y67.2522 Z0.1271
G1 X10.1196 Y67.3539 Z0.1045
G1 X10.0705 Y67.4724 Z0.0819
G1 X10.0537 Y67.5996 Z0.0593
G1 X10.0705 Y67.7268 Z0.0367
G1 X10.1196 Y67.8453 Z0.0140
G1 X10.1976 Y67.9470 Z-0.0086
G1 X10.2994 Y68.0251 Z-0.0312
G1 X10.4180 Y68.0742 Z-0.0538
G1 X10.5451 Y68.0910 Z-0.0764
G1 X10.6723 Y68.0742 Z-0.0991
G1 X10.7908 Y68.0251 Z-0.1217
G1 X10.8925 Y67.9471 Z-0.1443
G1 X10.9706 Y67.8453 Z-0.1669
G1 X11.0197 Y67.7267 Z-0.1895
G1 X11.0365 Y67.5996 Z-0.2122
G1 X11.0197 Y67.4724 Z-0.2348
G1 X10.9706 Y67.3539 Z-0.2574
G1 X10.8925 Y67.2521 Z-0.2800
G1 X10.7908 Y67.1741 Z-0.3026
G1 X10.6723 Y67.1250 Z-0.3252
G1 X10.5451 Y67.1082 Z-0.3479
G1 X10.4179 Y67.1250 Z-0.3705
G1 X10.2994 Y67.1741 Z-0.3931
G1 X10.1976 Y67.2522 Z-0.4157
G1 X10.1196 Y67.3539 Z-0.4383
G1 X10.0705 Y67.4724 Z-0.4609
G1 X10.0537 Y67.5996 Z-0.4827
G1 X10.0705 Y67.7268 F480
G1 X10.1196 Y67.8453
G1 X10.1976 Y67.9470
G1 X10.2994 Y68.0251
G1 X10.4180 Y68.0742
G1 X10.5451 Y68.0910
G1 X10.6723 Y68.0742
G1 X10.7908 Y68.0251
G1 X10.8925 Y67.9471
G1 X10.9706 Y67.8453
G1 X11.0197 Y67.7267
G1 X11.0365 Y67.5996
G1 X11.0197 Y67.4724
G1 X10.9706 Y67.3539
G1 X10.8925 Y67.2521
G1 X10.7908 Y67.1741
G1 X10.6723 Y67.1250
G1 X10.5451 Y67.1082
G1 X10.4179 Y67.1250
G1 X10.2994 Y67.1741
G1 X10.1976 Y67.2522
G1 X10.1196 Y67.3539
G1 X10.0705 Y67.4724
G1 X10.0537 Y67.5996
G00 Z4.9900
G00 X26.8010 Y64.5212
G1 Z0.0900 F200
G1 X26.9173 Y65.0308 Z-0.0022
G1 X27.1083 Y65.5174 Z-0.0943
G1 X27.3696 Y65.9700 Z-0.1865
G1 X27.6955 Y66.3787 Z-0.2787
G1 X28.0787 Y66.7342 Z-0.3708
G1 X28.5105 Y67.0287 Z-0.4630
G1 X28.9814 Y67.2554 Z-0.4827
G1 X29.4810 Y67.4095 F480
G1 X29.9977 Y67.4874
G1 X30.5204
G1 X31.0372 Y67.4095
G1 X31.5368 Y67.2554
G1 X32.0077 Y67.0287
G1 X32.4395 Y66.7342
G1 X32.8227 Y66.3787
G1 X33.1486 Y65.9700
G1 X33.4099 Y65.5174
G1 X33.6009 Y65.0308
G1 X33.7172 Y64.5212
G1 X33.7591 Y63.9626
G1 Y36.4556
G1 X35.2758 Y35.7227
G1 X36.1376 Y35.1988
G1 X36.9454 Y34.5944
G1 X37.6914 Y33.9153
G1 X38.3688 Y33.1677
G1 X38.9712 Y32.3587
G1 X39.4934 Y31.4953
G1 X39.9301 Y30.5861
G1 X40.2777 Y29.6391
G1 X40.5327 Y28.6629
G1 X40.6929 Y27.6670
G1 X40.7567 Y26.6601
G1 X40.7236 Y25.6520
G1 X40.5939 Y24.6515
G1 X40.3688 Y23.6681
G1 X40.0503 Y22.7109
G1 X39.6414 Y21.7886
G1 X39.1460 Y20.9100
G1 X38.5684 Y20.0828
G1 X37.9141 Y19.3149
G1 X37.1893 Y18.6134
G1 X36.4003 Y17.9846
G1 X35.5547 Y17.4346
G1 X34.6602 Y16.9682
G1 X33.7250 Y16.5897
G1 X32.7580 Y16.3029
G1 X31.7675 Y16.1101
G1 X30.7636 Y16.0133
G1 X29.7546
G1 X28.7507 Y16.1101
G1 X27.7602 Y16.3029
G1 X26.7932 Y16.5897
G1 X25.8580 Y16.9682
G1 X24.9635 Y17.4346
G1 X24.1179 Y17.9846
G1 X23.3289 Y18.6134
G1 X22.6041 Y19.3149
G1 X21.9498 Y20.0828
G1 X21.3722 Y20.9100
G1 X20.8768 Y21.7886
G1 X20.4679 Y22.7109
G1 X20.1494 Y23.6681
G1 X19.9243 Y24.6515
G1 X19.7946 Y25.6520
G1 X19.7615 Y26.6601
G1 X19.8253 Y27.6670
G1 X19.9855 Y28.6629
G1 X20.2405 Y29.6391
G1 X20.5880 Y30.5861
G1 X21.0248 Y31.4953
G1 X21.5470 Y32.3587
G1 X22.1494 Y33.1677
G1 X22.8268 Y33.9153
G1 X23.5728 Y34.5944
G1 X24.3806 Y35.1988
G1 X25.2424 Y35.7227
G1 X26.7591 Y36.4556
G1 Y63.9626
G1 X26.8010 Y64.5212
G1 X26.9173 Y65.0308
G1 X27.1083 Y65.5174
G1 X27.3696 Y65.9700
G1 X27.6955 Y66.3787
G1 X28.0787 Y66.7342
G1 X28.5105 Y67.0287
G1 X28.9814 Y67.2554
G00 Z4.9900
G00 X10.9174 Y21.3421
G1 Z0.0900 F200
G1 X11.1741 Y21.1821 Z0.0367
G1 X11.3933 Y20.9737 Z-0.0167
G1 X11.5661 Y20.7255 Z-0.0700
G1 X11.6854 Y20.4475 Z-0.1233
G1 X11.7463 Y20.1512 Z-0.1767
G1 Y19.8488 Z-0.2300
G1 X11.6854 Y19.5525 Z-0.2833
G1 X11.5661 Y19.2745 Z-0.3367
G1 X11.3933 Y19.0263 Z-0.3900
G1 X11.1741 Y18.8179 Z-0.4433
G1 X10.9174 Y18.6579 Z-0.4827
G1 X10.6338 Y18.5529 F480
G1 X10.3349 Y18.5071
G1 X10.0328 Y18.5224
G1 X9.7399 Y18.5982
G1 X9.4684 Y18.7314
G1 X9.2292 Y18.9166
G1 X9.0322 Y19.1461
G1 X8.8854 Y19.4105
G1 X8.7949 Y19.6991
G1 X8.7643 Y20.0
G1 X8.7949 Y20.3010
G1 X8.8854 Y20.5895
G1 X9.0322 Y20.8540
G1 X9.2292 Y21.0835
G1 X9.4684 Y21.2686
G1 X9.7400 Y21.4018
G1 X10.0327 Y21.4776
G1 X10.3349 Y21.4929
G1 X10.6338 Y21.4472
G1 X10.9174 Y21.3421
G1 X11.1741 Y21.1821
G1 X11.3933 Y20.9737
G1 X11.5661 Y20.7255
G1 X11.6854 Y20.4475
G1 X11.7463 Y20.1512
G1 Y19.8488
G1 X11.6854 Y19.5525
G1 X11.5661 Y19.2745
G1 X11.3933 Y19.0263
G1 X11.1741 Y18.8179
G1 X10.9174 Y18.6579
G00 Z4.9900
G00 X10.3349 Y11.4929
G1 Z0.0900 F200
G1 X10.6338 Y11.4471 Z0.0367
G1 X10.9174 Y11.3421 Z-0.0167
G1 X11.1741 Y11.1821 Z-0.0700
G1 X11.3933 Y10.9737 Z-0.1233
G1 X11.5661 Y10.7255 Z-0.1766
G1 X11.6854 Y10.4475 Z-0.2300
G1 X11.7463 Y10.1512 Z-0.2833
G1 Y9.8488 Z-0.3366
G1 X11.6854 Y9.5525 Z-0.3900
G1 X11.5661 Y9.2745 Z-0.4433
G1 X11.3933 Y9.0263 Z-0.4827
G1 X11.1741 Y8.8179 F480
G1 X10.9174 Y8.6579
G1 X10.6338 Y8.5529
G1 X10.3349 Y8.5071
G1 X10.0327 Y8.5224
G1 X9.7399 Y8.5982
G1 X9.4684 Y8.7314
G1 X9.2292 Y8.9166
G1 X9.0322 Y9.1461
G1 X8.8854 Y9.4105
G1 X8.7949 Y9.6991
G1 X8.7643 Y10.0
G1 X8.7949 Y10.3009
G1 X8.8854 Y10.5895
G1 X9.0322 Y10.8540
G1 X9.2292 Y11.0834
G1 X9.4684 Y11.2686
G1 X9.7400 Y11.4018
G1 X10.0327 Y11.4776
G1 X10.3349 Y11.4929
G1 X10.6338 Y11.4471
G1 X10.9174 Y11.3421
G1 X11.1741 Y11.1821
G1 X11.3933 Y10.9737
G1 X11.5661 Y10.7255
G1 X11.6854 Y10.4475
G1 X11.7463 Y10.1512
G1 Y9.8488
G1 X11.6854 Y9.5525
G1 X11.5661 Y9.2745
G1 X11.3933 Y9.0263
G00 Z4.9900
G00 X48.7643 Y10.0
G1 Z0.0900 F200
G1 X48.7949 Y10.3010 Z0.0367
G1 X48.8854 Y10.5895 Z-0.0167
G1 X49.0322 Y10.8540 Z-0.0700
G1 X49.2292 Y11.0834 Z-0.1233
G1 X49.4684 Y11.2686 Z-0.1767
G1 X49.7399 Y11.4018 Z-0.2300
G1 X50.0327 Y11.4776 Z-0.2833
G1 X50.3348 Y11.4929 Z-0.3367
G1 X50.6338 Y11.4471 Z-0.3900
G1 X50.9174 Y11.3421 Z-0.4433
G1 X51.1741 Y11.1821 Z-0.4827
G1 X51.3933 Y10.9737 F480
G1 X51.5661 Y10.7255
G1 X51.6854 Y10.4475
G1 X51.7463 Y10.1512
G1 Y9.8488
G1 X51.6854 Y9.5525
G1 X51.5661 Y9.2746
G1 X51.3933 Y9.0263
G1 X51.1741 Y8.8179
G1 X50.9174 Y8.6579
G1 X50.6338 Y8.5529
G1 X50.3348 Y8.5071
G1 X50.0327 Y8.5224
G1 X49.7399 Y8.5982
G1 X49.4684 Y8.7314
G1 X49.2292 Y8.9166
G1 X49.0322 Y9.1461
G1 X48.8854 Y9.4105
G1 X48.7949 Y9.6991
G1 X48.7643 Y10.0
G1 X48.7949 Y10.3010
G1 X48.8854 Y10.5895
G1 X49.0322 Y10.8540
G1 X49.2292 Y11.0834
G1 X49.4684 Y11.2686
G1 X49.7399 Y11.4018
G1 X50.0327 Y11.4776
G1 X50.3348 Y11.4929
G1 X50.6338 Y11.4471
G1 X50.9174 Y11.3421
G1 X51.1741 Y11.1821
G00 Z4.9900
G00 X50.3348 Y18.5071
G1 Z0.0900 F200
G1 X50.0327 Y18.5224 Z0.0367
G1 X49.7399 Y18.5982 Z-0.0167
G1 X49.4684 Y18.7314 Z-0.0700
G1 X49.2292 Y18.9166 Z-0.1233
G1 X49.0322 Y19.1461 Z-0.1767
G1 X48.8854 Y19.4105 Z-0.2300
G1 X48.7949 Y19.6991 Z-0.2833
G1 X48.7643 Y20.0 Z-0.3367
G1 X48.7948 Y20.3009 Z-0.3900
G1 X48.8854 Y20.5896 Z-0.4433
G1 X49.0322 Y20.8539 Z-0.4827
G1 X49.2292 Y21.0835 F480
G1 X49.4684 Y21.2686
G1 X49.7399 Y21.4018
G1 X50.0327 Y21.4776
G1 X50.3349 Y21.4929
G1 X50.6337 Y21.4472
G1 X50.9174 Y21.3421
G1 X51.1741 Y21.1821
G1 X51.3933 Y20.9737
G1 X51.5661 Y20.7255
G1 X51.6854 Y20.4476
G1 X51.7463 Y20.1512
G1 Y19.8488
G1 X51.6854 Y19.5525
G1 X51.5661 Y19.2746
G1 X51.3933 Y19.0263
G1 X51.1741 Y18.8179
G1 X50.9174 Y18.6579
G1 X50.6337 Y18.5529
G1 X50.3348 Y18.5071
G1 X50.0327 Y18.5224
G1 X49.7399 Y18.5982
G1 X49.4684 Y18.7314
G1 X49.2292 Y18.9166
G1 X49.0322 Y19.1461
G1 X48.8854 Y19.4105
G1 X48.7949 Y19.6991
G1 X48.7643 Y20.0
G1 X48.7948 Y20.3009
G1 X48.8854 Y20.5896
G1 X49.0322 Y20.8539
G00 Z4.9900
G00 X49.7399 Y8.5982
G1 Z0.0900 F200
G1 X49.4684 Y8.7314 Z0.0367
G1 X49.2292 Y8.9166 Z-0.0167
G1 X49.0322 Y9.1461 Z-0.0700
G1 X48.8854 Y9.4105 Z-0.1233
G1 X48.7949 Y9.6991 Z-0.1767
G1 X48.7643 Y10.0 Z-0.2300
G1 X48.7949 Y10.3010 Z-0.2833
G1 X48.8854 Y10.5895 Z-0.3367
G1 X49.0322 Y10.8540 Z-0.3900
G1 X49.2292 Y11.0834 Z-0.4433
G1 X49.4684 Y11.2686 Z-0.4967
G1 X49.7399 Y11.4018 Z-0.5500
G1 X50.0327 Y11.4776 Z-0.6033
G1 X50.3348 Y11.4929 Z-0.6567
G1 X50.6338 Y11.4471 Z-0.7100
G1 X50.9174 Y11.3421 Z-0.7633
G1 X51.1741 Y11.1821 Z-0.8166
G1 X51.3933 Y10.9737 Z-0.8700
G1 X51.5661 Y10.7255 Z-0.9233
G1 X51.6854 Y10.4475 Z-0.9555
G1 X51.7463 Y10.1512 F480
G1 Y9.8488
G1 X51.6854 Y9.5525
G1 X51.5661 Y9.2746
G1 X51.3933 Y9.0263
G1 X51.1741 Y8.8179
G1 X50.9174 Y8.6579
G1 X50.6338 Y8.5529
G1 X50.3348 Y8.5071
G1 X50.0327 Y8.5224
G1 X49.7399 Y8.5982
G1 X49.4684 Y8.7314
G1 X49.2292 Y8.9166
G1 X49.0322 Y9.1461
G1 X48.8854 Y9.4105
G1 X48.7949 Y9.6991
G1 X48.7643 Y10.0
G1 X48.7949 Y10.3010
G1 X48.8854 Y10.5895
G1 X49.0322 Y10.8540
G1 X49.2292 Y11.0834
G1 X49.4684 Y11.2686
G1 X49.7399 Y11.4018
G1 X50.0327 Y11.4776
G1 X50.3348 Y11.4929
G1 X50.6338 Y11.4471
G1 X50.9174 Y11.3421
G1 X51.1741 Y11.1821
G1 X51.3933 Y10.9737
G1 X51.5661 Y10.7255
G1 X51.6854 Y10.4475
G00 Z4.9900
G00 X50.3348 Y18.5071
G1 Z0.0900 F200
G1 X50.0327 Y18.5224 Z0.0367
G1 X49.7399 Y18.5982 Z-0.0167
G1 X49.4684 Y18.7314 Z-0.0700
G1 X49.2292 Y18.9166 Z-0.1233
G1 X49.0322 Y19.1461 Z-0.1767
G1 X48.8854 Y19.4105 Z-0.2300
G1 X48.7949 Y19.6991 Z-0.2833
G1 X48.7643 Y20.0 Z-0.3367
G1 X48.7948 Y20.3009 Z-0.3900
G1 X48.8854 Y20.5896 Z-0.4433
G1 X49.0322 Y20.8539 Z-0.4967
G1 X49.2292 Y21.0835 Z-0.5500
G1 X49.4684 Y21.2686 Z-0.6033
G1 X49.7399 Y21.4018 Z-0.6567
G1 X50.0327 Y21.4776 Z-0.7100
G1 X50.3349 Y21.4929 Z-0.7633
G1 X50.6337 Y21.4472 Z-0.8166
G1 X50.9174 Y21.3421 Z-0.8700
G1 X51.1741 Y21.1821 Z-0.9233
G1 X51.3933 Y20.9737 Z-0.9555
G1 X51.5661 Y20.7255 F480
G1 X51.6854 Y20.4476
G1 X51.7463 Y20.1512
G1 Y19.8488
G1 X51.6854 Y19.5525
G1 X51.5661 Y19.2746
G1 X51.3933 Y19.0263
G1 X51.1741 Y18.8179
G1 X50.9174 Y18.6579
G1 X50.6337 Y18.5529
G1 X50.3348 Y18.5071
G1 X50.0327 Y18.5224
G1 X49.7399 Y18.5982
G1 X49.4684 Y18.7314
G1 X49.2292 Y18.9166
G1 X49.0322 Y19.1461
G1 X48.8854 Y19.4105
G1 X48.7949 Y19.6991
G1 X48.7643 Y20.0
G1 X48.7948 Y20.3009
G1 X48.8854 Y20.5896
G1 X49.0322 Y20.8539
G1 X49.2292 Y21.0835
G1 X49.4684 Y21.2686
G1 X49.7399 Y21.4018
G1 X50.0327 Y21.4776
G1 X50.3349 Y21.4929
G1 X50.6337 Y21.4472
G1 X50.9174 Y21.3421
G1 X51.1741 Y21.1821
G1 X51.3933 Y20.9737
G00 Z4.9900
G00 X40.3688 Y23.6681
G1 Z0.0900 F200
G1 X40.0503 Y22.7109 Z-0.0879
G1 X39.6414 Y21.7886 Z-0.2658
G1 X39.1460 Y20.9100 Z-0.4436
G1 X38.5684 Y20.0828 Z-0.6215
G1 X37.9141 Y19.3149 Z-0.7994
G1 X37.1893 Y18.6134 Z-0.9555
G1 X36.4003 Y17.9846 F480
G1 X35.5547 Y17.4346
G1 X34.6602 Y16.9682
G1 X33.7250 Y16.5897
G1 X32.7580 Y16.3029
G1 X31.7675 Y16.1101
G1 X30.7636 Y16.0133
G1 X29.7546
G1 X28.7507 Y16.1101
G1 X27.7602 Y16.3029
G1 X26.7932 Y16.5897
G1 X25.8580 Y16.9682
G1 X24.9635 Y17.4346
G1 X24.1179 Y17.9846
G1 X23.3289 Y18.6134
G1 X22.6041 Y19.3149
G1 X21.9498 Y20.0828
G1 X21.3722 Y20.9100
G1 X20.8768 Y21.7886
G1 X20.4679 Y22.7109
G1 X20.1494 Y23.6681
G1 X19.9243 Y24.6515
G1 X19.7946 Y25.6520
G1 X19.7615 Y26.6601
G1 X19.8253 Y27.6670
G1 X19.9855 Y28.6629
G1 X20.2405 Y29.6391
G1 X20.5880 Y30.5861
G1 X21.0248 Y31.4953
G1 X21.5470 Y32.3587
G1 X22.1494 Y33.1677
G1 X22.8268 Y33.9153
G1 X23.5728 Y34.5944
G1 X24.3806 Y35.1988
G1 X25.2424 Y35.7227
G1 X26.7591 Y36.4556
G1 Y63.9626
G1 X26.8010 Y64.5212
G1 X26.9173 Y65.0308
G1 X27.1083 Y65.5174
G1 X27.3696 Y65.9700
G1 X27.6955 Y66.3787
G1 X28.0787 Y66.7342
G1 X28.5105 Y67.0287
G1 X28.9814 Y67.2554
G1 X29.4810 Y67.4095
G1 X29.9977 Y67.4874
G1 X30.5204
G1 X31.0372 Y67.4095
G1 X31.5368 Y67.2554
G1 X32.0077 Y67.0287
G1 X32.4395 Y66.7342
G1 X32.8227 Y66.3787
G1 X33.1486 Y65.9700
G1 X33.4099 Y65.5174
G1 X33.6009 Y65.0308
G1 X33.7172 Y64.5212
G1 X33.7591 Y63.9626
G1 Y36.4556
G1 X35.2758 Y35.7227
G1 X36.1376 Y35.1988
G1 X36.9454 Y34.5944
G1 X37.6914 Y33.9153
G1 X38.3688 Y33.1677
G1 X38.9712 Y32.3587
G1 X39.4934 Y31.4953
G1 X39.9301 Y30.5861
G1 X40.2777 Y29.6391
G1 X40.5327 Y28.6629
G1 X40.6929 Y27.6670
G1 X40.7567 Y26.6601
G1 X40.7236 Y25.6520
G1 X40.5939 Y24.6515
G1 X40.3688 Y23.6681
G1 X40.0503 Y22.7109
G1 X39.6414 Y21.7886
G1 X39.1460 Y20.9100
G1 X38.5684 Y20.0828
G1 X37.9141 Y19.3149
G1 X37.1893 Y18.6134
G00 Z4.9900
G00 X11.7463 Y19.8488
G1 Z0.0900 F200
G1 X11.6854 Y19.5525 Z0.0367
G1 X11.5661 Y19.2745 Z-0.0167
G1 X11.3933 Y19.0263 Z-0.0700
G1 X11.1741 Y18.8179 Z-0.1233
G1 X10.9174 Y18.6579 Z-0.1767
G1 X10.6338 Y18.5529 Z-0.2300
G1 X10.3349 Y18.5071 Z-0.2833
G1 X10.0328 Y18.5224 Z-0.3367
G1 X9.7399 Y18.5982 Z-0.3900
G1 X9.4684 Y18.7314 Z-0.4433
G1 X9.2292 Y18.9166 Z-0.4967
G1 X9.0322 Y19.1461 Z-0.5500
G1 X8.8854 Y19.4105 Z-0.6033
G1 X8.7949 Y19.6991 Z-0.6567
G1 X8.7643 Y20.0 Z-0.7100
G1 X8.7949 Y20.3010 Z-0.7633
G1 X8.8854 Y20.5895 Z-0.8167
G1 X9.0322 Y20.8540 Z-0.8700
G1 X9.2292 Y21.0835 Z-0.9233
G1 X9.4684 Y21.2686 Z-0.9555
G1 X9.7400 Y21.4018 F480
G1 X10.0327 Y21.4776
G1 X10.3349 Y21.4929
G1 X10.6338 Y21.4472
G1 X10.9174 Y21.3421
G1 X11.1741 Y21.1821
G1 X11.3933 Y20.9737
G1 X11.5661 Y20.7255
G1 X11.6854 Y20.4475
G1 X11.7463 Y20.1512
G1 Y19.8488
G1 X11.6854 Y19.5525
G1 X11.5661 Y19.2745
G1 X11.3933 Y19.0263
G1 X11.1741 Y18.8179
G1 X10.9174 Y18.6579
G1 X10.6338 Y18.5529
G1 X10.3349 Y18.5071
G1 X10.0328 Y18.5224
G1 X9.7399 Y18.5982
G1 X9.4684 Y18.7314
G1 X9.2292 Y18.9166
G1 X9.0322 Y19.1461
G1 X8.8854 Y19.4105
G1 X8.7949 Y19.6991
G1 X8.7643 Y20.0
G1 X8.7949 Y20.3010
G1 X8.8854 Y20.5895
G1 X9.0322 Y20.8540
G1 X9.2292 Y21.0835
G1 X9.4684 Y21.2686
G00 Z4.9900
G00 X10.0327 Y11.4776
G1 Z0.0900 F200
G1 X10.3349 Y11.4929 Z0.0367
G1 X10.6338 Y11.4471 Z-0.0167
G1 X10.9174 Y11.3421 Z-0.0700
G1 X11.1741 Y11.1821 Z-0.1233
G1 X11.3933 Y10.9737 Z-0.1767
G1 X11.5661 Y10.7255 Z-0.2300
G1 X11.6854 Y10.4475 Z-0.2833
G1 X11.7463 Y10.1512 Z-0.3367
G1 Y9.8488 Z-0.3900
G1 X11.6854 Y9.5525 Z-0.4433
G1 X11.5661 Y9.2745 Z-0.4967
G1 X11.3933 Y9.0263 Z-0.5500
G1 X11.1741 Y8.8179 Z-0.6033
G1 X10.9174 Y8.6579 Z-0.6567
G1 X10.6338 Y8.5529 Z-0.7100
G1 X10.3349 Y8.5071 Z-0.7633
G1 X10.0327 Y8.5224 Z-0.8167
G1 X9.7399 Y8.5982 Z-0.8700
G1 X9.4684 Y8.7314 Z-0.9233
G1 X9.2292 Y8.9166 Z-0.9555
G1 X9.0322 Y9.1461 F480
G1 X8.8854 Y9.4105
G1 X8.7949 Y9.6991
G1 X8.7643 Y10.0
G1 X8.7949 Y10.3009
G1 X8.8854 Y10.5895
G1 X9.0322 Y10.8540
G1 X9.2292 Y11.0834
G1 X9.4684 Y11.2686
G1 X9.7400 Y11.4018
G1 X10.0327 Y11.4776
G1 X10.3349 Y11.4929
G1 X10.6338 Y11.4471
G1 X10.9174 Y11.3421
G1 X11.1741 Y11.1821
G1 X11.3933 Y10.9737
G1 X11.5661 Y10.7255
G1 X11.6854 Y10.4475
G1 X11.7463 Y10.1512
G1 Y9.8488
G1 X11.6854 Y9.5525
G1 X11.5661 Y9.2745
G1 X11.3933 Y9.0263
G1 X11.1741 Y8.8179
G1 X10.9174 Y8.6579
G1 X10.6338 Y8.5529
G1 X10.3349 Y8.5071
G1 X10.0327 Y8.5224
G1 X9.7399 Y8.5982
G1 X9.4684 Y8.7314
G1 X9.2292 Y8.9166
G00 Z4.9900
G00 X10.5451 Y67.1082
G1 Z0.0900 F200
G1 X10.4179 Y67.1250 Z0.0674
G1 X10.2994 Y67.1741 Z0.0448
G1 X10.1976 Y67.2522 Z0.0221
G1 X10.1196 Y67.3539 Z-0.0005
G1 X10.0705 Y67.4724 Z-0.0231
G1 X10.0537 Y67.5996 Z-0.0457
G1 X10.0705 Y67.7268 Z-0.0683
G1 X10.1196 Y67.8453 Z-0.0909
G1 X10.1976 Y67.9470 Z-0.1136
G1 X10.2994 Y68.0251 Z-0.1362
G1 X10.4180 Y68.0742 Z-0.1588
G1 X10.5451 Y68.0910 Z-0.1814
G1 X10.6723 Y68.0742 Z-0.2040
G1 X10.7908 Y68.0251 Z-0.2267
G1 X10.8925 Y67.9471 Z-0.2493
G1 X10.9706 Y67.8453 Z-0.2719
G1 X11.0197 Y67.7267 Z-0.2945
G1 X11.0365 Y67.5996 Z-0.3171
G1 X11.0197 Y67.4724 Z-0.3397
G1 X10.9706 Y67.3539 Z-0.3624
G1 X10.8925 Y67.2521 Z-0.3850
G1 X10.7908 Y67.1741 Z-0.4076
G1 X10.6723 Y67.1250 Z-0.4302
G1 X10.5451 Y67.1082 Z-0.4528
G1 X10.4179 Y67.1250 Z-0.4754
G1 X10.2994 Y67.1741 Z-0.4981
G1 X10.1976 Y67.2522 Z-0.5207
G1 X10.1196 Y67.3539 Z-0.5433
G1 X10.0705 Y67.4724 Z-0.5659
G1 X10.0537 Y67.5996 Z-0.5885
G1 X10.0705 Y67.7268 Z-0.6112
G1 X10.1196 Y67.8453 Z-0.6338
G1 X10.1976 Y67.9470 Z-0.6564
G1 X10.2994 Y68.0251 Z-0.6790
G1 X10.4180 Y68.0742 Z-0.7016
G1 X10.5451 Y68.0910 Z-0.7243
G1 X10.6723 Y68.0742 Z-0.7469
G1 X10.7908 Y68.0251 Z-0.7695
G1 X10.8925 Y67.9471 Z-0.7921
G1 X10.9706 Y67.8453 Z-0.8147
G1 X11.0197 Y67.7267 Z-0.8373
G1 X11.0365 Y67.5996 Z-0.8600
G1 X11.0197 Y67.4724 Z-0.8826
G1 X10.9706 Y67.3539 Z-0.9052
G1 X10.8925 Y67.2521 Z-0.9278
G1 X10.7908 Y67.1741 Z-0.9504
G1 X10.6723 Y67.1250 Z-0.9555
G1 X10.5451 Y67.1082 F480
G1 X10.4179 Y67.1250
G1 X10.2994 Y67.1741
G1 X10.1976 Y67.2522
G1 X10.1196 Y67.3539
G1 X10.0705 Y67.4724
G1 X10.0537 Y67.5996
G1 X10.0705 Y67.7268
G1 X10.1196 Y67.8453
G1 X10.1976 Y67.9470
G1 X10.2994 Y68.0251
G1 X10.4180 Y68.0742
G1 X10.5451 Y68.0910
G1 X10.6723 Y68.0742
G1 X10.7908 Y68.0251
G1 X10.8925 Y67.9471
G1 X10.9706 Y67.8453
G1 X11.0197 Y67.7267
G1 X11.0365 Y67.5996
G1 X11.0197 Y67.4724
G1 X10.9706 Y67.3539
G1 X10.8925 Y67.2521
G1 X10.7908 Y67.1741
G1 X10.6723 Y67.1250
G1 X10.5451 Y67.1082 F322.2222
G1 X10.4179 Y67.1250 Z-0.9781 F200
G1 X10.2994 Y67.1741 Z-1.0007
G1 X10.1976 Y67.2522 Z-1.0233
G1 X10.1196 Y67.3539 Z-1.0459
G1 X10.0705 Y67.4724 Z-1.0685
G1 X10.0537 Y67.5996 Z-1.0912
G1 X10.0705 Y67.7268 Z-1.1138
G1 X10.1196 Y67.8453 Z-1.1364
G1 X10.1976 Y67.9471 Z-1.1590
G1 X10.2994 Y68.0251 Z-1.1816
G1 X10.4180 Y68.0742 Z-1.2043
G1 X10.5451 Y68.0910 Z-1.2269
G1 X10.6722 Y68.0742 Z-1.2495
G1 X10.7908 Y68.0251 Z-1.2721
G1 X10.8926 Y67.9471 Z-1.2947
G1 X10.9706 Y67.8453 Z-1.3173
G1 X11.0197 Y67.7267 Z-1.3400
G1 X11.0365 Y67.5996 Z-1.3626
G1 X11.0197 Y67.4725 Z-1.3852
G1 X10.9706 Y67.3539 Z-1.4078
G1 X10.8926 Y67.2521 Z-1.4282
G1 X10.7908 Y67.1740 F480
G1 X10.6723 Y67.1250
G1 X10.5451 Y67.1082
G1 X10.4179 Y67.1250
G1 X10.2994 Y67.1741
G1 X10.1976 Y67.2522
G1 X10.1196 Y67.3539
G1 X10.0705 Y67.4724
G1 X10.0537 Y67.5996
G1 X10.0705 Y67.7268
G1 X10.1196 Y67.8453
G1 X10.1976 Y67.9471
G1 X10.2994 Y68.0251
G1 X10.4180 Y68.0742
G1 X10.5451 Y68.0910
G1 X10.6722 Y68.0742
G1 X10.7908 Y68.0251
G1 X10.8926 Y67.9471
G1 X10.9706 Y67.8453
G1 X11.0197 Y67.7267
G1 X11.0365 Y67.5996
G1 X11.0197 Y67.4725
G1 X10.9706 Y67.3539
G1 X10.8926 Y67.2521
G00 Z4.9900
G00 X26.8010 Y64.5212
G1 Z0.0900 F200
G1 X26.9173 Y65.0308 Z-0.0022
G1 X27.1083 Y65.5174 Z-0.0943
G1 X27.3696 Y65.9700 Z-0.1865
G1 X27.6955 Y66.3787 Z-0.2787
G1 X28.0787 Y66.7342 Z-0.3708
G1 X28.5105 Y67.0287 Z-0.4630
G1 X28.9814 Y67.2554 Z-0.5551
G1 X29.4810 Y67.4095 Z-0.6473
G1 X29.9977 Y67.4874 Z-0.7395
G1 X30.5204 Z-0.8317
G1 X31.0372 Y67.4095 Z-0.9238
G1 X31.5368 Y67.2554 Z-1.0160
G1 X32.0077 Y67.0287 Z-1.1081
G1 X32.4395 Y66.7342 Z-1.2003
G1 X32.8227 Y66.3787 Z-1.2925
G1 X33.1486 Y65.9700 Z-1.3846
G1 X33.4099 Y65.5174 Z-1.4282
G1 X33.6009 Y65.0308 F480
G1 X33.7172 Y64.5212
G1 X33.7591 Y63.9626
G1 Y36.4556
G1 X35.2756 Y35.7228
G1 X36.1376 Y35.1988
G1 X36.9455 Y34.5943
G1 X37.6914 Y33.9153
G1 X38.3688 Y33.1677
G1 X38.9712 Y32.3587
G1 X39.4934 Y31.4953
G1 X39.9302 Y30.5861
G1 X40.2777 Y29.6391
G1 X40.5327 Y28.6629
G1 X40.6929 Y27.6670
G1 X40.7567 Y26.6601
G1 X40.7236 Y25.6520
G1 X40.5939 Y24.6515
G1 X40.3688 Y23.6681
G1 X40.0503 Y22.7108
G1 X39.6415 Y21.7887
G1 X39.1460 Y20.9099
G1 X38.5684 Y20.0828
G1 X37.9141 Y19.3149
G1 X37.1893 Y18.6134
G1 X36.4003 Y17.9846
G1 X35.5547 Y17.4346
G1 X34.6602 Y16.9682
G1 X33.7250 Y16.5897
G1 X32.7580 Y16.3029
G1 X31.7675 Y16.1101
G1 X30.7636 Y16.0133
G1 X29.7546
G1 X28.7507 Y16.1101
G1 X27.7602 Y16.3029
G1 X26.7932 Y16.5897
G1 X25.8580 Y16.9682
G1 X24.9635 Y17.4346
G1 X24.1179 Y17.9846
G1 X23.3289 Y18.6134
G1 X22.6041 Y19.3149
G1 X21.9498 Y20.0828
G1 X21.3722 Y20.9099
G1 X20.8767 Y21.7887
G1 X20.4679 Y22.7108
G1 X20.1494 Y23.6681
G1 X19.9243 Y24.6515
G1 X19.7946 Y25.6520
G1 X19.7615 Y26.6601
G1 X19.8253 Y27.6670
G1 X19.9855 Y28.6629
G1 X20.2405 Y29.6391
G1 X20.5880 Y30.5861
G1 X21.0248 Y31.4953
G1 X21.5470 Y32.3587
G1 X22.1494 Y33.1677
G1 X22.8268 Y33.9153
G1 X23.5727 Y34.5943
G1 X24.3806 Y35.1988
G1 X25.2426 Y35.7228
G1 X26.7591 Y36.4556
G1 Y63.9626
G1 X26.8010 Y64.5212
G1 X26.9173 Y65.0308
G1 X27.1083 Y65.5174
G1 X27.3696 Y65.9700
G1 X27.6955 Y66.3787
G1 X28.0787 Y66.7342
G1 X28.5105 Y67.0287
G1 X28.9814 Y67.2554
G1 X29.4810 Y67.4095
G1 X29.9977 Y67.4874
G1 X30.5204
G1 X31.0372 Y67.4095
G1 X31.5368 Y67.2554
G1 X32.0077 Y67.0287
G1 X32.4395 Y66.7342
G1 X32.8227 Y66.3787
G1 X33.1486 Y65.9700
G1 X33.4099 Y65.5174
G00 Z4.9900
G00 X49.7399 Y21.4018
G1 Z0.0900 F200
G1 X50.0327 Y21.4776 Z0.0367
G1 X50.3349 Y21.4929 Z-0.0167
G1 X50.6337 Y21.4472 Z-0.0700
G1 X50.9174 Y21.3421 Z-0.1233
G1 X51.1741 Y21.1821 Z-0.1767
G1 X51.3933 Y20.9737 Z-0.2300
G1 X51.5661 Y20.7255 Z-0.2833
G1 X51.6854 Y20.4475 Z-0.3367
G1 X51.7463 Y20.1512 Z-0.3900
G1 Y19.8488 Z-0.4433
G1 X51.6854 Y19.5525 Z-0.4967
G1 X51.5661 Y19.2746 Z-0.5500
G1 X51.3933 Y19.0263 Z-0.6033
G1 X51.1741 Y18.8179 Z-0.6567
G1 X50.9174 Y18.6579 Z-0.7100
G1 X50.6337 Y18.5529 Z-0.7633
G1 X50.3348 Y18.5071 Z-0.8166
G1 X50.0327 Y18.5224 Z-0.8700
G1 X49.7399 Y18.5982 Z-0.9233
G1 X49.4684 Y18.7314 Z-0.9766
G1 X49.2292 Y18.9166 Z-1.0300
G1 X49.0322 Y19.1461 Z-1.0833
G1 X48.8854 Y19.4105 Z-1.1367
G1 X48.7949 Y19.6991 Z-1.1900
G1 X48.7643 Y20.0 Z-1.2433
G1 X48.7948 Y20.3009 Z-1.2966
G1 X48.8854 Y20.5896 Z-1.3500
G1 X49.0322 Y20.8539 Z-1.4033
G1 X49.2292 Y21.0835 Z-1.4282
G1 X49.4683 Y21.2686 F480
G1 X49.7399 Y21.4018
G1 X50.0327 Y21.4776
G1 X50.3349 Y21.4929
G1 X50.6337 Y21.4472
G1 X50.9174 Y21.3421
G1 X51.1741 Y21.1821
G1 X51.3933 Y20.9737
G1 X51.5661 Y20.7255
G1 X51.6854 Y20.4475
G1 X51.7463 Y20.1512
G1 Y19.8488
G1 X51.6854 Y19.5525
G1 X51.5661 Y19.2746
G1 X51.3933 Y19.0263
G1 X51.1741 Y18.8179
G1 X50.9174 Y18.6579
G1 X50.6337 Y18.5529
G1 X50.3348 Y18.5071
G1 X50.0327 Y18.5224
G1 X49.7399 Y18.5982
G1 X49.4684 Y18.7314
G1 X49.2292 Y18.9166
G1 X49.0322 Y19.1461
G1 X48.8854 Y19.4105
G1 X48.7949 Y19.6991
G1 X48.7643 Y20.0
G1 X48.7948 Y20.3009
G1 X48.8854 Y20.5896
G1 X49.0322 Y20.8539
G1 X49.2292 Y21.0835
G00 Z4.9900
G00 X50.0327 Y11.4776
G1 Z0.0900 F200
G1 X50.3348 Y11.4929 Z0.0367
G1 X50.6337 Y11.4471 Z-0.0167
G1 X50.9174 Y11.3421 Z-0.0700
G1 X51.1741 Y11.1821 Z-0.1233
G1 X51.3933 Y10.9737 Z-0.1767
G1 X51.5661 Y10.7255 Z-0.2300
G1 X51.6854 Y10.4475 Z-0.2833
G1 X51.7463 Y10.1512 Z-0.3367
G1 Y9.8488 Z-0.3900
G1 X51.6854 Y9.5525 Z-0.4433
G1 X51.5661 Y9.2746 Z-0.4967
G1 X51.3933 Y9.0263 Z-0.5500
G1 X51.1741 Y8.8179 Z-0.6033
G1 X50.9174 Y8.6579 Z-0.6567
G1 X50.6338 Y8.5529 Z-0.7100
G1 X50.3348 Y8.5071 Z-0.7633
G1 X50.0327 Y8.5224 Z-0.8167
G1 X49.7399 Y8.5982 Z-0.8700
G1 X49.4683 Y8.7314 Z-0.9233
G1 X49.2292 Y8.9165 Z-0.9766
G1 X49.0322 Y9.1461 Z-1.0300
G1 X48.8854 Y9.4105 Z-1.0833
G1 X48.7949 Y9.6991 Z-1.1366
G1 X48.7643 Y10.0 Z-1.1900
G1 X48.7948 Y10.3009 Z-1.2433
G1 X48.8854 Y10.5895 Z-1.2966
G1 X49.0322 Y10.8540 Z-1.3500
G1 X49.2292 Y11.0835 Z-1.4033
G1 X49.4683 Y11.2686 Z-1.4282
G1 X49.7399 Y11.4018 F480
G1 X50.0327 Y11.4776
G1 X50.3348 Y11.4929
G1 X50.6337 Y11.4471
G1 X50.9174 Y11.3421
G1 X51.1741 Y11.1821
G1 X51.3933 Y10.9737
G1 X51.5661 Y10.7255
G1 X51.6854 Y10.4475
G1 X51.7463 Y10.1512
G1 Y9.8488
G1 X51.6854 Y9.5525
G1 X51.5661 Y9.2746
G1 X51.3933 Y9.0263
G1 X51.1741 Y8.8179
G1 X50.9174 Y8.6579
G1 X50.6338 Y8.5529
G1 X50.3348 Y8.5071
G1 X50.0327 Y8.5224
G1 X49.7399 Y8.5982
G1 X49.4683 Y8.7314
G1 X49.2292 Y8.9165
G1 X49.0322 Y9.1461
G1 X48.8854 Y9.4105
G1 X48.7949 Y9.6991
G1 X48.7643 Y10.0
G1 X48.7948 Y10.3009
G1 X48.8854 Y10.5895
G1 X49.0322 Y10.8540
G1 X49.2292 Y11.0835
G1 X49.4683 Y11.2686
G00 Z4.9900
G00 X11.7463 Y10.1512
G1 Z0.0900 F200
G1 Y9.8488 Z0.0367
G1 X11.6854 Y9.5525 Z-0.0167
G1 X11.5661 Y9.2746 Z-0.0700
G1 X11.3933 Y9.0263 Z-0.1233
G1 X11.1741 Y8.8179 Z-0.1767
G1 X10.9175 Y8.6580 Z-0.2300
G1 X10.6338 Y8.5529 Z-0.2833
G1 X10.3349 Y8.5071 Z-0.3366
G1 X10.0327 Y8.5224 Z-0.3900
G1 X9.7399 Y8.5982 Z-0.4433
G1 X9.4684 Y8.7314 Z-0.4967
G1 X9.2292 Y8.9166 Z-0.5500
G1 X9.0322 Y9.1461 Z-0.6033
G1 X8.8854 Y9.4105 Z-0.6566
G1 X8.7949 Y9.6991 Z-0.7100
G1 X8.7643 Y10.0 Z-0.7633
G1 X8.7949 Y10.3009 Z-0.8166
G1 X8.8854 Y10.5895 Z-0.8700
G1 X9.0322 Y10.8540 Z-0.9233
G1 X9.2292 Y11.0835 Z-0.9766
G1 X9.4684 Y11.2686 Z-1.0300
G1 X9.7399 Y11.4018 Z-1.0833
G1 X10.0327 Y11.4776 Z-1.1366
G1 X10.3349 Y11.4929 Z-1.1900
G1 X10.6338 Y11.4471 Z-1.2433
G1 X10.9175 Y11.3421 Z-1.2966
G1 X11.1741 Y11.1821 Z-1.3500
G1 X11.3933 Y10.9737 Z-1.4033
G1 X11.5661 Y10.7255 Z-1.4282
G1 X11.6854 Y10.4475 F480
G1 X11.7463 Y10.1512
G1 Y9.8488
G1 X11.6854 Y9.5525
G1 X11.5661 Y9.2746
G1 X11.3933 Y9.0263
G1 X11.1741 Y8.8179
G1 X10.9175 Y8.6580
G1 X10.6338 Y8.5529
G1 X10.3349 Y8.5071
G1 X10.0327 Y8.5224
G1 X9.7399 Y8.5982
G1 X9.4684 Y8.7314
G1 X9.2292 Y8.9166
G1 X9.0322 Y9.1461
G1 X8.8854 Y9.4105
G1 X8.7949 Y9.6991
G1 X8.7643 Y10.0
G1 X8.7949 Y10.3009
G1 X8.8854 Y10.5895
G1 X9.0322 Y10.8540
G1 X9.2292 Y11.0835
G1 X9.4684 Y11.2686
G1 X9.7399 Y11.4018
G1 X10.0327 Y11.4776
G1 X10.3349 Y11.4929
G1 X10.6338 Y11.4471
G1 X10.9175 Y11.3421
G1 X11.1741 Y11.1821
G1 X11.3933 Y10.9737
G1 X11.5661 Y10.7255
G00 Z4.9900
G00 X10.3349 Y18.5071
G1 Z0.0900 F200
G1 X10.0328 Y18.5224 Z0.0367
G1 X9.7399 Y18.5982 Z-0.0167
G1 X9.4684 Y18.7314 Z-0.0700
G1 X9.2292 Y18.9166 Z-0.1233
G1 X9.0322 Y19.1461 Z-0.1767
G1 X8.8854 Y19.4105 Z-0.2300
G1 X8.7949 Y19.6991 Z-0.2833
G1 X8.7643 Y20.0 Z-0.3367
G1 X8.7949 Y20.3010 Z-0.3900
G1 X8.8854 Y20.5895 Z-0.4433
G1 X9.0322 Y20.8540 Z-0.4967
G1 X9.2292 Y21.0835 Z-0.5500
G1 X9.4684 Y21.2686 Z-0.6033
G1 X9.7399 Y21.4018 Z-0.6567
G1 X10.0327 Y21.4776 Z-0.7100
G1 X10.3349 Y21.4929 Z-0.7633
G1 X10.6338 Y21.4472 Z-0.8167
G1 X10.9174 Y21.3421 Z-0.8700
G1 X11.1741 Y21.1821 Z-0.9233
G1 X11.3934 Y20.9737 Z-0.9767
G1 X11.5661 Y20.7255 Z-1.0300
G1 X11.6854 Y20.4475 Z-1.0833
G1 X11.7463 Y20.1512 Z-1.1367
G1 Y19.8488 Z-1.1900
G1 X11.6854 Y19.5525 Z-1.2433
G1 X11.5661 Y19.2746 Z-1.2966
G1 X11.3933 Y19.0263 Z-1.3500
G1 X11.1741 Y18.8179 Z-1.4033
G1 X10.9174 Y18.6579 Z-1.4282
G1 X10.6338 Y18.5529 F480
G1 X10.3349 Y18.5071
G1 X10.0328 Y18.5224
G1 X9.7399 Y18.5982
G1 X9.4684 Y18.7314
G1 X9.2292 Y18.9166
G1 X9.0322 Y19.1461
G1 X8.8854 Y19.4105
G1 X8.7949 Y19.6991
G1 X8.7643 Y20.0
G1 X8.7949 Y20.3010
G1 X8.8854 Y20.5895
G1 X9.0322 Y20.8540
G1 X9.2292 Y21.0835
G1 X9.4684 Y21.2686
G1 X9.7399 Y21.4018
G1 X10.0327 Y21.4776
G1 X10.3349 Y21.4929
G1 X10.6338 Y21.4472
G1 X10.9174 Y21.3421
G1 X11.1741 Y21.1821
G1 X11.3934 Y20.9737
G1 X11.5661 Y20.7255
G1 X11.6854 Y20.4475
G1 X11.7463 Y20.1512
G1 Y19.8488
G1 X11.6854 Y19.5525
G1 X11.5661 Y19.2746
G1 X11.3933 Y19.0263
G1 X11.1741 Y18.8179
G1 X10.9174 Y18.6579
G00 Z4.9900
G00 X10.6338 Y8.5529
G1 Z0.0900 F200
G1 X10.3349 Y8.5071 Z0.0367
G1 X10.0327 Y8.5224 Z-0.0167
G1 X9.7399 Y8.5982 Z-0.0700
G1 X9.4684 Y8.7314 Z-0.1233
G1 X9.2292 Y8.9166 Z-0.1767
G1 X9.0322 Y9.1461 Z-0.2300
G1 X8.8854 Y9.4105 Z-0.2833
G1 X8.7949 Y9.6991 Z-0.3367
G1 X8.7643 Y10.0 Z-0.3900
G1 X8.7949 Y10.3009 Z-0.4433
G1 X8.8854 Y10.5895 Z-0.4966
G1 X9.0322 Y10.8540 Z-0.5500
G1 X9.2292 Y11.0835 Z-0.6033
G1 X9.4684 Y11.2686 Z-0.6566
G1 X9.7399 Y11.4018 Z-0.7100
G1 X10.0327 Y11.4776 Z-0.7633
G1 X10.3349 Y11.4929 Z-0.8167
G1 X10.6338 Y11.4471 Z-0.8700
G1 X10.9175 Y11.3421 Z-0.9233
G1 X11.1741 Y11.1821 Z-0.9766
G1 X11.3933 Y10.9737 Z-1.0300
G1 X11.5661 Y10.7255 Z-1.0833
G1 X11.6854 Y10.4475 Z-1.1366
G1 X11.7463 Y10.1512 Z-1.1900
G1 Y9.8488 Z-1.2433
G1 X11.6854 Y9.5525 Z-1.2966
G1 X11.5661 Y9.2746 Z-1.3500
G1 X11.3933 Y9.0263 Z-1.4033
G1 X11.1741 Y8.8179 Z-1.4566
G1 X10.9175 Y8.6580 Z-1.5100
G1 X10.6338 Y8.5529 Z-1.5633
G1 X10.3349 Y8.5071 Z-1.6166
G1 X10.0327 Y8.5224 Z-1.6700
G1 X9.7399 Y8.5982 Z-1.7233
G1 X9.4684 Y8.7314 Z-1.7766
G1 X9.2292 Y8.9166 Z-1.8300
G1 X9.0322 Y9.1461 Z-1.8833
G1 X8.8854 Y9.4105 Z-1.9009
G1 X8.7949 Y9.6991 F480
G1 X8.7643 Y10.0
G1 X8.7949 Y10.3009
G1 X8.8854 Y10.5895
G1 X9.0322 Y10.8540
G1 X9.2292 Y11.0835
G1 X9.4684 Y11.2686
G1 X9.7399 Y11.4018
G1 X10.0327 Y11.4776
G1 X10.3349 Y11.4929
G1 X10.6338 Y11.4471
G1 X10.9175 Y11.3421
G1 X11.1741 Y11.1821
G1 X11.3933 Y10.9737
G1 X11.5661 Y10.7255
G1 X11.6854 Y10.4475
G1 X11.7463 Y10.1512
G1 Y9.8488
G1 X11.6854 Y9.5525
G1 X11.5661 Y9.2746
G1 X11.3933 Y9.0263
G1 X11.1741 Y8.8179
G1 X10.9175 Y8.6580
G1 X10.6338 Y8.5529
G1 X10.3349 Y8.5071
G1 X10.0327 Y8.5224
G1 X9.7399 Y8.5982
G1 X9.4684 Y8.7314
G1 X9.2292 Y8.9166
G1 X9.0322 Y9.1461
G1 X8.8854 Y9.4105
G00 Z4.9900
G00 X10.0328 Y18.5224
G1 Z0.0900 F200
G1 X9.7399 Y18.5982 Z0.0367
G1 X9.4684 Y18.7314 Z-0.0167
G1 X9.2292 Y18.9166 Z-0.0700
G1 X9.0322 Y19.1461 Z-0.1233
G1 X8.8854 Y19.4105 Z-0.1767
G1 X8.7949 Y19.6991 Z-0.2300
G1 X8.7643 Y20.0 Z-0.2833
G1 X8.7949 Y20.3010 Z-0.3367
G1 X8.8854 Y20.5895 Z-0.3900
G1 X9.0322 Y20.8540 Z-0.4433
G1 X9.2292 Y21.0835 Z-0.4967
G1 X9.4684 Y21.2686 Z-0.5500
G1 X9.7399 Y21.4018 Z-0.6033
G1 X10.0327 Y21.4776 Z-0.6567
G1 X10.3349 Y21.4929 Z-0.7100
G1 X10.6338 Y21.4472 Z-0.7633
G1 X10.9174 Y21.3421 Z-0.8166
G1 X11.1741 Y21.1821 Z-0.8700
G1 X11.3934 Y20.9737 Z-0.9233
G1 X11.5661 Y20.7255 Z-0.9766
G1 X11.6854 Y20.4475 Z-1.0300
G1 X11.7463 Y20.1512 Z-1.0833
G1 Y19.8488 Z-1.1366
G1 X11.6854 Y19.5525 Z-1.1900
G1 X11.5661 Y19.2746 Z-1.2433
G1 X11.3933 Y19.0263 Z-1.2966
G1 X11.1741 Y18.8179 Z-1.3500
G1 X10.9174 Y18.6579 Z-1.4033
G1 X10.6338 Y18.5529 Z-1.4566
G1 X10.3349 Y18.5071 Z-1.5100
G1 X10.0328 Y18.5224 Z-1.5633
G1 X9.7399 Y18.5982 Z-1.6166
G1 X9.4684 Y18.7314 Z-1.6700
G1 X9.2292 Y18.9166 Z-1.7233
G1 X9.0322 Y19.1461 Z-1.7766
G1 X8.8854 Y19.4105 Z-1.8300
G1 X8.7949 Y19.6991 Z-1.8833
G1 X8.7643 Y20.0 Z-1.9009
G1 X8.7949 Y20.3010 F480
G1 X8.8854 Y20.5895
G1 X9.0322 Y20.8540
G1 X9.2292 Y21.0835
G1 X9.4684 Y21.2686
G1 X9.7399 Y21.4018
G1 X10.0327 Y21.4776
G1 X10.3349 Y21.4929
G1 X10.6338 Y21.4472
G1 X10.9174 Y21.3421
G1 X11.1741 Y21.1821
G1 X11.3934 Y20.9737
G1 X11.5661 Y20.7255
G1 X11.6854 Y20.4475
G1 X11.7463 Y20.1512
G1 Y19.8488
G1 X11.6854 Y19.5525
G1 X11.5661 Y19.2746
G1 X11.3933 Y19.0263
G1 X11.1741 Y18.8179
G1 X10.9174 Y18.6579
G1 X10.6338 Y18.5529
G1 X10.3349 Y18.5071
G1 X10.0328 Y18.5224
G1 X9.7399 Y18.5982
G1 X9.4684 Y18.7314
G1 X9.2292 Y18.9166
G1 X9.0322 Y19.1461
G1 X8.8854 Y19.4105
G1 X8.7949 Y19.6991
G1 X8.7643 Y20.0
G00 Z4.9900
G00 X20.1494 Y23.6681
G1 Z0.0900 F200
G1 X19.9243 Y24.6515 Z-0.0879
G1 X19.7946 Y25.6520 Z-0.2658
G1 X19.7615 Y26.6601 Z-0.4436
G1 X19.8253 Y27.6670 Z-0.6215
G1 X19.9855 Y28.6629 Z-0.7994
G1 X20.2405 Y29.6391 Z-0.9773
G1 X20.5880 Y30.5861 Z-1.1552
G1 X21.0248 Y31.4953 Z-1.3330
G1 X21.5470 Y32.3587 Z-1.5109
G1 X22.1494 Y33.1677 Z-1.6888
G1 X22.8268 Y33.9153 Z-1.8667
G1 X23.5727 Y34.5943 Z-1.9009
G1 X24.3806 Y35.1988 F480
G1 X25.2426 Y35.7228
G1 X26.7591 Y36.4556
G1 Y63.9626
G1 X26.8010 Y64.5212
G1 X26.9173 Y65.0308
G1 X27.1083 Y65.5174
G1 X27.3696 Y65.9700
G1 X27.6955 Y66.3787
G1 X28.0787 Y66.7342
G1 X28.5105 Y67.0287
G1 X28.9814 Y67.2554
G1 X29.4810 Y67.4095
G1 X29.9977 Y67.4874
G1 X30.5204
G1 X31.0372 Y67.4095
G1 X31.5368 Y67.2554
G1 X32.0077 Y67.0287
G1 X32.4395 Y66.7342
G1 X32.8227 Y66.3787
G1 X33.1486 Y65.9700
G1 X33.4099 Y65.5174
G1 X33.6009 Y65.0308
G1 X33.7172 Y64.5212
G1 X33.7591 Y63.9626
G1 Y36.4556
G1 X35.2756 Y35.7228
G1 X36.1376 Y35.1988
G1 X36.9455 Y34.5943
G1 X37.6914 Y33.9153
G1 X38.3688 Y33.1677
G1 X38.9712 Y32.3587
G1 X39.4934 Y31.4953
G1 X39.9302 Y30.5861
G1 X40.2777 Y29.6391
G1 X40.5327 Y28.6629
G1 X40.6929 Y27.6670
G1 X40.7567 Y26.6601
G1 X40.7236 Y25.6520
G1 X40.5939 Y24.6515
G1 X40.3688 Y23.6681
G1 X40.0503 Y22.7108
G1 X39.6415 Y21.7887
G1 X39.1460 Y20.9099
G1 X38.5684 Y20.0828
G1 X37.9141 Y19.3149
G1 X37.1893 Y18.6134
G1 X36.4003 Y17.9846
G1 X35.5547 Y17.4346
G1 X34.6602 Y16.9682
G1 X33.7250 Y16.5897
G1 X32.7580 Y16.3029
G1 X31.7675 Y16.1101
G1 X30.7636 Y16.0133
G1 X29.7546
G1 X28.7507 Y16.1101
G1 X27.7602 Y16.3029
G1 X26.7932 Y16.5897
G1 X25.8580 Y16.9682
G1 X24.9635 Y17.4346
G1 X24.1179 Y17.9846
G1 X23.3289 Y18.6134
G1 X22.6041 Y19.3149
G1 X21.9498 Y20.0828
G1 X21.3722 Y20.9099
G1 X20.8767 Y21.7887
G1 X20.4679 Y22.7108
G1 X20.1494 Y23.6681
G1 X19.9243 Y24.6515
G1 X19.7946 Y25.6520
G1 X19.7615 Y26.6601
G1 X19.8253 Y27.6670
G1 X19.9855 Y28.6629
G1 X20.2405 Y29.6391
G1 X20.5880 Y30.5861
G1 X21.0248 Y31.4953
G1 X21.5470 Y32.3587
G1 X22.1494 Y33.1677
G1 X22.8268 Y33.9153
G1 X23.5727 Y34.5943
G00 Z4.9900
G00 X48.8854 Y20.5896
G1 Z0.0900 F200
G1 X49.0322 Y20.8539 Z0.0367
G1 X49.2292 Y21.0835 Z-0.0167
G1 X49.4683 Y21.2686 Z-0.0700
G1 X49.7399 Y21.4018 Z-0.1233
G1 X50.0327 Y21.4776 Z-0.1766
G1 X50.3349 Y21.4929 Z-0.2300
G1 X50.6337 Y21.4472 Z-0.2833
G1 X50.9174 Y21.3421 Z-0.3366
G1 X51.1741 Y21.1821 Z-0.3900
G1 X51.3933 Y20.9737 Z-0.4433
G1 X51.5661 Y20.7255 Z-0.4966
G1 X51.6854 Y20.4475 Z-0.5500
G1 X51.7463 Y20.1512 Z-0.6033
G1 Y19.8488 Z-0.6566
G1 X51.6854 Y19.5525 Z-0.7100
G1 X51.5661 Y19.2746 Z-0.7633
G1 X51.3933 Y19.0263 Z-0.8166
G1 X51.1741 Y18.8179 Z-0.8700
G1 X50.9174 Y18.6579 Z-0.9233
G1 X50.6337 Y18.5529 Z-0.9766
G1 X50.3348 Y18.5071 Z-1.0300
G1 X50.0327 Y18.5224 Z-1.0833
G1 X49.7399 Y18.5982 Z-1.1366
G1 X49.4684 Y18.7314 Z-1.1900
G1 X49.2292 Y18.9166 Z-1.2433
G1 X49.0322 Y19.1461 Z-1.2966
G1 X48.8854 Y19.4105 Z-1.3500
G1 X48.7949 Y19.6991 Z-1.4033
G1 X48.7643 Y20.0 Z-1.4566
G1 X48.7948 Y20.3009 Z-1.5100
G1 X48.8854 Y20.5896 Z-1.5633
G1 X49.0322 Y20.8539 Z-1.6166
G1 X49.2292 Y21.0835 Z-1.6700
G1 X49.4683 Y21.2686 Z-1.7233
G1 X49.7399 Y21.4018 Z-1.7766
G1 X50.0327 Y21.4776 Z-1.8299
G1 X50.3349 Y21.4929 Z-1.8833
G1 X50.6337 Y21.4472 Z-1.9009
G1 X50.9174 Y21.3421 F480
G1 X51.1741 Y21.1821
G1 X51.3933 Y20.9737
G1 X51.5661 Y20.7255
G1 X51.6854 Y20.4475
G1 X51.7463 Y20.1512
G1 Y19.8488
G1 X51.6854 Y19.5525
G1 X51.5661 Y19.2746
G1 X51.3933 Y19.0263
G1 X51.1741 Y18.8179
G1 X50.9174 Y18.6579
G1 X50.6337 Y18.5529
G1 X50.3348 Y18.5071
G1 X50.0327 Y18.5224
G1 X49.7399 Y18.5982
G1 X49.4684 Y18.7314
G1 X49.2292 Y18.9166
G1 X49.0322 Y19.1461
G1 X48.8854 Y19.4105
G1 X48.7949 Y19.6991
G1 X48.7643 Y20.0
G1 X48.7948 Y20.3009
G1 X48.8854 Y20.5896
G1 X49.0322 Y20.8539
G1 X49.2292 Y21.0835
G1 X49.4683 Y21.2686
G1 X49.7399 Y21.4018
G1 X50.0327 Y21.4776
G1 X50.3349 Y21.4929
G1 X50.6337 Y21.4472
G00 Z4.9900
G00 X50.3348 Y11.4929
G1 Z0.0900 F200
G1 X50.6337 Y11.4471 Z0.0367
G1 X50.9174 Y11.3421 Z-0.0167
G1 X51.1741 Y11.1821 Z-0.0700
G1 X51.3933 Y10.9737 Z-0.1233
G1 X51.5661 Y10.7255 Z-0.1767
G1 X51.6854 Y10.4475 Z-0.2300
G1 X51.7463 Y10.1512 Z-0.2833
G1 Y9.8488 Z-0.3366
G1 X51.6854 Y9.5525 Z-0.3900
G1 X51.5661 Y9.2746 Z-0.4433
G1 X51.3933 Y9.0263 Z-0.4967
G1 X51.1741 Y8.8179 Z-0.5500
G1 X50.9174 Y8.6579 Z-0.6033
G1 X50.6338 Y8.5529 Z-0.6566
G1 X50.3348 Y8.5071 Z-0.7100
G1 X50.0327 Y8.5224 Z-0.7633
G1 X49.7399 Y8.5982 Z-0.8166
G1 X49.4683 Y8.7314 Z-0.8700
G1 X49.2292 Y8.9165 Z-0.9233
G1 X49.0322 Y9.1461 Z-0.9766
G1 X48.8854 Y9.4105 Z-1.0300
G1 X48.7949 Y9.6991 Z-1.0833
G1 X48.7643 Y10.0 Z-1.1366
G1 X48.7948 Y10.3009 Z-1.1900
G1 X48.8854 Y10.5895 Z-1.2433
G1 X49.0322 Y10.8540 Z-1.2966
G1 X49.2292 Y11.0835 Z-1.3500
G1 X49.4683 Y11.2686 Z-1.4033
G1 X49.7399 Y11.4018 Z-1.4566
G1 X50.0327 Y11.4776 Z-1.5100
G1 X50.3348 Y11.4929 Z-1.5633
G1 X50.6337 Y11.4471 Z-1.6166
G1 X50.9174 Y11.3421 Z-1.6700
G1 X51.1741 Y11.1821 Z-1.7233
G1 X51.3933 Y10.9737 Z-1.7766
G1 X51.5661 Y10.7255 Z-1.8300
G1 X51.6854 Y10.4475 Z-1.8833
G1 X51.7463 Y10.1512 Z-1.9009
G1 Y9.8488 F480
G1 X51.6854 Y9.5525
G1 X51.5661 Y9.2746
G1 X51.3933 Y9.0263
G1 X51.1741 Y8.8179
G1 X50.9174 Y8.6579
G1 X50.6338 Y8.5529
G1 X50.3348 Y8.5071
G1 X50.0327 Y8.5224
G1 X49.7399 Y8.5982
G1 X49.4683 Y8.7314
G1 X49.2292 Y8.9165
G1 X49.0322 Y9.1461
G1 X48.8854 Y9.4105
G1 X48.7949 Y9.6991
G1 X48.7643 Y10.0
G1 X48.7948 Y10.3009
G1 X48.8854 Y10.5895
G1 X49.0322 Y10.8540
G1 X49.2292 Y11.0835
G1 X49.4683 Y11.2686
G1 X49.7399 Y11.4018
G1 X50.0327 Y11.4776
G1 X50.3348 Y11.4929
G1 X50.6337 Y11.4471
G1 X50.9174 Y11.3421
G1 X51.1741 Y11.1821
G1 X51.3933 Y10.9737
G1 X51.5661 Y10.7255
G1 X51.6854 Y10.4475
G1 X51.7463 Y10.1512
G00 Z4.9900
G00 X10.7908 Y67.1740
G1 Z0.0900 F200
G1 X10.6723 Y67.1250 Z0.0674
G1 X10.5451 Y67.1082 Z0.0448
G1 X10.4179 Y67.1250 Z0.0221
G1 X10.2994 Y67.1741 Z-0.0005
G1 X10.1976 Y67.2522 Z-0.0231
G1 X10.1196 Y67.3539 Z-0.0457
G1 X10.0705 Y67.4724 Z-0.0683
G1 X10.0537 Y67.5996 Z-0.0909
G1 X10.0705 Y67.7268 Z-0.1136
G1 X10.1196 Y67.8453 Z-0.1362
G1 X10.1976 Y67.9471 Z-0.1588
G1 X10.2994 Y68.0251 Z-0.1814
G1 X10.4180 Y68.0742 Z-0.2040
G1 X10.5451 Y68.0910 Z-0.2267
G1 X10.6722 Y68.0742 Z-0.2493
G1 X10.7908 Y68.0251 Z-0.2719
G1 X10.8926 Y67.9471 Z-0.2945
G1 X10.9706 Y67.8453 Z-0.3171
G1 X11.0197 Y67.7267 Z-0.3398
G1 X11.0365 Y67.5996 Z-0.3624
G1 X11.0197 Y67.4725 Z-0.3850
G1 X10.9706 Y67.3539 Z-0.4076
G1 X10.8926 Y67.2521 Z-0.4302
G1 X10.7908 Y67.1740 Z-0.4528
G1 X10.6723 Y67.1250 Z-0.4754
G1 X10.5451 Y67.1082 Z-0.4981
G1 X10.4179 Y67.1250 Z-0.5207
G1 X10.2994 Y67.1741 Z-0.5433
G1 X10.1976 Y67.2522 Z-0.5659
G1 X10.1196 Y67.3539 Z-0.5885
G1 X10.0705 Y67.4724 Z-0.6112
G1 X10.0537 Y67.5996 Z-0.6338
G1 X10.0705 Y67.7268 Z-0.6564
G1 X10.1196 Y67.8453 Z-0.6790
G1 X10.1976 Y67.9471 Z-0.7016
G1 X10.2994 Y68.0251 Z-0.7242
G1 X10.4180 Y68.0742 Z-0.7469
G1 X10.5451 Y68.0910 Z-0.7695
G1 X10.6722 Y68.0742 Z-0.7921
G1 X10.7908 Y68.0251 Z-0.8147
G1 X10.8926 Y67.9471 Z-0.8373
G1 X10.9706 Y67.8453 Z-0.8600
G1 X11.0197 Y67.7267 Z-0.8826
G1 X11.0365 Y67.5996 Z-0.9052
G1 X11.0197 Y67.4725 Z-0.9278
G1 X10.9706 Y67.3539 Z-0.9504
G1 X10.8926 Y67.2521 Z-0.9731
G1 X10.7908 Y67.1740 Z-0.9957
G1 X10.6723 Y67.1250 Z-1.0183
G1 X10.5451 Y67.1082 Z-1.0409
G1 X10.4179 Y67.1250 Z-1.0635
G1 X10.2994 Y67.1741 Z-1.0861
G1 X10.1976 Y67.2522 Z-1.1088
G1 X10.1196 Y67.3539 Z-1.1314
G1 X10.0705 Y67.4724 Z-1.1540
G1 X10.0537 Y67.5996 Z-1.1766
G1 X10.0705 Y67.7268 Z-1.1992
G1 X10.1196 Y67.8453 Z-1.2219
G1 X10.1976 Y67.9471 Z-1.2445
G1 X10.2994 Y68.0251 Z-1.2671
G1 X10.4180 Y68.0742 Z-1.2897
G1 X10.5451 Y68.0910 Z-1.3123
G1 X10.6722 Y68.0742 Z-1.3349
G1 X10.7908 Y68.0251 Z-1.3576
G1 X10.8926 Y67.9471 Z-1.3802
G1 X10.9706 Y67.8453 Z-1.4028
G1 X11.0197 Y67.7267 Z-1.4254
G1 X11.0365 Y67.5996 Z-1.4480
G1 X11.0197 Y67.4725 Z-1.4706
G1 X10.9706 Y67.3539 Z-1.4933
G1 X10.8926 Y67.2521 Z-1.5159
G1 X10.7908 Y67.1740 Z-1.5385
G1 X10.6723 Y67.1250 Z-1.5611
G1 X10.5451 Y67.1082 Z-1.5837
G1 X10.4179 Y67.1250 Z-1.6064
G1 X10.2994 Y67.1741 Z-1.6290
G1 X10.1976 Y67.2522 Z-1.6516
G1 X10.1196 Y67.3539 Z-1.6742
G1 X10.0705 Y67.4724 Z-1.6968
G1 X10.0537 Y67.5996 Z-1.7195
G1 X10.0705 Y67.7268 Z-1.7421
G1 X10.1196 Y67.8453 Z-1.7647
G1 X10.1976 Y67.9471 Z-1.7873
G1 X10.2994 Y68.0251 Z-1.8099
G1 X10.4180 Y68.0742 Z-1.8326
G1 X10.5451 Y68.0910 Z-1.8552
G1 X10.6722 Y68.0742 Z-1.8778
G1 X10.7908 Y68.0251 Z-1.9004
G1 X10.8926 Y67.9471 Z-1.9009
G1 X10.9706 Y67.8453 F480
G1 X11.0197 Y67.7267
G1 X11.0365 Y67.5996
G1 X11.0197 Y67.4725
G1 X10.9706 Y67.3539
G1 X10.8926 Y67.2521
G1 X10.7908 Y67.1740
G1 X10.6723 Y67.1250
G1 X10.5451 Y67.1082
G1 X10.4179 Y67.1250
G1 X10.2994 Y67.1741
G1 X10.1976 Y67.2522
G1 X10.1196 Y67.3539
G1 X10.0705 Y67.4724
G1 X10.0537 Y67.5996
G1 X10.0705 Y67.7268
G1 X10.1196 Y67.8453
G1 X10.1976 Y67.9471
G1 X10.2994 Y68.0251
G1 X10.4180 Y68.0742
G1 X10.5451 Y68.0910
G1 X10.6722 Y68.0742
G1 X10.7908 Y68.0251
G1 X10.8926 Y67.9471
G00 Z4.9900
G00 X10.5451 Y67.1082
G1 Z0.0900 F200
G1 X10.4179 Y67.1250 Z0.0674
G1 X10.2994 Y67.1741 Z0.0448
G1 X10.1976 Y67.2522 Z0.0221
G1 X10.1196 Y67.3539 Z-0.0005
G1 X10.0705 Y67.4724 Z-0.0231
G1 X10.0537 Y67.5996 Z-0.0457
G1 X10.0705 Y67.7268 Z-0.0683
G1 X10.1196 Y67.8453 Z-0.0909
G1 X10.1976 Y67.9471 Z-0.1136
G1 X10.2994 Y68.0251 Z-0.1362
G1 X10.4180 Y68.0742 Z-0.1588
G1 X10.5451 Y68.0910 Z-0.1814
G1 X10.6722 Y68.0742 Z-0.2040
G1 X10.7908 Y68.0251 Z-0.2267
G1 X10.8926 Y67.9471 Z-0.2493
G1 X10.9706 Y67.8453 Z-0.2719
G1 X11.0197 Y67.7267 Z-0.2945
G1 X11.0365 Y67.5996 Z-0.3171
G1 X11.0197 Y67.4725 Z-0.3397
G1 X10.9706 Y67.3539 Z-0.3624
G1 X10.8926 Y67.2521 Z-0.3850
G1 X10.7908 Y67.1740 Z-0.4076
G1 X10.6723 Y67.1250 Z-0.4302
G1 X10.5451 Y67.1082 Z-0.4528
G1 X10.4179 Y67.1250 Z-0.4755
G1 X10.2994 Y67.1741 Z-0.4981
G1 X10.1976 Y67.2522 Z-0.5207
G1 X10.1196 Y67.3539 Z-0.5433
G1 X10.0705 Y67.4724 Z-0.5659
G1 X10.0537 Y67.5996 Z-0.5885
G1 X10.0705 Y67.7268 Z-0.6112
G1 X10.1196 Y67.8453 Z-0.6338
G1 X10.1976 Y67.9471 Z-0.6564
G1 X10.2994 Y68.0251 Z-0.6790
G1 X10.4180 Y68.0742 Z-0.7016
G1 X10.5451 Y68.0910 Z-0.7243
G1 X10.6722 Y68.0742 Z-0.7469
G1 X10.7908 Y68.0251 Z-0.7695
G1 X10.8926 Y67.9471 Z-0.7921
G1 X10.9706 Y67.8453 Z-0.8147
G1 X11.0197 Y67.7267 Z-0.8374
G1 X11.0365 Y67.5996 Z-0.8600
G1 X11.0197 Y67.4725 Z-0.8826
G1 X10.9706 Y67.3539 Z-0.9052
G1 X10.8926 Y67.2521 Z-0.9278
G1 X10.7908 Y67.1740 Z-0.9504
G1 X10.6723 Y67.1250 Z-0.9731
G1 X10.5451 Y67.1082 Z-0.9957
G1 X10.4179 Y67.1250 Z-1.0183
G1 X10.2994 Y67.1741 Z-1.0409
G1 X10.1976 Y67.2522 Z-1.0635
G1 X10.1196 Y67.3539 Z-1.0861
G1 X10.0705 Y67.4724 Z-1.1088
G1 X10.0537 Y67.5996 Z-1.1314
G1 X10.0705 Y67.7268 Z-1.1540
G1 X10.1196 Y67.8453 Z-1.1766
G1 X10.1976 Y67.9471 Z-1.1992
G1 X10.2994 Y68.0251 Z-1.2218
G1 X10.4180 Y68.0742 Z-1.2445
G1 X10.5451 Y68.0910 Z-1.2671
G1 X10.6722 Y68.0742 Z-1.2897
G1 X10.7908 Y68.0251 Z-1.3123
G1 X10.8926 Y67.9471 Z-1.3349
G1 X10.9706 Y67.8453 Z-1.3576
G1 X11.0197 Y67.7267 Z-1.3802
G1 X11.0365 Y67.5996 Z-1.4028
G1 X11.0197 Y67.4725 Z-1.4254
G1 X10.9706 Y67.3539 Z-1.4480
G1 X10.8926 Y67.2521 Z-1.4707
G1 X10.7908 Y67.1740 Z-1.4933
G1 X10.6723 Y67.1250 Z-1.5159
G1 X10.5451 Y67.1082 Z-1.5385
G1 X10.4179 Y67.1250 Z-1.5611
G1 X10.2994 Y67.1741 Z-1.5837
G1 X10.1976 Y67.2522 Z-1.6064
G1 X10.1196 Y67.3539 Z-1.6290
G1 X10.0705 Y67.4724 Z-1.6516
G1 X10.0537 Y67.5996 Z-1.6742
G1 X10.0705 Y67.7268 Z-1.6968
G1 X10.1196 Y67.8453 Z-1.7195
G1 X10.1976 Y67.9471 Z-1.7421
G1 X10.2994 Y68.0251 Z-1.7647
G1 X10.4180 Y68.0742 Z-1.7873
G1 X10.5451 Y68.0910 Z-1.8099
G1 X10.6722 Y68.0742 Z-1.8325
G1 X10.7908 Y68.0251 Z-1.8552
G1 X10.8926 Y67.9471 Z-1.8778
G1 X10.9706 Y67.8453 Z-1.9004
G1 X11.0197 Y67.7267 Z-1.9230
G1 X11.0365 Y67.5996 Z-1.9456
G1 X11.0197 Y67.4725 Z-1.9682
G1 X10.9706 Y67.3539 Z-1.9909
G1 X10.8926 Y67.2521 Z-2.0135
G1 X10.7908 Y67.1740 Z-2.0361
G1 X10.6723 Y67.1250 Z-2.0587
G1 X10.5451 Y67.1082 Z-2.0813
G1 X10.4179 Y67.1250 Z-2.1040
G1 X10.2994 Y67.1741 Z-2.1266
G1 X10.1976 Y67.2522 Z-2.1492
G1 X10.1196 Y67.3539 Z-2.1718
G1 X10.0705 Y67.4724 Z-2.1944
G1 X10.0537 Y67.5996 Z-2.2171
G1 X10.0705 Y67.7268 Z-2.2397
G1 X10.1196 Y67.8453 Z-2.2623
G1 X10.1976 Y67.9471 Z-2.2849
G1 X10.2994 Y68.0251 Z-2.3075
G1 X10.4180 Y68.0742 Z-2.3302
G1 X10.5451 Y68.0910 Z-2.3528
G1 X10.6722 Y68.0742 Z-2.3736
G1 X10.7908 Y68.0251 F480
G1 X10.8926 Y67.9471
G1 X10.9706 Y67.8453
G1 X11.0197 Y67.7267
G1 X11.0365 Y67.5996
G1 X11.0197 Y67.4725
G1 X10.9706 Y67.3539
G1 X10.8926 Y67.2521
G1 X10.7908 Y67.1740
G1 X10.6723 Y67.1250
G1 X10.5451 Y67.1082
G1 X10.4179 Y67.1250
G1 X10.2994 Y67.1741
G1 X10.1976 Y67.2522
G1 X10.1196 Y67.3539
G1 X10.0705 Y67.4724
G1 X10.0537 Y67.5996
G1 X10.0705 Y67.7268
G1 X10.1196 Y67.8453
G1 X10.1976 Y67.9471
G1 X10.2994 Y68.0251
G1 X10.4180 Y68.0742
G1 X10.5451 Y68.0910
G1 X10.6722 Y68.0742
G00 Z4.9900
G00 X26.8010 Y64.5212
G1 Z0.0900 F200
G1 X26.9173 Y65.0308 Z-0.0022
G1 X27.1083 Y65.5174 Z-0.0943
G1 X27.3696 Y65.9700 Z-0.1865
G1 X27.6955 Y66.3787 Z-0.2787
G1 X28.0787 Y66.7342 Z-0.3708
G1 X28.5105 Y67.0287 Z-0.4630
G1 X28.9814 Y67.2554 Z-0.5551
G1 X29.4810 Y67.4095 Z-0.6473
G1 X29.9977 Y67.4874 Z-0.7395
G1 X30.5204 Z-0.8317
G1 X31.0372 Y67.4095 Z-0.9238
G1 X31.5368 Y67.2554 Z-1.0160
G1 X32.0077 Y67.0287 Z-1.1081
G1 X32.4395 Y66.7342 Z-1.2003
G1 X32.8227 Y66.3787 Z-1.2925
G1 X33.1486 Y65.9700 Z-1.3846
G1 X33.4099 Y65.5174 Z-1.4768
G1 X33.6009 Y65.0308 Z-1.5690
G1 X33.7172 Y64.5212 Z-1.6611
G1 X33.7591 Y63.9626 Z-1.7599
G1 Y36.4556 Z-2.3736
G1 X35.2756 Y35.7228 F480
G1 X36.1376 Y35.1988
G1 X36.9455 Y34.5943
G1 X37.6914 Y33.9153
G1 X38.3688 Y33.1677
G1 X38.9712 Y32.3587
G1 X39.4934 Y31.4953
G1 X39.9302 Y30.5861
G1 X40.2777 Y29.6391
G1 X40.5327 Y28.6629
G1 X40.6929 Y27.6670
G1 X40.7567 Y26.6601
G1 X40.7236 Y25.6520
G1 X40.5939 Y24.6515
G1 X40.3688 Y23.6681
G1 X40.0503 Y22.7108
G1 X39.6415 Y21.7887
G1 X39.1460 Y20.9099
G1 X38.5684 Y20.0828
G1 X37.9141 Y19.3149
G1 X37.1893 Y18.6134
G1 X36.4003 Y17.9846
G1 X35.5547 Y17.4346
G1 X34.6602 Y16.9682
G1 X33.7250 Y16.5897
G1 X32.7580 Y16.3029
G1 X31.7675 Y16.1101
G1 X30.7636 Y16.0133
G1 X29.7546
G1 X28.7507 Y16.1101
G1 X27.7602 Y16.3029
G1 X26.7932 Y16.5897
G1 X25.8580 Y16.9682
G1 X24.9635 Y17.4346
G1 X24.1179 Y17.9846
G1 X23.3289 Y18.6134
G1 X22.6041 Y19.3149
G1 X21.9498 Y20.0828
G1 X21.3722 Y20.9099
G1 X20.8767 Y21.7887
G1 X20.4679 Y22.7108
G1 X20.1494 Y23.6681
G1 X19.9243 Y24.6515
G1 X19.7946 Y25.6520
G1 X19.7615 Y26.6601
G1 X19.8253 Y27.6670
G1 X19.9855 Y28.6629
G1 X20.2405 Y29.6391
G1 X20.5880 Y30.5861
G1 X21.0248 Y31.4953
G1 X21.5470 Y32.3587
G1 X22.1494 Y33.1677
G1 X22.8268 Y33.9153
G1 X23.5727 Y34.5943
G1 X24.3806 Y35.1988
G1 X25.2426 Y35.7228
G1 X26.7591 Y36.4556
G1 Y63.9626
G1 X26.8010 Y64.5212
G1 X26.9173 Y65.0308
G1 X27.1083 Y65.5174
G1 X27.3696 Y65.9700
G1 X27.6955 Y66.3787
G1 X28.0787 Y66.7342
G1 X28.5105 Y67.0287
G1 X28.9814 Y67.2554
G1 X29.4810 Y67.4095
G1 X29.9977 Y67.4874
G1 X30.5204
G1 X31.0372 Y67.4095
G1 X31.5368 Y67.2554
G1 X32.0077 Y67.0287
G1 X32.4395 Y66.7342
G1 X32.8227 Y66.3787
G1 X33.1486 Y65.9700
G1 X33.4099 Y65.5174
G1 X33.6009 Y65.0308
G1 X33.7172 Y64.5212
G1 X33.7591 Y63.9626
G1 Y36.4556
G00 Z4.9900
G00 X49.2292 Y21.0835
G1 Z0.0900 F200
G1 X49.4683 Y21.2686 Z0.0367
G1 X49.7399 Y21.4018 Z-0.0167
G1 X50.0327 Y21.4776 Z-0.0700
G1 X50.3349 Y21.4929 Z-0.1233
G1 X50.6337 Y21.4472 Z-0.1767
G1 X50.9174 Y21.3421 Z-0.2300
G1 X51.1741 Y21.1821 Z-0.2833
G1 X51.3933 Y20.9737 Z-0.3367
G1 X51.5661 Y20.7255 Z-0.3900
G1 X51.6854 Y20.4475 Z-0.4433
G1 X51.7463 Y20.1512 Z-0.4967
G1 Y19.8488 Z-0.5500
G1 X51.6854 Y19.5525 Z-0.6033
G1 X51.5661 Y19.2746 Z-0.6567
G1 X51.3933 Y19.0263 Z-0.7100
G1 X51.1741 Y18.8179 Z-0.7633
G1 X50.9174 Y18.6579 Z-0.8166
G1 X50.6337 Y18.5529 Z-0.8700
G1 X50.3348 Y18.5071 Z-0.9233
G1 X50.0327 Y18.5224 Z-0.9766
G1 X49.7399 Y18.5982 Z-1.0300
G1 X49.4684 Y18.7314 Z-1.0833
G1 X49.2292 Y18.9166 Z-1.1366
G1 X49.0322 Y19.1461 Z-1.1900
G1 X48.8854 Y19.4105 Z-1.2433
G1 X48.7949 Y19.6991 Z-1.2966
G1 X48.7643 Y20.0 Z-1.3500
G1 X48.7948 Y20.3009 Z-1.4033
G1 X48.8854 Y20.5896 Z-1.4566
G1 X49.0322 Y20.8539 Z-1.5100
G1 X49.2292 Y21.0835 Z-1.5633
G1 X49.4683 Y21.2686 Z-1.6166
G1 X49.7399 Y21.4018 Z-1.6700
G1 X50.0327 Y21.4776 Z-1.7233
G1 X50.3349 Y21.4929 Z-1.7766
G1 X50.6337 Y21.4472 Z-1.8300
G1 X50.9174 Y21.3421 Z-1.8833
G1 X51.1741 Y21.1821 Z-1.9366
G1 X51.3933 Y20.9737 Z-1.9900
G1 X51.5661 Y20.7255 Z-2.0433
G1 X51.6854 Y20.4475 Z-2.0966
G1 X51.7463 Y20.1512 Z-2.1500
G1 Y19.8488 Z-2.2033
G1 X51.6854 Y19.5525 Z-2.2566
G1 X51.5661 Y19.2746 Z-2.3099
G1 X51.3933 Y19.0263 Z-2.3633
G1 X51.1741 Y18.8179 Z-2.3736
G1 X50.9174 Y18.6579 F480
G1 X50.6337 Y18.5529
G1 X50.3348 Y18.5071
G1 X50.0327 Y18.5224
G1 X49.7399 Y18.5982
G1 X49.4684 Y18.7314
G1 X49.2292 Y18.9166
G1 X49.0322 Y19.1461
G1 X48.8854 Y19.4105
G1 X48.7949 Y19.6991
G1 X48.7643 Y20.0
G1 X48.7948 Y20.3009
G1 X48.8854 Y20.5896
G1 X49.0322 Y20.8539
G1 X49.2292 Y21.0835
G1 X49.4683 Y21.2686
G1 X49.7399 Y21.4018
G1 X50.0327 Y21.4776
G1 X50.3349 Y21.4929
G1 X50.6337 Y21.4472
G1 X50.9174 Y21.3421
G1 X51.1741 Y21.1821
G1 X51.3933 Y20.9737
G1 X51.5661 Y20.7255
G1 X51.6854 Y20.4475
G1 X51.7463 Y20.1512
G1 Y19.8488
G1 X51.6854 Y19.5525
G1 X51.5661 Y19.2746
G1 X51.3933 Y19.0263
G1 X51.1741 Y18.8179
G00 Z4.9900
G00 X50.3348 Y11.4929
G1 Z0.0900 F200
G1 X50.6337 Y11.4471 Z0.0367
G1 X50.9174 Y11.3421 Z-0.0167
G1 X51.1741 Y11.1821 Z-0.0700
G1 X51.3933 Y10.9737 Z-0.1233
G1 X51.5661 Y10.7255 Z-0.1767
G1 X51.6854 Y10.4475 Z-0.2300
G1 X51.7463 Y10.1512 Z-0.2833
G1 Y9.8488 Z-0.3366
G1 X51.6854 Y9.5525 Z-0.3900
G1 X51.5661 Y9.2746 Z-0.4433
G1 X51.3933 Y9.0263 Z-0.4967
G1 X51.1741 Y8.8179 Z-0.5500
G1 X50.9174 Y8.6579 Z-0.6033
G1 X50.6338 Y8.5529 Z-0.6566
G1 X50.3348 Y8.5071 Z-0.7100
G1 X50.0327 Y8.5224 Z-0.7633
G1 X49.7399 Y8.5982 Z-0.8166
G1 X49.4683 Y8.7314 Z-0.8700
G1 X49.2292 Y8.9165 Z-0.9233
G1 X49.0322 Y9.1461 Z-0.9766
G1 X48.8854 Y9.4105 Z-1.0300
G1 X48.7949 Y9.6991 Z-1.0833
G1 X48.7643 Y10.0 Z-1.1366
G1 X48.7948 Y10.3009 Z-1.1900
G1 X48.8854 Y10.5895 Z-1.2433
G1 X49.0322 Y10.8540 Z-1.2966
G1 X49.2292 Y11.0835 Z-1.3500
G1 X49.4683 Y11.2686 Z-1.4033
G1 X49.7399 Y11.4018 Z-1.4566
G1 X50.0327 Y11.4776 Z-1.5100
G1 X50.3348 Y11.4929 Z-1.5633
G1 X50.6337 Y11.4471 Z-1.6166
G1 X50.9174 Y11.3421 Z-1.6700
G1 X51.1741 Y11.1821 Z-1.7233
G1 X51.3933 Y10.9737 Z-1.7766
G1 X51.5661 Y10.7255 Z-1.8300
G1 X51.6854 Y10.4475 Z-1.8833
G1 X51.7463 Y10.1512 Z-1.9366
G1 Y9.8488 Z-1.9899
G1 X51.6854 Y9.5525 Z-2.0433
G1 X51.5661 Y9.2746 Z-2.0966
G1 X51.3933 Y9.0263 Z-2.1499
G1 X51.1741 Y8.8179 Z-2.2033
G1 X50.9174 Y8.6579 Z-2.2566
G1 X50.6338 Y8.5529 Z-2.3099
G1 X50.3348 Y8.5071 Z-2.3633
G1 X50.0327 Y8.5224 Z-2.3736
G1 X49.7399 Y8.5982 F480
G1 X49.4683 Y8.7314
G1 X49.2292 Y8.9165
G1 X49.0322 Y9.1461
G1 X48.8854 Y9.4105
G1 X48.7949 Y9.6991
G1 X48.7643 Y10.0
G1 X48.7948 Y10.3009
G1 X48.8854 Y10.5895
G1 X49.0322 Y10.8540
G1 X49.2292 Y11.0835
G1 X49.4683 Y11.2686
G1 X49.7399 Y11.4018
G1 X50.0327 Y11.4776
G1 X50.3348 Y11.4929
G1 X50.6337 Y11.4471
G1 X50.9174 Y11.3421
G1 X51.1741 Y11.1821
G1 X51.3933 Y10.9737
G1 X51.5661 Y10.7255
G1 X51.6854 Y10.4475
G1 X51.7463 Y10.1512
G1 Y9.8488
G1 X51.6854 Y9.5525
G1 X51.5661 Y9.2746
G1 X51.3933 Y9.0263
G1 X51.1741 Y8.8179
G1 X50.9174 Y8.6579
G1 X50.6338 Y8.5529
G1 X50.3348 Y8.5071
G1 X50.0327 Y8.5224
G00 Z4.9900
G00 X11.7463 Y9.8488
G1 Z0.0900 F200
G1 X11.6854 Y9.5525 Z0.0367
G1 X11.5661 Y9.2746 Z-0.0167
G1 X11.3933 Y9.0263 Z-0.0700
G1 X11.1741 Y8.8179 Z-0.1233
G1 X10.9175 Y8.6580 Z-0.1767
G1 X10.6338 Y8.5529 Z-0.2300
G1 X10.3349 Y8.5071 Z-0.2833
G1 X10.0327 Y8.5224 Z-0.3367
G1 X9.7399 Y8.5982 Z-0.3900
G1 X9.4684 Y8.7314 Z-0.4433
G1 X9.2292 Y8.9166 Z-0.4967
G1 X9.0322 Y9.1461 Z-0.5500
G1 X8.8854 Y9.4105 Z-0.6033
G1 X8.7949 Y9.6991 Z-0.6567
G1 X8.7643 Y10.0 Z-0.7100
G1 X8.7949 Y10.3009 Z-0.7633
G1 X8.8854 Y10.5895 Z-0.8166
G1 X9.0322 Y10.8540 Z-0.8700
G1 X9.2292 Y11.0835 Z-0.9233
G1 X9.4684 Y11.2686 Z-0.9766
G1 X9.7399 Y11.4018 Z-1.0300
G1 X10.0327 Y11.4776 Z-1.0833
G1 X10.3349 Y11.4929 Z-1.1367
G1 X10.6338 Y11.4471 Z-1.1900
G1 X10.9175 Y11.3421 Z-1.2433
G1 X11.1741 Y11.1821 Z-1.2966
G1 X11.3933 Y10.9737 Z-1.3500
G1 X11.5661 Y10.7255 Z-1.4033
G1 X11.6854 Y10.4475 Z-1.4566
G1 X11.7463 Y10.1512 Z-1.5100
G1 Y9.8488 Z-1.5633
G1 X11.6854 Y9.5525 Z-1.6166
G1 X11.5661 Y9.2746 Z-1.6700
G1 X11.3933 Y9.0263 Z-1.7233
G1 X11.1741 Y8.8179 Z-1.7766
G1 X10.9175 Y8.6580 Z-1.8300
G1 X10.6338 Y8.5529 Z-1.8833
G1 X10.3349 Y8.5071 Z-1.9366
G1 X10.0327 Y8.5224 Z-1.9900
G1 X9.7399 Y8.5982 Z-2.0433
G1 X9.4684 Y8.7314 Z-2.0966
G1 X9.2292 Y8.9166 Z-2.1500
G1 X9.0322 Y9.1461 Z-2.2033
G1 X8.8854 Y9.4105 Z-2.2566
G1 X8.7949 Y9.6991 Z-2.3100
G1 X8.7643 Y10.0 Z-2.3633
G1 X8.7949 Y10.3009 Z-2.3736
G1 X8.8854 Y10.5895 F480
G1 X9.0322 Y10.8540
G1 X9.2292 Y11.0835
G1 X9.4684 Y11.2686
G1 X9.7399 Y11.4018
G1 X10.0327 Y11.4776
G1 X10.3349 Y11.4929
G1 X10.6338 Y11.4471
G1 X10.9175 Y11.3421
G1 X11.1741 Y11.1821
G1 X11.3933 Y10.9737
G1 X11.5661 Y10.7255
G1 X11.6854 Y10.4475
G1 X11.7463 Y10.1512
G1 Y9.8488
G1 X11.6854 Y9.5525
G1 X11.5661 Y9.2746
G1 X11.3933 Y9.0263
G1 X11.1741 Y8.8179
G1 X10.9175 Y8.6580
G1 X10.6338 Y8.5529
G1 X10.3349 Y8.5071
G1 X10.0327 Y8.5224
G1 X9.7399 Y8.5982
G1 X9.4684 Y8.7314
G1 X9.2292 Y8.9166
G1 X9.0322 Y9.1461
G1 X8.8854 Y9.4105
G1 X8.7949 Y9.6991
G1 X8.7643 Y10.0
G1 X8.7949 Y10.3009
G00 Z4.9900
G00 X10.0328 Y18.5224
G1 Z0.0900 F200
G1 X9.7399 Y18.5982 Z0.0367
G1 X9.4684 Y18.7314 Z-0.0167
G1 X9.2292 Y18.9166 Z-0.0700
G1 X9.0322 Y19.1461 Z-0.1233
G1 X8.8854 Y19.4105 Z-0.1767
G1 X8.7949 Y19.6991 Z-0.2300
G1 X8.7643 Y20.0 Z-0.2833
G1 X8.7949 Y20.3010 Z-0.3367
G1 X8.8854 Y20.5895 Z-0.3900
G1 X9.0322 Y20.8540 Z-0.4433
G1 X9.2292 Y21.0835 Z-0.4967
G1 X9.4684 Y21.2686 Z-0.5500
G1 X9.7399 Y21.4018 Z-0.6033
G1 X10.0327 Y21.4776 Z-0.6567
G1 X10.3349 Y21.4929 Z-0.7100
G1 X10.6338 Y21.4472 Z-0.7633
G1 X10.9174 Y21.3421 Z-0.8166
G1 X11.1741 Y21.1821 Z-0.8700
G1 X11.3934 Y20.9737 Z-0.9233
G1 X11.5661 Y20.7255 Z-0.9766
G1 X11.6854 Y20.4475 Z-1.0300
G1 X11.7463 Y20.1512 Z-1.0833
G1 Y19.8488 Z-1.1366
G1 X11.6854 Y19.5525 Z-1.1900
G1 X11.5661 Y19.2746 Z-1.2433
G1 X11.3933 Y19.0263 Z-1.2966
G1 X11.1741 Y18.8179 Z-1.3500
G1 X10.9174 Y18.6579 Z-1.4033
G1 X10.6338 Y18.5529 Z-1.4566
G1 X10.3349 Y18.5071 Z-1.5100
G1 X10.0328 Y18.5224 Z-1.5633
G1 X9.7399 Y18.5982 Z-1.6166
G1 X9.4684 Y18.7314 Z-1.6700
G1 X9.2292 Y18.9166 Z-1.7233
G1 X9.0322 Y19.1461 Z-1.7766
G1 X8.8854 Y19.4105 Z-1.8300
G1 X8.7949 Y19.6991 Z-1.8833
G1 X8.7643 Y20.0 Z-1.9366
G1 X8.7949 Y20.3010 Z-1.9900
G1 X8.8854 Y20.5895 Z-2.0433
G1 X9.0322 Y20.8540 Z-2.0966
G1 X9.2292 Y21.0835 Z-2.1500
G1 X9.4684 Y21.2686 Z-2.2033
G1 X9.7399 Y21.4018 Z-2.2566
G1 X10.0327 Y21.4776 Z-2.3100
G1 X10.3349 Y21.4929 Z-2.3633
G1 X10.6338 Y21.4472 Z-2.3736
G1 X10.9174 Y21.3421 F480
G1 X11.1741 Y21.1821
G1 X11.3934 Y20.9737
G1 X11.5661 Y20.7255
G1 X11.6854 Y20.4475
G1 X11.7463 Y20.1512
G1 Y19.8488
G1 X11.6854 Y19.5525
G1 X11.5661 Y19.2746
G1 X11.3933 Y19.0263
G1 X11.1741 Y18.8179
G1 X10.9174 Y18.6579
G1 X10.6338 Y18.5529
G1 X10.3349 Y18.5071
G1 X10.0328 Y18.5224
G1 X9.7399 Y18.5982
G1 X9.4684 Y18.7314
G1 X9.2292 Y18.9166
G1 X9.0322 Y19.1461
G1 X8.8854 Y19.4105
G1 X8.7949 Y19.6991
G1 X8.7643 Y20.0
G1 X8.7949 Y20.3010
G1 X8.8854 Y20.5895
G1 X9.0322 Y20.8540
G1 X9.2292 Y21.0835
G1 X9.4684 Y21.2686
G1 X9.7399 Y21.4018
G1 X10.0327 Y21.4776
G1 X10.3349 Y21.4929
G1 X10.6338 Y21.4472
G00 Z4.9900
G00 Y8.5529
G1 Z0.0900 F200
G1 X10.3349 Y8.5071 Z0.0367
G1 X10.0327 Y8.5224 Z-0.0167
G1 X9.7399 Y8.5982 Z-0.0700
G1 X9.4684 Y8.7314 Z-0.1233
G1 X9.2292 Y8.9166 Z-0.1767
G1 X9.0322 Y9.1461 Z-0.2300
G1 X8.8854 Y9.4105 Z-0.2833
G1 X8.7949 Y9.6991 Z-0.3367
G1 X8.7643 Y10.0 Z-0.3900
G1 X8.7949 Y10.3009 Z-0.4433
G1 X8.8854 Y10.5895 Z-0.4966
G1 X9.0322 Y10.8540 Z-0.5500
G1 X9.2292 Y11.0835 Z-0.6033
G1 X9.4684 Y11.2686 Z-0.6566
G1 X9.7399 Y11.4018 Z-0.7100
G1 X10.0327 Y11.4776 Z-0.7633
G1 X10.3349 Y11.4929 Z-0.8167
G1 X10.6338 Y11.4471 Z-0.8700
G1 X10.9175 Y11.3421 Z-0.9233
G1 X11.1741 Y11.1821 Z-0.9766
G1 X11.3933 Y10.9737 Z-1.0300
G1 X11.5661 Y10.7255 Z-1.0833
G1 X11.6854 Y10.4475 Z-1.1366
G1 X11.7463 Y10.1512 Z-1.1900
G1 Y9.8488 Z-1.2433
G1 X11.6854 Y9.5525 Z-1.2966
G1 X11.5661 Y9.2746 Z-1.3500
G1 X11.3933 Y9.0263 Z-1.4033
G1 X11.1741 Y8.8179 Z-1.4566
G1 X10.9175 Y8.6580 Z-1.5100
G1 X10.6338 Y8.5529 Z-1.5633
G1 X10.3349 Y8.5071 Z-1.6166
G1 X10.0327 Y8.5224 Z-1.6700
G1 X9.7399 Y8.5982 Z-1.7233
G1 X9.4684 Y8.7314 Z-1.7766
G1 X9.2292 Y8.9166 Z-1.8300
G1 X9.0322 Y9.1461 Z-1.8833
G1 X8.8854 Y9.4105 Z-1.9366
G1 X8.7949 Y9.6991 Z-1.9900
G1 X8.7643 Y10.0 Z-2.0433
G1 X8.7949 Y10.3009 Z-2.0966
G1 X8.8854 Y10.5895 Z-2.1499
G1 X9.0322 Y10.8540 Z-2.2033
G1 X9.2292 Y11.0835 Z-2.2566
G1 X9.4684 Y11.2686 Z-2.3099
G1 X9.7399 Y11.4018 Z-2.3633
G1 X10.0327 Y11.4776 Z-2.4166
G1 X10.3349 Y11.4929 Z-2.4700
G1 X10.6338 Y11.4471 Z-2.5233
G1 X10.9175 Y11.3421 Z-2.5766
G1 X11.1741 Y11.1821 Z-2.6299
G1 X11.3933 Y10.9737 Z-2.6833
G1 X11.5661 Y10.7255 Z-2.7366
G1 X11.6854 Y10.4475 Z-2.7899
G1 X11.7463 Y10.1512 Z-2.8433
G1 Y9.8488 Z-2.8464
G1 X11.6854 Y9.5525 F480
G1 X11.5661 Y9.2746
G1 X11.3933 Y9.0263
G1 X11.1741 Y8.8179
G1 X10.9175 Y8.6580
G1 X10.6338 Y8.5529
G1 X10.3349 Y8.5071
G1 X10.0327 Y8.5224
G1 X9.7399 Y8.5982
G1 X9.4684 Y8.7314
G1 X9.2292 Y8.9166
G1 X9.0322 Y9.1461
G1 X8.8854 Y9.4105
G1 X8.7949 Y9.6991
G1 X8.7643 Y10.0
G1 X8.7949 Y10.3009
G1 X8.8854 Y10.5895
G1 X9.0322 Y10.8540
G1 X9.2292 Y11.0835
G1 X9.4684 Y11.2686
G1 X9.7399 Y11.4018
G1 X10.0327 Y11.4776
G1 X10.3349 Y11.4929
G1 X10.6338 Y11.4471
G1 X10.9175 Y11.3421
G1 X11.1741 Y11.1821
G1 X11.3933 Y10.9737
G1 X11.5661 Y10.7255
G1 X11.6854 Y10.4475
G1 X11.7463 Y10.1512
G1 Y9.8488
G00 Z4.9900
G00 X10.3349 Y18.5071
G1 Z0.0900 F200
G1 X10.0328 Y18.5224 Z0.0367
G1 X9.7399 Y18.5982 Z-0.0167
G1 X9.4684 Y18.7314 Z-0.0700
G1 X9.2292 Y18.9166 Z-0.1233
G1 X9.0322 Y19.1461 Z-0.1767
G1 X8.8854 Y19.4105 Z-0.2300
G1 X8.7949 Y19.6991 Z-0.2833
G1 X8.7643 Y20.0 Z-0.3367
G1 X8.7949 Y20.3010 Z-0.3900
G1 X8.8854 Y20.5895 Z-0.4433
G1 X9.0322 Y20.8540 Z-0.4967
G1 X9.2292 Y21.0835 Z-0.5500
G1 X9.4684 Y21.2686 Z-0.6033
G1 X9.7399 Y21.4018 Z-0.6567
G1 X10.0327 Y21.4776 Z-0.7100
G1 X10.3349 Y21.4929 Z-0.7633
G1 X10.6338 Y21.4472 Z-0.8167
G1 X10.9174 Y21.3421 Z-0.8700
G1 X11.1741 Y21.1821 Z-0.9233
G1 X11.3934 Y20.9737 Z-0.9767
G1 X11.5661 Y20.7255 Z-1.0300
G1 X11.6854 Y20.4475 Z-1.0833
G1 X11.7463 Y20.1512 Z-1.1367
G1 Y19.8488 Z-1.1900
G1 X11.6854 Y19.5525 Z-1.2433
G1 X11.5661 Y19.2746 Z-1.2966
G1 X11.3933 Y19.0263 Z-1.3500
G1 X11.1741 Y18.8179 Z-1.4033
G1 X10.9174 Y18.6579 Z-1.4566
G1 X10.6338 Y18.5529 Z-1.5100
G1 X10.3349 Y18.5071 Z-1.5633
G1 X10.0328 Y18.5224 Z-1.6166
G1 X9.7399 Y18.5982 Z-1.6700
G1 X9.4684 Y18.7314 Z-1.7233
G1 X9.2292 Y18.9166 Z-1.7766
G1 X9.0322 Y19.1461 Z-1.8300
G1 X8.8854 Y19.4105 Z-1.8833
G1 X8.7949 Y19.6991 Z-1.9366
G1 X8.7643 Y20.0 Z-1.9900
G1 X8.7949 Y20.3010 Z-2.0433
G1 X8.8854 Y20.5895 Z-2.0966
G1 X9.0322 Y20.8540 Z-2.1500
G1 X9.2292 Y21.0835 Z-2.2033
G1 X9.4684 Y21.2686 Z-2.2566
G1 X9.7399 Y21.4018 Z-2.3100
G1 X10.0327 Y21.4776 Z-2.3633
G1 X10.3349 Y21.4929 Z-2.4166
G1 X10.6338 Y21.4472 Z-2.4700
G1 X10.9174 Y21.3421 Z-2.5233
G1 X11.1741 Y21.1821 Z-2.5766
G1 X11.3934 Y20.9737 Z-2.6300
G1 X11.5661 Y20.7255 Z-2.6833
G1 X11.6854 Y20.4475 Z-2.7366
G1 X11.7463 Y20.1512 Z-2.7900
G1 Y19.8488 Z-2.8433
G1 X11.6854 Y19.5525 Z-2.8464
G1 X11.5661 Y19.2746 F480
G1 X11.3933 Y19.0263
G1 X11.1741 Y18.8179
G1 X10.9174 Y18.6579
G1 X10.6338 Y18.5529
G1 X10.3349 Y18.5071
G1 X10.0328 Y18.5224
G1 X9.7399 Y18.5982
G1 X9.4684 Y18.7314
G1 X9.2292 Y18.9166
G1 X9.0322 Y19.1461
G1 X8.8854 Y19.4105
G1 X8.7949 Y19.6991
G1 X8.7643 Y20.0
G1 X8.7949 Y20.3010
G1 X8.8854 Y20.5895
G1 X9.0322 Y20.8540
G1 X9.2292 Y21.0835
G1 X9.4684 Y21.2686
G1 X9.7399 Y21.4018
G1 X10.0327 Y21.4776
G1 X10.3349 Y21.4929
G1 X10.6338 Y21.4472
G1 X10.9174 Y21.3421
G1 X11.1741 Y21.1821
G1 X11.3934 Y20.9737
G1 X11.5661 Y20.7255
G1 X11.6854 Y20.4475
G1 X11.7463 Y20.1512
G1 Y19.8488
G1 X11.6854 Y19.5525
G00 Z4.9900
G00 X20.4679 Y22.7108
G1 Z0.0900 F200
G1 X20.1494 Y23.6681 Z-0.0879
G1 X19.9243 Y24.6515 Z-0.2658
G1 X19.7946 Y25.6520 Z-0.4437
G1 X19.7615 Y26.6601 Z-0.6215
G1 X19.8253 Y27.6670 Z-0.7994
G1 X19.9855 Y28.6629 Z-0.9773
G1 X20.2405 Y29.6391 Z-1.1552
G1 X20.5880 Y30.5861 Z-1.3331
G1 X21.0248 Y31.4953 Z-1.5109
G1 X21.5470 Y32.3587 Z-1.6888
G1 X22.1494 Y33.1677 Z-1.8667
G1 X22.8268 Y33.9153 Z-2.0446
G1 X23.5727 Y34.5943 Z-2.2224
G1 X24.3806 Y35.1988 Z-2.4003
G1 X25.2426 Y35.7228 Z-2.5782
G1 X26.7591 Y36.4556 Z-2.8464
G1 Y63.9626 F480
G1 X26.8010 Y64.5212
G1 X26.9173 Y65.0308
G1 X27.1083 Y65.5174
G1 X27.3696 Y65.9700
G1 X27.6955 Y66.3787
G1 X28.0787 Y66.7342
G1 X28.5105 Y67.0287
G1 X28.9814 Y67.2554
G1 X29.4810 Y67.4095
G1 X29.9977 Y67.4874
G1 X30.5204
G1 X31.0372 Y67.4095
G1 X31.5368 Y67.2554
G1 X32.0077 Y67.0287
G1 X32.4395 Y66.7342
G1 X32.8227 Y66.3787
G1 X33.1486 Y65.9700
G1 X33.4099 Y65.5174
G1 X33.6009 Y65.0308
G1 X33.7172 Y64.5212
G1 X33.7591 Y63.9626
G1 Y36.4556
G1 X35.2756 Y35.7228
G1 X36.1376 Y35.1988
G1 X36.9455 Y34.5943
G1 X37.6914 Y33.9153
G1 X38.3688 Y33.1677
G1 X38.9712 Y32.3587
G1 X39.4934 Y31.4953
G1 X39.9302 Y30.5861
G1 X40.2777 Y29.6391
G1 X40.5327 Y28.6629
G1 X40.6929 Y27.6670
G1 X40.7567 Y26.6601
G1 X40.7236 Y25.6520
G1 X40.5939 Y24.6515
G1 X40.3688 Y23.6681
G1 X40.0503 Y22.7108
G1 X39.6415 Y21.7887
G1 X39.1460 Y20.9099
G1 X38.5684 Y20.0828
G1 X37.9141 Y19.3149
G1 X37.1893 Y18.6134
G1 X36.4003 Y17.9846
G1 X35.5547 Y17.4346
G1 X34.6602 Y16.9682
G1 X33.7250 Y16.5897
G1 X32.7580 Y16.3029
G1 X31.7675 Y16.1101
G1 X30.7636 Y16.0133
G1 X29.7546
G1 X28.7507 Y16.1101
G1 X27.7602 Y16.3029
G1 X26.7932 Y16.5897
G1 X25.8580 Y16.9682
G1 X24.9635 Y17.4346
G1 X24.1179 Y17.9846
G1 X23.3289 Y18.6134
G1 X22.6041 Y19.3149
G1 X21.9498 Y20.0828
G1 X21.3722 Y20.9099
G1 X20.8767 Y21.7887
G1 X20.4679 Y22.7108
G1 X20.1494 Y23.6681
G1 X19.9243 Y24.6515
G1 X19.7946 Y25.6520
G1 X19.7615 Y26.6601
G1 X19.8253 Y27.6670
G1 X19.9855 Y28.6629
G1 X20.2405 Y29.6391
G1 X20.5880 Y30.5861
G1 X21.0248 Y31.4953
G1 X21.5470 Y32.3587
G1 X22.1494 Y33.1677
G1 X22.8268 Y33.9153
G1 X23.5727 Y34.5943
G1 X24.3806 Y35.1988
G1 X25.2426 Y35.7228
G1 X26.7591 Y36.4556
G00 Z4.9900
G00 X49.0322 Y20.8539
G1 Z0.0900 F200
G1 X49.2292 Y21.0835 Z0.0367
G1 X49.4683 Y21.2686 Z-0.0167
G1 X49.7399 Y21.4018 Z-0.0700
G1 X50.0327 Y21.4776 Z-0.1233
G1 X50.3349 Y21.4929 Z-0.1767
G1 X50.6337 Y21.4472 Z-0.2300
G1 X50.9174 Y21.3421 Z-0.2833
G1 X51.1741 Y21.1821 Z-0.3367
G1 X51.3933 Y20.9737 Z-0.3900
G1 X51.5661 Y20.7255 Z-0.4433
G1 X51.6854 Y20.4475 Z-0.4967
G1 X51.7463 Y20.1512 Z-0.5500
G1 Y19.8488 Z-0.6033
G1 X51.6854 Y19.5525 Z-0.6567
G1 X51.5661 Y19.2746 Z-0.7100
G1 X51.3933 Y19.0263 Z-0.7633
G1 X51.1741 Y18.8179 Z-0.8166
G1 X50.9174 Y18.6579 Z-0.8700
G1 X50.6337 Y18.5529 Z-0.9233
G1 X50.3348 Y18.5071 Z-0.9766
G1 X50.0327 Y18.5224 Z-1.0300
G1 X49.7399 Y18.5982 Z-1.0833
G1 X49.4684 Y18.7314 Z-1.1366
G1 X49.2292 Y18.9166 Z-1.1900
G1 X49.0322 Y19.1461 Z-1.2433
G1 X48.8854 Y19.4105 Z-1.2966
G1 X48.7949 Y19.6991 Z-1.3500
G1 X48.7643 Y20.0 Z-1.4033
G1 X48.7948 Y20.3009 Z-1.4566
G1 X48.8854 Y20.5896 Z-1.5100
G1 X49.0322 Y20.8539 Z-1.5633
G1 X49.2292 Y21.0835 Z-1.6166
G1 X49.4683 Y21.2686 Z-1.6700
G1 X49.7399 Y21.4018 Z-1.7233
G1 X50.0327 Y21.4776 Z-1.7766
G1 X50.3349 Y21.4929 Z-1.8300
G1 X50.6337 Y21.4472 Z-1.8833
G1 X50.9174 Y21.3421 Z-1.9366
G1 X51.1741 Y21.1821 Z-1.9900
G1 X51.3933 Y20.9737 Z-2.0433
G1 X51.5661 Y20.7255 Z-2.0966
G1 X51.6854 Y20.4475 Z-2.1500
G1 X51.7463 Y20.1512 Z-2.2033
G1 Y19.8488 Z-2.2566
G1 X51.6854 Y19.5525 Z-2.3100
G1 X51.5661 Y19.2746 Z-2.3633
G1 X51.3933 Y19.0263 Z-2.4166
G1 X51.1741 Y18.8179 Z-2.4699
G1 X50.9174 Y18.6579 Z-2.5233
G1 X50.6337 Y18.5529 Z-2.5766
G1 X50.3348 Y18.5071 Z-2.6299
G1 X50.0327 Y18.5224 Z-2.6833
G1 X49.7399 Y18.5982 Z-2.7366
G1 X49.4684 Y18.7314 Z-2.7899
G1 X49.2292 Y18.9166 Z-2.8433
G1 X49.0322 Y19.1461 Z-2.8464
G1 X48.8854 Y19.4105 F480
G1 X48.7949 Y19.6991
G1 X48.7643 Y20.0
G1 X48.7948 Y20.3009
G1 X48.8854 Y20.5896
G1 X49.0322 Y20.8539
G1 X49.2292 Y21.0835
G1 X49.4683 Y21.2686
G1 X49.7399 Y21.4018
G1 X50.0327 Y21.4776
G1 X50.3349 Y21.4929
G1 X50.6337 Y21.4472
G1 X50.9174 Y21.3421
G1 X51.1741 Y21.1821
G1 X51.3933 Y20.9737
G1 X51.5661 Y20.7255
G1 X51.6854 Y20.4475
G1 X51.7463 Y20.1512
G1 Y19.8488
G1 X51.6854 Y19.5525
G1 X51.5661 Y19.2746
G1 X51.3933 Y19.0263
G1 X51.1741 Y18.8179
G1 X50.9174 Y18.6579
G1 X50.6337 Y18.5529
G1 X50.3348 Y18.5071
G1 X50.0327 Y18.5224
G1 X49.7399 Y18.5982
G1 X49.4684 Y18.7314
G1 X49.2292 Y18.9166
G1 X49.0322 Y19.1461
G00 Z4.9900
G00 X50.0327 Y11.4776
G1 Z0.0900 F200
G1 X50.3348 Y11.4929 Z0.0367
G1 X50.6337 Y11.4471 Z-0.0167
G1 X50.9174 Y11.3421 Z-0.0700
G1 X51.1741 Y11.1821 Z-0.1233
G1 X51.3933 Y10.9737 Z-0.1767
G1 X51.5661 Y10.7255 Z-0.2300
G1 X51.6854 Y10.4475 Z-0.2833
G1 X51.7463 Y10.1512 Z-0.3367
G1 Y9.8488 Z-0.3900
G1 X51.6854 Y9.5525 Z-0.4433
G1 X51.5661 Y9.2746 Z-0.4967
G1 X51.3933 Y9.0263 Z-0.5500
G1 X51.1741 Y8.8179 Z-0.6033
G1 X50.9174 Y8.6579 Z-0.6567
G1 X50.6338 Y8.5529 Z-0.7100
G1 X50.3348 Y8.5071 Z-0.7633
G1 X50.0327 Y8.5224 Z-0.8167
G1 X49.7399 Y8.5982 Z-0.8700
G1 X49.4683 Y8.7314 Z-0.9233
G1 X49.2292 Y8.9165 Z-0.9766
G1 X49.0322 Y9.1461 Z-1.0300
G1 X48.8854 Y9.4105 Z-1.0833
G1 X48.7949 Y9.6991 Z-1.1366
G1 X48.7643 Y10.0 Z-1.1900
G1 X48.7948 Y10.3009 Z-1.2433
G1 X48.8854 Y10.5895 Z-1.2966
G1 X49.0322 Y10.8540 Z-1.3500
G1 X49.2292 Y11.0835 Z-1.4033
G1 X49.4683 Y11.2686 Z-1.4566
G1 X49.7399 Y11.4018 Z-1.5100
G1 X50.0327 Y11.4776 Z-1.5633
G1 X50.3348 Y11.4929 Z-1.6166
G1 X50.6337 Y11.4471 Z-1.6700
G1 X50.9174 Y11.3421 Z-1.7233
G1 X51.1741 Y11.1821 Z-1.7766
G1 X51.3933 Y10.9737 Z-1.8300
G1 X51.5661 Y10.7255 Z-1.8833
G1 X51.6854 Y10.4475 Z-1.9366
G1 X51.7463 Y10.1512 Z-1.9900
G1 Y9.8488 Z-2.0433
G1 X51.6854 Y9.5525 Z-2.0966
G1 X51.5661 Y9.2746 Z-2.1500
G1 X51.3933 Y9.0263 Z-2.2033
G1 X51.1741 Y8.8179 Z-2.2566
G1 X50.9174 Y8.6579 Z-2.3100
G1 X50.6338 Y8.5529 Z-2.3633
G1 X50.3348 Y8.5071 Z-2.4166
G1 X50.0327 Y8.5224 Z-2.4700
G1 X49.7399 Y8.5982 Z-2.5233
G1 X49.4683 Y8.7314 Z-2.5766
G1 X49.2292 Y8.9165 Z-2.6299
G1 X49.0322 Y9.1461 Z-2.6833
G1 X48.8854 Y9.4105 Z-2.7366
G1 X48.7949 Y9.6991 Z-2.7899
G1 X48.7643 Y10.0 Z-2.8433
G1 X48.7948 Y10.3009 Z-2.8464
G1 X48.8854 Y10.5895 F480
G1 X49.0322 Y10.8540
G1 X49.2292 Y11.0835
G1 X49.4683 Y11.2686
G1 X49.7399 Y11.4018
G1 X50.0327 Y11.4776
G1 X50.3348 Y11.4929
G1 X50.6337 Y11.4471
G1 X50.9174 Y11.3421
G1 X51.1741 Y11.1821
G1 X51.3933 Y10.9737
G1 X51.5661 Y10.7255
G1 X51.6854 Y10.4475
G1 X51.7463 Y10.1512
G1 Y9.8488
G1 X51.6854 Y9.5525
G1 X51.5661 Y9.2746
G1 X51.3933 Y9.0263
G1 X51.1741 Y8.8179
G1 X50.9174 Y8.6579
G1 X50.6338 Y8.5529
G1 X50.3348 Y8.5071
G1 X50.0327 Y8.5224
G1 X49.7399 Y8.5982
G1 X49.4683 Y8.7314
G1 X49.2292 Y8.9165
G1 X49.0322 Y9.1461
G1 X48.8854 Y9.4105
G1 X48.7949 Y9.6991
G1 X48.7643 Y10.0
G1 X48.7948 Y10.3009
G00 Z4.9900
G00 X10.7908 Y67.1740
G1 Z0.0900 F200
G1 X10.6723 Y67.1250 Z0.0674
G1 X10.5451 Y67.1082 Z0.0448
G1 X10.4179 Y67.1250 Z0.0221
G1 X10.2994 Y67.1741 Z-0.0005
G1 X10.1976 Y67.2522 Z-0.0231
G1 X10.1196 Y67.3539 Z-0.0457
G1 X10.0705 Y67.4724 Z-0.0683
G1 X10.0537 Y67.5996 Z-0.0909
G1 X10.0705 Y67.7268 Z-0.1136
G1 X10.1196 Y67.8453 Z-0.1362
G1 X10.1976 Y67.9471 Z-0.1588
G1 X10.2994 Y68.0251 Z-0.1814
G1 X10.4180 Y68.0742 Z-0.2040
G1 X10.5451 Y68.0910 Z-0.2267
G1 X10.6722 Y68.0742 Z-0.2493
G1 X10.7908 Y68.0251 Z-0.2719
G1 X10.8926 Y67.9471 Z-0.2945
G1 X10.9706 Y67.8453 Z-0.3171
G1 X11.0197 Y67.7267 Z-0.3398
G1 X11.0365 Y67.5996 Z-0.3624
G1 X11.0197 Y67.4725 Z-0.3850
G1 X10.9706 Y67.3539 Z-0.4076
G1 X10.8926 Y67.2521 Z-0.4302
G1 X10.7908 Y67.1740 Z-0.4528
G1 X10.6723 Y67.1250 Z-0.4754
G1 X10.5451 Y67.1082 Z-0.4981
G1 X10.4179 Y67.1250 Z-0.5207
G1 X10.2994 Y67.1741 Z-0.5433
G1 X10.1976 Y67.2522 Z-0.5659
G1 X10.1196 Y67.3539 Z-0.5885
G1 X10.0705 Y67.4724 Z-0.6112
G1 X10.0537 Y67.5996 Z-0.6338
G1 X10.0705 Y67.7268 Z-0.6564
G1 X10.1196 Y67.8453 Z-0.6790
G1 X10.1976 Y67.9471 Z-0.7016
G1 X10.2994 Y68.0251 Z-0.7242
G1 X10.4180 Y68.0742 Z-0.7469
G1 X10.5451 Y68.0910 Z-0.7695
G1 X10.6722 Y68.0742 Z-0.7921
G1 X10.7908 Y68.0251 Z-0.8147
G1 X10.8926 Y67.9471 Z-0.8373
G1 X10.9706 Y67.8453 Z-0.8600
G1 X11.0197 Y67.7267 Z-0.8826
G1 X11.0365 Y67.5996 Z-0.9052
G1 X11.0197 Y67.4725 Z-0.9278
G1 X10.9706 Y67.3539 Z-0.9504
G1 X10.8926 Y67.2521 Z-0.9731
G1 X10.7908 Y67.1740 Z-0.9957
G1 X10.6723 Y67.1250 Z-1.0183
G1 X10.5451 Y67.1082 Z-1.0409
G1 X10.4179 Y67.1250 Z-1.0635
G1 X10.2994 Y67.1741 Z-1.0861
G1 X10.1976 Y67.2522 Z-1.1088
G1 X10.1196 Y67.3539 Z-1.1314
G1 X10.0705 Y67.4724 Z-1.1540
G1 X10.0537 Y67.5996 Z-1.1766
G1 X10.0705 Y67.7268 Z-1.1992
G1 X10.1196 Y67.8453 Z-1.2219
G1 X10.1976 Y67.9471 Z-1.2445
G1 X10.2994 Y68.0251 Z-1.2671
G1 X10.4180 Y68.0742 Z-1.2897
G1 X10.5451 Y68.0910 Z-1.3123
G1 X10.6722 Y68.0742 Z-1.3349
G1 X10.7908 Y68.0251 Z-1.3576
G1 X10.8926 Y67.9471 Z-1.3802
G1 X10.9706 Y67.8453 Z-1.4028
G1 X11.0197 Y67.7267 Z-1.4254
G1 X11.0365 Y67.5996 Z-1.4480
G1 X11.0197 Y67.4725 Z-1.4706
G1 X10.9706 Y67.3539 Z-1.4933
G1 X10.8926 Y67.2521 Z-1.5159
G1 X10.7908 Y67.1740 Z-1.5385
G1 X10.6723 Y67.1250 Z-1.5611
G1 X10.5451 Y67.1082 Z-1.5837
G1 X10.4179 Y67.1250 Z-1.6064
G1 X10.2994 Y67.1741 Z-1.6290
G1 X10.1976 Y67.2522 Z-1.6516
G1 X10.1196 Y67.3539 Z-1.6742
G1 X10.0705 Y67.4724 Z-1.6968
G1 X10.0537 Y67.5996 Z-1.7195
G1 X10.0705 Y67.7268 Z-1.7421
G1 X10.1196 Y67.8453 Z-1.7647
G1 X10.1976 Y67.9471 Z-1.7873
G1 X10.2994 Y68.0251 Z-1.8099
G1 X10.4180 Y68.0742 Z-1.8326
G1 X10.5451 Y68.0910 Z-1.8552
G1 X10.6722 Y68.0742 Z-1.8778
G1 X10.7908 Y68.0251 Z-1.9004
G1 X10.8926 Y67.9471 Z-1.9230
G1 X10.9706 Y67.8453 Z-1.9456
G1 X11.0197 Y67.7267 Z-1.9683
G1 X11.0365 Y67.5996 Z-1.9909
G1 X11.0197 Y67.4725 Z-2.0135
G1 X10.9706 Y67.3539 Z-2.0361
G1 X10.8926 Y67.2521 Z-2.0587
G1 X10.7908 Y67.1740 Z-2.0813
G1 X10.6723 Y67.1250 Z-2.1040
G1 X10.5451 Y67.1082 Z-2.1266
G1 X10.4179 Y67.1250 Z-2.1492
G1 X10.2994 Y67.1741 Z-2.1718
G1 X10.1976 Y67.2522 Z-2.1944
G1 X10.1196 Y67.3539 Z-2.2170
G1 X10.0705 Y67.4724 Z-2.2397
G1 X10.0537 Y67.5996 Z-2.2623
G1 X10.0705 Y67.7268 Z-2.2849
G1 X10.1196 Y67.8453 Z-2.3075
G1 X10.1976 Y67.9471 Z-2.3301
G1 X10.2994 Y68.0251 Z-2.3528
G1 X10.4180 Y68.0742 Z-2.3754
G1 X10.5451 Y68.0910 Z-2.3980
G1 X10.6722 Y68.0742 Z-2.4206
G1 X10.7908 Y68.0251 Z-2.4432
G1 X10.8926 Y67.9471 Z-2.4659
G1 X10.9706 Y67.8453 Z-2.4885
G1 X11.0197 Y67.7267 Z-2.5111
G1 X11.0365 Y67.5996 Z-2.5337
G1 X11.0197 Y67.4725 Z-2.5563
G1 X10.9706 Y67.3539 Z-2.5789
G1 X10.8926 Y67.2521 Z-2.6016
G1 X10.7908 Y67.1740 Z-2.6242
G1 X10.6723 Y67.1250 Z-2.6468
G1 X10.5451 Y67.1082 Z-2.6694
G1 X10.4179 Y67.1250 Z-2.6920
G1 X10.2994 Y67.1741 Z-2.7147
G1 X10.1976 Y67.2522 Z-2.7373
G1 X10.1196 Y67.3539 Z-2.7599
G1 X10.0705 Y67.4724 Z-2.7825
G1 X10.0537 Y67.5996 Z-2.8051
G1 X10.0705 Y67.7268 Z-2.8277
G1 X10.1196 Y67.8453 Z-2.8464
G1 X10.1976 Y67.9471 F480
G1 X10.2994 Y68.0251
G1 X10.4180 Y68.0742
G1 X10.5451 Y68.0910
G1 X10.6722 Y68.0742
G1 X10.7908 Y68.0251
G1 X10.8926 Y67.9471
G1 X10.9706 Y67.8453
G1 X11.0197 Y67.7267
G1 X11.0365 Y67.5996
G1 X11.0197 Y67.4725
G1 X10.9706 Y67.3539
G1 X10.8926 Y67.2521
G1 X10.7908 Y67.1740
G1 X10.6723 Y67.1250
G1 X10.5451 Y67.1082
G1 X10.4179 Y67.1250
G1 X10.2994 Y67.1741
G1 X10.1976 Y67.2522
G1 X10.1196 Y67.3539
G1 X10.0705 Y67.4724
G1 X10.0537 Y67.5996
G1 X10.0705 Y67.7268
G1 X10.1196 Y67.8453
G00 Z4.9900
G00 X10.5451 Y67.1082
G1 Z0.0900 F200
G1 X10.4179 Y67.1250 Z0.0674
G1 X10.2994 Y67.1741 Z0.0448
G1 X10.1976 Y67.2522 Z0.0221
G1 X10.1196 Y67.3539 Z-0.0005
G1 X10.0705 Y67.4724 Z-0.0231
G1 X10.0537 Y67.5996 Z-0.0457
G1 X10.0705 Y67.7268 Z-0.0683
G1 X10.1196 Y67.8453 Z-0.0909
G1 X10.1976 Y67.9471 Z-0.1136
G1 X10.2994 Y68.0251 Z-0.1362
G1 X10.4180 Y68.0742 Z-0.1588
G1 X10.5451 Y68.0910 Z-0.1814
G1 X10.6722 Y68.0742 Z-0.2040
G1 X10.7908 Y68.0251 Z-0.2267
G1 X10.8926 Y67.9471 Z-0.2493
G1 X10.9706 Y67.8453 Z-0.2719
G1 X11.0197 Y67.7267 Z-0.2945
G1 X11.0365 Y67.5996 Z-0.3171
G1 X11.0197 Y67.4725 Z-0.3397
G1 X10.9706 Y67.3539 Z-0.3624
G1 X10.8926 Y67.2521 Z-0.3850
G1 X10.7908 Y67.1740 Z-0.4076
G1 X10.6723 Y67.1250 Z-0.4302
G1 X10.5451 Y67.1082 Z-0.4528
G1 X10.4179 Y67.1250 Z-0.4755
G1 X10.2994 Y67.1741 Z-0.4981
G1 X10.1976 Y67.2522 Z-0.5207
G1 X10.1196 Y67.3539 Z-0.5433
G1 X10.0705 Y67.4724 Z-0.5659
G1 X10.0537 Y67.5996 Z-0.5885
G1 X10.0705 Y67.7268 Z-0.6112
G1 X10.1196 Y67.8453 Z-0.6338
G1 X10.1976 Y67.9471 Z-0.6564
G1 X10.2994 Y68.0251 Z-0.6790
G1 X10.4180 Y68.0742 Z-0.7016
G1 X10.5451 Y68.0910 Z-0.7243
G1 X10.6722 Y68.0742 Z-0.7469
G1 X10.7908 Y68.0251 Z-0.7695
G1 X10.8926 Y67.9471 Z-0.7921
G1 X10.9706 Y67.8453 Z-0.8147
G1 X11.0197 Y67.7267 Z-0.8374
G1 X11.0365 Y67.5996 Z-0.8600
G1 X11.0197 Y67.4725 Z-0.8826
G1 X10.9706 Y67.3539 Z-0.9052
G1 X10.8926 Y67.2521 Z-0.9278
G1 X10.7908 Y67.1740 Z-0.9504
G1 X10.6723 Y67.1250 Z-0.9731
G1 X10.5451 Y67.1082 Z-0.9957
G1 X10.4179 Y67.1250 Z-1.0183
G1 X10.2994 Y67.1741 Z-1.0409
G1 X10.1976 Y67.2522 Z-1.0635
G1 X10.1196 Y67.3539 Z-1.0861
G1 X10.0705 Y67.4724 Z-1.1088
G1 X10.0537 Y67.5996 Z-1.1314
G1 X10.0705 Y67.7268 Z-1.1540
G1 X10.1196 Y67.8453 Z-1.1766
G1 X10.1976 Y67.9471 Z-1.1992
G1 X10.2994 Y68.0251 Z-1.2218
G1 X10.4180 Y68.0742 Z-1.2445
G1 X10.5451 Y68.0910 Z-1.2671
G1 X10.6722 Y68.0742 Z-1.2897
G1 X10.7908 Y68.0251 Z-1.3123
G1 X10.8926 Y67.9471 Z-1.3349
G1 X10.9706 Y67.8453 Z-1.3576
G1 X11.0197 Y67.7267 Z-1.3802
G1 X11.0365 Y67.5996 Z-1.4028
G1 X11.0197 Y67.4725 Z-1.4254
G1 X10.9706 Y67.3539 Z-1.4480
G1 X10.8926 Y67.2521 Z-1.4707
G1 X10.7908 Y67.1740 Z-1.4933
G1 X10.6723 Y67.1250 Z-1.5159
G1 X10.5451 Y67.1082 Z-1.5385
G1 X10.4179 Y67.1250 Z-1.5611
G1 X10.2994 Y67.1741 Z-1.5837
G1 X10.1976 Y67.2522 Z-1.6064
G1 X10.1196 Y67.3539 Z-1.6290
G1 X10.0705 Y67.4724 Z-1.6516
G1 X10.0537 Y67.5996 Z-1.6742
G1 X10.0705 Y67.7268 Z-1.6968
G1 X10.1196 Y67.8453 Z-1.7195
G1 X10.1976 Y67.9471 Z-1.7421
G1 X10.2994 Y68.0251 Z-1.7647
G1 X10.4180 Y68.0742 Z-1.7873
G1 X10.5451 Y68.0910 Z-1.8099
G1 X10.6722 Y68.0742 Z-1.8325
G1 X10.7908 Y68.0251 Z-1.8552
G1 X10.8926 Y67.9471 Z-1.8778
G1 X10.9706 Y67.8453 Z-1.9004
G1 X11.0197 Y67.7267 Z-1.9230
G1 X11.0365 Y67.5996 Z-1.9456
G1 X11.0197 Y67.4725 Z-1.9682
G1 X10.9706 Y67.3539 Z-1.9909
G1 X10.8926 Y67.2521 Z-2.0135
G1 X10.7908 Y67.1740 Z-2.0361
G1 X10.6723 Y67.1250 Z-2.0587
G1 X10.5451 Y67.1082 Z-2.0813
G1 X10.4179 Y67.1250 Z-2.1040
G1 X10.2994 Y67.1741 Z-2.1266
G1 X10.1976 Y67.2522 Z-2.1492
G1 X10.1196 Y67.3539 Z-2.1718
G1 X10.0705 Y67.4724 Z-2.1944
G1 X10.0537 Y67.5996 Z-2.2171
G1 X10.0705 Y67.7268 Z-2.2397
G1 X10.1196 Y67.8453 Z-2.2623
G1 X10.1976 Y67.9471 Z-2.2849
G1 X10.2994 Y68.0251 Z-2.3075
G1 X10.4180 Y68.0742 Z-2.3302
G1 X10.5451 Y68.0910 Z-2.3528
G1 X10.6722 Y68.0742 Z-2.3754
G1 X10.7908 Y68.0251 Z-2.3980
G1 X10.8926 Y67.9471 Z-2.4206
G1 X10.9706 Y67.8453 Z-2.4432
G1 X11.0197 Y67.7267 Z-2.4659
G1 X11.0365 Y67.5996 Z-2.4885
G1 X11.0197 Y67.4725 Z-2.5111
G1 X10.9706 Y67.3539 Z-2.5337
G1 X10.8926 Y67.2521 Z-2.5563
G1 X10.7908 Y67.1740 Z-2.5789
G1 X10.6723 Y67.1250 Z-2.6016
G1 X10.5451 Y67.1082 Z-2.6242
G1 X10.4179 Y67.1250 Z-2.6468
G1 X10.2994 Y67.1741 Z-2.6694
G1 X10.1976 Y67.2522 Z-2.6920
G1 X10.1196 Y67.3539 Z-2.7147
G1 X10.0705 Y67.4724 Z-2.7373
G1 X10.0537 Y67.5996 Z-2.7599
G1 X10.0705 Y67.7268 Z-2.7825
G1 X10.1196 Y67.8453 Z-2.8051
G1 X10.1976 Y67.9471 Z-2.8277
G1 X10.2994 Y68.0251 Z-2.8504
G1 X10.4180 Y68.0742 Z-2.8730
G1 X10.5451 Y68.0910 Z-2.8956
G1 X10.6722 Y68.0742 Z-2.9182
G1 X10.7908 Y68.0251 Z-2.9408
G1 X10.8926 Y67.9471 Z-2.9635
G1 X10.9706 Y67.8453 Z-2.9861
G1 X11.0197 Y67.7267 Z-3.0087
G1 X11.0365 Y67.5996 Z-3.0313
G1 X11.0197 Y67.4725 Z-3.0539
G1 X10.9706 Y67.3539 Z-3.0765
G1 X10.8926 Y67.2521 Z-3.0992
G1 X10.7908 Y67.1740 Z-3.1218
G1 X10.6723 Y67.1250 Z-3.1444
G1 X10.5451 Y67.1082 Z-3.1670
G1 X10.4179 Y67.1250 Z-3.1896
G1 X10.2994 Y67.1741 Z-3.2123
G1 X10.1976 Y67.2522 Z-3.2349
G1 X10.1196 Y67.3539 Z-3.2575
G1 X10.0705 Y67.4724 Z-3.2801
G1 X10.0537 Y67.5996 Z-3.3027
G1 X10.0705 Y67.7268 Z-3.3191
G1 X10.1196 Y67.8453 F480
G1 X10.1976 Y67.9471
G1 X10.2994 Y68.0251
G1 X10.4180 Y68.0742
G1 X10.5451 Y68.0910
G1 X10.6722 Y68.0742
G1 X10.7908 Y68.0251
G1 X10.8926 Y67.9471
G1 X10.9706 Y67.8453
G1 X11.0197 Y67.7267
G1 X11.0365 Y67.5996
G1 X11.0197 Y67.4725
G1 X10.9706 Y67.3539
G1 X10.8926 Y67.2521
G1 X10.7908 Y67.1740
G1 X10.6723 Y67.1250
G1 X10.5451 Y67.1082
G1 X10.4179 Y67.1250
G1 X10.2994 Y67.1741
G1 X10.1976 Y67.2522
G1 X10.1196 Y67.3539
G1 X10.0705 Y67.4724
G1 X10.0537 Y67.5996
G1 X10.0705 Y67.7268
G00 Z4.9900
G00 X26.8010 Y64.5212
G1 Z0.0900 F200
G1 X26.9173 Y65.0308 Z-0.0022
G1 X27.1083 Y65.5174 Z-0.0943
G1 X27.3696 Y65.9700 Z-0.1865
G1 X27.6955 Y66.3787 Z-0.2787
G1 X28.0787 Y66.7342 Z-0.3708
G1 X28.5105 Y67.0287 Z-0.4630
G1 X28.9814 Y67.2554 Z-0.5551
G1 X29.4810 Y67.4095 Z-0.6473
G1 X29.9977 Y67.4874 Z-0.7395
G1 X30.5204 Z-0.8317
G1 X31.0372 Y67.4095 Z-0.9238
G1 X31.5368 Y67.2554 Z-1.0160
G1 X32.0077 Y67.0287 Z-1.1081
G1 X32.4395 Y66.7342 Z-1.2003
G1 X32.8227 Y66.3787 Z-1.2925
G1 X33.1486 Y65.9700 Z-1.3846
G1 X33.4099 Y65.5174 Z-1.4768
G1 X33.6009 Y65.0308 Z-1.5690
G1 X33.7172 Y64.5212 Z-1.6611
G1 X33.7591 Y63.9626 Z-1.7599
G1 Y36.4556 Z-3.3191
G1 X35.2756 Y35.7228 F480
G1 X36.1376 Y35.1988
G1 X36.9455 Y34.5943
G1 X37.6914 Y33.9153
G1 X38.3688 Y33.1677
G1 X38.9712 Y32.3587
G1 X39.4934 Y31.4953
G1 X39.9302 Y30.5861
G1 X40.2777 Y29.6391
G1 X40.5327 Y28.6629
G1 X40.6929 Y27.6670
G1 X40.7567 Y26.6601
G1 X40.7236 Y25.6520
G1 X40.5939 Y24.6515
G1 X40.3688 Y23.6681
G1 X40.0503 Y22.7108
G1 X39.6415 Y21.7887
G1 X39.1460 Y20.9099
G1 X38.5684 Y20.0828
G1 X37.9141 Y19.3149
G1 X37.1893 Y18.6134
G1 X36.4003 Y17.9846
G1 X35.5547 Y17.4346
G1 X34.6602 Y16.9682
G1 X33.7250 Y16.5897
G1 X32.7580 Y16.3029
G1 X31.7675 Y16.1101
G1 X30.7636 Y16.0133
G1 X29.7546
G1 X28.7507 Y16.1101
G1 X27.7602 Y16.3029
G1 X26.7932 Y16.5897
G1 X25.8580 Y16.9682
G1 X24.9635 Y17.4346
G1 X24.1179 Y17.9846
G1 X23.3289 Y18.6134
G1 X22.6041 Y19.3149
G1 X21.9498 Y20.0828
G1 X21.3722 Y20.9099
G1 X20.8767 Y21.7887
G1 X20.4679 Y22.7108
G1 X20.1494 Y23.6681
G1 X19.9243 Y24.6515
G1 X19.7946 Y25.6520
G1 X19.7615 Y26.6601
G1 X19.8253 Y27.6670
G1 X19.9855 Y28.6629
G1 X20.2405 Y29.6391
G1 X20.5880 Y30.5861
G1 X21.0248 Y31.4953
G1 X21.5470 Y32.3587
G1 X22.1494 Y33.1677
G1 X22.8268 Y33.9153
G1 X23.5727 Y34.5943
G1 X24.3806 Y35.1988
G1 X25.2426 Y35.7228
G1 X26.7591 Y36.4556
G1 Y63.9626
G1 X26.8010 Y64.5212
G1 X26.9173 Y65.0308
G1 X27.1083 Y65.5174
G1 X27.3696 Y65.9700
G1 X27.6955 Y66.3787
G1 X28.0787 Y66.7342
G1 X28.5105 Y67.0287
G1 X28.9814 Y67.2554
G1 X29.4810 Y67.4095
G1 X29.9977 Y67.4874
G1 X30.5204
G1 X31.0372 Y67.4095
G1 X31.5368 Y67.2554
G1 X32.0077 Y67.0287
G1 X32.4395 Y66.7342
G1 X32.8227 Y66.3787
G1 X33.1486 Y65.9700
G1 X33.4099 Y65.5174
G1 X33.6009 Y65.0308
G1 X33.7172 Y64.5212
G1 X33.7591 Y63.9626
G1 Y36.4556
G00 Z4.9900
G00 X49.2292 Y21.0835
G1 Z0.0900 F200
G1 X49.4683 Y21.2686 Z0.0367
G1 X49.7399 Y21.4018 Z-0.0167
G1 X50.0327 Y21.4776 Z-0.0700
G1 X50.3349 Y21.4929 Z-0.1233
G1 X50.6337 Y21.4472 Z-0.1767
G1 X50.9174 Y21.3421 Z-0.2300
G1 X51.1741 Y21.1821 Z-0.2833
G1 X51.3933 Y20.9737 Z-0.3367
G1 X51.5661 Y20.7255 Z-0.3900
G1 X51.6854 Y20.4475 Z-0.4433
G1 X51.7463 Y20.1512 Z-0.4967
G1 Y19.8488 Z-0.5500
G1 X51.6854 Y19.5525 Z-0.6033
G1 X51.5661 Y19.2746 Z-0.6567
G1 X51.3933 Y19.0263 Z-0.7100
G1 X51.1741 Y18.8179 Z-0.7633
G1 X50.9174 Y18.6579 Z-0.8166
G1 X50.6337 Y18.5529 Z-0.8700
G1 X50.3348 Y18.5071 Z-0.9233
G1 X50.0327 Y18.5224 Z-0.9766
G1 X49.7399 Y18.5982 Z-1.0300
G1 X49.4684 Y18.7314 Z-1.0833
G1 X49.2292 Y18.9166 Z-1.1366
G1 X49.0322 Y19.1461 Z-1.1900
G1 X48.8854 Y19.4105 Z-1.2433
G1 X48.7949 Y19.6991 Z-1.2966
G1 X48.7643 Y20.0 Z-1.3500
G1 X48.7948 Y20.3009 Z-1.4033
G1 X48.8854 Y20.5896 Z-1.4566
G1 X49.0322 Y20.8539 Z-1.5100
G1 X49.2292 Y21.0835 Z-1.5633
G1 X49.4683 Y21.2686 Z-1.6166
G1 X49.7399 Y21.4018 Z-1.6700
G1 X50.0327 Y21.4776 Z-1.7233
G1 X50.3349 Y21.4929 Z-1.7766
G1 X50.6337 Y21.4472 Z-1.8300
G1 X50.9174 Y21.3421 Z-1.8833
G1 X51.1741 Y21.1821 Z-1.9366
G1 X51.3933 Y20.9737 Z-1.9900
G1 X51.5661 Y20.7255 Z-2.0433
G1 X51.6854 Y20.4475 Z-2.0966
G1 X51.7463 Y20.1512 Z-2.1500
G1 Y19.8488 Z-2.2033
G1 X51.6854 Y19.5525 Z-2.2566
G1 X51.5661 Y19.2746 Z-2.3099
G1 X51.3933 Y19.0263 Z-2.3633
G1 X51.1741 Y18.8179 Z-2.4166
G1 X50.9174 Y18.6579 Z-2.4699
G1 X50.6337 Y18.5529 Z-2.5233
G1 X50.3348 Y18.5071 Z-2.5766
G1 X50.0327 Y18.5224 Z-2.6299
G1 X49.7399 Y18.5982 Z-2.6833
G1 X49.4684 Y18.7314 Z-2.7366
G1 X49.2292 Y18.9166 Z-2.7899
G1 X49.0322 Y19.1461 Z-2.8433
G1 X48.8854 Y19.4105 Z-2.8966
G1 X48.7949 Y19.6991 Z-2.9499
G1 X48.7643 Y20.0 Z-3.0033
G1 X48.7948 Y20.3009 Z-3.0566
G1 X48.8854 Y20.5896 Z-3.1099
G1 X49.0322 Y20.8539 Z-3.1633
G1 X49.2292 Y21.0835 Z-3.2166
G1 X49.4683 Y21.2686 Z-3.2699
G1 X49.7399 Y21.4018 Z-3.3191
G1 X50.0327 Y21.4776 F480
G1 X50.3349 Y21.4929
G1 X50.6337 Y21.4472
G1 X50.9174 Y21.3421
G1 X51.1741 Y21.1821
G1 X51.3933 Y20.9737
G1 X51.5661 Y20.7255
G1 X51.6854 Y20.4475
G1 X51.7463 Y20.1512
G1 Y19.8488
G1 X51.6854 Y19.5525
G1 X51.5661 Y19.2746
G1 X51.3933 Y19.0263
G1 X51.1741 Y18.8179
G1 X50.9174 Y18.6579
G1 X50.6337 Y18.5529
G1 X50.3348 Y18.5071
G1 X50.0327 Y18.5224
G1 X49.7399 Y18.5982
G1 X49.4684 Y18.7314
G1 X49.2292 Y18.9166
G1 X49.0322 Y19.1461
G1 X48.8854 Y19.4105
G1 X48.7949 Y19.6991
G1 X48.7643 Y20.0
G1 X48.7948 Y20.3009
G1 X48.8854 Y20.5896
G1 X49.0322 Y20.8539
G1 X49.2292 Y21.0835
G1 X49.4683 Y21.2686
G1 X49.7399 Y21.4018
G00 Z4.9900
G00 X50.3348 Y11.4929
G1 Z0.0900 F200
G1 X50.6337 Y11.4471 Z0.0367
G1 X50.9174 Y11.3421 Z-0.0167
G1 X51.1741 Y11.1821 Z-0.0700
G1 X51.3933 Y10.9737 Z-0.1233
G1 X51.5661 Y10.7255 Z-0.1767
G1 X51.6854 Y10.4475 Z-0.2300
G1 X51.7463 Y10.1512 Z-0.2833
G1 Y9.8488 Z-0.3366
G1 X51.6854 Y9.5525 Z-0.3900
G1 X51.5661 Y9.2746 Z-0.4433
G1 X51.3933 Y9.0263 Z-0.4967
G1 X51.1741 Y8.8179 Z-0.5500
G1 X50.9174 Y8.6579 Z-0.6033
G1 X50.6338 Y8.5529 Z-0.6566
G1 X50.3348 Y8.5071 Z-0.7100
G1 X50.0327 Y8.5224 Z-0.7633
G1 X49.7399 Y8.5982 Z-0.8166
G1 X49.4683 Y8.7314 Z-0.8700
G1 X49.2292 Y8.9165 Z-0.9233
G1 X49.0322 Y9.1461 Z-0.9766
G1 X48.8854 Y9.4105 Z-1.0300
G1 X48.7949 Y9.6991 Z-1.0833
G1 X48.7643 Y10.0 Z-1.1366
G1 X48.7948 Y10.3009 Z-1.1900
G1 X48.8854 Y10.5895 Z-1.2433
G1 X49.0322 Y10.8540 Z-1.2966
G1 X49.2292 Y11.0835 Z-1.3500
G1 X49.4683 Y11.2686 Z-1.4033
G1 X49.7399 Y11.4018 Z-1.4566
G1 X50.0327 Y11.4776 Z-1.5100
G1 X50.3348 Y11.4929 Z-1.5633
G1 X50.6337 Y11.4471 Z-1.6166
G1 X50.9174 Y11.3421 Z-1.6700
G1 X51.1741 Y11.1821 Z-1.7233
G1 X51.3933 Y10.9737 Z-1.7766
G1 X51.5661 Y10.7255 Z-1.8300
G1 X51.6854 Y10.4475 Z-1.8833
G1 X51.7463 Y10.1512 Z-1.9366
G1 Y9.8488 Z-1.9899
G1 X51.6854 Y9.5525 Z-2.0433
G1 X51.5661 Y9.2746 Z-2.0966
G1 X51.3933 Y9.0263 Z-2.1499
G1 X51.1741 Y8.8179 Z-2.2033
G1 X50.9174 Y8.6579 Z-2.2566
G1 X50.6338 Y8.5529 Z-2.3099
G1 X50.3348 Y8.5071 Z-2.3633
G1 X50.0327 Y8.5224 Z-2.4166
G1 X49.7399 Y8.5982 Z-2.4699
G1 X49.4683 Y8.7314 Z-2.5233
G1 X49.2292 Y8.9165 Z-2.5766
G1 X49.0322 Y9.1461 Z-2.6299
G1 X48.8854 Y9.4105 Z-2.6833
G1 X48.7949 Y9.6991 Z-2.7366
G1 X48.7643 Y10.0 Z-2.7899
G1 X48.7948 Y10.3009 Z-2.8433
G1 X48.8854 Y10.5895 Z-2.8966
G1 X49.0322 Y10.8540 Z-2.9499
G1 X49.2292 Y11.0835 Z-3.0033
G1 X49.4683 Y11.2686 Z-3.0566
G1 X49.7399 Y11.4018 Z-3.1099
G1 X50.0327 Y11.4776 Z-3.1632
G1 X50.3348 Y11.4929 Z-3.2166
G1 X50.6337 Y11.4471 Z-3.2699
G1 X50.9174 Y11.3421 Z-3.3191
G1 X51.1741 Y11.1821 F480
G1 X51.3933 Y10.9737
G1 X51.5661 Y10.7255
G1 X51.6854 Y10.4475
G1 X51.7463 Y10.1512
G1 Y9.8488
G1 X51.6854 Y9.5525
G1 X51.5661 Y9.2746
G1 X51.3933 Y9.0263
G1 X51.1741 Y8.8179
G1 X50.9174 Y8.6579
G1 X50.6338 Y8.5529
G1 X50.3348 Y8.5071
G1 X50.0327 Y8.5224
G1 X49.7399 Y8.5982
G1 X49.4683 Y8.7314
G1 X49.2292 Y8.9165
G1 X49.0322 Y9.1461
G1 X48.8854 Y9.4105
G1 X48.7949 Y9.6991
G1 X48.7643 Y10.0
G1 X48.7948 Y10.3009
G1 X48.8854 Y10.5895
G1 X49.0322 Y10.8540
G1 X49.2292 Y11.0835
G1 X49.4683 Y11.2686
G1 X49.7399 Y11.4018
G1 X50.0327 Y11.4776
G1 X50.3348 Y11.4929
G1 X50.6337 Y11.4471
G1 X50.9174 Y11.3421
G00 Z4.9900
G00 X11.7463 Y10.1512
G1 Z0.0900 F200
G1 Y9.8488 Z0.0367
G1 X11.6854 Y9.5525 Z-0.0167
G1 X11.5661 Y9.2746 Z-0.0700
G1 X11.3933 Y9.0263 Z-0.1233
G1 X11.1741 Y8.8179 Z-0.1767
G1 X10.9175 Y8.6580 Z-0.2300
G1 X10.6338 Y8.5529 Z-0.2833
G1 X10.3349 Y8.5071 Z-0.3366
G1 X10.0327 Y8.5224 Z-0.3900
G1 X9.7399 Y8.5982 Z-0.4433
G1 X9.4684 Y8.7314 Z-0.4967
G1 X9.2292 Y8.9166 Z-0.5500
G1 X9.0322 Y9.1461 Z-0.6033
G1 X8.8854 Y9.4105 Z-0.6566
G1 X8.7949 Y9.6991 Z-0.7100
G1 X8.7643 Y10.0 Z-0.7633
G1 X8.7949 Y10.3009 Z-0.8166
G1 X8.8854 Y10.5895 Z-0.8700
G1 X9.0322 Y10.8540 Z-0.9233
G1 X9.2292 Y11.0835 Z-0.9766
G1 X9.4684 Y11.2686 Z-1.0300
G1 X9.7399 Y11.4018 Z-1.0833
G1 X10.0327 Y11.4776 Z-1.1366
G1 X10.3349 Y11.4929 Z-1.1900
G1 X10.6338 Y11.4471 Z-1.2433
G1 X10.9175 Y11.3421 Z-1.2966
G1 X11.1741 Y11.1821 Z-1.3500
G1 X11.3933 Y10.9737 Z-1.4033
G1 X11.5661 Y10.7255 Z-1.4566
G1 X11.6854 Y10.4475 Z-1.5100
G1 X11.7463 Y10.1512 Z-1.5633
G1 Y9.8488 Z-1.6166
G1 X11.6854 Y9.5525 Z-1.6700
G1 X11.5661 Y9.2746 Z-1.7233
G1 X11.3933 Y9.0263 Z-1.7766
G1 X11.1741 Y8.8179 Z-1.8300
G1 X10.9175 Y8.6580 Z-1.8833
G1 X10.6338 Y8.5529 Z-1.9366
G1 X10.3349 Y8.5071 Z-1.9899
G1 X10.0327 Y8.5224 Z-2.0433
G1 X9.7399 Y8.5982 Z-2.0966
G1 X9.4684 Y8.7314 Z-2.1500
G1 X9.2292 Y8.9166 Z-2.2033
G1 X9.0322 Y9.1461 Z-2.2566
G1 X8.8854 Y9.4105 Z-2.3099
G1 X8.7949 Y9.6991 Z-2.3633
G1 X8.7643 Y10.0 Z-2.4166
G1 X8.7949 Y10.3009 Z-2.4699
G1 X8.8854 Y10.5895 Z-2.5233
G1 X9.0322 Y10.8540 Z-2.5766
G1 X9.2292 Y11.0835 Z-2.6299
G1 X9.4684 Y11.2686 Z-2.6833
G1 X9.7399 Y11.4018 Z-2.7366
G1 X10.0327 Y11.4776 Z-2.7899
G1 X10.3349 Y11.4929 Z-2.8433
G1 X10.6338 Y11.4471 Z-2.8966
G1 X10.9175 Y11.3421 Z-2.9499
G1 X11.1741 Y11.1821 Z-3.0033
G1 X11.3933 Y10.9737 Z-3.0566
G1 X11.5661 Y10.7255 Z-3.1099
G1 X11.6854 Y10.4475 Z-3.1633
G1 X11.7463 Y10.1512 Z-3.2166
G1 Y9.8488 Z-3.2699
G1 X11.6854 Y9.5525 Z-3.3191
G1 X11.5661 Y9.2746 F480
G1 X11.3933 Y9.0263
G1 X11.1741 Y8.8179
G1 X10.9175 Y8.6580
G1 X10.6338 Y8.5529
G1 X10.3349 Y8.5071
G1 X10.0327 Y8.5224
G1 X9.7399 Y8.5982
G1 X9.4684 Y8.7314
G1 X9.2292 Y8.9166
G1 X9.0322 Y9.1461
G1 X8.8854 Y9.4105
G1 X8.7949 Y9.6991
G1 X8.7643 Y10.0
G1 X8.7949 Y10.3009
G1 X8.8854 Y10.5895
G1 X9.0322 Y10.8540
G1 X9.2292 Y11.0835
G1 X9.4684 Y11.2686
G1 X9.7399 Y11.4018
G1 X10.0327 Y11.4776
G1 X10.3349 Y11.4929
G1 X10.6338 Y11.4471
G1 X10.9175 Y11.3421
G1 X11.1741 Y11.1821
G1 X11.3933 Y10.9737
G1 X11.5661 Y10.7255
G1 X11.6854 Y10.4475
G1 X11.7463 Y10.1512
G1 Y9.8488
G1 X11.6854 Y9.5525
G00 Z4.9900
G00 X10.3349 Y18.5071
G1 Z0.0900 F200
G1 X10.0328 Y18.5224 Z0.0367
G1 X9.7399 Y18.5982 Z-0.0167
G1 X9.4684 Y18.7314 Z-0.0700
G1 X9.2292 Y18.9166 Z-0.1233
G1 X9.0322 Y19.1461 Z-0.1767
G1 X8.8854 Y19.4105 Z-0.2300
G1 X8.7949 Y19.6991 Z-0.2833
G1 X8.7643 Y20.0 Z-0.3367
G1 X8.7949 Y20.3010 Z-0.3900
G1 X8.8854 Y20.5895 Z-0.4433
G1 X9.0322 Y20.8540 Z-0.4967
G1 X9.2292 Y21.0835 Z-0.5500
G1 X9.4684 Y21.2686 Z-0.6033
G1 X9.7399 Y21.4018 Z-0.6567
G1 X10.0327 Y21.4776 Z-0.7100
G1 X10.3349 Y21.4929 Z-0.7633
G1 X10.6338 Y21.4472 Z-0.8167
G1 X10.9174 Y21.3421 Z-0.8700
G1 X11.1741 Y21.1821 Z-0.9233
G1 X11.3934 Y20.9737 Z-0.9767
G1 X11.5661 Y20.7255 Z-1.0300
G1 X11.6854 Y20.4475 Z-1.0833
G1 X11.7463 Y20.1512 Z-1.1367
G1 Y19.8488 Z-1.1900
G1 X11.6854 Y19.5525 Z-1.2433
G1 X11.5661 Y19.2746 Z-1.2966
G1 X11.3933 Y19.0263 Z-1.3500
G1 X11.1741 Y18.8179 Z-1.4033
G1 X10.9174 Y18.6579 Z-1.4566
G1 X10.6338 Y18.5529 Z-1.5100
G1 X10.3349 Y18.5071 Z-1.5633
G1 X10.0328 Y18.5224 Z-1.6166
G1 X9.7399 Y18.5982 Z-1.6700
G1 X9.4684 Y18.7314 Z-1.7233
G1 X9.2292 Y18.9166 Z-1.7766
G1 X9.0322 Y19.1461 Z-1.8300
G1 X8.8854 Y19.4105 Z-1.8833
G1 X8.7949 Y19.6991 Z-1.9366
G1 X8.7643 Y20.0 Z-1.9900
G1 X8.7949 Y20.3010 Z-2.0433
G1 X8.8854 Y20.5895 Z-2.0966
G1 X9.0322 Y20.8540 Z-2.1500
G1 X9.2292 Y21.0835 Z-2.2033
G1 X9.4684 Y21.2686 Z-2.2566
G1 X9.7399 Y21.4018 Z-2.3100
G1 X10.0327 Y21.4776 Z-2.3633
G1 X10.3349 Y21.4929 Z-2.4166
G1 X10.6338 Y21.4472 Z-2.4700
G1 X10.9174 Y21.3421 Z-2.5233
G1 X11.1741 Y21.1821 Z-2.5766
G1 X11.3934 Y20.9737 Z-2.6300
G1 X11.5661 Y20.7255 Z-2.6833
G1 X11.6854 Y20.4475 Z-2.7366
G1 X11.7463 Y20.1512 Z-2.7900
G1 Y19.8488 Z-2.8433
G1 X11.6854 Y19.5525 Z-2.8966
G1 X11.5661 Y19.2746 Z-2.9500
G1 X11.3933 Y19.0263 Z-3.0033
G1 X11.1741 Y18.8179 Z-3.0566
G1 X10.9174 Y18.6579 Z-3.1100
G1 X10.6338 Y18.5529 Z-3.1633
G1 X10.3349 Y18.5071 Z-3.2166
G1 X10.0328 Y18.5224 Z-3.2699
G1 X9.7399 Y18.5982 Z-3.3191
G1 X9.4684 Y18.7314 F480
G1 X9.2292 Y18.9166
G1 X9.0322 Y19.1461
G1 X8.8854 Y19.4105
G1 X8.7949 Y19.6991
G1 X8.7643 Y20.0
G1 X8.7949 Y20.3010
G1 X8.8854 Y20.5895
G1 X9.0322 Y20.8540
G1 X9.2292 Y21.0835
G1 X9.4684 Y21.2686
G1 X9.7399 Y21.4018
G1 X10.0327 Y21.4776
G1 X10.3349 Y21.4929
G1 X10.6338 Y21.4472
G1 X10.9174 Y21.3421
G1 X11.1741 Y21.1821
G1 X11.3934 Y20.9737
G1 X11.5661 Y20.7255
G1 X11.6854 Y20.4475
G1 X11.7463 Y20.1512
G1 Y19.8488
G1 X11.6854 Y19.5525
G1 X11.5661 Y19.2746
G1 X11.3933 Y19.0263
G1 X11.1741 Y18.8179
G1 X10.9174 Y18.6579
G1 X10.6338 Y18.5529
G1 X10.3349 Y18.5071
G1 X10.0328 Y18.5224
G1 X9.7399 Y18.5982
G00 Z4.9900
G00 X10.3349 Y8.5071
G1 Z0.0900 F200
G1 X10.0327 Y8.5224 Z0.0367
G1 X9.7399 Y8.5982 Z-0.0167
G1 X9.4684 Y8.7314 Z-0.0700
G1 X9.2292 Y8.9166 Z-0.1233
G1 X9.0322 Y9.1461 Z-0.1767
G1 X8.8854 Y9.4105 Z-0.2300
G1 X8.7949 Y9.6991 Z-0.2833
G1 X8.7643 Y10.0 Z-0.3367
G1 X8.7949 Y10.3009 Z-0.3900
G1 X8.8854 Y10.5895 Z-0.4433
G1 X9.0322 Y10.8540 Z-0.4967
G1 X9.2292 Y11.0835 Z-0.5500
G1 X9.4684 Y11.2686 Z-0.6033
G1 X9.7399 Y11.4018 Z-0.6567
G1 X10.0327 Y11.4776 Z-0.7100
G1 X10.3349 Y11.4929 Z-0.7633
G1 X10.6338 Y11.4471 Z-0.8166
G1 X10.9175 Y11.3421 Z-0.8700
G1 X11.1741 Y11.1821 Z-0.9233
G1 X11.3933 Y10.9737 Z-0.9767
G1 X11.5661 Y10.7255 Z-1.0300
G1 X11.6854 Y10.4475 Z-1.0833
G1 X11.7463 Y10.1512 Z-1.1367
G1 Y9.8488 Z-1.1900
G1 X11.6854 Y9.5525 Z-1.2433
G1 X11.5661 Y9.2746 Z-1.2966
G1 X11.3933 Y9.0263 Z-1.3500
G1 X11.1741 Y8.8179 Z-1.4033
G1 X10.9175 Y8.6580 Z-1.4566
G1 X10.6338 Y8.5529 Z-1.5100
G1 X10.3349 Y8.5071 Z-1.5633
G1 X10.0327 Y8.5224 Z-1.6166
G1 X9.7399 Y8.5982 Z-1.6700
G1 X9.4684 Y8.7314 Z-1.7233
G1 X9.2292 Y8.9166 Z-1.7766
G1 X9.0322 Y9.1461 Z-1.8300
G1 X8.8854 Y9.4105 Z-1.8833
G1 X8.7949 Y9.6991 Z-1.9366
G1 X8.7643 Y10.0 Z-1.9900
G1 X8.7949 Y10.3009 Z-2.0433
G1 X8.8854 Y10.5895 Z-2.0966
G1 X9.0322 Y10.8540 Z-2.1500
G1 X9.2292 Y11.0835 Z-2.2033
G1 X9.4684 Y11.2686 Z-2.2566
G1 X9.7399 Y11.4018 Z-2.3100
G1 X10.0327 Y11.4776 Z-2.3633
G1 X10.3349 Y11.4929 Z-2.4166
G1 X10.6338 Y11.4471 Z-2.4699
G1 X10.9175 Y11.3421 Z-2.5233
G1 X11.1741 Y11.1821 Z-2.5766
G1 X11.3933 Y10.9737 Z-2.6300
G1 X11.5661 Y10.7255 Z-2.6833
G1 X11.6854 Y10.4475 Z-2.7366
G1 X11.7463 Y10.1512 Z-2.7900
G1 Y9.8488 Z-2.8433
G1 X11.6854 Y9.5525 Z-2.8966
G1 X11.5661 Y9.2746 Z-2.9499
G1 X11.3933 Y9.0263 Z-3.0033
G1 X11.1741 Y8.8179 Z-3.0566
G1 X10.9175 Y8.6580 Z-3.1099
G1 X10.6338 Y8.5529 Z-3.1633
G1 X10.3349 Y8.5071 Z-3.2166
G1 X10.0327 Y8.5224 Z-3.2699
G1 X9.7399 Y8.5982 Z-3.3233
G1 X9.4684 Y8.7314 Z-3.3766
G1 X9.2292 Y8.9166 Z-3.4299
G1 X9.0322 Y9.1461 Z-3.4833
G1 X8.8854 Y9.4105 Z-3.5366
G1 X8.7949 Y9.6991 Z-3.5899
G1 X8.7643 Y10.0 Z-3.6433
G1 X8.7949 Y10.3009 Z-3.6966
G1 X8.8854 Y10.5895 Z-3.7499
G1 X9.0322 Y10.8540 Z-3.7918
G1 X9.2292 Y11.0835 F480
G1 X9.4684 Y11.2686
G1 X9.7399 Y11.4018
G1 X10.0327 Y11.4776
G1 X10.3349 Y11.4929
G1 X10.6338 Y11.4471
G1 X10.9175 Y11.3421
G1 X11.1741 Y11.1821
G1 X11.3933 Y10.9737
G1 X11.5661 Y10.7255
G1 X11.6854 Y10.4475
G1 X11.7463 Y10.1512
G1 Y9.8488
G1 X11.6854 Y9.5525
G1 X11.5661 Y9.2746
G1 X11.3933 Y9.0263
G1 X11.1741 Y8.8179
G1 X10.9175 Y8.6580
G1 X10.6338 Y8.5529
G1 X10.3349 Y8.5071
G1 X10.0327 Y8.5224
G1 X9.7399 Y8.5982
G1 X9.4684 Y8.7314
G1 X9.2292 Y8.9166
G1 X9.0322 Y9.1461
G1 X8.8854 Y9.4105
G1 X8.7949 Y9.6991
G1 X8.7643 Y10.0
G1 X8.7949 Y10.3009
G1 X8.8854 Y10.5895
G1 X9.0322 Y10.8540
G00 Z4.9900
G00 X10.0328 Y18.5224
G1 Z0.0900 F200
G1 X9.7399 Y18.5982 Z0.0367
G1 X9.4684 Y18.7314 Z-0.0167
G1 X9.2292 Y18.9166 Z-0.0700
G1 X9.0322 Y19.1461 Z-0.1233
G1 X8.8854 Y19.4105 Z-0.1767
G1 X8.7949 Y19.6991 Z-0.2300
G1 X8.7643 Y20.0 Z-0.2833
G1 X8.7949 Y20.3010 Z-0.3367
G1 X8.8854 Y20.5895 Z-0.3900
G1 X9.0322 Y20.8540 Z-0.4433
G1 X9.2292 Y21.0835 Z-0.4967
G1 X9.4684 Y21.2686 Z-0.5500
G1 X9.7399 Y21.4018 Z-0.6033
G1 X10.0327 Y21.4776 Z-0.6567
G1 X10.3349 Y21.4929 Z-0.7100
G1 X10.6338 Y21.4472 Z-0.7633
G1 X10.9174 Y21.3421 Z-0.8166
G1 X11.1741 Y21.1821 Z-0.8700
G1 X11.3934 Y20.9737 Z-0.9233
G1 X11.5661 Y20.7255 Z-0.9766
G1 X11.6854 Y20.4475 Z-1.0300
G1 X11.7463 Y20.1512 Z-1.0833
G1 Y19.8488 Z-1.1366
G1 X11.6854 Y19.5525 Z-1.1900
G1 X11.5661 Y19.2746 Z-1.2433
G1 X11.3933 Y19.0263 Z-1.2966
G1 X11.1741 Y18.8179 Z-1.3500
G1 X10.9174 Y18.6579 Z-1.4033
G1 X10.6338 Y18.5529 Z-1.4566
G1 X10.3349 Y18.5071 Z-1.5100
G1 X10.0328 Y18.5224 Z-1.5633
G1 X9.7399 Y18.5982 Z-1.6166
G1 X9.4684 Y18.7314 Z-1.6700
G1 X9.2292 Y18.9166 Z-1.7233
G1 X9.0322 Y19.1461 Z-1.7766
G1 X8.8854 Y19.4105 Z-1.8300
G1 X8.7949 Y19.6991 Z-1.8833
G1 X8.7643 Y20.0 Z-1.9366
G1 X8.7949 Y20.3010 Z-1.9900
G1 X8.8854 Y20.5895 Z-2.0433
G1 X9.0322 Y20.8540 Z-2.0966
G1 X9.2292 Y21.0835 Z-2.1500
G1 X9.4684 Y21.2686 Z-2.2033
G1 X9.7399 Y21.4018 Z-2.2566
G1 X10.0327 Y21.4776 Z-2.3100
G1 X10.3349 Y21.4929 Z-2.3633
G1 X10.6338 Y21.4472 Z-2.4166
G1 X10.9174 Y21.3421 Z-2.4700
G1 X11.1741 Y21.1821 Z-2.5233
G1 X11.3934 Y20.9737 Z-2.5766
G1 X11.5661 Y20.7255 Z-2.6299
G1 X11.6854 Y20.4475 Z-2.6833
G1 X11.7463 Y20.1512 Z-2.7366
G1 Y19.8488 Z-2.7899
G1 X11.6854 Y19.5525 Z-2.8433
G1 X11.5661 Y19.2746 Z-2.8966
G1 X11.3933 Y19.0263 Z-2.9499
G1 X11.1741 Y18.8179 Z-3.0033
G1 X10.9174 Y18.6579 Z-3.0566
G1 X10.6338 Y18.5529 Z-3.1099
G1 X10.3349 Y18.5071 Z-3.1633
G1 X10.0328 Y18.5224 Z-3.2166
G1 X9.7399 Y18.5982 Z-3.2699
G1 X9.4684 Y18.7314 Z-3.3233
G1 X9.2292 Y18.9166 Z-3.3766
G1 X9.0322 Y19.1461 Z-3.4299
G1 X8.8854 Y19.4105 Z-3.4833
G1 X8.7949 Y19.6991 Z-3.5366
G1 X8.7643 Y20.0 Z-3.5899
G1 X8.7949 Y20.3010 Z-3.6433
G1 X8.8854 Y20.5895 Z-3.6966
G1 X9.0322 Y20.8540 Z-3.7499
G1 X9.2292 Y21.0835 Z-3.7918
G1 X9.4684 Y21.2686 F480
G1 X9.7399 Y21.4018
G1 X10.0327 Y21.4776
G1 X10.3349 Y21.4929
G1 X10.6338 Y21.4472
G1 X10.9174 Y21.3421
G1 X11.1741 Y21.1821
G1 X11.3934 Y20.9737
G1 X11.5661 Y20.7255
G1 X11.6854 Y20.4475
G1 X11.7463 Y20.1512
G1 Y19.8488
G1 X11.6854 Y19.5525
G1 X11.5661 Y19.2746
G1 X11.3933 Y19.0263
G1 X11.1741 Y18.8179
G1 X10.9174 Y18.6579
G1 X10.6338 Y18.5529
G1 X10.3349 Y18.5071
G1 X10.0328 Y18.5224
G1 X9.7399 Y18.5982
G1 X9.4684 Y18.7314
G1 X9.2292 Y18.9166
G1 X9.0322 Y19.1461
G1 X8.8854 Y19.4105
G1 X8.7949 Y19.6991
G1 X8.7643 Y20.0
G1 X8.7949 Y20.3010
G1 X8.8854 Y20.5895
G1 X9.0322 Y20.8540
G1 X9.2292 Y21.0835
G00 Z4.9900
G00 X20.1494 Y23.6681
G1 Z0.0900 F200
G1 X19.9243 Y24.6515 Z-0.0879
G1 X19.7946 Y25.6520 Z-0.2658
G1 X19.7615 Y26.6601 Z-0.4436
G1 X19.8253 Y27.6670 Z-0.6215
G1 X19.9855 Y28.6629 Z-0.7994
G1 X20.2405 Y29.6391 Z-0.9773
G1 X20.5880 Y30.5861 Z-1.1552
G1 X21.0248 Y31.4953 Z-1.3330
G1 X21.5470 Y32.3587 Z-1.5109
G1 X22.1494 Y33.1677 Z-1.6888
G1 X22.8268 Y33.9153 Z-1.8667
G1 X23.5727 Y34.5943 Z-2.0445
G1 X24.3806 Y35.1988 Z-2.2225
G1 X25.2426 Y35.7228 Z-2.4003
G1 X26.7591 Y36.4556 Z-2.6973
G1 Y63.9626 Z-3.7918
G1 X26.8010 Y64.5212 F480
G1 X26.9173 Y65.0308
G1 X27.1083 Y65.5174
G1 X27.3696 Y65.9700
G1 X27.6955 Y66.3787
G1 X28.0787 Y66.7342
G1 X28.5105 Y67.0287
G1 X28.9814 Y67.2554
G1 X29.4810 Y67.4095
G1 X29.9977 Y67.4874
G1 X30.5204
G1 X31.0372 Y67.4095
G1 X31.5368 Y67.2554
G1 X32.0077 Y67.0287
G1 X32.4395 Y66.7342
G1 X32.8227 Y66.3787
G1 X33.1486 Y65.9700
G1 X33.4099 Y65.5174
G1 X33.6009 Y65.0308
G1 X33.7172 Y64.5212
G1 X33.7591 Y63.9626
G1 Y36.4556
G1 X35.2756 Y35.7228
G1 X36.1376 Y35.1988
G1 X36.9455 Y34.5943
G1 X37.6914 Y33.9153
G1 X38.3688 Y33.1677
G1 X38.9712 Y32.3587
G1 X39.4934 Y31.4953
G1 X39.9302 Y30.5861
G1 X40.2777 Y29.6391
G1 X40.5327 Y28.6629
G1 X40.6929 Y27.6670
G1 X40.7567 Y26.6601
G1 X40.7236 Y25.6520
G1 X40.5939 Y24.6515
G1 X40.3688 Y23.6681
G1 X40.0503 Y22.7108
G1 X39.6415 Y21.7887
G1 X39.1460 Y20.9099
G1 X38.5684 Y20.0828
G1 X37.9141 Y19.3149
G1 X37.1893 Y18.6134
G1 X36.4003 Y17.9846
G1 X35.5547 Y17.4346
G1 X34.6602 Y16.9682
G1 X33.7250 Y16.5897
G1 X32.7580 Y16.3029
G1 X31.7675 Y16.1101
G1 X30.7636 Y16.0133
G1 X29.7546
G1 X28.7507 Y16.1101
G1 X27.7602 Y16.3029
G1 X26.7932 Y16.5897
G1 X25.8580 Y16.9682
G1 X24.9635 Y17.4346
G1 X24.1179 Y17.9846
G1 X23.3289 Y18.6134
G1 X22.6041 Y19.3149
G1 X21.9498 Y20.0828
G1 X21.3722 Y20.9099
G1 X20.8767 Y21.7887
G1 X20.4679 Y22.7108
G1 X20.1494 Y23.6681
G1 X19.9243 Y24.6515
G1 X19.7946 Y25.6520
G1 X19.7615 Y26.6601
G1 X19.8253 Y27.6670
G1 X19.9855 Y28.6629
G1 X20.2405 Y29.6391
G1 X20.5880 Y30.5861
G1 X21.0248 Y31.4953
G1 X21.5470 Y32.3587
G1 X22.1494 Y33.1677
G1 X22.8268 Y33.9153
G1 X23.5727 Y34.5943
G1 X24.3806 Y35.1988
G1 X25.2426 Y35.7228
G1 X26.7591 Y36.4556
G1 Y63.9626
G00 Z4.9900
G00 X11.0197 Y67.4725
G1 Z0.0900 F200
G1 X10.9706 Y67.3539 Z0.0674
G1 X10.8926 Y67.2521 Z0.0448
G1 X10.7908 Y67.1740 Z0.0221
G1 X10.6723 Y67.1250 Z-0.0005
G1 X10.5451 Y67.1082 Z-0.0231
G1 X10.4179 Y67.1250 Z-0.0457
G1 X10.2994 Y67.1741 Z-0.0683
G1 X10.1976 Y67.2522 Z-0.0910
G1 X10.1196 Y67.3539 Z-0.1136
G1 X10.0705 Y67.4724 Z-0.1362
G1 X10.0537 Y67.5996 Z-0.1588
G1 X10.0705 Y67.7268 Z-0.1814
G1 X10.1196 Y67.8453 Z-0.2040
G1 X10.1976 Y67.9471 Z-0.2267
G1 X10.2994 Y68.0251 Z-0.2493
G1 X10.4180 Y68.0742 Z-0.2719
G1 X10.5451 Y68.0910 Z-0.2945
G1 X10.6722 Y68.0742 Z-0.3171
G1 X10.7908 Y68.0251 Z-0.3398
G1 X10.8926 Y67.9471 Z-0.3624
G1 X10.9706 Y67.8453 Z-0.3850
G1 X11.0197 Y67.7267 Z-0.4076
G1 X11.0365 Y67.5996 Z-0.4302
G1 X11.0197 Y67.4725 Z-0.4528
G1 X10.9706 Y67.3539 Z-0.4755
G1 X10.8926 Y67.2521 Z-0.4981
G1 X10.7908 Y67.1740 Z-0.5207
G1 X10.6723 Y67.1250 Z-0.5433
G1 X10.5451 Y67.1082 Z-0.5659
G1 X10.4179 Y67.1250 Z-0.5886
G1 X10.2994 Y67.1741 Z-0.6112
G1 X10.1976 Y67.2522 Z-0.6338
G1 X10.1196 Y67.3539 Z-0.6564
G1 X10.0705 Y67.4724 Z-0.6790
G1 X10.0537 Y67.5996 Z-0.7016
G1 X10.0705 Y67.7268 Z-0.7243
G1 X10.1196 Y67.8453 Z-0.7469
G1 X10.1976 Y67.9471 Z-0.7695
G1 X10.2994 Y68.0251 Z-0.7921
G1 X10.4180 Y68.0742 Z-0.8147
G1 X10.5451 Y68.0910 Z-0.8374
G1 X10.6722 Y68.0742 Z-0.8600
G1 X10.7908 Y68.0251 Z-0.8826
G1 X10.8926 Y67.9471 Z-0.9052
G1 X10.9706 Y67.8453 Z-0.9278
G1 X11.0197 Y67.7267 Z-0.9505
G1 X11.0365 Y67.5996 Z-0.9731
G1 X11.0197 Y67.4725 Z-0.9957
G1 X10.9706 Y67.3539 Z-1.0183
G1 X10.8926 Y67.2521 Z-1.0409
G1 X10.7908 Y67.1740 Z-1.0635
G1 X10.6723 Y67.1250 Z-1.0861
G1 X10.5451 Y67.1082 Z-1.1088
G1 X10.4179 Y67.1250 Z-1.1314
G1 X10.2994 Y67.1741 Z-1.1540
G1 X10.1976 Y67.2522 Z-1.1766
G1 X10.1196 Y67.3539 Z-1.1992
G1 X10.0705 Y67.4724 Z-1.2219
G1 X10.0537 Y67.5996 Z-1.2445
G1 X10.0705 Y67.7268 Z-1.2671
G1 X10.1196 Y67.8453 Z-1.2897
G1 X10.1976 Y67.9471 Z-1.3123
G1 X10.2994 Y68.0251 Z-1.3349
G1 X10.4180 Y68.0742 Z-1.3576
G1 X10.5451 Y68.0910 Z-1.3802
G1 X10.6722 Y68.0742 Z-1.4028
G1 X10.7908 Y68.0251 Z-1.4254
G1 X10.8926 Y67.9471 Z-1.4480
G1 X10.9706 Y67.8453 Z-1.4707
G1 X11.0197 Y67.7267 Z-1.4933
G1 X11.0365 Y67.5996 Z-1.5159
G1 X11.0197 Y67.4725 Z-1.5385
G1 X10.9706 Y67.3539 Z-1.5611
G1 X10.8926 Y67.2521 Z-1.5838
G1 X10.7908 Y67.1740 Z-1.6064
G1 X10.6723 Y67.1250 Z-1.6290
G1 X10.5451 Y67.1082 Z-1.6516
G1 X10.4179 Y67.1250 Z-1.6742
G1 X10.2994 Y67.1741 Z-1.6968
G1 X10.1976 Y67.2522 Z-1.7195
G1 X10.1196 Y67.3539 Z-1.7421
G1 X10.0705 Y67.4724 Z-1.7647
G1 X10.0537 Y67.5996 Z-1.7873
G1 X10.0705 Y67.7268 Z-1.8099
G1 X10.1196 Y67.8453 Z-1.8326
G1 X10.1976 Y67.9471 Z-1.8552
G1 X10.2994 Y68.0251 Z-1.8778
G1 X10.4180 Y68.0742 Z-1.9004
G1 X10.5451 Y68.0910 Z-1.9230
G1 X10.6722 Y68.0742 Z-1.9456
G1 X10.7908 Y68.0251 Z-1.9683
G1 X10.8926 Y67.9471 Z-1.9909
G1 X10.9706 Y67.8453 Z-2.0135
G1 X11.0197 Y67.7267 Z-2.0361
G1 X11.0365 Y67.5996 Z-2.0587
G1 X11.0197 Y67.4725 Z-2.0813
G1 X10.9706 Y67.3539 Z-2.1040
G1 X10.8926 Y67.2521 Z-2.1266
G1 X10.7908 Y67.1740 Z-2.1492
G1 X10.6723 Y67.1250 Z-2.1718
G1 X10.5451 Y67.1082 Z-2.1944
G1 X10.4179 Y67.1250 Z-2.2171
G1 X10.2994 Y67.1741 Z-2.2397
G1 X10.1976 Y67.2522 Z-2.2623
G1 X10.1196 Y67.3539 Z-2.2849
G1 X10.0705 Y67.4724 Z-2.3075
G1 X10.0537 Y67.5996 Z-2.3302
G1 X10.0705 Y67.7268 Z-2.3528
G1 X10.1196 Y67.8453 Z-2.3754
G1 X10.1976 Y67.9471 Z-2.3980
G1 X10.2994 Y68.0251 Z-2.4206
G1 X10.4180 Y68.0742 Z-2.4433
G1 X10.5451 Y68.0910 Z-2.4659
G1 X10.6722 Y68.0742 Z-2.4885
G1 X10.7908 Y68.0251 Z-2.5111
G1 X10.8926 Y67.9471 Z-2.5337
G1 X10.9706 Y67.8453 Z-2.5563
G1 X11.0197 Y67.7267 Z-2.5790
G1 X11.0365 Y67.5996 Z-2.6016
G1 X11.0197 Y67.4725 Z-2.6242
G1 X10.9706 Y67.3539 Z-2.6468
G1 X10.8926 Y67.2521 Z-2.6694
G1 X10.7908 Y67.1740 Z-2.6920
G1 X10.6723 Y67.1250 Z-2.7147
G1 X10.5451 Y67.1082 Z-2.7373
G1 X10.4179 Y67.1250 Z-2.7599
G1 X10.2994 Y67.1741 Z-2.7825
G1 X10.1976 Y67.2522 Z-2.8051
G1 X10.1196 Y67.3539 Z-2.8277
G1 X10.0705 Y67.4724 Z-2.8504
G1 X10.0537 Y67.5996 Z-2.8730
G1 X10.0705 Y67.7268 Z-2.8956
G1 X10.1196 Y67.8453 Z-2.9182
G1 X10.1976 Y67.9471 Z-2.9408
G1 X10.2994 Y68.0251 Z-2.9635
G1 X10.4180 Y68.0742 Z-2.9861
G1 X10.5451 Y68.0910 Z-3.0087
G1 X10.6722 Y68.0742 Z-3.0313
G1 X10.7908 Y68.0251 Z-3.0539
G1 X10.8926 Y67.9471 Z-3.0766
G1 X10.9706 Y67.8453 Z-3.0992
G1 X11.0197 Y67.7267 Z-3.1218
G1 X11.0365 Y67.5996 Z-3.1444
G1 X11.0197 Y67.4725 Z-3.1670
G1 X10.9706 Y67.3539 Z-3.1896
G1 X10.8926 Y67.2521 Z-3.2123
G1 X10.7908 Y67.1740 Z-3.2349
G1 X10.6723 Y67.1250 Z-3.2575
G1 X10.5451 Y67.1082 Z-3.2801
G1 X10.4179 Y67.1250 Z-3.3027
G1 X10.2994 Y67.1741 Z-3.3254
G1 X10.1976 Y67.2522 Z-3.3480
G1 X10.1196 Y67.3539 Z-3.3706
G1 X10.0705 Y67.4724 Z-3.3932
G1 X10.0537 Y67.5996 Z-3.4158
G1 X10.0705 Y67.7268 Z-3.4384
G1 X10.1196 Y67.8453 Z-3.4611
G1 X10.1976 Y67.9471 Z-3.4837
G1 X10.2994 Y68.0251 Z-3.5063
G1 X10.4180 Y68.0742 Z-3.5289
G1 X10.5451 Y68.0910 Z-3.5515
G1 X10.6722 Y68.0742 Z-3.5741
G1 X10.7908 Y68.0251 Z-3.5968
G1 X10.8926 Y67.9471 Z-3.6194
G1 X10.9706 Y67.8453 Z-3.6420
G1 X11.0197 Y67.7267 Z-3.6646
G1 X11.0365 Y67.5996 Z-3.6872
G1 X11.0197 Y67.4725 Z-3.7098
G1 X10.9706 Y67.3539 Z-3.7325
G1 X10.8926 Y67.2521 Z-3.7551
G1 X10.7908 Y67.1740 Z-3.7777
G1 X10.6723 Y67.1250 Z-3.7918
G1 X10.5451 Y67.1082 F480
G1 X10.4179 Y67.1250
G1 X10.2994 Y67.1741
G1 X10.1976 Y67.2522
G1 X10.1196 Y67.3539
G1 X10.0705 Y67.4724
G1 X10.0537 Y67.5996
G1 X10.0705 Y67.7268
G1 X10.1196 Y67.8453
G1 X10.1976 Y67.9471
G1 X10.2994 Y68.0251
G1 X10.4180 Y68.0742
G1 X10.5451 Y68.0910
G1 X10.6722 Y68.0742
G1 X10.7908 Y68.0251
G1 X10.8926 Y67.9471
G1 X10.9706 Y67.8453
G1 X11.0197 Y67.7267
G1 X11.0365 Y67.5996
G1 X11.0197 Y67.4725
G1 X10.9706 Y67.3539
G1 X10.8926 Y67.2521
G1 X10.7908 Y67.1740
G1 X10.6723 Y67.1250
G00 Z4.9900
G00 X49.2292 Y21.0835
G1 Z0.0900 F200
G1 X49.4683 Y21.2686 Z0.0367
G1 X49.7399 Y21.4018 Z-0.0167
G1 X50.0327 Y21.4776 Z-0.0700
G1 X50.3349 Y21.4929 Z-0.1233
G1 X50.6337 Y21.4472 Z-0.1767
G1 X50.9174 Y21.3421 Z-0.2300
G1 X51.1741 Y21.1821 Z-0.2833
G1 X51.3933 Y20.9737 Z-0.3367
G1 X51.5661 Y20.7255 Z-0.3900
G1 X51.6854 Y20.4475 Z-0.4433
G1 X51.7463 Y20.1512 Z-0.4967
G1 Y19.8488 Z-0.5500
G1 X51.6854 Y19.5525 Z-0.6033
G1 X51.5661 Y19.2746 Z-0.6567
G1 X51.3933 Y19.0263 Z-0.7100
G1 X51.1741 Y18.8179 Z-0.7633
G1 X50.9174 Y18.6579 Z-0.8166
G1 X50.6337 Y18.5529 Z-0.8700
G1 X50.3348 Y18.5071 Z-0.9233
G1 X50.0327 Y18.5224 Z-0.9766
G1 X49.7399 Y18.5982 Z-1.0300
G1 X49.4684 Y18.7314 Z-1.0833
G1 X49.2292 Y18.9166 Z-1.1366
G1 X49.0322 Y19.1461 Z-1.1900
G1 X48.8854 Y19.4105 Z-1.2433
G1 X48.7949 Y19.6991 Z-1.2966
G1 X48.7643 Y20.0 Z-1.3500
G1 X48.7948 Y20.3009 Z-1.4033
G1 X48.8854 Y20.5896 Z-1.4566
G1 X49.0322 Y20.8539 Z-1.5100
G1 X49.2292 Y21.0835 Z-1.5633
G1 X49.4683 Y21.2686 Z-1.6166
G1 X49.7399 Y21.4018 Z-1.6700
G1 X50.0327 Y21.4776 Z-1.7233
G1 X50.3349 Y21.4929 Z-1.7766
G1 X50.6337 Y21.4472 Z-1.8300
G1 X50.9174 Y21.3421 Z-1.8833
G1 X51.1741 Y21.1821 Z-1.9366
G1 X51.3933 Y20.9737 Z-1.9900
G1 X51.5661 Y20.7255 Z-2.0433
G1 X51.6854 Y20.4475 Z-2.0966
G1 X51.7463 Y20.1512 Z-2.1500
G1 Y19.8488 Z-2.2033
G1 X51.6854 Y19.5525 Z-2.2566
G1 X51.5661 Y19.2746 Z-2.3099
G1 X51.3933 Y19.0263 Z-2.3633
G1 X51.1741 Y18.8179 Z-2.4166
G1 X50.9174 Y18.6579 Z-2.4699
G1 X50.6337 Y18.5529 Z-2.5233
G1 X50.3348 Y18.5071 Z-2.5766
G1 X50.0327 Y18.5224 Z-2.6299
G1 X49.7399 Y18.5982 Z-2.6833
G1 X49.4684 Y18.7314 Z-2.7366
G1 X49.2292 Y18.9166 Z-2.7899
G1 X49.0322 Y19.1461 Z-2.8433
G1 X48.8854 Y19.4105 Z-2.8966
G1 X48.7949 Y19.6991 Z-2.9499
G1 X48.7643 Y20.0 Z-3.0033
G1 X48.7948 Y20.3009 Z-3.0566
G1 X48.8854 Y20.5896 Z-3.1099
G1 X49.0322 Y20.8539 Z-3.1633
G1 X49.2292 Y21.0835 Z-3.2166
G1 X49.4683 Y21.2686 Z-3.2699
G1 X49.7399 Y21.4018 Z-3.3233
G1 X50.0327 Y21.4776 Z-3.3766
G1 X50.3349 Y21.4929 Z-3.4299
G1 X50.6337 Y21.4472 Z-3.4833
G1 X50.9174 Y21.3421 Z-3.5366
G1 X51.1741 Y21.1821 Z-3.5899
G1 X51.3933 Y20.9737 Z-3.6433
G1 X51.5661 Y20.7255 Z-3.6966
G1 X51.6854 Y20.4475 Z-3.7499
G1 X51.7463 Y20.1512 Z-3.7918
G1 Y19.8488 F480
G1 X51.6854 Y19.5525
G1 X51.5661 Y19.2746
G1 X51.3933 Y19.0263
G1 X51.1741 Y18.8179
G1 X50.9174 Y18.6579
G1 X50.6337 Y18.5529
G1 X50.3348 Y18.5071
G1 X50.0327 Y18.5224
G1 X49.7399 Y18.5982
G1 X49.4684 Y18.7314
G1 X49.2292 Y18.9166
G1 X49.0322 Y19.1461
G1 X48.8854 Y19.4105
G1 X48.7949 Y19.6991
G1 X48.7643 Y20.0
G1 X48.7948 Y20.3009
G1 X48.8854 Y20.5896
G1 X49.0322 Y20.8539
G1 X49.2292 Y21.0835
G1 X49.4683 Y21.2686
G1 X49.7399 Y21.4018
G1 X50.0327 Y21.4776
G1 X50.3349 Y21.4929
G1 X50.6337 Y21.4472
G1 X50.9174 Y21.3421
G1 X51.1741 Y21.1821
G1 X51.3933 Y20.9737
G1 X51.5661 Y20.7255
G1 X51.6854 Y20.4475
G1 X51.7463 Y20.1512
G00 Z4.9900
G00 X50.3348 Y11.4929
G1 Z0.0900 F200
G1 X50.6337 Y11.4471 Z0.0367
G1 X50.9174 Y11.3421 Z-0.0167
G1 X51.1741 Y11.1821 Z-0.0700
G1 X51.3933 Y10.9737 Z-0.1233
G1 X51.5661 Y10.7255 Z-0.1767
G1 X51.6854 Y10.4475 Z-0.2300
G1 X51.7463 Y10.1512 Z-0.2833
G1 Y9.8488 Z-0.3366
G1 X51.6854 Y9.5525 Z-0.3900
G1 X51.5661 Y9.2746 Z-0.4433
G1 X51.3933 Y9.0263 Z-0.4967
G1 X51.1741 Y8.8179 Z-0.5500
G1 X50.9174 Y8.6579 Z-0.6033
G1 X50.6338 Y8.5529 Z-0.6566
G1 X50.3348 Y8.5071 Z-0.7100
G1 X50.0327 Y8.5224 Z-0.7633
G1 X49.7399 Y8.5982 Z-0.8166
G1 X49.4683 Y8.7314 Z-0.8700
G1 X49.2292 Y8.9165 Z-0.9233
G1 X49.0322 Y9.1461 Z-0.9766
G1 X48.8854 Y9.4105 Z-1.0300
G1 X48.7949 Y9.6991 Z-1.0833
G1 X48.7643 Y10.0 Z-1.1366
G1 X48.7948 Y10.3009 Z-1.1900
G1 X48.8854 Y10.5895 Z-1.2433
G1 X49.0322 Y10.8540 Z-1.2966
G1 X49.2292 Y11.0835 Z-1.3500
G1 X49.4683 Y11.2686 Z-1.4033
G1 X49.7399 Y11.4018 Z-1.4566
G1 X50.0327 Y11.4776 Z-1.5100
G1 X50.3348 Y11.4929 Z-1.5633
G1 X50.6337 Y11.4471 Z-1.6166
G1 X50.9174 Y11.3421 Z-1.6700
G1 X51.1741 Y11.1821 Z-1.7233
G1 X51.3933 Y10.9737 Z-1.7766
G1 X51.5661 Y10.7255 Z-1.8300
G1 X51.6854 Y10.4475 Z-1.8833
G1 X51.7463 Y10.1512 Z-1.9366
G1 Y9.8488 Z-1.9899
G1 X51.6854 Y9.5525 Z-2.0433
G1 X51.5661 Y9.2746 Z-2.0966
G1 X51.3933 Y9.0263 Z-2.1499
G1 X51.1741 Y8.8179 Z-2.2033
G1 X50.9174 Y8.6579 Z-2.2566
G1 X50.6338 Y8.5529 Z-2.3099
G1 X50.3348 Y8.5071 Z-2.3633
G1 X50.0327 Y8.5224 Z-2.4166
G1 X49.7399 Y8.5982 Z-2.4699
G1 X49.4683 Y8.7314 Z-2.5233
G1 X49.2292 Y8.9165 Z-2.5766
G1 X49.0322 Y9.1461 Z-2.6299
G1 X48.8854 Y9.4105 Z-2.6833
G1 X48.7949 Y9.6991 Z-2.7366
G1 X48.7643 Y10.0 Z-2.7899
G1 X48.7948 Y10.3009 Z-2.8433
G1 X48.8854 Y10.5895 Z-2.8966
G1 X49.0322 Y10.8540 Z-2.9499
G1 X49.2292 Y11.0835 Z-3.0033
G1 X49.4683 Y11.2686 Z-3.0566
G1 X49.7399 Y11.4018 Z-3.1099
G1 X50.0327 Y11.4776 Z-3.1632
G1 X50.3348 Y11.4929 Z-3.2166
G1 X50.6337 Y11.4471 Z-3.2699
G1 X50.9174 Y11.3421 Z-3.3232
G1 X51.1741 Y11.1821 Z-3.3766
G1 X51.3933 Y10.9737 Z-3.4299
G1 X51.5661 Y10.7255 Z-3.4832
G1 X51.6854 Y10.4475 Z-3.5366
G1 X51.7463 Y10.1512 Z-3.5899
G1 Y9.8488 Z-3.6432
G1 X51.6854 Y9.5525 Z-3.6966
G1 X51.5661 Y9.2746 Z-3.7499
G1 X51.3933 Y9.0263 Z-3.7918
G1 X51.1741 Y8.8179 F480
G1 X50.9174 Y8.6579
G1 X50.6338 Y8.5529
G1 X50.3348 Y8.5071
G1 X50.0327 Y8.5224
G1 X49.7399 Y8.5982
G1 X49.4683 Y8.7314
G1 X49.2292 Y8.9165
G1 X49.0322 Y9.1461
G1 X48.8854 Y9.4105
G1 X48.7949 Y9.6991
G1 X48.7643 Y10.0
G1 X48.7948 Y10.3009
G1 X48.8854 Y10.5895
G1 X49.0322 Y10.8540
G1 X49.2292 Y11.0835
G1 X49.4683 Y11.2686
G1 X49.7399 Y11.4018
G1 X50.0327 Y11.4776
G1 X50.3348 Y11.4929
G1 X50.6337 Y11.4471
G1 X50.9174 Y11.3421
G1 X51.1741 Y11.1821
G1 X51.3933 Y10.9737
G1 X51.5661 Y10.7255
G1 X51.6854 Y10.4475
G1 X51.7463 Y10.1512
G1 Y9.8488
G1 X51.6854 Y9.5525
G1 X51.5661 Y9.2746
G1 X51.3933 Y9.0263
G00 Z4.9900
G00 X50.3348 Y8.5071
G1 Z0.0900 F200
G1 X50.0327 Y8.5224 Z0.0367
G1 X49.7399 Y8.5982 Z-0.0167
G1 X49.4683 Y8.7314 Z-0.0700
G1 X49.2292 Y8.9165 Z-0.1233
G1 X49.0322 Y9.1461 Z-0.1767
G1 X48.8854 Y9.4105 Z-0.2300
G1 X48.7949 Y9.6991 Z-0.2833
G1 X48.7643 Y10.0 Z-0.3367
G1 X48.7948 Y10.3009 Z-0.3900
G1 X48.8854 Y10.5895 Z-0.4433
G1 X49.0322 Y10.8540 Z-0.4967
G1 X49.2292 Y11.0835 Z-0.5500
G1 X49.4683 Y11.2686 Z-0.6033
G1 X49.7399 Y11.4018 Z-0.6567
G1 X50.0327 Y11.4776 Z-0.7100
G1 X50.3348 Y11.4929 Z-0.7633
G1 X50.6337 Y11.4471 Z-0.8166
G1 X50.9174 Y11.3421 Z-0.8700
G1 X51.1741 Y11.1821 Z-0.9233
G1 X51.3933 Y10.9737 Z-0.9766
G1 X51.5661 Y10.7255 Z-1.0300
G1 X51.6854 Y10.4475 Z-1.0833
G1 X51.7463 Y10.1512 Z-1.1366
G1 Y9.8488 Z-1.1900
G1 X51.6854 Y9.5525 Z-1.2433
G1 X51.5661 Y9.2746 Z-1.2966
G1 X51.3933 Y9.0263 Z-1.3500
G1 X51.1741 Y8.8179 Z-1.4033
G1 X50.9174 Y8.6579 Z-1.4566
G1 X50.6338 Y8.5529 Z-1.5100
G1 X50.3348 Y8.5071 Z-1.5633
G1 X50.0327 Y8.5224 Z-1.6166
G1 X49.7399 Y8.5982 Z-1.6700
G1 X49.4683 Y8.7314 Z-1.7233
G1 X49.2292 Y8.9165 Z-1.7766
G1 X49.0322 Y9.1461 Z-1.8300
G1 X48.8854 Y9.4105 Z-1.8833
G1 X48.7949 Y9.6991 Z-1.9366
G1 X48.7643 Y10.0 Z-1.9900
G1 X48.7948 Y10.3009 Z-2.0433
G1 X48.8854 Y10.5895 Z-2.0966
G1 X49.0322 Y10.8540 Z-2.1500
G1 X49.2292 Y11.0835 Z-2.2033
G1 X49.4683 Y11.2686 Z-2.2566
G1 X49.7399 Y11.4018 Z-2.3100
G1 X50.0327 Y11.4776 Z-2.3633
G1 X50.3348 Y11.4929 Z-2.4166
G1 X50.6337 Y11.4471 Z-2.4699
G1 X50.9174 Y11.3421 Z-2.5233
G1 X51.1741 Y11.1821 Z-2.5766
G1 X51.3933 Y10.9737 Z-2.6299
G1 X51.5661 Y10.7255 Z-2.6833
G1 X51.6854 Y10.4475 Z-2.7366
G1 X51.7463 Y10.1512 Z-2.7899
G1 Y9.8488 Z-2.8433
G1 X51.6854 Y9.5525 Z-2.8966
G1 X51.5661 Y9.2746 Z-2.9499
G1 X51.3933 Y9.0263 Z-3.0033
G1 X51.1741 Y8.8179 Z-3.0566
G1 X50.9174 Y8.6579 Z-3.1099
G1 X50.6338 Y8.5529 Z-3.1633
G1 X50.3348 Y8.5071 Z-3.2166
G1 X50.0327 Y8.5224 Z-3.2699
G1 X49.7399 Y8.5982 Z-3.3233
G1 X49.4683 Y8.7314 Z-3.3766
G1 X49.2292 Y8.9165 Z-3.4299
G1 X49.0322 Y9.1461 Z-3.4833
G1 X48.8854 Y9.4105 Z-3.5366
G1 X48.7949 Y9.6991 Z-3.5899
G1 X48.7643 Y10.0 Z-3.6433
G1 X48.7948 Y10.3009 Z-3.6966
G1 X48.8854 Y10.5895 Z-3.7499
G1 X49.0322 Y10.8540 Z-3.8033
G1 X49.2292 Y11.0835 Z-3.8566
G1 X49.4683 Y11.2686 Z-3.9099
G1 X49.7399 Y11.4018 Z-3.9632
G1 X50.0327 Y11.4776 Z-4.0166
G1 X50.3348 Y11.4929 Z-4.0699
G1 X50.6337 Y11.4471 Z-4.1232
G1 X50.9174 Y11.3421 Z-4.1766
G1 X51.1741 Y11.1821 Z-4.2299
G1 X51.3933 Y10.9737 Z-4.2645
G1 X51.5661 Y10.7255 F480
G1 X51.6854 Y10.4475
G1 X51.7463 Y10.1512
G1 Y9.8488
G1 X51.6854 Y9.5525
G1 X51.5661 Y9.2746
G1 X51.3933 Y9.0263
G1 X51.1741 Y8.8179
G1 X50.9174 Y8.6579
G1 X50.6338 Y8.5529
G1 X50.3348 Y8.5071
G1 X50.0327 Y8.5224
G1 X49.7399 Y8.5982
G1 X49.4683 Y8.7314
G1 X49.2292 Y8.9165
G1 X49.0322 Y9.1461
G1 X48.8854 Y9.4105
G1 X48.7949 Y9.6991
G1 X48.7643 Y10.0
G1 X48.7948 Y10.3009
G1 X48.8854 Y10.5895
G1 X49.0322 Y10.8540
G1 X49.2292 Y11.0835
G1 X49.4683 Y11.2686
G1 X49.7399 Y11.4018
G1 X50.0327 Y11.4776
G1 X50.3348 Y11.4929
G1 X50.6337 Y11.4471
G1 X50.9174 Y11.3421
G1 X51.1741 Y11.1821
G1 X51.3933 Y10.9737
G00 Z4.9900
G00 X50.3348 Y18.5071
G1 Z0.0900 F200
G1 X50.0327 Y18.5224 Z0.0367
G1 X49.7399 Y18.5982 Z-0.0167
G1 X49.4684 Y18.7314 Z-0.0700
G1 X49.2292 Y18.9166 Z-0.1233
G1 X49.0322 Y19.1461 Z-0.1767
G1 X48.8854 Y19.4105 Z-0.2300
G1 X48.7949 Y19.6991 Z-0.2833
G1 X48.7643 Y20.0 Z-0.3367
G1 X48.7948 Y20.3009 Z-0.3900
G1 X48.8854 Y20.5896 Z-0.4433
G1 X49.0322 Y20.8539 Z-0.4967
G1 X49.2292 Y21.0835 Z-0.5500
G1 X49.4683 Y21.2686 Z-0.6033
G1 X49.7399 Y21.4018 Z-0.6567
G1 X50.0327 Y21.4776 Z-0.7100
G1 X50.3349 Y21.4929 Z-0.7633
G1 X50.6337 Y21.4472 Z-0.8166
G1 X50.9174 Y21.3421 Z-0.8700
G1 X51.1741 Y21.1821 Z-0.9233
G1 X51.3933 Y20.9737 Z-0.9767
G1 X51.5661 Y20.7255 Z-1.0300
G1 X51.6854 Y20.4475 Z-1.0833
G1 X51.7463 Y20.1512 Z-1.1367
G1 Y19.8488 Z-1.1900
G1 X51.6854 Y19.5525 Z-1.2433
G1 X51.5661 Y19.2746 Z-1.2966
G1 X51.3933 Y19.0263 Z-1.3500
G1 X51.1741 Y18.8179 Z-1.4033
G1 X50.9174 Y18.6579 Z-1.4566
G1 X50.6337 Y18.5529 Z-1.5100
G1 X50.3348 Y18.5071 Z-1.5633
G1 X50.0327 Y18.5224 Z-1.6166
G1 X49.7399 Y18.5982 Z-1.6700
G1 X49.4684 Y18.7314 Z-1.7233
G1 X49.2292 Y18.9166 Z-1.7766
G1 X49.0322 Y19.1461 Z-1.8300
G1 X48.8854 Y19.4105 Z-1.8833
G1 X48.7949 Y19.6991 Z-1.9366
G1 X48.7643 Y20.0 Z-1.9900
G1 X48.7948 Y20.3009 Z-2.0433
G1 X48.8854 Y20.5896 Z-2.0966
G1 X49.0322 Y20.8539 Z-2.1500
G1 X49.2292 Y21.0835 Z-2.2033
G1 X49.4683 Y21.2686 Z-2.2566
G1 X49.7399 Y21.4018 Z-2.3100
G1 X50.0327 Y21.4776 Z-2.3633
G1 X50.3349 Y21.4929 Z-2.4166
G1 X50.6337 Y21.4472 Z-2.4699
G1 X50.9174 Y21.3421 Z-2.5233
G1 X51.1741 Y21.1821 Z-2.5766
G1 X51.3933 Y20.9737 Z-2.6300
G1 X51.5661 Y20.7255 Z-2.6833
G1 X51.6854 Y20.4475 Z-2.7366
G1 X51.7463 Y20.1512 Z-2.7899
G1 Y19.8488 Z-2.8433
G1 X51.6854 Y19.5525 Z-2.8966
G1 X51.5661 Y19.2746 Z-2.9499
G1 X51.3933 Y19.0263 Z-3.0033
G1 X51.1741 Y18.8179 Z-3.0566
G1 X50.9174 Y18.6579 Z-3.1099
G1 X50.6337 Y18.5529 Z-3.1633
G1 X50.3348 Y18.5071 Z-3.2166
G1 X50.0327 Y18.5224 Z-3.2699
G1 X49.7399 Y18.5982 Z-3.3233
G1 X49.4684 Y18.7314 Z-3.3766
G1 X49.2292 Y18.9166 Z-3.4299
G1 X49.0322 Y19.1461 Z-3.4833
G1 X48.8854 Y19.4105 Z-3.5366
G1 X48.7949 Y19.6991 Z-3.5899
G1 X48.7643 Y20.0 Z-3.6433
G1 X48.7948 Y20.3009 Z-3.6966
G1 X48.8854 Y20.5896 Z-3.7499
G1 X49.0322 Y20.8539 Z-3.8033
G1 X49.2292 Y21.0835 Z-3.8566
G1 X49.4683 Y21.2686 Z-3.9099
G1 X49.7399 Y21.4018 Z-3.9633
G1 X50.0327 Y21.4776 Z-4.0166
G1 X50.3349 Y21.4929 Z-4.0699
G1 X50.6337 Y21.4472 Z-4.1232
G1 X50.9174 Y21.3421 Z-4.1766
G1 X51.1741 Y21.1821 Z-4.2299
G1 X51.3933 Y20.9737 Z-4.2645
G1 X51.5661 Y20.7255 F480
G1 X51.6854 Y20.4475
G1 X51.7463 Y20.1512
G1 Y19.8488
G1 X51.6854 Y19.5525
G1 X51.5661 Y19.2746
G1 X51.3933 Y19.0263
G1 X51.1741 Y18.8179
G1 X50.9174 Y18.6579
G1 X50.6337 Y18.5529
G1 X50.3348 Y18.5071
G1 X50.0327 Y18.5224
G1 X49.7399 Y18.5982
G1 X49.4684 Y18.7314
G1 X49.2292 Y18.9166
G1 X49.0322 Y19.1461
G1 X48.8854 Y19.4105
G1 X48.7949 Y19.6991
G1 X48.7643 Y20.0
G1 X48.7948 Y20.3009
G1 X48.8854 Y20.5896
G1 X49.0322 Y20.8539
G1 X49.2292 Y21.0835
G1 X49.4683 Y21.2686
G1 X49.7399 Y21.4018
G1 X50.0327 Y21.4776
G1 X50.3349 Y21.4929
G1 X50.6337 Y21.4472
G1 X50.9174 Y21.3421
G1 X51.1741 Y21.1821
G1 X51.3933 Y20.9737
G00 Z4.9900
G00 X40.3688 Y23.6681
G1 Z0.0900 F200
G1 X40.0503 Y22.7108 Z-0.0879
G1 X39.6415 Y21.7887 Z-0.2657
G1 X39.1460 Y20.9099 Z-0.4436
G1 X38.5684 Y20.0828 Z-0.6215
G1 X37.9141 Y19.3149 Z-0.7994
G1 X37.1893 Y18.6134 Z-0.9773
G1 X36.4003 Y17.9846 Z-1.1552
G1 X35.5547 Y17.4346 Z-1.3330
G1 X34.6602 Y16.9682 Z-1.5109
G1 X33.7250 Y16.5897 Z-1.6888
G1 X32.7580 Y16.3029 Z-1.8667
G1 X31.7675 Y16.1101 Z-2.0446
G1 X30.7636 Y16.0133 Z-2.2224
G1 X29.7546 Z-2.4003
G1 X28.7507 Y16.1101 Z-2.5782
G1 X27.7602 Y16.3029 Z-2.7561
G1 X26.7932 Y16.5897 Z-2.9339
G1 X25.8580 Y16.9682 Z-3.1118
G1 X24.9635 Y17.4346 Z-3.2897
G1 X24.1179 Y17.9846 Z-3.4676
G1 X23.3289 Y18.6134 Z-3.6455
G1 X22.6041 Y19.3149 Z-3.8233
G1 X21.9498 Y20.0828 Z-4.0012
G1 X21.3722 Y20.9099 Z-4.1791
G1 X20.8767 Y21.7887 Z-4.2645
G1 X20.4679 Y22.7108 F480
G1 X20.1494 Y23.6681
G1 X19.9243 Y24.6515
G1 X19.7946 Y25.6520
G1 X19.7615 Y26.6601
G1 X19.8253 Y27.6670
G1 X19.9855 Y28.6629
G1 X20.2405 Y29.6391
G1 X20.5880 Y30.5861
G1 X21.0248 Y31.4953
G1 X21.5470 Y32.3587
G1 X22.1494 Y33.1677
G1 X22.8268 Y33.9153
G1 X23.5727 Y34.5943
G1 X24.3806 Y35.1988
G1 X25.2426 Y35.7228
G1 X26.7591 Y36.4556
G1 Y63.9626
G1 X26.8010 Y64.5212
G1 X26.9173 Y65.0308
G1 X27.1083 Y65.5174
G1 X27.3696 Y65.9700
G1 X27.6955 Y66.3787
G1 X28.0787 Y66.7342
G1 X28.5105 Y67.0287
G1 X28.9814 Y67.2554
G1 X29.4810 Y67.4095
G1 X29.9977 Y67.4874
G1 X30.5204
G1 X31.0372 Y67.4095
G1 X31.5368 Y67.2554
G1 X32.0077 Y67.0287
G1 X32.4395 Y66.7342
G1 X32.8227 Y66.3787
G1 X33.1486 Y65.9700
G1 X33.4099 Y65.5174
G1 X33.6009 Y65.0308
G1 X33.7172 Y64.5212
G1 X33.7591 Y63.9626
G1 Y36.4556
G1 X35.2756 Y35.7228
G1 X36.1376 Y35.1988
G1 X36.9455 Y34.5943
G1 X37.6914 Y33.9153
G1 X38.3688 Y33.1677
G1 X38.9712 Y32.3587
G1 X39.4934 Y31.4953
G1 X39.9302 Y30.5861
G1 X40.2777 Y29.6391
G1 X40.5327 Y28.6629
G1 X40.6929 Y27.6670
G1 X40.7567 Y26.6601
G1 X40.7236 Y25.6520
G1 X40.5939 Y24.6515
G1 X40.3688 Y23.6681
G1 X40.0503 Y22.7108
G1 X39.6415 Y21.7887
G1 X39.1460 Y20.9099
G1 X38.5684 Y20.0828
G1 X37.9141 Y19.3149
G1 X37.1893 Y18.6134
G1 X36.4003 Y17.9846
G1 X35.5547 Y17.4346
G1 X34.6602 Y16.9682
G1 X33.7250 Y16.5897
G1 X32.7580 Y16.3029
G1 X31.7675 Y16.1101
G1 X30.7636 Y16.0133
G1 X29.7546
G1 X28.7507 Y16.1101
G1 X27.7602 Y16.3029
G1 X26.7932 Y16.5897
G1 X25.8580 Y16.9682
G1 X24.9635 Y17.4346
G1 X24.1179 Y17.9846
G1 X23.3289 Y18.6134
G1 X22.6041 Y19.3149
G1 X21.9498 Y20.0828
G1 X21.3722 Y20.9099
G1 X20.8767 Y21.7887
G00 Z4.9900
G00 X11.7463 Y20.1512
G1 Z0.0900 F200
G1 Y19.8488 Z0.0367
G1 X11.6854 Y19.5525 Z-0.0167
G1 X11.5661 Y19.2746 Z-0.0700
G1 X11.3933 Y19.0263 Z-0.1233
G1 X11.1741 Y18.8179 Z-0.1767
G1 X10.9174 Y18.6579 Z-0.2300
G1 X10.6338 Y18.5529 Z-0.2833
G1 X10.3349 Y18.5071 Z-0.3366
G1 X10.0328 Y18.5224 Z-0.3900
G1 X9.7399 Y18.5982 Z-0.4433
G1 X9.4684 Y18.7314 Z-0.4966
G1 X9.2292 Y18.9166 Z-0.5500
G1 X9.0322 Y19.1461 Z-0.6033
G1 X8.8854 Y19.4105 Z-0.6566
G1 X8.7949 Y19.6991 Z-0.7100
G1 X8.7643 Y20.0 Z-0.7633
G1 X8.7949 Y20.3010 Z-0.8167
G1 X8.8854 Y20.5895 Z-0.8700
G1 X9.0322 Y20.8540 Z-0.9233
G1 X9.2292 Y21.0835 Z-0.9766
G1 X9.4684 Y21.2686 Z-1.0300
G1 X9.7399 Y21.4018 Z-1.0833
G1 X10.0327 Y21.4776 Z-1.1366
G1 X10.3349 Y21.4929 Z-1.1900
G1 X10.6338 Y21.4472 Z-1.2433
G1 X10.9174 Y21.3421 Z-1.2966
G1 X11.1741 Y21.1821 Z-1.3500
G1 X11.3934 Y20.9737 Z-1.4033
G1 X11.5661 Y20.7255 Z-1.4566
G1 X11.6854 Y20.4475 Z-1.5100
G1 X11.7463 Y20.1512 Z-1.5633
G1 Y19.8488 Z-1.6166
G1 X11.6854 Y19.5525 Z-1.6700
G1 X11.5661 Y19.2746 Z-1.7233
G1 X11.3933 Y19.0263 Z-1.7766
G1 X11.1741 Y18.8179 Z-1.8300
G1 X10.9174 Y18.6579 Z-1.8833
G1 X10.6338 Y18.5529 Z-1.9366
G1 X10.3349 Y18.5071 Z-1.9900
G1 X10.0328 Y18.5224 Z-2.0433
G1 X9.7399 Y18.5982 Z-2.0966
G1 X9.4684 Y18.7314 Z-2.1500
G1 X9.2292 Y18.9166 Z-2.2033
G1 X9.0322 Y19.1461 Z-2.2566
G1 X8.8854 Y19.4105 Z-2.3100
G1 X8.7949 Y19.6991 Z-2.3633
G1 X8.7643 Y20.0 Z-2.4166
G1 X8.7949 Y20.3010 Z-2.4700
G1 X8.8854 Y20.5895 Z-2.5233
G1 X9.0322 Y20.8540 Z-2.5766
G1 X9.2292 Y21.0835 Z-2.6299
G1 X9.4684 Y21.2686 Z-2.6833
G1 X9.7399 Y21.4018 Z-2.7366
G1 X10.0327 Y21.4776 Z-2.7899
G1 X10.3349 Y21.4929 Z-2.8433
G1 X10.6338 Y21.4472 Z-2.8966
G1 X10.9174 Y21.3421 Z-2.9499
G1 X11.1741 Y21.1821 Z-3.0033
G1 X11.3934 Y20.9737 Z-3.0566
G1 X11.5661 Y20.7255 Z-3.1099
G1 X11.6854 Y20.4475 Z-3.1633
G1 X11.7463 Y20.1512 Z-3.2166
G1 Y19.8488 Z-3.2699
G1 X11.6854 Y19.5525 Z-3.3233
G1 X11.5661 Y19.2746 Z-3.3766
G1 X11.3933 Y19.0263 Z-3.4299
G1 X11.1741 Y18.8179 Z-3.4833
G1 X10.9174 Y18.6579 Z-3.5366
G1 X10.6338 Y18.5529 Z-3.5899
G1 X10.3349 Y18.5071 Z-3.6433
G1 X10.0328 Y18.5224 Z-3.6966
G1 X9.7399 Y18.5982 Z-3.7499
G1 X9.4684 Y18.7314 Z-3.8033
G1 X9.2292 Y18.9166 Z-3.8566
G1 X9.0322 Y19.1461 Z-3.9099
G1 X8.8854 Y19.4105 Z-3.9633
G1 X8.7949 Y19.6991 Z-4.0166
G1 X8.7643 Y20.0 Z-4.0699
G1 X8.7949 Y20.3010 Z-4.1233
G1 X8.8854 Y20.5895 Z-4.1766
G1 X9.0322 Y20.8540 Z-4.2299
G1 X9.2292 Y21.0835 Z-4.2645
G1 X9.4684 Y21.2686 F480
G1 X9.7399 Y21.4018
G1 X10.0327 Y21.4776
G1 X10.3349 Y21.4929
G1 X10.6338 Y21.4472
G1 X10.9174 Y21.3421
G1 X11.1741 Y21.1821
G1 X11.3934 Y20.9737
G1 X11.5661 Y20.7255
G1 X11.6854 Y20.4475
G1 X11.7463 Y20.1512
G1 Y19.8488
G1 X11.6854 Y19.5525
G1 X11.5661 Y19.2746
G1 X11.3933 Y19.0263
G1 X11.1741 Y18.8179
G1 X10.9174 Y18.6579
G1 X10.6338 Y18.5529
G1 X10.3349 Y18.5071
G1 X10.0328 Y18.5224
G1 X9.7399 Y18.5982
G1 X9.4684 Y18.7314
G1 X9.2292 Y18.9166
G1 X9.0322 Y19.1461
G1 X8.8854 Y19.4105
G1 X8.7949 Y19.6991
G1 X8.7643 Y20.0
G1 X8.7949 Y20.3010
G1 X8.8854 Y20.5895
G1 X9.0322 Y20.8540
G1 X9.2292 Y21.0835
G00 Z4.9900
G00 X10.0327 Y11.4776
G1 Z0.0900 F200
G1 X10.3349 Y11.4929 Z0.0367
G1 X10.6338 Y11.4471 Z-0.0167
G1 X10.9175 Y11.3421 Z-0.0700
G1 X11.1741 Y11.1821 Z-0.1233
G1 X11.3933 Y10.9737 Z-0.1767
G1 X11.5661 Y10.7255 Z-0.2300
G1 X11.6854 Y10.4475 Z-0.2833
G1 X11.7463 Y10.1512 Z-0.3367
G1 Y9.8488 Z-0.3900
G1 X11.6854 Y9.5525 Z-0.4433
G1 X11.5661 Y9.2746 Z-0.4967
G1 X11.3933 Y9.0263 Z-0.5500
G1 X11.1741 Y8.8179 Z-0.6033
G1 X10.9175 Y8.6580 Z-0.6566
G1 X10.6338 Y8.5529 Z-0.7100
G1 X10.3349 Y8.5071 Z-0.7633
G1 X10.0327 Y8.5224 Z-0.8167
G1 X9.7399 Y8.5982 Z-0.8700
G1 X9.4684 Y8.7314 Z-0.9233
G1 X9.2292 Y8.9166 Z-0.9766
G1 X9.0322 Y9.1461 Z-1.0300
G1 X8.8854 Y9.4105 Z-1.0833
G1 X8.7949 Y9.6991 Z-1.1366
G1 X8.7643 Y10.0 Z-1.1900
G1 X8.7949 Y10.3009 Z-1.2433
G1 X8.8854 Y10.5895 Z-1.2966
G1 X9.0322 Y10.8540 Z-1.3500
G1 X9.2292 Y11.0835 Z-1.4033
G1 X9.4684 Y11.2686 Z-1.4566
G1 X9.7399 Y11.4018 Z-1.5100
G1 X10.0327 Y11.4776 Z-1.5633
G1 X10.3349 Y11.4929 Z-1.6166
G1 X10.6338 Y11.4471 Z-1.6700
G1 X10.9175 Y11.3421 Z-1.7233
G1 X11.1741 Y11.1821 Z-1.7766
G1 X11.3933 Y10.9737 Z-1.8300
G1 X11.5661 Y10.7255 Z-1.8833
G1 X11.6854 Y10.4475 Z-1.9366
G1 X11.7463 Y10.1512 Z-1.9900
G1 Y9.8488 Z-2.0433
G1 X11.6854 Y9.5525 Z-2.0966
G1 X11.5661 Y9.2746 Z-2.1500
G1 X11.3933 Y9.0263 Z-2.2033
G1 X11.1741 Y8.8179 Z-2.2566
G1 X10.9175 Y8.6580 Z-2.3099
G1 X10.6338 Y8.5529 Z-2.3633
G1 X10.3349 Y8.5071 Z-2.4166
G1 X10.0327 Y8.5224 Z-2.4700
G1 X9.7399 Y8.5982 Z-2.5233
G1 X9.4684 Y8.7314 Z-2.5766
G1 X9.2292 Y8.9166 Z-2.6299
G1 X9.0322 Y9.1461 Z-2.6833
G1 X8.8854 Y9.4105 Z-2.7366
G1 X8.7949 Y9.6991 Z-2.7899
G1 X8.7643 Y10.0 Z-2.8433
G1 X8.7949 Y10.3009 Z-2.8966
G1 X8.8854 Y10.5895 Z-2.9499
G1 X9.0322 Y10.8540 Z-3.0033
G1 X9.2292 Y11.0835 Z-3.0566
G1 X9.4684 Y11.2686 Z-3.1099
G1 X9.7399 Y11.4018 Z-3.1633
G1 X10.0327 Y11.4776 Z-3.2166
G1 X10.3349 Y11.4929 Z-3.2699
G1 X10.6338 Y11.4471 Z-3.3233
G1 X10.9175 Y11.3421 Z-3.3766
G1 X11.1741 Y11.1821 Z-3.4299
G1 X11.3933 Y10.9737 Z-3.4833
G1 X11.5661 Y10.7255 Z-3.5366
G1 X11.6854 Y10.4475 Z-3.5899
G1 X11.7463 Y10.1512 Z-3.6433
G1 Y9.8488 Z-3.6966
G1 X11.6854 Y9.5525 Z-3.7499
G1 X11.5661 Y9.2746 Z-3.8033
G1 X11.3933 Y9.0263 Z-3.8566
G1 X11.1741 Y8.8179 Z-3.9099
G1 X10.9175 Y8.6580 Z-3.9632
G1 X10.6338 Y8.5529 Z-4.0166
G1 X10.3349 Y8.5071 Z-4.0699
G1 X10.0327 Y8.5224 Z-4.1233
G1 X9.7399 Y8.5982 Z-4.1766
G1 X9.4684 Y8.7314 Z-4.2299
G1 X9.2292 Y8.9166 Z-4.2645
G1 X9.0322 Y9.1461 F480
G1 X8.8854 Y9.4105
G1 X8.7949 Y9.6991
G1 X8.7643 Y10.0
G1 X8.7949 Y10.3009
G1 X8.8854 Y10.5895
G1 X9.0322 Y10.8540
G1 X9.2292 Y11.0835
G1 X9.4684 Y11.2686
G1 X9.7399 Y11.4018
G1 X10.0327 Y11.4776
G1 X10.3349 Y11.4929
G1 X10.6338 Y11.4471
G1 X10.9175 Y11.3421
G1 X11.1741 Y11.1821
G1 X11.3933 Y10.9737
G1 X11.5661 Y10.7255
G1 X11.6854 Y10.4475
G1 X11.7463 Y10.1512
G1 Y9.8488
G1 X11.6854 Y9.5525
G1 X11.5661 Y9.2746
G1 X11.3933 Y9.0263
G1 X11.1741 Y8.8179
G1 X10.9175 Y8.6580
G1 X10.6338 Y8.5529
G1 X10.3349 Y8.5071
G1 X10.0327 Y8.5224
G1 X9.7399 Y8.5982
G1 X9.4684 Y8.7314
G1 X9.2292 Y8.9166
G00 Z4.9900
G00 X10.5451 Y67.1082
G1 Z0.0900 F200
G1 X10.4179 Y67.1250 Z0.0674
G1 X10.2994 Y67.1741 Z0.0448
G1 X10.1976 Y67.2522 Z0.0221
G1 X10.1196 Y67.3539 Z-0.0005
G1 X10.0705 Y67.4724 Z-0.0231
G1 X10.0537 Y67.5996 Z-0.0457
G1 X10.0705 Y67.7268 Z-0.0683
G1 X10.1196 Y67.8453 Z-0.0909
G1 X10.1976 Y67.9471 Z-0.1136
G1 X10.2994 Y68.0251 Z-0.1362
G1 X10.4180 Y68.0742 Z-0.1588
G1 X10.5451 Y68.0910 Z-0.1814
G1 X10.6722 Y68.0742 Z-0.2040
G1 X10.7908 Y68.0251 Z-0.2267
G1 X10.8926 Y67.9471 Z-0.2493
G1 X10.9706 Y67.8453 Z-0.2719
G1 X11.0197 Y67.7267 Z-0.2945
G1 X11.0365 Y67.5996 Z-0.3171
G1 X11.0197 Y67.4725 Z-0.3397
G1 X10.9706 Y67.3539 Z-0.3624
G1 X10.8926 Y67.2521 Z-0.3850
G1 X10.7908 Y67.1740 Z-0.4076
G1 X10.6723 Y67.1250 Z-0.4302
G1 X10.5451 Y67.1082 Z-0.4528
G1 X10.4179 Y67.1250 Z-0.4755
G1 X10.2994 Y67.1741 Z-0.4981
G1 X10.1976 Y67.2522 Z-0.5207
G1 X10.1196 Y67.3539 Z-0.5433
G1 X10.0705 Y67.4724 Z-0.5659
G1 X10.0537 Y67.5996 Z-0.5885
G1 X10.0705 Y67.7268 Z-0.6112
G1 X10.1196 Y67.8453 Z-0.6338
G1 X10.1976 Y67.9471 Z-0.6564
G1 X10.2994 Y68.0251 Z-0.6790
G1 X10.4180 Y68.0742 Z-0.7016
G1 X10.5451 Y68.0910 Z-0.7243
G1 X10.6722 Y68.0742 Z-0.7469
G1 X10.7908 Y68.0251 Z-0.7695
G1 X10.8926 Y67.9471 Z-0.7921
G1 X10.9706 Y67.8453 Z-0.8147
G1 X11.0197 Y67.7267 Z-0.8374
G1 X11.0365 Y67.5996 Z-0.8600
G1 X11.0197 Y67.4725 Z-0.8826
G1 X10.9706 Y67.3539 Z-0.9052
G1 X10.8926 Y67.2521 Z-0.9278
G1 X10.7908 Y67.1740 Z-0.9504
G1 X10.6723 Y67.1250 Z-0.9731
G1 X10.5451 Y67.1082 Z-0.9957
G1 X10.4179 Y67.1250 Z-1.0183
G1 X10.2994 Y67.1741 Z-1.0409
G1 X10.1976 Y67.2522 Z-1.0635
G1 X10.1196 Y67.3539 Z-1.0861
G1 X10.0705 Y67.4724 Z-1.1088
G1 X10.0537 Y67.5996 Z-1.1314
G1 X10.0705 Y67.7268 Z-1.1540
G1 X10.1196 Y67.8453 Z-1.1766
G1 X10.1976 Y67.9471 Z-1.1992
G1 X10.2994 Y68.0251 Z-1.2218
G1 X10.4180 Y68.0742 Z-1.2445
G1 X10.5451 Y68.0910 Z-1.2671
G1 X10.6722 Y68.0742 Z-1.2897
G1 X10.7908 Y68.0251 Z-1.3123
G1 X10.8926 Y67.9471 Z-1.3349
G1 X10.9706 Y67.8453 Z-1.3576
G1 X11.0197 Y67.7267 Z-1.3802
G1 X11.0365 Y67.5996 Z-1.4028
G1 X11.0197 Y67.4725 Z-1.4254
G1 X10.9706 Y67.3539 Z-1.4480
G1 X10.8926 Y67.2521 Z-1.4707
G1 X10.7908 Y67.1740 Z-1.4933
G1 X10.6723 Y67.1250 Z-1.5159
G1 X10.5451 Y67.1082 Z-1.5385
G1 X10.4179 Y67.1250 Z-1.5611
G1 X10.2994 Y67.1741 Z-1.5837
G1 X10.1976 Y67.2522 Z-1.6064
G1 X10.1196 Y67.3539 Z-1.6290
G1 X10.0705 Y67.4724 Z-1.6516
G1 X10.0537 Y67.5996 Z-1.6742
G1 X10.0705 Y67.7268 Z-1.6968
G1 X10.1196 Y67.8453 Z-1.7195
G1 X10.1976 Y67.9471 Z-1.7421
G1 X10.2994 Y68.0251 Z-1.7647
G1 X10.4180 Y68.0742 Z-1.7873
G1 X10.5451 Y68.0910 Z-1.8099
G1 X10.6722 Y68.0742 Z-1.8325
G1 X10.7908 Y68.0251 Z-1.8552
G1 X10.8926 Y67.9471 Z-1.8778
G1 X10.9706 Y67.8453 Z-1.9004
G1 X11.0197 Y67.7267 Z-1.9230
G1 X11.0365 Y67.5996 Z-1.9456
G1 X11.0197 Y67.4725 Z-1.9682
G1 X10.9706 Y67.3539 Z-1.9909
G1 X10.8926 Y67.2521 Z-2.0135
G1 X10.7908 Y67.1740 Z-2.0361
G1 X10.6723 Y67.1250 Z-2.0587
G1 X10.5451 Y67.1082 Z-2.0813
G1 X10.4179 Y67.1250 Z-2.1040
G1 X10.2994 Y67.1741 Z-2.1266
G1 X10.1976 Y67.2522 Z-2.1492
G1 X10.1196 Y67.3539 Z-2.1718
G1 X10.0705 Y67.4724 Z-2.1944
G1 X10.0537 Y67.5996 Z-2.2171
G1 X10.0705 Y67.7268 Z-2.2397
G1 X10.1196 Y67.8453 Z-2.2623
G1 X10.1976 Y67.9471 Z-2.2849
G1 X10.2994 Y68.0251 Z-2.3075
G1 X10.4180 Y68.0742 Z-2.3302
G1 X10.5451 Y68.0910 Z-2.3528
G1 X10.6722 Y68.0742 Z-2.3754
G1 X10.7908 Y68.0251 Z-2.3980
G1 X10.8926 Y67.9471 Z-2.4206
G1 X10.9706 Y67.8453 Z-2.4432
G1 X11.0197 Y67.7267 Z-2.4659
G1 X11.0365 Y67.5996 Z-2.4885
G1 X11.0197 Y67.4725 Z-2.5111
G1 X10.9706 Y67.3539 Z-2.5337
G1 X10.8926 Y67.2521 Z-2.5563
G1 X10.7908 Y67.1740 Z-2.5789
G1 X10.6723 Y67.1250 Z-2.6016
G1 X10.5451 Y67.1082 Z-2.6242
G1 X10.4179 Y67.1250 Z-2.6468
G1 X10.2994 Y67.1741 Z-2.6694
G1 X10.1976 Y67.2522 Z-2.6920
G1 X10.1196 Y67.3539 Z-2.7147
G1 X10.0705 Y67.4724 Z-2.7373
G1 X10.0537 Y67.5996 Z-2.7599
G1 X10.0705 Y67.7268 Z-2.7825
G1 X10.1196 Y67.8453 Z-2.8051
G1 X10.1976 Y67.9471 Z-2.8277
G1 X10.2994 Y68.0251 Z-2.8504
G1 X10.4180 Y68.0742 Z-2.8730
G1 X10.5451 Y68.0910 Z-2.8956
G1 X10.6722 Y68.0742 Z-2.9182
G1 X10.7908 Y68.0251 Z-2.9408
G1 X10.8926 Y67.9471 Z-2.9635
G1 X10.9706 Y67.8453 Z-2.9861
G1 X11.0197 Y67.7267 Z-3.0087
G1 X11.0365 Y67.5996 Z-3.0313
G1 X11.0197 Y67.4725 Z-3.0539
G1 X10.9706 Y67.3539 Z-3.0765
G1 X10.8926 Y67.2521 Z-3.0992
G1 X10.7908 Y67.1740 Z-3.1218
G1 X10.6723 Y67.1250 Z-3.1444
G1 X10.5451 Y67.1082 Z-3.1670
G1 X10.4179 Y67.1250 Z-3.1896
G1 X10.2994 Y67.1741 Z-3.2123
G1 X10.1976 Y67.2522 Z-3.2349
G1 X10.1196 Y67.3539 Z-3.2575
G1 X10.0705 Y67.4724 Z-3.2801
G1 X10.0537 Y67.5996 Z-3.3027
G1 X10.0705 Y67.7268 Z-3.3253
G1 X10.1196 Y67.8453 Z-3.3480
G1 X10.1976 Y67.9471 Z-3.3706
G1 X10.2994 Y68.0251 Z-3.3932
G1 X10.4180 Y68.0742 Z-3.4158
G1 X10.5451 Y68.0910 Z-3.4384
G1 X10.6722 Y68.0742 Z-3.4610
G1 X10.7908 Y68.0251 Z-3.4837
G1 X10.8926 Y67.9471 Z-3.5063
G1 X10.9706 Y67.8453 Z-3.5289
G1 X11.0197 Y67.7267 Z-3.5515
G1 X11.0365 Y67.5996 Z-3.5741
G1 X11.0197 Y67.4725 Z-3.5967
G1 X10.9706 Y67.3539 Z-3.6194
G1 X10.8926 Y67.2521 Z-3.6420
G1 X10.7908 Y67.1740 Z-3.6646
G1 X10.6723 Y67.1250 Z-3.6872
G1 X10.5451 Y67.1082 Z-3.7098
G1 X10.4179 Y67.1250 Z-3.7325
G1 X10.2994 Y67.1741 Z-3.7551
G1 X10.1976 Y67.2522 Z-3.7777
G1 X10.1196 Y67.3539 Z-3.8003
G1 X10.0705 Y67.4724 Z-3.8229
G1 X10.0537 Y67.5996 Z-3.8456
G1 X10.0705 Y67.7268 Z-3.8682
G1 X10.1196 Y67.8453 Z-3.8908
G1 X10.1976 Y67.9471 Z-3.9134
G1 X10.2994 Y68.0251 Z-3.9360
G1 X10.4180 Y68.0742 Z-3.9587
G1 X10.5451 Y68.0910 Z-3.9813
G1 X10.6722 Y68.0742 Z-4.0039
G1 X10.7908 Y68.0251 Z-4.0265
G1 X10.8926 Y67.9471 Z-4.0491
G1 X10.9706 Y67.8453 Z-4.0717
G1 X11.0197 Y67.7267 Z-4.0944
G1 X11.0365 Y67.5996 Z-4.1170
G1 X11.0197 Y67.4725 Z-4.1396
G1 X10.9706 Y67.3539 Z-4.1622
G1 X10.8926 Y67.2521 Z-4.1848
G1 X10.7908 Y67.1740 Z-4.2075
G1 X10.6723 Y67.1250 Z-4.2301
G1 X10.5451 Y67.1082 Z-4.2527
G1 X10.4179 Y67.1250 Z-4.2645
G1 X10.2994 Y67.1741 F480
G1 X10.1976 Y67.2522
G1 X10.1196 Y67.3539
G1 X10.0705 Y67.4724
G1 X10.0537 Y67.5996
G1 X10.0705 Y67.7268
G1 X10.1196 Y67.8453
G1 X10.1976 Y67.9471
G1 X10.2994 Y68.0251
G1 X10.4180 Y68.0742
G1 X10.5451 Y68.0910
G1 X10.6722 Y68.0742
G1 X10.7908 Y68.0251
G1 X10.8926 Y67.9471
G1 X10.9706 Y67.8453
G1 X11.0197 Y67.7267
G1 X11.0365 Y67.5996
G1 X11.0197 Y67.4725
G1 X10.9706 Y67.3539
G1 X10.8926 Y67.2521
G1 X10.7908 Y67.1740
G1 X10.6723 Y67.1250
G1 X10.5451 Y67.1082
G1 X10.4179 Y67.1250
G1 X10.5451 Y67.1082 F322.2222
G1 X10.4179 Y67.1250 Z-4.2872 F200
G1 X10.2994 Y67.1741 Z-4.3098
G1 X10.1976 Y67.2522 Z-4.3324
G1 X10.1196 Y67.3539 Z-4.3550
G1 X10.0705 Y67.4724 Z-4.3776
G1 X10.0537 Y67.5996 Z-4.4003
G1 X10.0705 Y67.7268 Z-4.4229
G1 X10.1196 Y67.8453 Z-4.4455
G1 X10.1976 Y67.9471 Z-4.4681
G1 X10.2994 Y68.0251 Z-4.4907
G1 X10.4180 Y68.0742 Z-4.5134
G1 X10.5451 Y68.0910 Z-4.5360
G1 X10.6722 Y68.0742 Z-4.5586
G1 X10.7908 Y68.0251 Z-4.5812
G1 X10.8926 Y67.9471 Z-4.6038
G1 X10.9706 Y67.8453 Z-4.6264
G1 X11.0197 Y67.7267 Z-4.6491
G1 X11.0365 Y67.5996 Z-4.6717
G1 X11.0197 Y67.4725 Z-4.6943
G1 X10.9706 Y67.3539 Z-4.7169
G1 X10.8926 Y67.2521 Z-4.7373
G1 X10.7908 Y67.1740 F480
G1 X10.6723 Y67.1250
G1 X10.5451 Y67.1082
G1 X10.4179 Y67.1250
G1 X10.2994 Y67.1741
G1 X10.1976 Y67.2522
G1 X10.1196 Y67.3539
G1 X10.0705 Y67.4724
G1 X10.0537 Y67.5996
G1 X10.0705 Y67.7268
G1 X10.1196 Y67.8453
G1 X10.1976 Y67.9471
G1 X10.2994 Y68.0251
G1 X10.4180 Y68.0742
G1 X10.5451 Y68.0910
G1 X10.6722 Y68.0742
G1 X10.7908 Y68.0251
G1 X10.8926 Y67.9471
G1 X10.9706 Y67.8453
G1 X11.0197 Y67.7267
G1 X11.0365 Y67.5996
G1 X11.0197 Y67.4725
G1 X10.9706 Y67.3539
G1 X10.8926 Y67.2521
G00 Z4.9900
G00 X26.8010 Y64.5212
G1 Z0.0900 F200
G1 X26.7591 Y63.9626 Z-0.0088
G1 Y36.4556 Z-4.7373
G1 X25.2426 Y35.7228 F480
G1 X24.3806 Y35.1988
G1 X23.5727 Y34.5943
G1 X22.8268 Y33.9153
G1 X22.1494 Y33.1677
G1 X21.5470 Y32.3587
G1 X21.0248 Y31.4953
G1 X20.5880 Y30.5861
G1 X20.2405 Y29.6391
G1 X19.9855 Y28.6629
G1 X19.8253 Y27.6670
G1 X19.7615 Y26.6601
G1 X19.7946 Y25.6520
G1 X19.9243 Y24.6515
G1 X20.1494 Y23.6681
G1 X20.4679 Y22.7108
G1 X20.8767 Y21.7887
G1 X21.3722 Y20.9099
G1 X21.9498 Y20.0828
G1 X22.6041 Y19.3149
G1 X23.3289 Y18.6134
G1 X24.1179 Y17.9846
G1 X24.9635 Y17.4346
G1 X25.8580 Y16.9682
G1 X26.7932 Y16.5897
G1 X27.7602 Y16.3029
G1 X28.7507 Y16.1101
G1 X29.7546 Y16.0133
G1 X30.7636
G1 X31.7675 Y16.1101
G1 X32.7580 Y16.3029
G1 X33.7250 Y16.5897
G1 X34.6602 Y16.9682
G1 X35.5547 Y17.4346
G1 X36.4003 Y17.9846
G1 X37.1893 Y18.6134
G1 X37.9141 Y19.3149
G1 X38.5684 Y20.0828
G1 X39.1460 Y20.9099
G1 X39.6415 Y21.7887
G1 X40.0503 Y22.7108
G1 X40.3688 Y23.6681
G1 X40.5939 Y24.6515
G1 X40.7236 Y25.6520
G1 X40.7449 Y26.3010
G1 Z-4.7000
G1 X40.7567 Y26.6601
G1 X40.6929 Y27.6670
G1 X40.5327 Y28.6629
G1 X40.3716 Y29.2795
G1 Z-4.7373 F100
G1 X40.2777 Y29.6391 F480
G1 X39.9302 Y30.5861
G1 X39.4934 Y31.4953
G1 X38.9712 Y32.3587
G1 X38.3688 Y33.1677
G1 X37.6914 Y33.9153
G1 X36.9455 Y34.5943
G1 X36.1376 Y35.1988
G1 X35.2756 Y35.7228
G1 X33.7591 Y36.4556
G1 Y41.3750
G1 Z-4.7000
G1 Y44.3750
G1 Z-4.7373 F100
G1 Y63.9626 F480
G1 X33.7172 Y64.5212
G1 X33.6009 Y65.0308
G1 X33.4099 Y65.5174
G1 X33.1486 Y65.9700
G1 X32.8227 Y66.3787
G1 X32.4395 Y66.7342
G1 X32.0077 Y67.0287
G1 X31.5368 Y67.2554
G1 X31.0372 Y67.4095
G1 X30.5204 Y67.4874
G1 X29.9977
G1 X29.4810 Y67.4095
G1 X28.9814 Y67.2554
G1 X28.5105 Y67.0287
G1 X28.0787 Y66.7342
G1 X27.6955 Y66.3787
G1 X27.3696 Y65.9700
G1 X27.1083 Y65.5174
G1 X26.9173 Y65.0308
G1 X26.8010 Y64.5212
G1 X26.7591 Y63.9626
G1 Y36.4556
G00 Z4.9900
G00 X11.3934 Y20.9737
G1 Z0.0900 F200
G1 X11.5661 Y20.7255 Z0.0367
G1 X11.6854 Y20.4475 Z-0.0167
G1 X11.7463 Y20.1512 Z-0.0700
G1 Y19.8488 Z-0.1233
G1 X11.6854 Y19.5525 Z-0.1767
G1 X11.5661 Y19.2746 Z-0.2300
G1 X11.3933 Y19.0263 Z-0.2833
G1 X11.1741 Y18.8179 Z-0.3367
G1 X10.9174 Y18.6579 Z-0.3900
G1 X10.6338 Y18.5529 Z-0.4433
G1 X10.3349 Y18.5071 Z-0.4966
G1 X10.0328 Y18.5224 Z-0.5500
G1 X9.7399 Y18.5982 Z-0.6033
G1 X9.4684 Y18.7314 Z-0.6566
G1 X9.2292 Y18.9166 Z-0.7100
G1 X9.0322 Y19.1461 Z-0.7633
G1 X8.8854 Y19.4105 Z-0.8166
G1 X8.7949 Y19.6991 Z-0.8700
G1 X8.7643 Y20.0 Z-0.9233
G1 X8.7949 Y20.3010 Z-0.9766
G1 X8.8854 Y20.5895 Z-1.0300
G1 X9.0322 Y20.8540 Z-1.0833
G1 X9.2292 Y21.0835 Z-1.1366
G1 X9.4684 Y21.2686 Z-1.1900
G1 X9.7399 Y21.4018 Z-1.2433
G1 X10.0327 Y21.4776 Z-1.2966
G1 X10.3349 Y21.4929 Z-1.3500
G1 X10.6338 Y21.4472 Z-1.4033
G1 X10.9174 Y21.3421 Z-1.4566
G1 X11.1741 Y21.1821 Z-1.5100
G1 X11.3934 Y20.9737 Z-1.5633
G1 X11.5661 Y20.7255 Z-1.6166
G1 X11.6854 Y20.4475 Z-1.6700
G1 X11.7463 Y20.1512 Z-1.7233
G1 Y19.8488 Z-1.7766
G1 X11.6854 Y19.5525 Z-1.8300
G1 X11.5661 Y19.2746 Z-1.8833
G1 X11.3933 Y19.0263 Z-1.9366
G1 X11.1741 Y18.8179 Z-1.9900
G1 X10.9174 Y18.6579 Z-2.0433
G1 X10.6338 Y18.5529 Z-2.0966
G1 X10.3349 Y18.5071 Z-2.1499
G1 X10.0328 Y18.5224 Z-2.2033
G1 X9.7399 Y18.5982 Z-2.2566
G1 X9.4684 Y18.7314 Z-2.3099
G1 X9.2292 Y18.9166 Z-2.3633
G1 X9.0322 Y19.1461 Z-2.4166
G1 X8.8854 Y19.4105 Z-2.4699
G1 X8.7949 Y19.6991 Z-2.5233
G1 X8.7643 Y20.0 Z-2.5766
G1 X8.7949 Y20.3010 Z-2.6300
G1 X8.8854 Y20.5895 Z-2.6833
G1 X9.0322 Y20.8540 Z-2.7366
G1 X9.2292 Y21.0835 Z-2.7899
G1 X9.4684 Y21.2686 Z-2.8433
G1 X9.7399 Y21.4018 Z-2.8966
G1 X10.0327 Y21.4776 Z-2.9499
G1 X10.3349 Y21.4929 Z-3.0033
G1 X10.6338 Y21.4472 Z-3.0566
G1 X10.9174 Y21.3421 Z-3.1099
G1 X11.1741 Y21.1821 Z-3.1633
G1 X11.3934 Y20.9737 Z-3.2166
G1 X11.5661 Y20.7255 Z-3.2699
G1 X11.6854 Y20.4475 Z-3.3233
G1 X11.7463 Y20.1512 Z-3.3766
G1 Y19.8488 Z-3.4299
G1 X11.6854 Y19.5525 Z-3.4833
G1 X11.5661 Y19.2746 Z-3.5366
G1 X11.3933 Y19.0263 Z-3.5899
G1 X11.1741 Y18.8179 Z-3.6433
G1 X10.9174 Y18.6579 Z-3.6966
G1 X10.6338 Y18.5529 Z-3.7499
G1 X10.3349 Y18.5071 Z-3.8033
G1 X10.0328 Y18.5224 Z-3.8566
G1 X9.7399 Y18.5982 Z-3.9099
G1 X9.4684 Y18.7314 Z-3.9633
G1 X9.2292 Y18.9166 Z-4.0166
G1 X9.0322 Y19.1461 Z-4.0699
G1 X8.8854 Y19.4105 Z-4.1232
G1 X8.7949 Y19.6991 Z-4.1766
G1 X8.7643 Y20.0 Z-4.2299
G1 X8.7949 Y20.3010 Z-4.2833
G1 X8.8854 Y20.5895 Z-4.3366
G1 X9.0322 Y20.8540 Z-4.3899
G1 X9.2292 Y21.0835 Z-4.4432
G1 X9.4684 Y21.2686 Z-4.4966
G1 X9.7399 Y21.4018 Z-4.5499
G1 X10.0327 Y21.4776 Z-4.6032
G1 X10.3349 Y21.4929 Z-4.6566
G1 X10.6338 Y21.4472 Z-4.7099
G1 X10.9174 Y21.3421 Z-4.7373
G1 X11.1741 Y21.1821 F480
G1 X11.3934 Y20.9737
G1 X11.5661 Y20.7255
G1 X11.6854 Y20.4475
G1 X11.7463 Y20.1512
G1 Y19.8488
G1 X11.6854 Y19.5525
G1 X11.5661 Y19.2746
G1 X11.3933 Y19.0263
G1 X11.1741 Y18.8179
G1 X10.9174 Y18.6579
G1 X10.6338 Y18.5529
G1 X10.3349 Y18.5071
G1 X10.0328 Y18.5224
G1 X9.7399 Y18.5982
G1 X9.4684 Y18.7314
G1 X9.2292 Y18.9166
G1 X9.0322 Y19.1461
G1 X8.8854 Y19.4105
G1 X8.7949 Y19.6991
G1 X8.7643 Y20.0
G1 X8.7949 Y20.3010
G1 X8.8854 Y20.5895
G1 X9.0322 Y20.8540
G1 X9.2292 Y21.0835
G1 X9.4684 Y21.2686
G1 X9.7399 Y21.4018
G1 X10.0327 Y21.4776
G1 X10.3349 Y21.4929
G1 X10.6338 Y21.4472
G1 X10.9174 Y21.3421
G00 Z4.9900
G00 X10.3349 Y11.4929
G1 Z0.0900 F200
G1 X10.6338 Y11.4471 Z0.0367
G1 X10.9175 Y11.3421 Z-0.0167
G1 X11.1741 Y11.1821 Z-0.0700
G1 X11.3933 Y10.9737 Z-0.1233
G1 X11.5661 Y10.7255 Z-0.1767
G1 X11.6854 Y10.4475 Z-0.2300
G1 X11.7463 Y10.1512 Z-0.2833
G1 Y9.8488 Z-0.3366
G1 X11.6854 Y9.5525 Z-0.3900
G1 X11.5661 Y9.2746 Z-0.4433
G1 X11.3933 Y9.0263 Z-0.4966
G1 X11.1741 Y8.8179 Z-0.5500
G1 X10.9175 Y8.6580 Z-0.6033
G1 X10.6338 Y8.5529 Z-0.6566
G1 X10.3349 Y8.5071 Z-0.7100
G1 X10.0327 Y8.5224 Z-0.7633
G1 X9.7399 Y8.5982 Z-0.8166
G1 X9.4684 Y8.7314 Z-0.8700
G1 X9.2292 Y8.9166 Z-0.9233
G1 X9.0322 Y9.1461 Z-0.9766
G1 X8.8854 Y9.4105 Z-1.0300
G1 X8.7949 Y9.6991 Z-1.0833
G1 X8.7643 Y10.0 Z-1.1366
G1 X8.7949 Y10.3009 Z-1.1900
G1 X8.8854 Y10.5895 Z-1.2433
G1 X9.0322 Y10.8540 Z-1.2966
G1 X9.2292 Y11.0835 Z-1.3500
G1 X9.4684 Y11.2686 Z-1.4033
G1 X9.7399 Y11.4018 Z-1.4566
G1 X10.0327 Y11.4776 Z-1.5100
G1 X10.3349 Y11.4929 Z-1.5633
G1 X10.6338 Y11.4471 Z-1.6166
G1 X10.9175 Y11.3421 Z-1.6700
G1 X11.1741 Y11.1821 Z-1.7233
G1 X11.3933 Y10.9737 Z-1.7766
G1 X11.5661 Y10.7255 Z-1.8300
G1 X11.6854 Y10.4475 Z-1.8833
G1 X11.7463 Y10.1512 Z-1.9366
G1 Y9.8488 Z-1.9899
G1 X11.6854 Y9.5525 Z-2.0433
G1 X11.5661 Y9.2746 Z-2.0966
G1 X11.3933 Y9.0263 Z-2.1499
G1 X11.1741 Y8.8179 Z-2.2033
G1 X10.9175 Y8.6580 Z-2.2566
G1 X10.6338 Y8.5529 Z-2.3099
G1 X10.3349 Y8.5071 Z-2.3633
G1 X10.0327 Y8.5224 Z-2.4166
G1 X9.7399 Y8.5982 Z-2.4699
G1 X9.4684 Y8.7314 Z-2.5233
G1 X9.2292 Y8.9166 Z-2.5766
G1 X9.0322 Y9.1461 Z-2.6299
G1 X8.8854 Y9.4105 Z-2.6833
G1 X8.7949 Y9.6991 Z-2.7366
G1 X8.7643 Y10.0 Z-2.7899
G1 X8.7949 Y10.3009 Z-2.8433
G1 X8.8854 Y10.5895 Z-2.8966
G1 X9.0322 Y10.8540 Z-2.9499
G1 X9.2292 Y11.0835 Z-3.0033
G1 X9.4684 Y11.2686 Z-3.0566
G1 X9.7399 Y11.4018 Z-3.1099
G1 X10.0327 Y11.4776 Z-3.1633
G1 X10.3349 Y11.4929 Z-3.2166
G1 X10.6338 Y11.4471 Z-3.2699
G1 X10.9175 Y11.3421 Z-3.3233
G1 X11.1741 Y11.1821 Z-3.3766
G1 X11.3933 Y10.9737 Z-3.4299
G1 X11.5661 Y10.7255 Z-3.4833
G1 X11.6854 Y10.4475 Z-3.5366
G1 X11.7463 Y10.1512 Z-3.5899
G1 Y9.8488 Z-3.6432
G1 X11.6854 Y9.5525 Z-3.6966
G1 X11.5661 Y9.2746 Z-3.7499
G1 X11.3933 Y9.0263 Z-3.8032
G1 X11.1741 Y8.8179 Z-3.8566
G1 X10.9175 Y8.6580 Z-3.9099
G1 X10.6338 Y8.5529 Z-3.9632
G1 X10.3349 Y8.5071 Z-4.0166
G1 X10.0327 Y8.5224 Z-4.0699
G1 X9.7399 Y8.5982 Z-4.1232
G1 X9.4684 Y8.7314 Z-4.1766
G1 X9.2292 Y8.9166 Z-4.2299
G1 X9.0322 Y9.1461 Z-4.2832
G1 X8.8854 Y9.4105 Z-4.3366
G1 X8.7949 Y9.6991 Z-4.3899
G1 X8.7643 Y10.0 Z-4.4432
G1 X8.7949 Y10.3009 Z-4.4966
G1 X8.8854 Y10.5895 Z-4.5499
G1 X9.0322 Y10.8540 Z-4.6032
G1 X9.2292 Y11.0835 Z-4.6566
G1 X9.4684 Y11.2686 Z-4.7099
G1 X9.7399 Y11.4018 Z-4.7373
G1 X10.0327 Y11.4776 F480
G1 X10.3349 Y11.4929
G1 X10.6338 Y11.4471
G1 X10.9175 Y11.3421
G1 X11.1741 Y11.1821
G1 X11.3933 Y10.9737
G1 X11.5661 Y10.7255
G1 X11.6854 Y10.4475
G1 X11.7463 Y10.1512
G1 Y9.8488
G1 X11.6854 Y9.5525
G1 X11.5661 Y9.2746
G1 X11.3933 Y9.0263
G1 X11.1741 Y8.8179
G1 X10.9175 Y8.6580
G1 X10.6338 Y8.5529
G1 X10.3349 Y8.5071
G1 X10.0327 Y8.5224
G1 X9.7399 Y8.5982
G1 X9.4684 Y8.7314
G1 X9.2292 Y8.9166
G1 X9.0322 Y9.1461
G1 X8.8854 Y9.4105
G1 X8.7949 Y9.6991
G1 X8.7643 Y10.0
G1 X8.7949 Y10.3009
G1 X8.8854 Y10.5895
G1 X9.0322 Y10.8540
G1 X9.2292 Y11.0835
G1 X9.4684 Y11.2686
G1 X9.7399 Y11.4018
G00 Z4.9900
G00 X48.7643 Y10.0
G1 Z0.0900 F200
G1 X48.7948 Y10.3009 Z0.0367
G1 X48.8854 Y10.5895 Z-0.0167
G1 X49.0322 Y10.8540 Z-0.0700
G1 X49.2292 Y11.0835 Z-0.1233
G1 X49.4683 Y11.2686 Z-0.1767
G1 X49.7399 Y11.4018 Z-0.2300
G1 X50.0327 Y11.4776 Z-0.2833
G1 X50.3348 Y11.4929 Z-0.3367
G1 X50.6337 Y11.4471 Z-0.3900
G1 X50.9174 Y11.3421 Z-0.4433
G1 X51.1741 Y11.1821 Z-0.4967
G1 X51.3933 Y10.9737 Z-0.5500
G1 X51.5661 Y10.7255 Z-0.6033
G1 X51.6854 Y10.4475 Z-0.6566
G1 X51.7463 Y10.1512 Z-0.7100
G1 Y9.8488 Z-0.7633
G1 X51.6854 Y9.5525 Z-0.8166
G1 X51.5661 Y9.2746 Z-0.8700
G1 X51.3933 Y9.0263 Z-0.9233
G1 X51.1741 Y8.8179 Z-0.9766
G1 X50.9174 Y8.6579 Z-1.0300
G1 X50.6338 Y8.5529 Z-1.0833
G1 X50.3348 Y8.5071 Z-1.1366
G1 X50.0327 Y8.5224 Z-1.1900
G1 X49.7399 Y8.5982 Z-1.2433
G1 X49.4683 Y8.7314 Z-1.2966
G1 X49.2292 Y8.9165 Z-1.3500
G1 X49.0322 Y9.1461 Z-1.4033
G1 X48.8854 Y9.4105 Z-1.4566
G1 X48.7949 Y9.6991 Z-1.5100
G1 X48.7643 Y10.0 Z-1.5633
G1 X48.7948 Y10.3009 Z-1.6166
G1 X48.8854 Y10.5895 Z-1.6700
G1 X49.0322 Y10.8540 Z-1.7233
G1 X49.2292 Y11.0835 Z-1.7766
G1 X49.4683 Y11.2686 Z-1.8300
G1 X49.7399 Y11.4018 Z-1.8833
G1 X50.0327 Y11.4776 Z-1.9366
G1 X50.3348 Y11.4929 Z-1.9900
G1 X50.6337 Y11.4471 Z-2.0433
G1 X50.9174 Y11.3421 Z-2.0966
G1 X51.1741 Y11.1821 Z-2.1500
G1 X51.3933 Y10.9737 Z-2.2033
G1 X51.5661 Y10.7255 Z-2.2566
G1 X51.6854 Y10.4475 Z-2.3099
G1 X51.7463 Y10.1512 Z-2.3633
G1 Y9.8488 Z-2.4166
G1 X51.6854 Y9.5525 Z-2.4699
G1 X51.5661 Y9.2746 Z-2.5233
G1 X51.3933 Y9.0263 Z-2.5766
G1 X51.1741 Y8.8179 Z-2.6299
G1 X50.9174 Y8.6579 Z-2.6833
G1 X50.6338 Y8.5529 Z-2.7366
G1 X50.3348 Y8.5071 Z-2.7899
G1 X50.0327 Y8.5224 Z-2.8433
G1 X49.7399 Y8.5982 Z-2.8966
G1 X49.4683 Y8.7314 Z-2.9499
G1 X49.2292 Y8.9165 Z-3.0033
G1 X49.0322 Y9.1461 Z-3.0566
G1 X48.8854 Y9.4105 Z-3.1099
G1 X48.7949 Y9.6991 Z-3.1633
G1 X48.7643 Y10.0 Z-3.2166
G1 X48.7948 Y10.3009 Z-3.2699
G1 X48.8854 Y10.5895 Z-3.3233
G1 X49.0322 Y10.8540 Z-3.3766
G1 X49.2292 Y11.0835 Z-3.4299
G1 X49.4683 Y11.2686 Z-3.4833
G1 X49.7399 Y11.4018 Z-3.5366
G1 X50.0327 Y11.4776 Z-3.5899
G1 X50.3348 Y11.4929 Z-3.6433
G1 X50.6337 Y11.4471 Z-3.6966
G1 X50.9174 Y11.3421 Z-3.7499
G1 X51.1741 Y11.1821 Z-3.8033
G1 X51.3933 Y10.9737 Z-3.8566
G1 X51.5661 Y10.7255 Z-3.9099
G1 X51.6854 Y10.4475 Z-3.9632
G1 X51.7463 Y10.1512 Z-4.0166
G1 Y9.8488 Z-4.0699
G1 X51.6854 Y9.5525 Z-4.1232
G1 X51.5661 Y9.2746 Z-4.1766
G1 X51.3933 Y9.0263 Z-4.2299
G1 X51.1741 Y8.8179 Z-4.2832
G1 X50.9174 Y8.6579 Z-4.3366
G1 X50.6338 Y8.5529 Z-4.3899
G1 X50.3348 Y8.5071 Z-4.4432
G1 X50.0327 Y8.5224 Z-4.4966
G1 X49.7399 Y8.5982 Z-4.5499
G1 X49.4683 Y8.7314 Z-4.6032
G1 X49.2292 Y8.9165 Z-4.6566
G1 X49.0322 Y9.1461 Z-4.7099
G1 X48.8854 Y9.4105 Z-4.7373
G1 X48.7949 Y9.6991 F480
G1 X48.7643 Y10.0
G1 X48.7948 Y10.3009
G1 X48.8854 Y10.5895
G1 X49.0322 Y10.8540
G1 X49.2292 Y11.0835
G1 X49.4683 Y11.2686
G1 X49.7399 Y11.4018
G1 X50.0327 Y11.4776
G1 X50.3348 Y11.4929
G1 X50.6337 Y11.4471
G1 X50.9174 Y11.3421
G1 X51.1741 Y11.1821
G1 X51.3933 Y10.9737
G1 X51.5661 Y10.7255
G1 X51.6854 Y10.4475
G1 X51.7463 Y10.1512
G1 Y9.8488
G1 X51.6854 Y9.5525
G1 X51.5661 Y9.2746
G1 X51.3933 Y9.0263
G1 X51.1741 Y8.8179
G1 X50.9174 Y8.6579
G1 X50.6338 Y8.5529
G1 X50.3348 Y8.5071
G1 X50.0327 Y8.5224
G1 X49.7399 Y8.5982
G1 X49.4683 Y8.7314
G1 X49.2292 Y8.9165
G1 X49.0322 Y9.1461
G1 X48.8854 Y9.4105
G00 Z4.9900
G00 X50.0327 Y18.5224
G1 Z0.0900 F200
G1 X49.7399 Y18.5982 Z0.0367
G1 X49.4684 Y18.7314 Z-0.0167
G1 X49.2292 Y18.9166 Z-0.0700
G1 X49.0322 Y19.1461 Z-0.1233
G1 X48.8854 Y19.4105 Z-0.1767
G1 X48.7949 Y19.6991 Z-0.2300
G1 X48.7643 Y20.0 Z-0.2833
G1 X48.7948 Y20.3009 Z-0.3367
G1 X48.8854 Y20.5896 Z-0.3900
G1 X49.0322 Y20.8539 Z-0.4433
G1 X49.2292 Y21.0835 Z-0.4967
G1 X49.4683 Y21.2686 Z-0.5500
G1 X49.7399 Y21.4018 Z-0.6033
G1 X50.0327 Y21.4776 Z-0.6566
G1 X50.3349 Y21.4929 Z-0.7100
G1 X50.6337 Y21.4472 Z-0.7633
G1 X50.9174 Y21.3421 Z-0.8166
G1 X51.1741 Y21.1821 Z-0.8700
G1 X51.3933 Y20.9737 Z-0.9233
G1 X51.5661 Y20.7255 Z-0.9766
G1 X51.6854 Y20.4475 Z-1.0300
G1 X51.7463 Y20.1512 Z-1.0833
G1 Y19.8488 Z-1.1366
G1 X51.6854 Y19.5525 Z-1.1900
G1 X51.5661 Y19.2746 Z-1.2433
G1 X51.3933 Y19.0263 Z-1.2966
G1 X51.1741 Y18.8179 Z-1.3500
G1 X50.9174 Y18.6579 Z-1.4033
G1 X50.6337 Y18.5529 Z-1.4566
G1 X50.3348 Y18.5071 Z-1.5100
G1 X50.0327 Y18.5224 Z-1.5633
G1 X49.7399 Y18.5982 Z-1.6166
G1 X49.4684 Y18.7314 Z-1.6700
G1 X49.2292 Y18.9166 Z-1.7233
G1 X49.0322 Y19.1461 Z-1.7766
G1 X48.8854 Y19.4105 Z-1.8300
G1 X48.7949 Y19.6991 Z-1.8833
G1 X48.7643 Y20.0 Z-1.9366
G1 X48.7948 Y20.3009 Z-1.9900
G1 X48.8854 Y20.5896 Z-2.0433
G1 X49.0322 Y20.8539 Z-2.0966
G1 X49.2292 Y21.0835 Z-2.1500
G1 X49.4683 Y21.2686 Z-2.2033
G1 X49.7399 Y21.4018 Z-2.2566
G1 X50.0327 Y21.4776 Z-2.3099
G1 X50.3349 Y21.4929 Z-2.3633
G1 X50.6337 Y21.4472 Z-2.4166
G1 X50.9174 Y21.3421 Z-2.4699
G1 X51.1741 Y21.1821 Z-2.5233
G1 X51.3933 Y20.9737 Z-2.5766
G1 X51.5661 Y20.7255 Z-2.6299
G1 X51.6854 Y20.4475 Z-2.6833
G1 X51.7463 Y20.1512 Z-2.7366
G1 Y19.8488 Z-2.7899
G1 X51.6854 Y19.5525 Z-2.8433
G1 X51.5661 Y19.2746 Z-2.8966
G1 X51.3933 Y19.0263 Z-2.9499
G1 X51.1741 Y18.8179 Z-3.0033
G1 X50.9174 Y18.6579 Z-3.0566
G1 X50.6337 Y18.5529 Z-3.1099
G1 X50.3348 Y18.5071 Z-3.1633
G1 X50.0327 Y18.5224 Z-3.2166
G1 X49.7399 Y18.5982 Z-3.2699
G1 X49.4684 Y18.7314 Z-3.3233
G1 X49.2292 Y18.9166 Z-3.3766
G1 X49.0322 Y19.1461 Z-3.4299
G1 X48.8854 Y19.4105 Z-3.4833
G1 X48.7949 Y19.6991 Z-3.5366
G1 X48.7643 Y20.0 Z-3.5899
G1 X48.7948 Y20.3009 Z-3.6433
G1 X48.8854 Y20.5896 Z-3.6966
G1 X49.0322 Y20.8539 Z-3.7499
G1 X49.2292 Y21.0835 Z-3.8032
G1 X49.4683 Y21.2686 Z-3.8566
G1 X49.7399 Y21.4018 Z-3.9099
G1 X50.0327 Y21.4776 Z-3.9632
G1 X50.3349 Y21.4929 Z-4.0166
G1 X50.6337 Y21.4472 Z-4.0699
G1 X50.9174 Y21.3421 Z-4.1232
G1 X51.1741 Y21.1821 Z-4.1766
G1 X51.3933 Y20.9737 Z-4.2299
G1 X51.5661 Y20.7255 Z-4.2832
G1 X51.6854 Y20.4475 Z-4.3366
G1 X51.7463 Y20.1512 Z-4.3899
G1 Y19.8488 Z-4.4432
G1 X51.6854 Y19.5525 Z-4.4966
G1 X51.5661 Y19.2746 Z-4.5499
G1 X51.3933 Y19.0263 Z-4.6032
G1 X51.1741 Y18.8179 Z-4.6566
G1 X50.9174 Y18.6579 Z-4.7099
G1 X50.6337 Y18.5529 Z-4.7373
G1 X50.3348 Y18.5071 F480
G1 X50.0327 Y18.5224
G1 X49.7399 Y18.5982
G1 X49.4684 Y18.7314
G1 X49.2292 Y18.9166
G1 X49.0322 Y19.1461
G1 X48.8854 Y19.4105
G1 X48.7949 Y19.6991
G1 X48.7643 Y20.0
G1 X48.7948 Y20.3009
G1 X48.8854 Y20.5896
G1 X49.0322 Y20.8539
G1 X49.2292 Y21.0835
G1 X49.4683 Y21.2686
G1 X49.7399 Y21.4018
G1 X50.0327 Y21.4776
G1 X50.3349 Y21.4929
G1 X50.6337 Y21.4472
G1 X50.9174 Y21.3421
G1 X51.1741 Y21.1821
G1 X51.3933 Y20.9737
G1 X51.5661 Y20.7255
G1 X51.6854 Y20.4475
G1 X51.7463 Y20.1512
G1 Y19.8488
G1 X51.6854 Y19.5525
G1 X51.5661 Y19.2746
G1 X51.3933 Y19.0263
G1 X51.1741 Y18.8179
G1 X50.9174 Y18.6579
G1 X50.6337 Y18.5529
G00 Z4.9900
G00 X50.3348 Y8.5071
G1 Z0.0900 F200
G1 X50.0327 Y8.5224 Z0.0367
G1 X49.7399 Y8.5982 Z-0.0167
G1 X49.4683 Y8.7314 Z-0.0700
G1 X49.2292 Y8.9165 Z-0.1233
G1 X49.0322 Y9.1461 Z-0.1767
G1 X48.8854 Y9.4105 Z-0.2300
G1 X48.7949 Y9.6991 Z-0.2833
G1 X48.7643 Y10.0 Z-0.3367
G1 X48.7948 Y10.3009 Z-0.3900
G1 X48.8854 Y10.5895 Z-0.4433
G1 X49.0322 Y10.8540 Z-0.4967
G1 X49.2292 Y11.0835 Z-0.5500
G1 X49.4683 Y11.2686 Z-0.6033
G1 X49.7399 Y11.4018 Z-0.6567
G1 X50.0327 Y11.4776 Z-0.7100
G1 X50.3348 Y11.4929 Z-0.7633
G1 X50.6337 Y11.4471 Z-0.8166
G1 X50.9174 Y11.3421 Z-0.8700
G1 X51.1741 Y11.1821 Z-0.9233
G1 X51.3933 Y10.9737 Z-0.9766
G1 X51.5661 Y10.7255 Z-1.0300
G1 X51.6854 Y10.4475 Z-1.0833
G1 X51.7463 Y10.1512 Z-1.1366
G1 Y9.8488 Z-1.1900
G1 X51.6854 Y9.5525 Z-1.2433
G1 X51.5661 Y9.2746 Z-1.2966
G1 X51.3933 Y9.0263 Z-1.3500
G1 X51.1741 Y8.8179 Z-1.4033
G1 X50.9174 Y8.6579 Z-1.4566
G1 X50.6338 Y8.5529 Z-1.5100
G1 X50.3348 Y8.5071 Z-1.5633
G1 X50.0327 Y8.5224 Z-1.6166
G1 X49.7399 Y8.5982 Z-1.6700
G1 X49.4683 Y8.7314 Z-1.7233
G1 X49.2292 Y8.9165 Z-1.7766
G1 X49.0322 Y9.1461 Z-1.8300
G1 X48.8854 Y9.4105 Z-1.8833
G1 X48.7949 Y9.6991 Z-1.9366
G1 X48.7643 Y10.0 Z-1.9900
G1 X48.7948 Y10.3009 Z-2.0433
G1 X48.8854 Y10.5895 Z-2.0966
G1 X49.0322 Y10.8540 Z-2.1500
G1 X49.2292 Y11.0835 Z-2.2033
G1 X49.4683 Y11.2686 Z-2.2566
G1 X49.7399 Y11.4018 Z-2.3100
G1 X50.0327 Y11.4776 Z-2.3633
G1 X50.3348 Y11.4929 Z-2.4166
G1 X50.6337 Y11.4471 Z-2.4699
G1 X50.9174 Y11.3421 Z-2.5233
G1 X51.1741 Y11.1821 Z-2.5766
G1 X51.3933 Y10.9737 Z-2.6299
G1 X51.5661 Y10.7255 Z-2.6833
G1 X51.6854 Y10.4475 Z-2.7366
G1 X51.7463 Y10.1512 Z-2.7899
G1 Y9.8488 Z-2.8433
G1 X51.6854 Y9.5525 Z-2.8966
G1 X51.5661 Y9.2746 Z-2.9499
G1 X51.3933 Y9.0263 Z-3.0033
G1 X51.1741 Y8.8179 Z-3.0566
G1 X50.9174 Y8.6579 Z-3.1099
G1 X50.6338 Y8.5529 Z-3.1633
G1 X50.3348 Y8.5071 Z-3.2166
G1 X50.0327 Y8.5224 Z-3.2699
G1 X49.7399 Y8.5982 Z-3.3233
G1 X49.4683 Y8.7314 Z-3.3766
G1 X49.2292 Y8.9165 Z-3.4299
G1 X49.0322 Y9.1461 Z-3.4833
G1 X48.8854 Y9.4105 Z-3.5366
G1 X48.7949 Y9.6991 Z-3.5899
G1 X48.7643 Y10.0 Z-3.6433
G1 X48.7948 Y10.3009 Z-3.6966
G1 X48.8854 Y10.5895 Z-3.7499
G1 X49.0322 Y10.8540 Z-3.8033
G1 X49.2292 Y11.0835 Z-3.8566
G1 X49.4683 Y11.2686 Z-3.9099
G1 X49.7399 Y11.4018 Z-3.9632
G1 X50.0327 Y11.4776 Z-4.0166
G1 X50.3348 Y11.4929 Z-4.0699
G1 X50.6337 Y11.4471 Z-4.1232
G1 X50.9174 Y11.3421 Z-4.1766
G1 X51.1741 Y11.1821 Z-4.2299
G1 X51.3933 Y10.9737 Z-4.2832
G1 X51.5661 Y10.7255 Z-4.3366
G1 X51.6854 Y10.4475 Z-4.3899
G1 X51.7463 Y10.1512 Z-4.4432
G1 Y9.8488 Z-4.4966
G1 X51.6854 Y9.5525 Z-4.5499
G1 X51.5661 Y9.2746 Z-4.6032
G1 X51.3933 Y9.0263 Z-4.6566
G1 X51.1741 Y8.8179 Z-4.7099
G1 X50.9174 Y8.6579 Z-4.7632
G1 X50.6338 Y8.5529 Z-4.8166
G1 X50.3348 Y8.5071 Z-4.8699
G1 X50.0327 Y8.5224 Z-4.9232
G1 X49.7399 Y8.5982 Z-4.9766
G1 X49.4683 Y8.7314 Z-5.0299
G1 X49.2292 Y8.9165 Z-5.0832
G1 X49.0322 Y9.1461 Z-5.1366
G1 X48.8854 Y9.4105 Z-5.1899
G1 X48.7949 Y9.6991 Z-5.2100
G1 X48.7643 Y10.0 F480
G1 X48.7948 Y10.3009
G1 X48.8854 Y10.5895
G1 X49.0322 Y10.8540
G1 X49.2292 Y11.0835
G1 X49.4683 Y11.2686
G1 X49.7399 Y11.4018
G1 X50.0327 Y11.4776
G1 X50.3348 Y11.4929
G1 X50.6337 Y11.4471
G1 X50.9174 Y11.3421
G1 X51.1741 Y11.1821
G1 X51.3933 Y10.9737
G1 X51.5661 Y10.7255
G1 X51.6854 Y10.4475
G1 X51.7463 Y10.1512
G1 Y9.8488
G1 X51.6854 Y9.5525
G1 X51.5661 Y9.2746
G1 X51.3933 Y9.0263
G1 X51.1741 Y8.8179
G1 X50.9174 Y8.6579
G1 X50.6338 Y8.5529
G1 X50.3348 Y8.5071
G1 X50.0327 Y8.5224
G1 X49.7399 Y8.5982
G1 X49.4683 Y8.7314
G1 X49.2292 Y8.9165
G1 X49.0322 Y9.1461
G1 X48.8854 Y9.4105
G1 X48.7949 Y9.6991
G00 Z4.9900
G00 X50.0327 Y18.5224
G1 Z0.0900 F200
G1 X49.7399 Y18.5982 Z0.0367
G1 X49.4684 Y18.7314 Z-0.0167
G1 X49.2292 Y18.9166 Z-0.0700
G1 X49.0322 Y19.1461 Z-0.1233
G1 X48.8854 Y19.4105 Z-0.1767
G1 X48.7949 Y19.6991 Z-0.2300
G1 X48.7643 Y20.0 Z-0.2833
G1 X48.7948 Y20.3009 Z-0.3367
G1 X48.8854 Y20.5896 Z-0.3900
G1 X49.0322 Y20.8539 Z-0.4433
G1 X49.2292 Y21.0835 Z-0.4967
G1 X49.4683 Y21.2686 Z-0.5500
G1 X49.7399 Y21.4018 Z-0.6033
G1 X50.0327 Y21.4776 Z-0.6566
G1 X50.3349 Y21.4929 Z-0.7100
G1 X50.6337 Y21.4472 Z-0.7633
G1 X50.9174 Y21.3421 Z-0.8166
G1 X51.1741 Y21.1821 Z-0.8700
G1 X51.3933 Y20.9737 Z-0.9233
G1 X51.5661 Y20.7255 Z-0.9766
G1 X51.6854 Y20.4475 Z-1.0300
G1 X51.7463 Y20.1512 Z-1.0833
G1 Y19.8488 Z-1.1366
G1 X51.6854 Y19.5525 Z-1.1900
G1 X51.5661 Y19.2746 Z-1.2433
G1 X51.3933 Y19.0263 Z-1.2966
G1 X51.1741 Y18.8179 Z-1.3500
G1 X50.9174 Y18.6579 Z-1.4033
G1 X50.6337 Y18.5529 Z-1.4566
G1 X50.3348 Y18.5071 Z-1.5100
G1 X50.0327 Y18.5224 Z-1.5633
G1 X49.7399 Y18.5982 Z-1.6166
G1 X49.4684 Y18.7314 Z-1.6700
G1 X49.2292 Y18.9166 Z-1.7233
G1 X49.0322 Y19.1461 Z-1.7766
G1 X48.8854 Y19.4105 Z-1.8300
G1 X48.7949 Y19.6991 Z-1.8833
G1 X48.7643 Y20.0 Z-1.9366
G1 X48.7948 Y20.3009 Z-1.9900
G1 X48.8854 Y20.5896 Z-2.0433
G1 X49.0322 Y20.8539 Z-2.0966
G1 X49.2292 Y21.0835 Z-2.1500
G1 X49.4683 Y21.2686 Z-2.2033
G1 X49.7399 Y21.4018 Z-2.2566
G1 X50.0327 Y21.4776 Z-2.3099
G1 X50.3349 Y21.4929 Z-2.3633
G1 X50.6337 Y21.4472 Z-2.4166
G1 X50.9174 Y21.3421 Z-2.4699
G1 X51.1741 Y21.1821 Z-2.5233
G1 X51.3933 Y20.9737 Z-2.5766
G1 X51.5661 Y20.7255 Z-2.6299
G1 X51.6854 Y20.4475 Z-2.6833
G1 X51.7463 Y20.1512 Z-2.7366
G1 Y19.8488 Z-2.7899
G1 X51.6854 Y19.5525 Z-2.8433
G1 X51.5661 Y19.2746 Z-2.8966
G1 X51.3933 Y19.0263 Z-2.9499
G1 X51.1741 Y18.8179 Z-3.0033
G1 X50.9174 Y18.6579 Z-3.0566
G1 X50.6337 Y18.5529 Z-3.1099
G1 X50.3348 Y18.5071 Z-3.1633
G1 X50.0327 Y18.5224 Z-3.2166
G1 X49.7399 Y18.5982 Z-3.2699
G1 X49.4684 Y18.7314 Z-3.3233
G1 X49.2292 Y18.9166 Z-3.3766
G1 X49.0322 Y19.1461 Z-3.4299
G1 X48.8854 Y19.4105 Z-3.4833
G1 X48.7949 Y19.6991 Z-3.5366
G1 X48.7643 Y20.0 Z-3.5899
G1 X48.7948 Y20.3009 Z-3.6433
G1 X48.8854 Y20.5896 Z-3.6966
G1 X49.0322 Y20.8539 Z-3.7499
G1 X49.2292 Y21.0835 Z-3.8032
G1 X49.4683 Y21.2686 Z-3.8566
G1 X49.7399 Y21.4018 Z-3.9099
G1 X50.0327 Y21.4776 Z-3.9632
G1 X50.3349 Y21.4929 Z-4.0166
G1 X50.6337 Y21.4472 Z-4.0699
G1 X50.9174 Y21.3421 Z-4.1232
G1 X51.1741 Y21.1821 Z-4.1766
G1 X51.3933 Y20.9737 Z-4.2299
G1 X51.5661 Y20.7255 Z-4.2832
G1 X51.6854 Y20.4475 Z-4.3366
G1 X51.7463 Y20.1512 Z-4.3899
G1 Y19.8488 Z-4.4432
G1 X51.6854 Y19.5525 Z-4.4966
G1 X51.5661 Y19.2746 Z-4.5499
G1 X51.3933 Y19.0263 Z-4.6032
G1 X51.1741 Y18.8179 Z-4.6566
G1 X50.9174 Y18.6579 Z-4.7099
G1 X50.6337 Y18.5529 Z-4.7632
G1 X50.3348 Y18.5071 Z-4.8166
G1 X50.0327 Y18.5224 Z-4.8699
G1 X49.7399 Y18.5982 Z-4.9232
G1 X49.4684 Y18.7314 Z-4.9766
G1 X49.2292 Y18.9166 Z-5.0299
G1 X49.0322 Y19.1461 Z-5.0832
G1 X48.8854 Y19.4105 Z-5.1366
G1 X48.7949 Y19.6991 Z-5.1899
G1 X48.7643 Y20.0 Z-5.2100
G1 X48.7948 Y20.3009 F480
G1 X48.8854 Y20.5896
G1 X49.0322 Y20.8539
G1 X49.2292 Y21.0835
G1 X49.4683 Y21.2686
G1 X49.7399 Y21.4018
G1 X50.0327 Y21.4776
G1 X50.3349 Y21.4929
G1 X50.6337 Y21.4472
G1 X50.9174 Y21.3421
G1 X51.1741 Y21.1821
G1 X51.3933 Y20.9737
G1 X51.5661 Y20.7255
G1 X51.6854 Y20.4475
G1 X51.7463 Y20.1512
G1 Y19.8488
G1 X51.6854 Y19.5525
G1 X51.5661 Y19.2746
G1 X51.3933 Y19.0263
G1 X51.1741 Y18.8179
G1 X50.9174 Y18.6579
G1 X50.6337 Y18.5529
G1 X50.3348 Y18.5071
G1 X50.0327 Y18.5224
G1 X49.7399 Y18.5982
G1 X49.4684 Y18.7314
G1 X49.2292 Y18.9166
G1 X49.0322 Y19.1461
G1 X48.8854 Y19.4105
G1 X48.7949 Y19.6991
G1 X48.7643 Y20.0
G00 Z4.9900
G00 X40.0503 Y22.7108
G1 Z0.0900 F200
G1 X40.3688 Y23.6681 Z-0.0879
G1 X40.5939 Y24.6515 Z-0.2658
G1 X40.7236 Y25.6520 Z-0.4437
G1 X40.7449 Y26.3010 Z-0.5582
G1 X40.7567 Y26.6601 Z-0.6215
G1 X40.6929 Y27.6670 Z-0.7994
G1 X40.5327 Y28.6629 Z-0.9773
G1 X40.3716 Y29.2795 Z-1.0896
G1 X40.2777 Y29.6391 Z-1.1552
G1 X39.9302 Y30.5861 Z-1.3330
G1 X39.4934 Y31.4953 Z-1.5109
G1 X38.9712 Y32.3587 Z-1.6888
G1 X38.3688 Y33.1677 Z-1.8667
G1 X37.6914 Y33.9153 Z-2.0446
G1 X36.9455 Y34.5943 Z-2.2224
G1 X36.1376 Y35.1988 Z-2.4003
G1 X35.2756 Y35.7228 Z-2.5782
G1 X33.7591 Y36.4556 Z-2.8752
G1 Y41.3750 Z-3.7426
G1 Y44.3750 Z-4.2716
G1 Y63.9626 Z-5.2100
G1 X33.7172 Y64.5212 F480
G1 X33.6009 Y65.0308
G1 X33.4099 Y65.5174
G1 X33.1486 Y65.9700
G1 X32.8227 Y66.3787
G1 X32.4395 Y66.7342
G1 X32.0077 Y67.0287
G1 X31.5368 Y67.2554
G1 X31.0372 Y67.4095
G1 X30.5204 Y67.4874
G1 X29.9977
G1 X29.4810 Y67.4095
G1 X28.9814 Y67.2554
G1 X28.5105 Y67.0287
G1 X28.0787 Y66.7342
G1 X27.6955 Y66.3787
G1 X27.3696 Y65.9700
G1 X27.1083 Y65.5174
G1 X26.9173 Y65.0308
G1 X26.8010 Y64.5212
G1 X26.7591 Y63.9626
G1 Y36.4556
G1 X25.2426 Y35.7228
G1 X24.3806 Y35.1988
G1 X23.5727 Y34.5943
G1 X22.8268 Y33.9153
G1 X22.1494 Y33.1677
G1 X21.5470 Y32.3587
G1 X21.0248 Y31.4953
G1 X20.5880 Y30.5861
G1 X20.2405 Y29.6391
G1 X19.9855 Y28.6629
G1 X19.8253 Y27.6670
G1 X19.7615 Y26.6601
G1 X19.7946 Y25.6520
G1 X19.9243 Y24.6515
G1 X20.1494 Y23.6681
G1 X20.4679 Y22.7108
G1 X20.8767 Y21.7887
G1 X21.3722 Y20.9099
G1 X21.9498 Y20.0828
G1 X22.6041 Y19.3149
G1 X23.3289 Y18.6134
G1 X24.1179 Y17.9846
G1 X24.9635 Y17.4346
G1 X25.8580 Y16.9682
G1 X26.7932 Y16.5897
G1 X27.7602 Y16.3029
G1 X28.7507 Y16.1101
G1 X29.7546 Y16.0133
G1 X30.7636
G1 X31.7675 Y16.1101
G1 X32.7580 Y16.3029
G1 X33.7250 Y16.5897
G1 X34.6602 Y16.9682
G1 X35.5547 Y17.4346
G1 X36.4003 Y17.9846
G1 X37.1893 Y18.6134
G1 X37.9141 Y19.3149
G1 X38.5684 Y20.0828
G1 X39.1460 Y20.9099
G1 X39.6415 Y21.7887
G1 X40.0503 Y22.7108
G1 X40.3688 Y23.6681
G1 X40.5939 Y24.6515
G1 X40.7236 Y25.6520
G1 X40.7449 Y26.3010
G1 Z-4.7000
G1 X40.7567 Y26.6601
G1 X40.6929 Y27.6670
G1 X40.5327 Y28.6629
G1 X40.3716 Y29.2795
G1 Z-5.2100 F100
G1 X40.2777 Y29.6391 F480
G1 X39.9302 Y30.5861
G1 X39.4934 Y31.4953
G1 X38.9712 Y32.3587
G1 X38.3688 Y33.1677
G1 X37.6914 Y33.9153
G1 X36.9455 Y34.5943
G1 X36.1376 Y35.1988
G1 X35.2756 Y35.7228
G1 X33.7591 Y36.4556
G1 Y41.3750
G1 Z-4.7000
G1 Y44.3750
G1 Z-5.2100 F100
G1 Y63.9626 F480
G00 Z4.9900
G00 X11.0197 Y67.4725
G1 Z0.0900 F200
G1 X10.9706 Y67.3539 Z0.0674
G1 X10.8926 Y67.2521 Z0.0448
G1 X10.7908 Y67.1740 Z0.0221
G1 X10.6723 Y67.1250 Z-0.0005
G1 X10.5451 Y67.1082 Z-0.0231
G1 X10.4179 Y67.1250 Z-0.0457
G1 X10.2994 Y67.1741 Z-0.0683
G1 X10.1976 Y67.2522 Z-0.0910
G1 X10.1196 Y67.3539 Z-0.1136
G1 X10.0705 Y67.4724 Z-0.1362
G1 X10.0537 Y67.5996 Z-0.1588
G1 X10.0705 Y67.7268 Z-0.1814
G1 X10.1196 Y67.8453 Z-0.2040
G1 X10.1976 Y67.9471 Z-0.2267
G1 X10.2994 Y68.0251 Z-0.2493
G1 X10.4180 Y68.0742 Z-0.2719
G1 X10.5451 Y68.0910 Z-0.2945
G1 X10.6722 Y68.0742 Z-0.3171
G1 X10.7908 Y68.0251 Z-0.3398
G1 X10.8926 Y67.9471 Z-0.3624
G1 X10.9706 Y67.8453 Z-0.3850
G1 X11.0197 Y67.7267 Z-0.4076
G1 X11.0365 Y67.5996 Z-0.4302
G1 X11.0197 Y67.4725 Z-0.4528
G1 X10.9706 Y67.3539 Z-0.4755
G1 X10.8926 Y67.2521 Z-0.4981
G1 X10.7908 Y67.1740 Z-0.5207
G1 X10.6723 Y67.1250 Z-0.5433
G1 X10.5451 Y67.1082 Z-0.5659
G1 X10.4179 Y67.1250 Z-0.5886
G1 X10.2994 Y67.1741 Z-0.6112
G1 X10.1976 Y67.2522 Z-0.6338
G1 X10.1196 Y67.3539 Z-0.6564
G1 X10.0705 Y67.4724 Z-0.6790
G1 X10.0537 Y67.5996 Z-0.7016
G1 X10.0705 Y67.7268 Z-0.7243
G1 X10.1196 Y67.8453 Z-0.7469
G1 X10.1976 Y67.9471 Z-0.7695
G1 X10.2994 Y68.0251 Z-0.7921
G1 X10.4180 Y68.0742 Z-0.8147
G1 X10.5451 Y68.0910 Z-0.8374
G1 X10.6722 Y68.0742 Z-0.8600
G1 X10.7908 Y68.0251 Z-0.8826
G1 X10.8926 Y67.9471 Z-0.9052
G1 X10.9706 Y67.8453 Z-0.9278
G1 X11.0197 Y67.7267 Z-0.9505
G1 X11.0365 Y67.5996 Z-0.9731
G1 X11.0197 Y67.4725 Z-0.9957
G1 X10.9706 Y67.3539 Z-1.0183
G1 X10.8926 Y67.2521 Z-1.0409
G1 X10.7908 Y67.1740 Z-1.0635
G1 X10.6723 Y67.1250 Z-1.0861
G1 X10.5451 Y67.1082 Z-1.1088
G1 X10.4179 Y67.1250 Z-1.1314
G1 X10.2994 Y67.1741 Z-1.1540
G1 X10.1976 Y67.2522 Z-1.1766
G1 X10.1196 Y67.3539 Z-1.1992
G1 X10.0705 Y67.4724 Z-1.2219
G1 X10.0537 Y67.5996 Z-1.2445
G1 X10.0705 Y67.7268 Z-1.2671
G1 X10.1196 Y67.8453 Z-1.2897
G1 X10.1976 Y67.9471 Z-1.3123
G1 X10.2994 Y68.0251 Z-1.3349
G1 X10.4180 Y68.0742 Z-1.3576
G1 X10.5451 Y68.0910 Z-1.3802
G1 X10.6722 Y68.0742 Z-1.4028
G1 X10.7908 Y68.0251 Z-1.4254
G1 X10.8926 Y67.9471 Z-1.4480
G1 X10.9706 Y67.8453 Z-1.4707
G1 X11.0197 Y67.7267 Z-1.4933
G1 X11.0365 Y67.5996 Z-1.5159
G1 X11.0197 Y67.4725 Z-1.5385
G1 X10.9706 Y67.3539 Z-1.5611
G1 X10.8926 Y67.2521 Z-1.5838
G1 X10.7908 Y67.1740 Z-1.6064
G1 X10.6723 Y67.1250 Z-1.6290
G1 X10.5451 Y67.1082 Z-1.6516
G1 X10.4179 Y67.1250 Z-1.6742
G1 X10.2994 Y67.1741 Z-1.6968
G1 X10.1976 Y67.2522 Z-1.7195
G1 X10.1196 Y67.3539 Z-1.7421
G1 X10.0705 Y67.4724 Z-1.7647
G1 X10.0537 Y67.5996 Z-1.7873
G1 X10.0705 Y67.7268 Z-1.8099
G1 X10.1196 Y67.8453 Z-1.8326
G1 X10.1976 Y67.9471 Z-1.8552
G1 X10.2994 Y68.0251 Z-1.8778
G1 X10.4180 Y68.0742 Z-1.9004
G1 X10.5451 Y68.0910 Z-1.9230
G1 X10.6722 Y68.0742 Z-1.9456
G1 X10.7908 Y68.0251 Z-1.9683
G1 X10.8926 Y67.9471 Z-1.9909
G1 X10.9706 Y67.8453 Z-2.0135
G1 X11.0197 Y67.7267 Z-2.0361
G1 X11.0365 Y67.5996 Z-2.0587
G1 X11.0197 Y67.4725 Z-2.0813
G1 X10.9706 Y67.3539 Z-2.1040
G1 X10.8926 Y67.2521 Z-2.1266
G1 X10.7908 Y67.1740 Z-2.1492
G1 X10.6723 Y67.1250 Z-2.1718
G1 X10.5451 Y67.1082 Z-2.1944
G1 X10.4179 Y67.1250 Z-2.2171
G1 X10.2994 Y67.1741 Z-2.2397
G1 X10.1976 Y67.2522 Z-2.2623
G1 X10.1196 Y67.3539 Z-2.2849
G1 X10.0705 Y67.4724 Z-2.3075
G1 X10.0537 Y67.5996 Z-2.3302
G1 X10.0705 Y67.7268 Z-2.3528
G1 X10.1196 Y67.8453 Z-2.3754
G1 X10.1976 Y67.9471 Z-2.3980
G1 X10.2994 Y68.0251 Z-2.4206
G1 X10.4180 Y68.0742 Z-2.4433
G1 X10.5451 Y68.0910 Z-2.4659
G1 X10.6722 Y68.0742 Z-2.4885
G1 X10.7908 Y68.0251 Z-2.5111
G1 X10.8926 Y67.9471 Z-2.5337
G1 X10.9706 Y67.8453 Z-2.5563
G1 X11.0197 Y67.7267 Z-2.5790
G1 X11.0365 Y67.5996 Z-2.6016
G1 X11.0197 Y67.4725 Z-2.6242
G1 X10.9706 Y67.3539 Z-2.6468
G1 X10.8926 Y67.2521 Z-2.6694
G1 X10.7908 Y67.1740 Z-2.6920
G1 X10.6723 Y67.1250 Z-2.7147
G1 X10.5451 Y67.1082 Z-2.7373
G1 X10.4179 Y67.1250 Z-2.7599
G1 X10.2994 Y67.1741 Z-2.7825
G1 X10.1976 Y67.2522 Z-2.8051
G1 X10.1196 Y67.3539 Z-2.8277
G1 X10.0705 Y67.4724 Z-2.8504
G1 X10.0537 Y67.5996 Z-2.8730
G1 X10.0705 Y67.7268 Z-2.8956
G1 X10.1196 Y67.8453 Z-2.9182
G1 X10.1976 Y67.9471 Z-2.9408
G1 X10.2994 Y68.0251 Z-2.9635
G1 X10.4180 Y68.0742 Z-2.9861
G1 X10.5451 Y68.0910 Z-3.0087
G1 X10.6722 Y68.0742 Z-3.0313
G1 X10.7908 Y68.0251 Z-3.0539
G1 X10.8926 Y67.9471 Z-3.0766
G1 X10.9706 Y67.8453 Z-3.0992
G1 X11.0197 Y67.7267 Z-3.1218
G1 X11.0365 Y67.5996 Z-3.1444
G1 X11.0197 Y67.4725 Z-3.1670
G1 X10.9706 Y67.3539 Z-3.1896
G1 X10.8926 Y67.2521 Z-3.2123
G1 X10.7908 Y67.1740 Z-3.2349
G1 X10.6723 Y67.1250 Z-3.2575
G1 X10.5451 Y67.1082 Z-3.2801
G1 X10.4179 Y67.1250 Z-3.3027
G1 X10.2994 Y67.1741 Z-3.3254
G1 X10.1976 Y67.2522 Z-3.3480
G1 X10.1196 Y67.3539 Z-3.3706
G1 X10.0705 Y67.4724 Z-3.3932
G1 X10.0537 Y67.5996 Z-3.4158
G1 X10.0705 Y67.7268 Z-3.4384
G1 X10.1196 Y67.8453 Z-3.4611
G1 X10.1976 Y67.9471 Z-3.4837
G1 X10.2994 Y68.0251 Z-3.5063
G1 X10.4180 Y68.0742 Z-3.5289
G1 X10.5451 Y68.0910 Z-3.5515
G1 X10.6722 Y68.0742 Z-3.5741
G1 X10.7908 Y68.0251 Z-3.5968
G1 X10.8926 Y67.9471 Z-3.6194
G1 X10.9706 Y67.8453 Z-3.6420
G1 X11.0197 Y67.7267 Z-3.6646
G1 X11.0365 Y67.5996 Z-3.6872
G1 X11.0197 Y67.4725 Z-3.7098
G1 X10.9706 Y67.3539 Z-3.7325
G1 X10.8926 Y67.2521 Z-3.7551
G1 X10.7908 Y67.1740 Z-3.7777
G1 X10.6723 Y67.1250 Z-3.8003
G1 X10.5451 Y67.1082 Z-3.8229
G1 X10.4179 Y67.1250 Z-3.8456
G1 X10.2994 Y67.1741 Z-3.8682
G1 X10.1976 Y67.2522 Z-3.8908
G1 X10.1196 Y67.3539 Z-3.9134
G1 X10.0705 Y67.4724 Z-3.9360
G1 X10.0537 Y67.5996 Z-3.9587
G1 X10.0705 Y67.7268 Z-3.9813
G1 X10.1196 Y67.8453 Z-4.0039
G1 X10.1976 Y67.9471 Z-4.0265
G1 X10.2994 Y68.0251 Z-4.0491
G1 X10.4180 Y68.0742 Z-4.0718
G1 X10.5451 Y68.0910 Z-4.0944
G1 X10.6722 Y68.0742 Z-4.1170
G1 X10.7908 Y68.0251 Z-4.1396
G1 X10.8926 Y67.9471 Z-4.1622
G1 X10.9706 Y67.8453 Z-4.1848
G1 X11.0197 Y67.7267 Z-4.2075
G1 X11.0365 Y67.5996 Z-4.2301
G1 X11.0197 Y67.4725 Z-4.2527
G1 X10.9706 Y67.3539 Z-4.2753
G1 X10.8926 Y67.2521 Z-4.2979
G1 X10.7908 Y67.1740 Z-4.3205
G1 X10.6723 Y67.1250 Z-4.3432
G1 X10.5451 Y67.1082 Z-4.3658
G1 X10.4179 Y67.1250 Z-4.3884
G1 X10.2994 Y67.1741 Z-4.4110
G1 X10.1976 Y67.2522 Z-4.4336
G1 X10.1196 Y67.3539 Z-4.4563
G1 X10.0705 Y67.4724 Z-4.4789
G1 X10.0537 Y67.5996 Z-4.5015
G1 X10.0705 Y67.7268 Z-4.5241
G1 X10.1196 Y67.8453 Z-4.5467
G1 X10.1976 Y67.9471 Z-4.5693
G1 X10.2994 Y68.0251 Z-4.5920
G1 X10.4180 Y68.0742 Z-4.6146
G1 X10.5451 Y68.0910 Z-4.6372
G1 X10.6722 Y68.0742 Z-4.6598
G1 X10.7908 Y68.0251 Z-4.6824
G1 X10.8926 Y67.9471 Z-4.7051
G1 X10.9706 Y67.8453 Z-4.7277
G1 X11.0197 Y67.7267 Z-4.7503
G1 X11.0365 Y67.5996 Z-4.7729
G1 X11.0197 Y67.4725 Z-4.7955
G1 X10.9706 Y67.3539 Z-4.8182
G1 X10.8926 Y67.2521 Z-4.8408
G1 X10.7908 Y67.1740 Z-4.8634
G1 X10.6723 Y67.1250 Z-4.8860
G1 X10.5451 Y67.1082 Z-4.9086
G1 X10.4179 Y67.1250 Z-4.9312
G1 X10.2994 Y67.1741 Z-4.9539
G1 X10.1976 Y67.2522 Z-4.9765
G1 X10.1196 Y67.3539 Z-4.9991
G1 X10.0705 Y67.4724 Z-5.0217
G1 X10.0537 Y67.5996 Z-5.0443
G1 X10.0705 Y67.7268 Z-5.0669
G1 X10.1196 Y67.8453 Z-5.0896
G1 X10.1976 Y67.9471 Z-5.1122
G1 X10.2994 Y68.0251 Z-5.1348
G1 X10.4180 Y68.0742 Z-5.1574
G1 X10.5451 Y68.0910 Z-5.1800
G1 X10.6722 Y68.0742 Z-5.2026
G1 X10.7908 Y68.0251 Z-5.2100
G1 X10.8926 Y67.9471 F480
G1 X10.9706 Y67.8453
G1 X11.0197 Y67.7267
G1 X11.0365 Y67.5996
G1 X11.0197 Y67.4725
G1 X10.9706 Y67.3539
G1 X10.8926 Y67.2521
G1 X10.7908 Y67.1740
G1 X10.6723 Y67.1250
G1 X10.5451 Y67.1082
G1 X10.4179 Y67.1250
G1 X10.2994 Y67.1741
G1 X10.1976 Y67.2522
G1 X10.1196 Y67.3539
G1 X10.0705 Y67.4724
G1 X10.0537 Y67.5996
G1 X10.0705 Y67.7268
G1 X10.1196 Y67.8453
G1 X10.1976 Y67.9471
G1 X10.2994 Y68.0251
G1 X10.4180 Y68.0742
G1 X10.5451 Y68.0910
G1 X10.6722 Y68.0742
G1 X10.7908 Y68.0251
G00 Z4.9900
G00 X10.3349 Y21.4929
G1 Z0.0900 F200
G1 X10.6338 Y21.4472 Z0.0367
G1 X10.9174 Y21.3421 Z-0.0167
G1 X11.1741 Y21.1821 Z-0.0700
G1 X11.3934 Y20.9737 Z-0.1233
G1 X11.5661 Y20.7255 Z-0.1766
G1 X11.6854 Y20.4475 Z-0.2300
G1 X11.7463 Y20.1512 Z-0.2833
G1 Y19.8488 Z-0.3366
G1 X11.6854 Y19.5525 Z-0.3900
G1 X11.5661 Y19.2746 Z-0.4433
G1 X11.3933 Y19.0263 Z-0.4966
G1 X11.1741 Y18.8179 Z-0.5500
G1 X10.9174 Y18.6579 Z-0.6033
G1 X10.6338 Y18.5529 Z-0.6566
G1 X10.3349 Y18.5071 Z-0.7100
G1 X10.0328 Y18.5224 Z-0.7633
G1 X9.7399 Y18.5982 Z-0.8166
G1 X9.4684 Y18.7314 Z-0.8700
G1 X9.2292 Y18.9166 Z-0.9233
G1 X9.0322 Y19.1461 Z-0.9766
G1 X8.8854 Y19.4105 Z-1.0300
G1 X8.7949 Y19.6991 Z-1.0833
G1 X8.7643 Y20.0 Z-1.1366
G1 X8.7949 Y20.3010 Z-1.1900
G1 X8.8854 Y20.5895 Z-1.2433
G1 X9.0322 Y20.8540 Z-1.2966
G1 X9.2292 Y21.0835 Z-1.3500
G1 X9.4684 Y21.2686 Z-1.4033
G1 X9.7399 Y21.4018 Z-1.4566
G1 X10.0327 Y21.4776 Z-1.5100
G1 X10.3349 Y21.4929 Z-1.5633
G1 X10.6338 Y21.4472 Z-1.6166
G1 X10.9174 Y21.3421 Z-1.6700
G1 X11.1741 Y21.1821 Z-1.7233
G1 X11.3934 Y20.9737 Z-1.7766
G1 X11.5661 Y20.7255 Z-1.8299
G1 X11.6854 Y20.4475 Z-1.8833
G1 X11.7463 Y20.1512 Z-1.9366
G1 Y19.8488 Z-1.9899
G1 X11.6854 Y19.5525 Z-2.0433
G1 X11.5661 Y19.2746 Z-2.0966
G1 X11.3933 Y19.0263 Z-2.1499
G1 X11.1741 Y18.8179 Z-2.2033
G1 X10.9174 Y18.6579 Z-2.2566
G1 X10.6338 Y18.5529 Z-2.3099
G1 X10.3349 Y18.5071 Z-2.3633
G1 X10.0328 Y18.5224 Z-2.4166
G1 X9.7399 Y18.5982 Z-2.4700
G1 X9.4684 Y18.7314 Z-2.5233
G1 X9.2292 Y18.9166 Z-2.5766
G1 X9.0322 Y19.1461 Z-2.6299
G1 X8.8854 Y19.4105 Z-2.6833
G1 X8.7949 Y19.6991 Z-2.7366
G1 X8.7643 Y20.0 Z-2.7899
G1 X8.7949 Y20.3010 Z-2.8433
G1 X8.8854 Y20.5895 Z-2.8966
G1 X9.0322 Y20.8540 Z-2.9499
G1 X9.2292 Y21.0835 Z-3.0033
G1 X9.4684 Y21.2686 Z-3.0566
G1 X9.7399 Y21.4018 Z-3.1099
G1 X10.0327 Y21.4776 Z-3.1633
G1 X10.3349 Y21.4929 Z-3.2166
G1 X10.6338 Y21.4472 Z-3.2699
G1 X10.9174 Y21.3421 Z-3.3233
G1 X11.1741 Y21.1821 Z-3.3766
G1 X11.3934 Y20.9737 Z-3.4299
G1 X11.5661 Y20.7255 Z-3.4833
G1 X11.6854 Y20.4475 Z-3.5366
G1 X11.7463 Y20.1512 Z-3.5899
G1 Y19.8488 Z-3.6433
G1 X11.6854 Y19.5525 Z-3.6966
G1 X11.5661 Y19.2746 Z-3.7499
G1 X11.3933 Y19.0263 Z-3.8033
G1 X11.1741 Y18.8179 Z-3.8566
G1 X10.9174 Y18.6579 Z-3.9099
G1 X10.6338 Y18.5529 Z-3.9632
G1 X10.3349 Y18.5071 Z-4.0166
G1 X10.0328 Y18.5224 Z-4.0699
G1 X9.7399 Y18.5982 Z-4.1233
G1 X9.4684 Y18.7314 Z-4.1766
G1 X9.2292 Y18.9166 Z-4.2299
G1 X9.0322 Y19.1461 Z-4.2832
G1 X8.8854 Y19.4105 Z-4.3366
G1 X8.7949 Y19.6991 Z-4.3899
G1 X8.7643 Y20.0 Z-4.4432
G1 X8.7949 Y20.3010 Z-4.4966
G1 X8.8854 Y20.5895 Z-4.5499
G1 X9.0322 Y20.8540 Z-4.6032
G1 X9.2292 Y21.0835 Z-4.6566
G1 X9.4684 Y21.2686 Z-4.7099
G1 X9.7399 Y21.4018 Z-4.7632
G1 X10.0327 Y21.4776 Z-4.8166
G1 X10.3349 Y21.4929 Z-4.8699
G1 X10.6338 Y21.4472 Z-4.9232
G1 X10.9174 Y21.3421 Z-4.9766
G1 X11.1741 Y21.1821 Z-5.0299
G1 X11.3934 Y20.9737 Z-5.0832
G1 X11.5661 Y20.7255 Z-5.1366
G1 X11.6854 Y20.4475 Z-5.1899
G1 X11.7463 Y20.1512 Z-5.2100
G1 Y19.8488 F480
G1 X11.6854 Y19.5525
G1 X11.5661 Y19.2746
G1 X11.3933 Y19.0263
G1 X11.1741 Y18.8179
G1 X10.9174 Y18.6579
G1 X10.6338 Y18.5529
G1 X10.3349 Y18.5071
G1 X10.0328 Y18.5224
G1 X9.7399 Y18.5982
G1 X9.4684 Y18.7314
G1 X9.2292 Y18.9166
G1 X9.0322 Y19.1461
G1 X8.8854 Y19.4105
G1 X8.7949 Y19.6991
G1 X8.7643 Y20.0
G1 X8.7949 Y20.3010
G1 X8.8854 Y20.5895
G1 X9.0322 Y20.8540
G1 X9.2292 Y21.0835
G1 X9.4684 Y21.2686
G1 X9.7399 Y21.4018
G1 X10.0327 Y21.4776
G1 X10.3349 Y21.4929
G1 X10.6338 Y21.4472
G1 X10.9174 Y21.3421
G1 X11.1741 Y21.1821
G1 X11.3934 Y20.9737
G1 X11.5661 Y20.7255
G1 X11.6854 Y20.4475
G1 X11.7463 Y20.1512
G00 Z4.9900
G00 X10.3349 Y11.4929
G1 Z0.0900 F200
G1 X10.6338 Y11.4471 Z0.0367
G1 X10.9175 Y11.3421 Z-0.0167
G1 X11.1741 Y11.1821 Z-0.0700
G1 X11.3933 Y10.9737 Z-0.1233
G1 X11.5661 Y10.7255 Z-0.1767
G1 X11.6854 Y10.4475 Z-0.2300
G1 X11.7463 Y10.1512 Z-0.2833
G1 Y9.8488 Z-0.3366
G1 X11.6854 Y9.5525 Z-0.3900
G1 X11.5661 Y9.2746 Z-0.4433
G1 X11.3933 Y9.0263 Z-0.4966
G1 X11.1741 Y8.8179 Z-0.5500
G1 X10.9175 Y8.6580 Z-0.6033
G1 X10.6338 Y8.5529 Z-0.6566
G1 X10.3349 Y8.5071 Z-0.7100
G1 X10.0327 Y8.5224 Z-0.7633
G1 X9.7399 Y8.5982 Z-0.8166
G1 X9.4684 Y8.7314 Z-0.8700
G1 X9.2292 Y8.9166 Z-0.9233
G1 X9.0322 Y9.1461 Z-0.9766
G1 X8.8854 Y9.4105 Z-1.0300
G1 X8.7949 Y9.6991 Z-1.0833
G1 X8.7643 Y10.0 Z-1.1366
G1 X8.7949 Y10.3009 Z-1.1900
G1 X8.8854 Y10.5895 Z-1.2433
G1 X9.0322 Y10.8540 Z-1.2966
G1 X9.2292 Y11.0835 Z-1.3500
G1 X9.4684 Y11.2686 Z-1.4033
G1 X9.7399 Y11.4018 Z-1.4566
G1 X10.0327 Y11.4776 Z-1.5100
G1 X10.3349 Y11.4929 Z-1.5633
G1 X10.6338 Y11.4471 Z-1.6166
G1 X10.9175 Y11.3421 Z-1.6700
G1 X11.1741 Y11.1821 Z-1.7233
G1 X11.3933 Y10.9737 Z-1.7766
G1 X11.5661 Y10.7255 Z-1.8300
G1 X11.6854 Y10.4475 Z-1.8833
G1 X11.7463 Y10.1512 Z-1.9366
G1 Y9.8488 Z-1.9899
G1 X11.6854 Y9.5525 Z-2.0433
G1 X11.5661 Y9.2746 Z-2.0966
G1 X11.3933 Y9.0263 Z-2.1499
G1 X11.1741 Y8.8179 Z-2.2033
G1 X10.9175 Y8.6580 Z-2.2566
G1 X10.6338 Y8.5529 Z-2.3099
G1 X10.3349 Y8.5071 Z-2.3633
G1 X10.0327 Y8.5224 Z-2.4166
G1 X9.7399 Y8.5982 Z-2.4699
G1 X9.4684 Y8.7314 Z-2.5233
G1 X9.2292 Y8.9166 Z-2.5766
G1 X9.0322 Y9.1461 Z-2.6299
G1 X8.8854 Y9.4105 Z-2.6833
G1 X8.7949 Y9.6991 Z-2.7366
G1 X8.7643 Y10.0 Z-2.7899
G1 X8.7949 Y10.3009 Z-2.8433
G1 X8.8854 Y10.5895 Z-2.8966
G1 X9.0322 Y10.8540 Z-2.9499
G1 X9.2292 Y11.0835 Z-3.0033
G1 X9.4684 Y11.2686 Z-3.0566
G1 X9.7399 Y11.4018 Z-3.1099
G1 X10.0327 Y11.4776 Z-3.1633
G1 X10.3349 Y11.4929 Z-3.2166
G1 X10.6338 Y11.4471 Z-3.2699
G1 X10.9175 Y11.3421 Z-3.3233
G1 X11.1741 Y11.1821 Z-3.3766
G1 X11.3933 Y10.9737 Z-3.4299
G1 X11.5661 Y10.7255 Z-3.4833
G1 X11.6854 Y10.4475 Z-3.5366
G1 X11.7463 Y10.1512 Z-3.5899
G1 Y9.8488 Z-3.6432
G1 X11.6854 Y9.5525 Z-3.6966
G1 X11.5661 Y9.2746 Z-3.7499
G1 X11.3933 Y9.0263 Z-3.8032
G1 X11.1741 Y8.8179 Z-3.8566
G1 X10.9175 Y8.6580 Z-3.9099
G1 X10.6338 Y8.5529 Z-3.9632
G1 X10.3349 Y8.5071 Z-4.0166
G1 X10.0327 Y8.5224 Z-4.0699
G1 X9.7399 Y8.5982 Z-4.1232
G1 X9.4684 Y8.7314 Z-4.1766
G1 X9.2292 Y8.9166 Z-4.2299
G1 X9.0322 Y9.1461 Z-4.2832
G1 X8.8854 Y9.4105 Z-4.3366
G1 X8.7949 Y9.6991 Z-4.3899
G1 X8.7643 Y10.0 Z-4.4432
G1 X8.7949 Y10.3009 Z-4.4966
G1 X8.8854 Y10.5895 Z-4.5499
G1 X9.0322 Y10.8540 Z-4.6032
G1 X9.2292 Y11.0835 Z-4.6566
G1 X9.4684 Y11.2686 Z-4.7099
G1 X9.7399 Y11.4018 Z-4.7632
G1 X10.0327 Y11.4776 Z-4.8166
G1 X10.3349 Y11.4929 Z-4.8699
G1 X10.6338 Y11.4471 Z-4.9232
G1 X10.9175 Y11.3421 Z-4.9766
G1 X11.1741 Y11.1821 Z-5.0299
G1 X11.3933 Y10.9737 Z-5.0832
G1 X11.5661 Y10.7255 Z-5.1366
G1 X11.6854 Y10.4475 Z-5.1899
G1 X11.7463 Y10.1512 Z-5.2100
G1 Y9.8488 F480
G1 X11.6854 Y9.5525
G1 X11.5661 Y9.2746
G1 X11.3933 Y9.0263
G1 X11.1741 Y8.8179
G1 X10.9175 Y8.6580
G1 X10.6338 Y8.5529
G1 X10.3349 Y8.5071
G1 X10.0327 Y8.5224
G1 X9.7399 Y8.5982
G1 X9.4684 Y8.7314
G1 X9.2292 Y8.9166
G1 X9.0322 Y9.1461
G1 X8.8854 Y9.4105
G1 X8.7949 Y9.6991
G1 X8.7643 Y10.0
G1 X8.7949 Y10.3009
G1 X8.8854 Y10.5895
G1 X9.0322 Y10.8540
G1 X9.2292 Y11.0835
G1 X9.4684 Y11.2686
G1 X9.7399 Y11.4018
G1 X10.0327 Y11.4776
G1 X10.3349 Y11.4929
G1 X10.6338 Y11.4471
G1 X10.9175 Y11.3421
G1 X11.1741 Y11.1821
G1 X11.3933 Y10.9737
G1 X11.5661 Y10.7255
G1 X11.6854 Y10.4475
G1 X11.7463 Y10.1512
G00 Z4.9900
G00 X4.2591 Y4.0
G1 X56.2591 Z-0.4827 F200
G1 Y26.3673 F480
G1 X48.0506
G1 X48.0593 Y26.6693
G1 X47.9936 Y28.0376
G1 X47.8228 Y29.3968
G1 X47.5480 Y30.7391
G1 X47.1709 Y32.0560
G1 X46.6935 Y33.3401
G1 X46.1188 Y34.5837
G1 X45.4502 Y35.7794
G1 X44.6916 Y36.9202
G1 X43.8475 Y37.9992
G1 X42.9230 Y39.0101
G1 X41.9234 Y39.9470
G1 X41.2591 Y40.4798
G1 Y69.0327
G1 X41.2013 Y69.9140
G1 X41.0226 Y70.8123
G1 X40.7282 Y71.6796
G1 X40.3231 Y72.5011
G1 X39.8143 Y73.2626
G1 X39.2104 Y73.9513
G1 X38.5217 Y74.5552
G1 X37.7602 Y75.0640
G1 X36.9387 Y75.4691
G1 X36.0714 Y75.7635
G1 X35.1731 Y75.9422
G1 X34.2918 Y76.0
G1 X11.2264
G1 X10.3451 Y75.9422
G1 X9.4468 Y75.7635
G1 X8.5795 Y75.4691
G1 X7.7580 Y75.0640
G1 X6.9965 Y74.5552
G1 X6.3078 Y73.9513
G1 X5.7039 Y73.2626
G1 X5.1951 Y72.5011
G1 X4.7900 Y71.6796
G1 X4.4956 Y70.8123
G1 X4.3169 Y69.9140
G1 X4.2591 Y69.0327
G1 Y4.0
G1 X56.2591
G1 Y26.3673 Z-0.9555 F200
G1 X48.0506 F480
G1 X48.0593 Y26.6693
G1 X47.9936 Y28.0376
G1 X47.8228 Y29.3968
G1 X47.5480 Y30.7391
G1 X47.1709 Y32.0560
G1 X46.6935 Y33.3401
G1 X46.1188 Y34.5837
G1 X45.4502 Y35.7794
G1 X44.6916 Y36.9202
G1 X43.8475 Y37.9992
G1 X42.9230 Y39.0101
G1 X41.9234 Y39.9470
G1 X41.2591 Y40.4798
G1 Y69.0327
G1 X41.2013 Y69.9140
G1 X41.0226 Y70.8123
G1 X40.7282 Y71.6796
G1 X40.3231 Y72.5011
G1 X39.8143 Y73.2626
G1 X39.2104 Y73.9513
G1 X38.5217 Y74.5552
G1 X37.7602 Y75.0640
G1 X36.9387 Y75.4691
G1 X36.0714 Y75.7635
G1 X35.1731 Y75.9422
G1 X34.2918 Y76.0
G1 X11.2264
G1 X10.3451 Y75.9422
G1 X9.4468 Y75.7635
G1 X8.5795 Y75.4691
G1 X7.7580 Y75.0640
G1 X6.9965 Y74.5552
G1 X6.3078 Y73.9513
G1 X5.7039 Y73.2626
G1 X5.1951 Y72.5011
G1 X4.7900 Y71.6796
G1 X4.4956 Y70.8123
G1 X4.3169 Y69.9140
G1 X4.2591 Y69.0327
G1 Y4.0
G1 X56.2591
G1 Y26.3673
G1 Y4.0 F322.2222
G1 Y26.3673 Z-1.4282 F200
G1 X48.0506 F480
G1 X48.0593 Y26.6693
G1 X47.9936 Y28.0376
G1 X47.8228 Y29.3968
G1 X47.5480 Y30.7391
G1 X47.1709 Y32.0560
G1 X46.6935 Y33.3401
G1 X46.1188 Y34.5837
G1 X45.4502 Y35.7794
G1 X44.6916 Y36.9202
G1 X43.8475 Y37.9992
G1 X42.9230 Y39.0101
G1 X41.9234 Y39.9470
G1 X41.2591 Y40.4798
G1 Y69.0327
G1 X41.2013 Y69.9140
G1 X41.0226 Y70.8123
G1 X40.7282 Y71.6796
G1 X40.3231 Y72.5011
G1 X39.8143 Y73.2626
G1 X39.2104 Y73.9513
G1 X38.5217 Y74.5552
G1 X37.7602 Y75.0640
G1 X36.9387 Y75.4691
G1 X36.0714 Y75.7635
G1 X35.1731 Y75.9422
G1 X34.2918 Y76.0
G1 X11.2264
G1 X10.3451 Y75.9422
G1 X9.4468 Y75.7635
G1 X8.5795 Y75.4691
G1 X7.7580 Y75.0640
G1 X6.9965 Y74.5552
G1 X6.3078 Y73.9513
G1 X5.7039 Y73.2626
G1 X5.1951 Y72.5011
G1 X4.7900 Y71.6796
G1 X4.4956 Y70.8123
G1 X4.3169 Y69.9140
G1 X4.2591 Y69.0327
G1 Y4.0
G1 X56.2591
G1 Y26.3673
G1 Y4.0 F322.2222
G1 Y26.3673 Z-1.9009 F200
G1 X48.0506 F480
G1 X48.0593 Y26.6693
G1 X47.9936 Y28.0376
G1 X47.8228 Y29.3968
G1 X47.5480 Y30.7391
G1 X47.1709 Y32.0560
G1 X46.6935 Y33.3401
G1 X46.1188 Y34.5837
G1 X45.4502 Y35.7794
G1 X44.6916 Y36.9202
G1 X43.8475 Y37.9992
G1 X42.9230 Y39.0101
G1 X41.9234 Y39.9470
G1 X41.2591 Y40.4798
G1 Y69.0327
G1 X41.2013 Y69.9140
G1 X41.0226 Y70.8123
G1 X40.7282 Y71.6796
G1 X40.3231 Y72.5011
G1 X39.8143 Y73.2626
G1 X39.2104 Y73.9513
G1 X38.5217 Y74.5552
G1 X37.7602 Y75.0640
G1 X36.9387 Y75.4691
G1 X36.0714 Y75.7635
G1 X35.1731 Y75.9422
G1 X34.2918 Y76.0
G1 X11.2264
G1 X10.3451 Y75.9422
G1 X9.4468 Y75.7635
G1 X8.5795 Y75.4691
G1 X7.7580 Y75.0640
G1 X6.9965 Y74.5552
G1 X6.3078 Y73.9513
G1 X5.7039 Y73.2626
G1 X5.1951 Y72.5011
G1 X4.7900 Y71.6796
G1 X4.4956 Y70.8123
G1 X4.3169 Y69.9140
G1 X4.2591 Y69.0327
G1 Y4.0
G1 X56.2591
G1 Y26.3673
G1 Y4.0 F322.2222
G1 Y26.3673 Z-2.3736 F200
G1 X48.0506 F480
G1 X48.0593 Y26.6693
G1 X47.9936 Y28.0376
G1 X47.8228 Y29.3968
G1 X47.5480 Y30.7391
G1 X47.1709 Y32.0560
G1 X46.6935 Y33.3401
G1 X46.1188 Y34.5837
G1 X45.4502 Y35.7794
G1 X44.6916 Y36.9202
G1 X43.8475 Y37.9992
G1 X42.9230 Y39.0101
G1 X41.9234 Y39.9470
G1 X41.2591 Y40.4798
G1 Y69.0327
G1 X41.2013 Y69.9140
G1 X41.0226 Y70.8123
G1 X40.7282 Y71.6796
G1 X40.3231 Y72.5011
G1 X39.8143 Y73.2626
G1 X39.2104 Y73.9513
G1 X38.5217 Y74.5552
G1 X37.7602 Y75.0640
G1 X36.9387 Y75.4691
G1 X36.0714 Y75.7635
G1 X35.1731 Y75.9422
G1 X34.2918 Y76.0
G1 X11.2264
G1 X10.3451 Y75.9422
G1 X9.4468 Y75.7635
G1 X8.5795 Y75.4691
G1 X7.7580 Y75.0640
G1 X6.9965 Y74.5552
G1 X6.3078 Y73.9513
G1 X5.7039 Y73.2626
G1 X5.1951 Y72.5011
G1 X4.7900 Y71.6796
G1 X4.4956 Y70.8123
G1 X4.3169 Y69.9140
G1 X4.2591 Y69.0327
G1 Y4.0
G1 X56.2591
G1 Y26.3673
G1 Y4.0 F322.2222
G1 Y26.3673 Z-2.8464 F200
G1 X48.0506 F480
G1 X48.0593 Y26.6693
G1 X47.9936 Y28.0376
G1 X47.8228 Y29.3968
G1 X47.5480 Y30.7391
G1 X47.1709 Y32.0560
G1 X46.6935 Y33.3401
G1 X46.1188 Y34.5837
G1 X45.4502 Y35.7794
G1 X44.6916 Y36.9202
G1 X43.8475 Y37.9992
G1 X42.9230 Y39.0101
G1 X41.9234 Y39.9470
G1 X41.2591 Y40.4798
G1 Y69.0327
G1 X41.2013 Y69.9140
G1 X41.0226 Y70.8123
G1 X40.7282 Y71.6796
G1 X40.3231 Y72.5011
G1 X39.8143 Y73.2626
G1 X39.2104 Y73.9513
G1 X38.5217 Y74.5552
G1 X37.7602 Y75.0640
G1 X36.9387 Y75.4691
G1 X36.0714 Y75.7635
G1 X35.1731 Y75.9422
G1 X34.2918 Y76.0
G1 X11.2264
G1 X10.3451 Y75.9422
G1 X9.4468 Y75.7635
G1 X8.5795 Y75.4691
G1 X7.7580 Y75.0640
G1 X6.9965 Y74.5552
G1 X6.3078 Y73.9513
G1 X5.7039 Y73.2626
G1 X5.1951 Y72.5011
G1 X4.7900 Y71.6796
G1 X4.4956 Y70.8123
G1 X4.3169 Y69.9140
G1 X4.2591 Y69.0327
G1 Y4.0
G1 X56.2591
G1 Y26.3673
G1 Y4.0 F322.2222
G1 Y26.3673 Z-3.3191 F200
G1 X48.0506 F480
G1 X48.0593 Y26.6693
G1 X47.9936 Y28.0376
G1 X47.8228 Y29.3968
G1 X47.5480 Y30.7391
G1 X47.1709 Y32.0560
G1 X46.6935 Y33.3401
G1 X46.1188 Y34.5837
G1 X45.4502 Y35.7794
G1 X44.6916 Y36.9202
G1 X43.8475 Y37.9992
G1 X42.9230 Y39.0101
G1 X41.9234 Y39.9470
G1 X41.2591 Y40.4798
G1 Y69.0327
G1 X41.2013 Y69.9140
G1 X41.0226 Y70.8123
G1 X40.7282 Y71.6796
G1 X40.3231 Y72.5011
G1 X39.8143 Y73.2626
G1 X39.2104 Y73.9513
G1 X38.5217 Y74.5552
G1 X37.7602 Y75.0640
G1 X36.9387 Y75.4691
G1 X36.0714 Y75.7635
G1 X35.1731 Y75.9422
G1 X34.2918 Y76.0
G1 X11.2264
G1 X10.3451 Y75.9422
G1 X9.4468 Y75.7635
G1 X8.5795 Y75.4691
G1 X7.7580 Y75.0640
G1 X6.9965 Y74.5552
G1 X6.3078 Y73.9513
G1 X5.7039 Y73.2626
G1 X5.1951 Y72.5011
G1 X4.7900 Y71.6796
G1 X4.4956 Y70.8123
G1 X4.3169 Y69.9140
G1 X4.2591 Y69.0327
G1 Y4.0
G1 X56.2591
G1 Y26.3673
G1 Y4.0 F322.2222
G1 Y26.3673 Z-3.7918 F200
G1 X48.0506 F480
G1 X48.0593 Y26.6693
G1 X47.9936 Y28.0376
G1 X47.8228 Y29.3968
G1 X47.5480 Y30.7391
G1 X47.1709 Y32.0560
G1 X46.6935 Y33.3401
G1 X46.1188 Y34.5837
G1 X45.4502 Y35.7794
G1 X44.6916 Y36.9202
G1 X43.8475 Y37.9992
G1 X42.9230 Y39.0101
G1 X41.9234 Y39.9470
G1 X41.2591 Y40.4798
G1 Y69.0327
G1 X41.2013 Y69.9140
G1 X41.0226 Y70.8123
G1 X40.7282 Y71.6796
G1 X40.3231 Y72.5011
G1 X39.8143 Y73.2626
G1 X39.2104 Y73.9513
G1 X38.5217 Y74.5552
G1 X37.7602 Y75.0640
G1 X36.9387 Y75.4691
G1 X36.0714 Y75.7635
G1 X35.1731 Y75.9422
G1 X34.2918 Y76.0
G1 X11.2264
G1 X10.3451 Y75.9422
G1 X9.4468 Y75.7635
G1 X8.5795 Y75.4691
G1 X7.7580 Y75.0640
G1 X6.9965 Y74.5552
G1 X6.3078 Y73.9513
G1 X5.7039 Y73.2626
G1 X5.1951 Y72.5011
G1 X4.7900 Y71.6796
G1 X4.4956 Y70.8123
G1 X4.3169 Y69.9140
G1 X4.2591 Y69.0327
G1 Y4.0
G1 X56.2591
G1 Y26.3673
G1 Y4.0 F322.2222
G1 Y26.3673 Z-4.2645 F200
G1 X48.0506 F480
G1 X48.0593 Y26.6693
G1 X47.9936 Y28.0376
G1 X47.8228 Y29.3968
G1 X47.5480 Y30.7391
G1 X47.1709 Y32.0560
G1 X46.6935 Y33.3401
G1 X46.1188 Y34.5837
G1 X45.4502 Y35.7794
G1 X44.6916 Y36.9202
G1 X43.8475 Y37.9992
G1 X42.9230 Y39.0101
G1 X41.9234 Y39.9470
G1 X41.2591 Y40.4798
G1 Y69.0327
G1 X41.2013 Y69.9140
G1 X41.0226 Y70.8123
G1 X40.7282 Y71.6796
G1 X40.3231 Y72.5011
G1 X39.8143 Y73.2626
G1 X39.2104 Y73.9513
G1 X38.5217 Y74.5552
G1 X37.7602 Y75.0640
G1 X36.9387 Y75.4691
G1 X36.0714 Y75.7635
G1 X35.1731 Y75.9422
G1 X34.2918 Y76.0
G1 X11.2264
G1 X10.3451 Y75.9422
G1 X9.4468 Y75.7635
G1 X8.5795 Y75.4691
G1 X7.7580 Y75.0640
G1 X6.9965 Y74.5552
G1 X6.3078 Y73.9513
G1 X5.7039 Y73.2626
G1 X5.1951 Y72.5011
G1 X4.7900 Y71.6796
G1 X4.4956 Y70.8123
G1 X4.3169 Y69.9140
G1 X4.2591 Y69.0327
G1 Y4.0
G1 X56.2591
G1 Y26.3673
G1 Y4.0 F322.2222
G1 Y26.3673 Z-4.7373 F200
G1 X48.0506 F480
G1 X48.0593 Y26.6693
G1 X47.9936 Y28.0376
G1 X47.8228 Y29.3968
G1 X47.5480 Y30.7391
G1 X47.1709 Y32.0560
G1 X46.6935 Y33.3401
G1 X46.1188 Y34.5837
G1 X45.8831 Y35.0052
G1 Z-4.7000
G1 X45.4502 Y35.7794
G1 X44.6916 Y36.9202
G1 X44.2308 Y37.5092
G1 Z-4.7373 F100
G1 X43.8475 Y37.9992 F480
G1 X42.9230 Y39.0101
G1 X41.9234 Y39.9470
G1 X41.2591 Y40.4798
G1 Y53.2077
G1 Z-4.7000
G1 Y56.2077
G1 Z-4.7373 F100
G1 Y69.0327 F480
G1 X41.2013 Y69.9140
G1 X41.0226 Y70.8123
G1 X40.7282 Y71.6796
G1 X40.3231 Y72.5011
G1 X39.8143 Y73.2626
G1 X39.2104 Y73.9513
G1 X38.5217 Y74.5552
G1 X37.7602 Y75.0640
G1 X36.9387 Y75.4691
G1 X36.0714 Y75.7635
G1 X35.1731 Y75.9422
G1 X34.2918 Y76.0
G1 X26.8784
G1 Z-4.7000
G1 X23.8784
G1 Z-4.7373 F100
G1 X11.2264 F480
G1 X10.3451 Y75.9422
G1 X9.4468 Y75.7635
G1 X8.5795 Y75.4691
G1 X7.7580 Y75.0640
G1 X6.9965 Y74.5552
G1 X6.3078 Y73.9513
G1 X5.7039 Y73.2626
G1 X5.1951 Y72.5011
G1 X4.7900 Y71.6796
G1 X4.4956 Y70.8123
G1 X4.3169 Y69.9140
G1 X4.2591 Y69.0327
G1 Y63.9848
G1 Z-4.7000
G1 Y60.9848
G1 Z-4.7373 F100
G1 Y10.3466 F480
G1 Z-4.7000
G1 Y7.3466
G1 Z-4.7373 F100
G1 Y4.0 F480
G1 X26.8885
G1 Z-4.7000
G1 X29.8885
G1 Z-4.7373 F100
G1 X48.5188 F480
G1 Z-4.7000
G1 X51.5188
G1 Z-4.7373 F100
G1 X56.2591 F480
G1 Y26.3673
G1 Y4.0 F322.2222
G1 Y26.3673 Z-5.2100 F200
G1 X48.0506 F480
G1 X48.0593 Y26.6693
G1 X47.9936 Y28.0376
G1 X47.8228 Y29.3968
G1 X47.5480 Y30.7391
G1 X47.1709 Y32.0560
G1 X46.6935 Y33.3401
G1 X46.1188 Y34.5837
G1 X45.8831 Y35.0052
G1 Z-4.7000
G1 X45.4502 Y35.7794
G1 X44.6916 Y36.9202
G1 X44.2308 Y37.5092
G1 Z-5.2100 F100
G1 X43.8475 Y37.9992 F480
G1 X42.9230 Y39.0101
G1 X41.9234 Y39.9470
G1 X41.2591 Y40.4798
G1 Y53.2077
G1 Z-4.7000
G1 Y56.2077
G1 Z-5.2100 F100
G1 Y69.0327 F480
G1 X41.2013 Y69.9140
G1 X41.0226 Y70.8123
G1 X40.7282 Y71.6796
G1 X40.3231 Y72.5011
G1 X39.8143 Y73.2626
G1 X39.2104 Y73.9513
G1 X38.5217 Y74.5552
G1 X37.7602 Y75.0640
G1 X36.9387 Y75.4691
G1 X36.0714 Y75.7635
G1 X35.1731 Y75.9422
G1 X34.2918 Y76.0
G1 X26.8784
G1 Z-4.7000
G1 X23.8784
G1 Z-5.2100 F100
G1 X11.2264 F480
G1 X10.3451 Y75.9422
G1 X9.4468 Y75.7635
G1 X8.5795 Y75.4691
G1 X7.7580 Y75.0640
G1 X6.9965 Y74.5552
G1 X6.3078 Y73.9513
G1 X5.7039 Y73.2626
G1 X5.1951 Y72.5011
G1 X4.7900 Y71.6796
G1 X4.4956 Y70.8123
G1 X4.3169 Y69.9140
G1 X4.2591 Y69.0327
G1 Y63.9848
G1 Z-4.7000
G1 Y60.9848
G1 Z-5.2100 F100
G1 Y10.3466 F480
G1 Z-4.7000
G1 Y7.3466
G1 Z-5.2100 F100
G1 Y4.0 F480
G1 X26.8885
G1 Z-4.7000
G1 X29.8885
G1 Z-5.2100 F100
G1 X48.5188 F480
G1 Z-4.7000
G1 X51.5188
G1 Z-5.2100 F100
G1 X56.2591 F480
G1 Y26.3673
G00 Z5.000000

(Footer)
M5
G00 X0.0000 Y0.0000
M2
(Using default footer. To add your own footer create file "footer" in the output dir.)
(end)
%