%
(Header)
(Generated by gcodetools from Inkscape.)
(Using default header. To add your own header create file "header" in the output dir.)
M3
(Header end.)
G21 (All units in mm)

(Start cutting path id: path350946)
(Change tool to Default tool)

G00 Z5.000000
G00 X36.323000 Y42.626000

G01 Z-0.200000 F100.0(Penetrate)
G01 X36.323000 Y17.374000 Z-0.200000 F800.000000
G01 X36.323000 Y17.374000 Z-0.200000
G01 X40.491600 Y17.374000 Z-0.200000
G01 X40.491600 Y42.626000 Z-0.200000
G01 X36.323000 Y42.626000 Z-0.200000
G00 Z5.000000

(End cutting path id: path350946)


(Start cutting path id: path350944)
(Change tool to Default tool)

G00 Z5.000000
G00 X36.323000 Y42.626000

G01 Z-0.200000 F100.0(Penetrate)
G01 X36.323000 Y17.374000 Z-0.200000 F800.000000
G01 X36.323000 Y17.374000 Z-0.200000
G01 X40.491600 Y17.374000 Z-0.200000
G01 X40.491600 Y42.626000 Z-0.200000
G01 X36.323000 Y42.626000 Z-0.200000
G00 Z5.000000

(End cutting path id: path350944)


(Start cutting path id: path350942)
(Change tool to Default tool)

G00 Z5.000000
G00 X36.323000 Y42.626000

G01 Z-0.200000 F100.0(Penetrate)
G01 X36.323000 Y17.374000 Z-0.200000 F800.000000
G01 X36.323000 Y17.374000 Z-0.200000
G01 X40.491600 Y17.374000 Z-0.200000
G01 X40.491600 Y42.626000 Z-0.200000
G01 X36.323000 Y42.626000 Z-0.200000
G00 Z5.000000

(End cutting path id: path350942)


(Start cutting path id: path350940)
(Change tool to Default tool)

G00 Z5.000000
G00 X36.323000 Y42.626000

G01 Z-0.200000 F100.0(Penetrate)
G01 X36.323000 Y17.374000 Z-0.200000 F800.000000
G01 X36.323000 Y17.374000 Z-0.200000
G01 X40.491600 Y17.374000 Z-0.200000
G01 X40.491600 Y42.626000 Z-0.200000
G01 X36.323000 Y42.626000 Z-0.200000
G00 Z5.000000

(End cutting path id: path350940)


(Start cutting path id: path350938)
(Change tool to Default tool)

G00 Z5.000000
G00 X36.323000 Y42.626000

G01 Z-0.200000 F100.0(Penetrate)
G01 X36.323000 Y17.374000 Z-0.200000 F800.000000
G01 X36.323000 Y17.374000 Z-0.200000
G01 X40.491600 Y17.374000 Z-0.200000
G01 X40.491600 Y42.626000 Z-0.200000
G01 X36.323000 Y42.626000 Z-0.200000
G00 Z5.000000

(End cutting path id: path350938)


(Start cutting path id: path306337)
(Change tool to Default tool)

G00 Z5.000000
G00 X36.323000 Y42.626000

G01 Z-0.200000 F100.0(Penetrate)
G01 X36.323000 Y17.374000 Z-0.200000 F800.000000
G01 X36.323000 Y17.374000 Z-0.200000
G01 X40.491600 Y17.374000 Z-0.200000
G01 X40.491600 Y42.626000 Z-0.200000
G01 X36.323000 Y42.626000 Z-0.200000
G00 Z5.000000

(End cutting path id: path306337)


(Start cutting path id: path306335)
(Change tool to Default tool)

G00 Z5.000000
G00 X36.323000 Y42.626000

G01 Z-0.200000 F100.0(Penetrate)
G01 X36.323000 Y17.374000 Z-0.200000 F800.000000
G01 X36.323000 Y17.374000 Z-0.200000
G01 X40.491600 Y17.374000 Z-0.200000
G01 X40.491600 Y42.626000 Z-0.200000
G01 X36.323000 Y42.626000 Z-0.200000
G00 Z5.000000

(End cutting path id: path306335)


(Start cutting path id: path306333)
(Change tool to Default tool)

G00 Z5.000000
G00 X36.323000 Y42.626000

G01 Z-0.200000 F100.0(Penetrate)
G01 X36.323000 Y17.374000 Z-0.200000 F800.000000
G01 X36.323000 Y17.374000 Z-0.200000
G01 X40.491600 Y17.374000 Z-0.200000
G01 X40.491600 Y42.626000 Z-0.200000
G01 X36.323000 Y42.626000 Z-0.200000
G00 Z5.000000

(End cutting path id: path306333)


(Start cutting path id: path306331)
(Change tool to Default tool)

G00 Z5.000000
G00 X36.323000 Y42.626000

G01 Z-0.200000 F100.0(Penetrate)
G01 X36.323000 Y17.374000 Z-0.200000 F800.000000
G01 X36.323000 Y17.374000 Z-0.200000
G01 X40.491600 Y17.374000 Z-0.200000
G01 X40.491600 Y42.626000 Z-0.200000
G01 X36.323000 Y42.626000 Z-0.200000
G00 Z5.000000

(End cutting path id: path306331)


(Start cutting path id: path306329)
(Change tool to Default tool)

G00 Z5.000000
G00 X36.323000 Y42.626000

G01 Z-0.200000 F100.0(Penetrate)
G01 X36.323000 Y17.374000 Z-0.200000 F800.000000
G01 X36.323000 Y17.374000 Z-0.200000
G01 X40.491600 Y17.374000 Z-0.200000
G01 X40.491600 Y42.626000 Z-0.200000
G01 X36.323000 Y42.626000 Z-0.200000
G00 Z5.000000

(End cutting path id: path306329)


(Start cutting path id: path306327)
(Change tool to Default tool)

G00 Z5.000000
G00 X36.323000 Y42.626000

G01 Z-0.200000 F100.0(Penetrate)
G01 X36.323000 Y17.374000 Z-0.200000 F800.000000
G01 X36.323000 Y17.374000 Z-0.200000
G01 X40.491600 Y17.374000 Z-0.200000
G01 X40.491600 Y42.626000 Z-0.200000
G01 X36.323000 Y42.626000 Z-0.200000
G00 Z5.000000

(End cutting path id: path306327)


(Start cutting path id: path350922)
(Change tool to Default tool)

G00 Z5.000000
G00 X36.623047 Y42.326170

G01 Z-0.200000 F100.0(Penetrate)
G01 X36.623047 Y17.673830 Z-0.200000 F800.000000
G01 X40.191406 Y17.673830 Z-0.200000
G01 X40.191406 Y42.326170 Z-0.200000
G01 X36.623047 Y42.326170 Z-0.200000
G00 Z5.000000

(End cutting path id: path350922)


(Start cutting path id: path306311)
(Change tool to Default tool)

G00 Z5.000000
G00 X36.623047 Y42.326170

G01 Z-0.200000 F100.0(Penetrate)
G01 X36.623047 Y17.673830 Z-0.200000 F800.000000
G01 X40.191406 Y17.673830 Z-0.200000
G01 X40.191406 Y42.326170 Z-0.200000
G01 X36.623047 Y42.326170 Z-0.200000
G00 Z5.000000

(End cutting path id: path306311)


(Start cutting path id: path350924)
(Change tool to Default tool)

G00 Z5.000000
G00 X36.863281 Y42.085940

G01 Z-0.200000 F100.0(Penetrate)
G01 X36.863281 Y17.914060 Z-0.200000 F800.000000
G01 X39.951172 Y17.914060 Z-0.200000
G01 X39.951172 Y42.085940 Z-0.200000
G01 X36.863281 Y42.085940 Z-0.200000
G00 Z5.000000

(End cutting path id: path350924)


(Start cutting path id: path306313)
(Change tool to Default tool)

G00 Z5.000000
G00 X36.863281 Y42.085940

G01 Z-0.200000 F100.0(Penetrate)
G01 X36.863281 Y17.914060 Z-0.200000 F800.000000
G01 X39.951172 Y17.914060 Z-0.200000
G01 X39.951172 Y42.085940 Z-0.200000
G01 X36.863281 Y42.085940 Z-0.200000
G00 Z5.000000

(End cutting path id: path306313)


(Start cutting path id: path350926)
(Change tool to Default tool)

G00 Z5.000000
G00 X37.103516 Y41.845700

G01 Z-0.200000 F100.0(Penetrate)
G01 X37.103516 Y18.154300 Z-0.200000 F800.000000
G01 X39.710938 Y18.154300 Z-0.200000
G01 X39.710938 Y41.845700 Z-0.200000
G01 X37.103516 Y41.845700 Z-0.200000
G00 Z5.000000

(End cutting path id: path350926)


(Start cutting path id: path306315)
(Change tool to Default tool)

G00 Z5.000000
G00 X37.103516 Y41.845700

G01 Z-0.200000 F100.0(Penetrate)
G01 X37.103516 Y18.154300 Z-0.200000 F800.000000
G01 X39.710938 Y18.154300 Z-0.200000
G01 X39.710938 Y41.845700 Z-0.200000
G01 X37.103516 Y41.845700 Z-0.200000
G00 Z5.000000

(End cutting path id: path306315)


(Start cutting path id: path350928)
(Change tool to Default tool)

G00 Z5.000000
G00 X37.343750 Y41.605470

G01 Z-0.200000 F100.0(Penetrate)
G01 X37.343750 Y18.394530 Z-0.200000 F800.000000
G01 X39.470703 Y18.394530 Z-0.200000
G01 X39.470703 Y41.605470 Z-0.200000
G01 X37.343750 Y41.605470 Z-0.200000
G00 Z5.000000

(End cutting path id: path350928)


(Start cutting path id: path306317)
(Change tool to Default tool)

G00 Z5.000000
G00 X37.343750 Y41.605470

G01 Z-0.200000 F100.0(Penetrate)
G01 X37.343750 Y18.394530 Z-0.200000 F800.000000
G01 X39.470703 Y18.394530 Z-0.200000
G01 X39.470703 Y41.605470 Z-0.200000
G01 X37.343750 Y41.605470 Z-0.200000
G00 Z5.000000

(End cutting path id: path306317)


(Start cutting path id: path350930)
(Change tool to Default tool)

G00 Z5.000000
G00 X37.582031 Y41.365230

G01 Z-0.200000 F100.0(Penetrate)
G01 X37.582031 Y18.634770 Z-0.200000 F800.000000
G01 X39.232422 Y18.634770 Z-0.200000
G01 X39.232422 Y41.365230 Z-0.200000
G01 X37.582031 Y41.365230 Z-0.200000
G00 Z5.000000

(End cutting path id: path350930)


(Start cutting path id: path306319)
(Change tool to Default tool)

G00 Z5.000000
G00 X37.582031 Y41.365230

G01 Z-0.200000 F100.0(Penetrate)
G01 X37.582031 Y18.634770 Z-0.200000 F800.000000
G01 X39.232422 Y18.634770 Z-0.200000
G01 X39.232422 Y41.365230 Z-0.200000
G01 X37.582031 Y41.365230 Z-0.200000
G00 Z5.000000

(End cutting path id: path306319)


(Start cutting path id: path350932)
(Change tool to Default tool)

G00 Z5.000000
G00 X37.822266 Y41.126950

G01 Z-0.200000 F100.0(Penetrate)
G01 X37.822266 Y18.873050 Z-0.200000 F800.000000
G01 X38.992188 Y18.873050 Z-0.200000
G01 X38.992188 Y41.126950 Z-0.200000
G01 X37.822266 Y41.126950 Z-0.200000
G00 Z5.000000

(End cutting path id: path350932)


(Start cutting path id: path306321)
(Change tool to Default tool)

G00 Z5.000000
G00 X37.822266 Y41.126950

G01 Z-0.200000 F100.0(Penetrate)
G01 X37.822266 Y18.873050 Z-0.200000 F800.000000
G01 X38.992188 Y18.873050 Z-0.200000
G01 X38.992188 Y41.126950 Z-0.200000
G01 X37.822266 Y41.126950 Z-0.200000
G00 Z5.000000

(End cutting path id: path306321)


(Start cutting path id: path350934)
(Change tool to Default tool)

G00 Z5.000000
G00 X38.062500 Y40.886720

G01 Z-0.200000 F100.0(Penetrate)
G01 X38.062500 Y19.113280 Z-0.200000 F800.000000
G01 X38.751953 Y19.113280 Z-0.200000
G01 X38.751953 Y40.886720 Z-0.200000
G01 X38.062500 Y40.886720 Z-0.200000
G00 Z5.000000

(End cutting path id: path350934)


(Start cutting path id: path306323)
(Change tool to Default tool)

G00 Z5.000000
G00 X38.062500 Y40.886720

G01 Z-0.200000 F100.0(Penetrate)
G01 X38.062500 Y19.113280 Z-0.200000 F800.000000
G01 X38.751953 Y19.113280 Z-0.200000
G01 X38.751953 Y40.886720 Z-0.200000
G01 X38.062500 Y40.886720 Z-0.200000
G00 Z5.000000

(End cutting path id: path306323)


(Start cutting path id: path350936)
(Change tool to Default tool)

G00 Z5.000000
G00 X38.302734 Y40.646480

G01 Z-0.200000 F100.0(Penetrate)
G01 X38.302734 Y19.353520 Z-0.200000 F800.000000
G01 X38.511719 Y19.353520 Z-0.200000
G01 X38.511719 Y40.646480 Z-0.200000
G01 X38.302734 Y40.646480 Z-0.200000
G00 Z5.000000

(End cutting path id: path350936)


(Start cutting path id: path306325)
(Change tool to Default tool)

G00 Z5.000000
G00 X38.302734 Y40.646480

G01 Z-0.200000 F100.0(Penetrate)
G01 X38.302734 Y19.353520 Z-0.200000 F800.000000
G01 X38.511719 Y19.353520 Z-0.200000
G01 X38.511719 Y40.646480 Z-0.200000
G01 X38.302734 Y40.646480 Z-0.200000
G00 Z5.000000

(End cutting path id: path306325)


(Start cutting path id: path350918)
(Change tool to Default tool)

G00 Z5.000000
G00 X47.485100 Y43.057000

G01 Z-0.200000 F100.0(Penetrate)
G01 X42.351900 Y16.943000 Z-0.200000 F800.000000
G01 X42.351900 Y16.943000 Z-0.200000
G01 X45.280300 Y16.943000 Z-0.200000
G01 X50.465100 Y43.057000 Z-0.200000
G01 X47.485100 Y43.057000 Z-0.200000
G00 Z5.000000

(End cutting path id: path350918)


(Start cutting path id: path350916)
(Change tool to Default tool)

G00 Z5.000000
G00 X47.485100 Y43.057000

G01 Z-0.200000 F100.0(Penetrate)
G01 X42.351900 Y16.943000 Z-0.200000 F800.000000
G01 X42.351900 Y16.943000 Z-0.200000
G01 X45.280300 Y16.943000 Z-0.200000
G01 X50.465100 Y43.057000 Z-0.200000
G01 X47.485100 Y43.057000 Z-0.200000
G00 Z5.000000

(End cutting path id: path350916)


(Start cutting path id: path350914)
(Change tool to Default tool)

G00 Z5.000000
G00 X47.485100 Y43.057000

G01 Z-0.200000 F100.0(Penetrate)
G01 X42.351900 Y16.943000 Z-0.200000 F800.000000
G01 X42.351900 Y16.943000 Z-0.200000
G01 X45.280300 Y16.943000 Z-0.200000
G01 X50.465100 Y43.057000 Z-0.200000
G01 X47.485100 Y43.057000 Z-0.200000
G00 Z5.000000

(End cutting path id: path350914)


(Start cutting path id: path350912)
(Change tool to Default tool)

G00 Z5.000000
G00 X47.485100 Y43.057000

G01 Z-0.200000 F100.0(Penetrate)
G01 X42.351900 Y16.943000 Z-0.200000 F800.000000
G01 X42.351900 Y16.943000 Z-0.200000
G01 X45.280300 Y16.943000 Z-0.200000
G01 X50.465100 Y43.057000 Z-0.200000
G01 X47.485100 Y43.057000 Z-0.200000
G00 Z5.000000

(End cutting path id: path350912)


(Start cutting path id: path350910)
(Change tool to Default tool)

G00 Z5.000000
G00 X47.485100 Y43.057000

G01 Z-0.200000 F100.0(Penetrate)
G01 X42.351900 Y16.943000 Z-0.200000 F800.000000
G01 X42.351900 Y16.943000 Z-0.200000
G01 X45.280300 Y16.943000 Z-0.200000
G01 X50.465100 Y43.057000 Z-0.200000
G01 X47.485100 Y43.057000 Z-0.200000
G00 Z5.000000

(End cutting path id: path350910)


(Start cutting path id: path350908)
(Change tool to Default tool)

G00 Z5.000000
G00 X47.485100 Y43.057000

G01 Z-0.200000 F100.0(Penetrate)
G01 X42.351900 Y16.943000 Z-0.200000 F800.000000
G01 X42.351900 Y16.943000 Z-0.200000
G01 X45.280300 Y16.943000 Z-0.200000
G01 X50.465100 Y43.057000 Z-0.200000
G01 X47.485100 Y43.057000 Z-0.200000
G00 Z5.000000

(End cutting path id: path350908)


(Start cutting path id: path350906)
(Change tool to Default tool)

G00 Z5.000000
G00 X47.485100 Y43.057000

G01 Z-0.200000 F100.0(Penetrate)
G01 X42.351900 Y16.943000 Z-0.200000 F800.000000
G01 X42.351900 Y16.943000 Z-0.200000
G01 X45.280300 Y16.943000 Z-0.200000
G01 X50.465100 Y43.057000 Z-0.200000
G01 X47.485100 Y43.057000 Z-0.200000
G00 Z5.000000

(End cutting path id: path350906)


(Start cutting path id: path350904)
(Change tool to Default tool)

G00 Z5.000000
G00 X47.485100 Y43.057000

G01 Z-0.200000 F100.0(Penetrate)
G01 X42.351900 Y16.943000 Z-0.200000 F800.000000
G01 X42.351900 Y16.943000 Z-0.200000
G01 X45.280300 Y16.943000 Z-0.200000
G01 X50.465100 Y43.057000 Z-0.200000
G01 X47.485100 Y43.057000 Z-0.200000
G00 Z5.000000

(End cutting path id: path350904)


(Start cutting path id: path306307)
(Change tool to Default tool)

G00 Z5.000000
G00 X47.485100 Y43.057000

G01 Z-0.200000 F100.0(Penetrate)
G01 X42.351900 Y16.943000 Z-0.200000 F800.000000
G01 X42.351900 Y16.943000 Z-0.200000
G01 X45.280300 Y16.943000 Z-0.200000
G01 X50.465100 Y43.057000 Z-0.200000
G01 X47.485100 Y43.057000 Z-0.200000
G00 Z5.000000

(End cutting path id: path306307)


(Start cutting path id: path306305)
(Change tool to Default tool)

G00 Z5.000000
G00 X47.485100 Y43.057000

G01 Z-0.200000 F100.0(Penetrate)
G01 X42.351900 Y16.943000 Z-0.200000 F800.000000
G01 X42.351900 Y16.943000 Z-0.200000
G01 X45.280300 Y16.943000 Z-0.200000
G01 X50.465100 Y43.057000 Z-0.200000
G01 X47.485100 Y43.057000 Z-0.200000
G00 Z5.000000

(End cutting path id: path306305)


(Start cutting path id: path306303)
(Change tool to Default tool)

G00 Z5.000000
G00 X47.485100 Y43.057000

G01 Z-0.200000 F100.0(Penetrate)
G01 X42.351900 Y16.943000 Z-0.200000 F800.000000
G01 X42.351900 Y16.943000 Z-0.200000
G01 X45.280300 Y16.943000 Z-0.200000
G01 X50.465100 Y43.057000 Z-0.200000
G01 X47.485100 Y43.057000 Z-0.200000
G00 Z5.000000

(End cutting path id: path306303)


(Start cutting path id: path306301)
(Change tool to Default tool)

G00 Z5.000000
G00 X47.485100 Y43.057000

G01 Z-0.200000 F100.0(Penetrate)
G01 X42.351900 Y16.943000 Z-0.200000 F800.000000
G01 X42.351900 Y16.943000 Z-0.200000
G01 X45.280300 Y16.943000 Z-0.200000
G01 X50.465100 Y43.057000 Z-0.200000
G01 X47.485100 Y43.057000 Z-0.200000
G00 Z5.000000

(End cutting path id: path306301)


(Start cutting path id: path306299)
(Change tool to Default tool)

G00 Z5.000000
G00 X47.485100 Y43.057000

G01 Z-0.200000 F100.0(Penetrate)
G01 X42.351900 Y16.943000 Z-0.200000 F800.000000
G01 X42.351900 Y16.943000 Z-0.200000
G01 X45.280300 Y16.943000 Z-0.200000
G01 X50.465100 Y43.057000 Z-0.200000
G01 X47.485100 Y43.057000 Z-0.200000
G00 Z5.000000

(End cutting path id: path306299)


(Start cutting path id: path306297)
(Change tool to Default tool)

G00 Z5.000000
G00 X47.485100 Y43.057000

G01 Z-0.200000 F100.0(Penetrate)
G01 X42.351900 Y16.943000 Z-0.200000 F800.000000
G01 X42.351900 Y16.943000 Z-0.200000
G01 X45.280300 Y16.943000 Z-0.200000
G01 X50.465100 Y43.057000 Z-0.200000
G01 X47.485100 Y43.057000 Z-0.200000
G00 Z5.000000

(End cutting path id: path306297)


(Start cutting path id: path306295)
(Change tool to Default tool)

G00 Z5.000000
G00 X47.485100 Y43.057000

G01 Z-0.200000 F100.0(Penetrate)
G01 X42.351900 Y16.943000 Z-0.200000 F800.000000
G01 X42.351900 Y16.943000 Z-0.200000
G01 X45.280300 Y16.943000 Z-0.200000
G01 X50.465100 Y43.057000 Z-0.200000
G01 X47.485100 Y43.057000 Z-0.200000
G00 Z5.000000

(End cutting path id: path306295)


(Start cutting path id: path306293)
(Change tool to Default tool)

G00 Z5.000000
G00 X47.485100 Y43.057000

G01 Z-0.200000 F100.0(Penetrate)
G01 X42.351900 Y16.943000 Z-0.200000 F800.000000
G01 X42.351900 Y16.943000 Z-0.200000
G01 X45.280300 Y16.943000 Z-0.200000
G01 X50.465100 Y43.057000 Z-0.200000
G01 X47.485100 Y43.057000 Z-0.200000
G00 Z5.000000

(End cutting path id: path306293)


(Start cutting path id: path306291)
(Change tool to Default tool)

G00 Z5.000000
G00 X47.485100 Y43.057000

G01 Z-0.200000 F100.0(Penetrate)
G01 X42.351900 Y16.943000 Z-0.200000 F800.000000
G01 X42.351900 Y16.943000 Z-0.200000
G01 X45.280300 Y16.943000 Z-0.200000
G01 X50.465100 Y43.057000 Z-0.200000
G01 X47.485100 Y43.057000 Z-0.200000
G00 Z5.000000

(End cutting path id: path306291)


(Start cutting path id: path350894)
(Change tool to Default tool)

G00 Z5.000000
G00 X47.732422 Y42.757810

G01 Z-0.200000 F100.0(Penetrate)
G01 X42.716797 Y17.242190 Z-0.200000 F800.000000
G01 X45.033203 Y17.242190 Z-0.200000
G01 X50.099609 Y42.757810 Z-0.200000
G01 X47.732422 Y42.757810 Z-0.200000
G00 Z5.000000

(End cutting path id: path350894)


(Start cutting path id: path306281)
(Change tool to Default tool)

G00 Z5.000000
G00 X47.732422 Y42.757810

G01 Z-0.200000 F100.0(Penetrate)
G01 X42.716797 Y17.242190 Z-0.200000 F800.000000
G01 X45.033203 Y17.242190 Z-0.200000
G01 X50.099609 Y42.757810 Z-0.200000
G01 X47.732422 Y42.757810 Z-0.200000
G00 Z5.000000

(End cutting path id: path306281)


(Start cutting path id: path350896)
(Change tool to Default tool)

G00 Z5.000000
G00 X47.929688 Y42.517580

G01 Z-0.200000 F100.0(Penetrate)
G01 X43.007812 Y17.482420 Z-0.200000 F800.000000
G01 X44.837891 Y17.482420 Z-0.200000
G01 X49.806641 Y42.517580 Z-0.200000
G01 X47.929688 Y42.517580 Z-0.200000
G00 Z5.000000

(End cutting path id: path350896)


(Start cutting path id: path306283)
(Change tool to Default tool)

G00 Z5.000000
G00 X47.929688 Y42.517580

G01 Z-0.200000 F100.0(Penetrate)
G01 X43.007812 Y17.482420 Z-0.200000 F800.000000
G01 X44.837891 Y17.482420 Z-0.200000
G01 X49.806641 Y42.517580 Z-0.200000
G01 X47.929688 Y42.517580 Z-0.200000
G00 Z5.000000

(End cutting path id: path306283)


(Start cutting path id: path350898)
(Change tool to Default tool)

G00 Z5.000000
G00 X48.126953 Y42.277340

G01 Z-0.200000 F100.0(Penetrate)
G01 X43.300781 Y17.722660 Z-0.200000 F800.000000
G01 X44.640625 Y17.722660 Z-0.200000
G01 X49.513672 Y42.277340 Z-0.200000
G01 X48.126953 Y42.277340 Z-0.200000
G00 Z5.000000

(End cutting path id: path350898)


(Start cutting path id: path306285)
(Change tool to Default tool)

G00 Z5.000000
G00 X48.126953 Y42.277340

G01 Z-0.200000 F100.0(Penetrate)
G01 X43.300781 Y17.722660 Z-0.200000 F800.000000
G01 X44.640625 Y17.722660 Z-0.200000
G01 X49.513672 Y42.277340 Z-0.200000
G01 X48.126953 Y42.277340 Z-0.200000
G00 Z5.000000

(End cutting path id: path306285)


(Start cutting path id: path350900)
(Change tool to Default tool)

G00 Z5.000000
G00 X48.324219 Y42.037110

G01 Z-0.200000 F100.0(Penetrate)
G01 X43.591797 Y17.962890 Z-0.200000 F800.000000
G01 X44.443359 Y17.962890 Z-0.200000
G01 X49.222656 Y42.037110 Z-0.200000
G01 X48.324219 Y42.037110 Z-0.200000
G00 Z5.000000

(End cutting path id: path350900)


(Start cutting path id: path306287)
(Change tool to Default tool)

G00 Z5.000000
G00 X48.324219 Y42.037110

G01 Z-0.200000 F100.0(Penetrate)
G01 X43.591797 Y17.962890 Z-0.200000 F800.000000
G01 X44.443359 Y17.962890 Z-0.200000
G01 X49.222656 Y42.037110 Z-0.200000
G01 X48.324219 Y42.037110 Z-0.200000
G00 Z5.000000

(End cutting path id: path306287)


(Start cutting path id: path350902)
(Change tool to Default tool)

G00 Z5.000000
G00 X48.521484 Y41.796880

G01 Z-0.200000 F100.0(Penetrate)
G01 X43.882812 Y18.203120 Z-0.200000 F800.000000
G01 X44.246094 Y18.203120 Z-0.200000
G01 X48.929688 Y41.796880 Z-0.200000
G01 X48.521484 Y41.796880 Z-0.200000
G00 Z5.000000

(End cutting path id: path350902)


(Start cutting path id: path306289)
(Change tool to Default tool)

G00 Z5.000000
G00 X48.521484 Y41.796880

G01 Z-0.200000 F100.0(Penetrate)
G01 X43.882812 Y18.203120 Z-0.200000 F800.000000
G01 X44.246094 Y18.203120 Z-0.200000
G01 X48.929688 Y41.796880 Z-0.200000
G01 X48.521484 Y41.796880 Z-0.200000
G00 Z5.000000

(End cutting path id: path306289)


(Start cutting path id: path350882)
(Change tool to Default tool)

G00 Z5.000000
G00 X55.361328 Y36.863280

G01 Z-0.200000 F100.0(Penetrate)
G02 X55.208286 Y36.616233 Z-0.200000 I-1.816876 J0.954600 F800.000000
G03 X55.052734 Y36.349610 Z-0.200000 I1.287370 J-0.929759
G03 X54.983149 Y36.124348 Z-0.200000 I0.841380 J-0.383285
G02 X54.916016 Y35.886720 Z-0.200000 I-1.176535 J0.204091
G02 X55.126726 Y36.386889 Z-0.200000 I34.820712 J-14.374726
G02 X55.361328 Y36.863280 Z-0.200000 I4.722496 J-2.029663
G01 X55.361328 Y36.863280 Z-0.200000
G00 Z5.000000

(End cutting path id: path350882)


(Start cutting path id: path306267)
(Change tool to Default tool)

G00 Z5.000000
G00 X55.361328 Y36.863280

G01 Z-0.200000 F100.0(Penetrate)
G02 X55.208286 Y36.616233 Z-0.200000 I-1.816876 J0.954600 F800.000000
G03 X55.052734 Y36.349610 Z-0.200000 I1.287370 J-0.929759
G03 X54.983149 Y36.124348 Z-0.200000 I0.841380 J-0.383285
G02 X54.916016 Y35.886720 Z-0.200000 I-1.176535 J0.204091
G02 X55.126726 Y36.386889 Z-0.200000 I34.820712 J-14.374726
G02 X55.361328 Y36.863280 Z-0.200000 I4.722496 J-2.029663
G01 X55.361328 Y36.863280 Z-0.200000
G00 Z5.000000

(End cutting path id: path306267)


(Start cutting path id: path350882)
(Change tool to Default tool)

G00 Z5.000000
G00 X58.408203 Y40.070310

G01 Z-0.200000 F100.0(Penetrate)
G02 X58.073851 Y39.931842 Z-0.200000 I-1.098376 J2.179289 F800.000000
G03 X57.755859 Y39.777340 Z-0.200000 I0.414678 J-1.257973
G03 X56.959690 Y39.120476 Z-0.200000 I2.756016 J-4.151438
G03 X56.150391 Y38.177730 Z-0.200000 I6.532579 J-6.426631
G02 X57.201097 Y39.245893 Z-0.200000 I7.520075 J-6.346328
G02 X58.408203 Y40.070310 Z-0.200000 I4.073946 J-4.669116
G01 X58.408203 Y40.070310 Z-0.200000
G00 Z5.000000

(End cutting path id: path350882)


(Start cutting path id: path306267)
(Change tool to Default tool)

G00 Z5.000000
G00 X58.408203 Y40.070310

G01 Z-0.200000 F100.0(Penetrate)
G02 X58.073851 Y39.931842 Z-0.200000 I-1.098376 J2.179289 F800.000000
G03 X57.755859 Y39.777340 Z-0.200000 I0.414678 J-1.257973
G03 X56.959690 Y39.120476 Z-0.200000 I2.756016 J-4.151438
G03 X56.150391 Y38.177730 Z-0.200000 I6.532579 J-6.426631
G02 X57.201097 Y39.245893 Z-0.200000 I7.520075 J-6.346328
G02 X58.408203 Y40.070310 Z-0.200000 I4.073946 J-4.669116
G01 X58.408203 Y40.070310 Z-0.200000
G00 Z5.000000

(End cutting path id: path306267)


(Start cutting path id: path350882)
(Change tool to Default tool)

G00 Z5.000000
G00 X61.105469 Y40.759770

G01 Z-0.200000 F100.0(Penetrate)
G03 X59.670340 Y40.533900 Z-0.200000 I0.546652 J-8.145505 F800.000000
G03 X58.572266 Y40.144530 Z-0.200000 I1.482058 J-5.922634
G02 X59.801912 Y40.563853 Z-0.200000 I2.248843 J-4.582035
G02 X61.105469 Y40.759770 Z-0.200000 I2.539223 J-12.460359
G01 X61.105469 Y40.759770 Z-0.200000
G00 Z5.000000

(End cutting path id: path350882)


(Start cutting path id: path306267)
(Change tool to Default tool)

G00 Z5.000000
G00 X61.105469 Y40.759770

G01 Z-0.200000 F100.0(Penetrate)
G03 X59.670340 Y40.533900 Z-0.200000 I0.546652 J-8.145505 F800.000000
G03 X58.572266 Y40.144530 Z-0.200000 I1.482058 J-5.922634
G02 X59.801912 Y40.563853 Z-0.200000 I2.248843 J-4.582035
G02 X61.105469 Y40.759770 Z-0.200000 I2.539223 J-12.460359
G01 X61.105469 Y40.759770 Z-0.200000
G00 Z5.000000

(End cutting path id: path306267)


(Start cutting path id: path350880)
(Change tool to Default tool)

G00 Z5.000000
G00 X61.765627 Y40.679690

G01 Z-0.200000 F100.0(Penetrate)
G02 X64.942743 Y39.914053 Z-0.200000 I-0.000000 J-6.974755 F800.000000
G02 X67.464846 Y37.785160 Z-0.200000 I-3.324244 J-6.496655
G02 X68.924344 Y34.660916 Z-0.200000 I-6.652035 J-5.010541
G02 X69.447268 Y30.103520 Z-0.200000 I-19.597903 J-4.557396
G02 X68.913809 Y25.456779 Z-0.200000 I-20.504642 J-0.000000
G02 X67.433596 Y22.269530 Z-0.200000 I-8.359812 J1.945097
G02 X67.431649 Y22.266528 Z-0.200000 I-1.662232 J1.076183
G02 X67.429696 Y22.263530 Z-0.200000 I-1.660284 J1.079185
G02 X64.896746 Y20.099742 Z-0.200000 I-6.128988 J4.610208
G02 X61.765633 Y19.320170 Z-0.200000 I-3.131113 J5.898198
G02 X58.641297 Y20.101156 Z-0.200000 I-0.000000 J6.639949
G02 X56.089852 Y22.271340 Z-0.200000 I3.694955 J6.929025
G02 X56.087899 Y22.274338 Z-0.200000 I1.658332 J1.082183
G02 X56.085952 Y22.277340 Z-0.200000 I1.660284 J1.079185
G02 X54.575394 Y25.464012 Z-0.200000 I6.916040 J5.229723
G02 X54.031264 Y30.017580 Z-0.200000 I18.781270 J4.553568
G02 X54.559536 Y34.625013 Z-0.200000 I20.356459 J0.000000
G02 X56.033217 Y37.773440 Z-0.200000 I8.142118 J-1.891967
G01 X56.035217 Y37.775440 Z-0.200000
G02 X58.582380 Y39.912567 Z-0.200000 I5.940016 J-4.493187
G02 X61.765686 Y40.679740 Z-0.200000 I3.183306 J-6.220818
G01 X61.765627 Y40.679690 Z-0.200000
G00 Z5.000000

(End cutting path id: path350880)


(Start cutting path id: path306265)
(Change tool to Default tool)

G00 Z5.000000
G00 X61.765627 Y40.679690

G01 Z-0.200000 F100.0(Penetrate)
G02 X64.942743 Y39.914053 Z-0.200000 I-0.000000 J-6.974755 F800.000000
G02 X67.464846 Y37.785160 Z-0.200000 I-3.324244 J-6.496655
G02 X68.924344 Y34.660916 Z-0.200000 I-6.652035 J-5.010541
G02 X69.447268 Y30.103520 Z-0.200000 I-19.597903 J-4.557396
G02 X68.913809 Y25.456779 Z-0.200000 I-20.504642 J-0.000000
G02 X67.433596 Y22.269530 Z-0.200000 I-8.359812 J1.945097
G02 X67.431649 Y22.266528 Z-0.200000 I-1.662232 J1.076183
G02 X67.429696 Y22.263530 Z-0.200000 I-1.660284 J1.079185
G02 X64.896746 Y20.099742 Z-0.200000 I-6.128988 J4.610208
G02 X61.765633 Y19.320170 Z-0.200000 I-3.131113 J5.898198
G02 X58.641297 Y20.101156 Z-0.200000 I-0.000000 J6.639949
G02 X56.089852 Y22.271340 Z-0.200000 I3.694955 J6.929025
G02 X56.087899 Y22.274338 Z-0.200000 I1.658332 J1.082183
G02 X56.085952 Y22.277340 Z-0.200000 I1.660284 J1.079185
G02 X54.575394 Y25.464012 Z-0.200000 I6.916040 J5.229723
G02 X54.031264 Y30.017580 Z-0.200000 I18.781270 J4.553568
G02 X54.559536 Y34.625013 Z-0.200000 I20.356459 J0.000000
G02 X56.033217 Y37.773440 Z-0.200000 I8.142118 J-1.891967
G01 X56.035217 Y37.775440 Z-0.200000
G02 X58.582380 Y39.912567 Z-0.200000 I5.940016 J-4.493187
G02 X61.765686 Y40.679740 Z-0.200000 I3.183306 J-6.220818
G01 X61.765627 Y40.679690 Z-0.200000
G00 Z5.000000

(End cutting path id: path306265)


(Start cutting path id: path350878)
(Change tool to Default tool)

G00 Z5.000000
G00 X61.765627 Y40.439450

G01 Z-0.200000 F100.0(Penetrate)
G02 X64.833475 Y39.700149 Z-0.200000 I-0.000000 J-6.734912 F800.000000
G02 X67.273440 Y37.640620 Z-0.200000 I-3.216016 J-6.285181
G02 X68.686460 Y34.619869 Z-0.200000 I-6.449233 J-4.857626
G02 X69.207033 Y30.103520 Z-0.200000 I-19.331029 J-4.516349
G02 X68.676334 Y25.498578 Z-0.200000 I-20.244190 J0.000000
G02 X67.242190 Y22.414060 Z-0.200000 I-8.107256 J1.893802
G02 X67.240243 Y22.411058 Z-0.200000 I-1.460985 J0.945373
G02 X67.238290 Y22.408060 Z-0.200000 I-1.459038 J0.948375
G02 X64.782738 Y20.311076 Z-0.200000 I-5.936546 J4.465442
G02 X61.765634 Y19.560410 Z-0.200000 I-3.017104 J5.687893
G02 X58.756648 Y20.312465 Z-0.200000 I0.000000 J6.395531
G02 X56.281259 Y22.417830 Z-0.200000 I3.583808 J6.721578
G02 X56.279307 Y22.419828 Z-0.200000 I1.244013 J1.216814
G02 X56.277359 Y22.421830 Z-0.200000 I1.245965 J1.214816
G02 X54.812418 Y25.508573 Z-0.200000 I6.715618 J5.078170
G02 X54.271499 Y30.017530 Z-0.200000 I18.522292 J4.508957
G02 X54.798386 Y34.584493 Z-0.200000 I20.056249 J-0.000000
G02 X56.226577 Y37.628860 Z-0.200000 I7.893687 J-1.845947
G02 X58.692186 Y39.698546 Z-0.200000 I5.749104 J-4.345407
G02 X61.765640 Y40.439400 Z-0.200000 I3.073454 J-6.004728
G01 X61.765627 Y40.439450 Z-0.200000
G00 Z5.000000

(End cutting path id: path350878)


(Start cutting path id: path306263)
(Change tool to Default tool)

G00 Z5.000000
G00 X61.765627 Y40.439450

G01 Z-0.200000 F100.0(Penetrate)
G02 X64.833475 Y39.700149 Z-0.200000 I-0.000000 J-6.734912 F800.000000
G02 X67.273440 Y37.640620 Z-0.200000 I-3.216016 J-6.285181
G02 X68.686460 Y34.619869 Z-0.200000 I-6.449233 J-4.857626
G02 X69.207033 Y30.103520 Z-0.200000 I-19.331029 J-4.516349
G02 X68.676334 Y25.498578 Z-0.200000 I-20.244190 J0.000000
G02 X67.242190 Y22.414060 Z-0.200000 I-8.107256 J1.893802
G02 X67.240243 Y22.411058 Z-0.200000 I-1.460985 J0.945373
G02 X67.238290 Y22.408060 Z-0.200000 I-1.459038 J0.948375
G02 X64.782738 Y20.311076 Z-0.200000 I-5.936546 J4.465442
G02 X61.765634 Y19.560410 Z-0.200000 I-3.017104 J5.687893
G02 X58.756648 Y20.312465 Z-0.200000 I0.000000 J6.395531
G02 X56.281259 Y22.417830 Z-0.200000 I3.583808 J6.721578
G02 X56.279307 Y22.419828 Z-0.200000 I1.244013 J1.216814
G02 X56.277359 Y22.421830 Z-0.200000 I1.245965 J1.214816
G02 X54.812418 Y25.508573 Z-0.200000 I6.715618 J5.078170
G02 X54.271499 Y30.017530 Z-0.200000 I18.522292 J4.508957
G02 X54.798386 Y34.584493 Z-0.200000 I20.056249 J-0.000000
G02 X56.226577 Y37.628860 Z-0.200000 I7.893687 J-1.845947
G02 X58.692186 Y39.698546 Z-0.200000 I5.749104 J-4.345407
G02 X61.765640 Y40.439400 Z-0.200000 I3.073454 J-6.004728
G01 X61.765627 Y40.439450 Z-0.200000
G00 Z5.000000

(End cutting path id: path306263)


(Start cutting path id: path350876)
(Change tool to Default tool)

G00 Z5.000000
G00 X61.765627 Y40.199220

G01 Z-0.200000 F100.0(Penetrate)
G02 X64.724401 Y39.486507 Z-0.200000 I-0.000000 J-6.497921 F800.000000
G02 X67.082033 Y37.496090 Z-0.200000 I-3.102706 J-6.066634
G01 X67.082962 Y37.495212 Z-0.200000
G01 X67.084033 Y37.494090 Z-0.200000
G02 X68.449248 Y34.577350 Z-0.200000 I-6.247619 J-4.702146
G02 X68.966846 Y30.103470 Z-0.200000 I-19.076287 J-4.473880
G02 X68.437906 Y25.539149 Z-0.200000 I-19.957674 J-0.000000
G02 X67.048877 Y22.556590 Z-0.200000 I-7.863072 J1.847243
G02 X67.047878 Y22.554589 Z-0.200000 I-1.342773 J0.668887
G02 X67.046877 Y22.552590 Z-0.200000 I-1.341775 J0.670887
G02 X64.668814 Y20.522457 Z-0.200000 I-5.744181 J4.320759
G02 X61.765627 Y19.800640 Z-0.200000 I-2.903187 J5.477475
G02 X58.871930 Y20.522964 Z-0.200000 I0.000000 J6.157370
G02 X56.472658 Y22.562360 Z-0.200000 I3.464115 J6.506423
G02 X56.470706 Y22.564358 Z-0.200000 I1.072156 J1.049253
G02 X56.468758 Y22.566360 Z-0.200000 I1.074108 J1.047255
G02 X55.049471 Y25.553193 Z-0.200000 I6.514852 J4.926361
G02 X54.511727 Y30.017530 Z-0.200000 I18.262525 J4.464337
G02 X55.036501 Y34.543838 Z-0.200000 I19.782681 J0.000000
G02 X56.417977 Y37.484330 Z-0.200000 I7.644606 J-1.796760
G02 X58.802235 Y39.485230 Z-0.200000 I5.555864 J-4.199345
G02 X61.765633 Y40.199170 Z-0.200000 I2.963398 J-5.793215
G01 X61.765627 Y40.199220 Z-0.200000
G00 Z5.000000

(End cutting path id: path350876)


(Start cutting path id: path306261)
(Change tool to Default tool)

G00 Z5.000000
G00 X61.765627 Y40.199220

G01 Z-0.200000 F100.0(Penetrate)
G02 X64.724401 Y39.486507 Z-0.200000 I-0.000000 J-6.497921 F800.000000
G02 X67.082033 Y37.496090 Z-0.200000 I-3.102706 J-6.066634
G01 X67.082962 Y37.495212 Z-0.200000
G01 X67.084033 Y37.494090 Z-0.200000
G02 X68.449248 Y34.577350 Z-0.200000 I-6.247619 J-4.702146
G02 X68.966846 Y30.103470 Z-0.200000 I-19.076287 J-4.473880
G02 X68.437906 Y25.539149 Z-0.200000 I-19.957674 J-0.000000
G02 X67.048877 Y22.556590 Z-0.200000 I-7.863072 J1.847243
G02 X67.047878 Y22.554589 Z-0.200000 I-1.342773 J0.668887
G02 X67.046877 Y22.552590 Z-0.200000 I-1.341775 J0.670887
G02 X64.668814 Y20.522457 Z-0.200000 I-5.744181 J4.320759
G02 X61.765627 Y19.800640 Z-0.200000 I-2.903187 J5.477475
G02 X58.871930 Y20.522964 Z-0.200000 I0.000000 J6.157370
G02 X56.472658 Y22.562360 Z-0.200000 I3.464115 J6.506423
G02 X56.470706 Y22.564358 Z-0.200000 I1.072156 J1.049253
G02 X56.468758 Y22.566360 Z-0.200000 I1.074108 J1.047255
G02 X55.049471 Y25.553193 Z-0.200000 I6.514852 J4.926361
G02 X54.511727 Y30.017530 Z-0.200000 I18.262525 J4.464337
G02 X55.036501 Y34.543838 Z-0.200000 I19.782681 J0.000000
G02 X56.417977 Y37.484330 Z-0.200000 I7.644606 J-1.796760
G02 X58.802235 Y39.485230 Z-0.200000 I5.555864 J-4.199345
G02 X61.765633 Y40.199170 Z-0.200000 I2.963398 J-5.793215
G01 X61.765627 Y40.199220 Z-0.200000
G00 Z5.000000

(End cutting path id: path306261)


(Start cutting path id: path350874)
(Change tool to Default tool)

G00 Z5.000000
G00 X61.765627 Y39.958980

G01 Z-0.200000 F100.0(Penetrate)
G02 X64.615178 Y39.272578 Z-0.200000 I0.000000 J-6.258057 F800.000000
G02 X66.890627 Y37.351560 Z-0.200000 I-2.994587 J-5.855239
G01 X66.891561 Y37.350677 Z-0.200000
G01 X66.892627 Y37.349560 Z-0.200000
G02 X68.211268 Y34.536283 Z-0.200000 I-6.044096 J-4.548667
G02 X68.726611 Y30.103470 Z-0.200000 I-18.807066 J-4.432806
G02 X68.200328 Y25.580948 Z-0.200000 I-19.694906 J-0.000000
G02 X66.857471 Y22.701120 Z-0.200000 I-7.609689 J1.795381
G02 X66.855523 Y22.699118 Z-0.200000 I-0.904198 J0.877692
G02 X66.853571 Y22.697120 Z-0.200000 I-0.902250 J0.879694
G02 X64.554000 Y20.734070 Z-0.200000 I-5.553998 J4.177693
G02 X61.765680 Y20.040870 Z-0.200000 I-2.788320 J5.261250
G02 X58.987102 Y20.734384 Z-0.200000 I0.000000 J5.912974
G02 X56.664117 Y22.708830 Z-0.200000 I3.353206 J6.298878
G02 X56.662165 Y22.710828 Z-0.200000 I0.900298 J0.881692
G02 X56.660217 Y22.712830 Z-0.200000 I0.902250 J0.879694
G02 X55.286771 Y25.598990 Z-0.200000 I6.314193 J4.774629
G02 X54.752014 Y30.017520 Z-0.200000 I17.987097 J4.418530
G02 X55.274742 Y34.503199 Z-0.200000 I19.507804 J-0.000000
G02 X56.609436 Y37.339780 Z-0.200000 I7.394917 J-1.747226
G02 X58.912301 Y39.271874 Z-0.200000 I5.362586 J-4.053234
G02 X61.765686 Y39.958920 Z-0.200000 I2.853385 J-5.581699
G01 X61.765627 Y39.958980 Z-0.200000
G00 Z5.000000

(End cutting path id: path350874)


(Start cutting path id: path306259)
(Change tool to Default tool)

G00 Z5.000000
G00 X61.765627 Y39.958980

G01 Z-0.200000 F100.0(Penetrate)
G02 X64.615178 Y39.272578 Z-0.200000 I0.000000 J-6.258057 F800.000000
G02 X66.890627 Y37.351560 Z-0.200000 I-2.994587 J-5.855239
G01 X66.891561 Y37.350677 Z-0.200000
G01 X66.892627 Y37.349560 Z-0.200000
G02 X68.211268 Y34.536283 Z-0.200000 I-6.044096 J-4.548667
G02 X68.726611 Y30.103470 Z-0.200000 I-18.807066 J-4.432806
G02 X68.200328 Y25.580948 Z-0.200000 I-19.694906 J-0.000000
G02 X66.857471 Y22.701120 Z-0.200000 I-7.609689 J1.795381
G02 X66.855523 Y22.699118 Z-0.200000 I-0.904198 J0.877692
G02 X66.853571 Y22.697120 Z-0.200000 I-0.902250 J0.879694
G02 X64.554000 Y20.734070 Z-0.200000 I-5.553998 J4.177693
G02 X61.765680 Y20.040870 Z-0.200000 I-2.788320 J5.261250
G02 X58.987102 Y20.734384 Z-0.200000 I0.000000 J5.912974
G02 X56.664117 Y22.708830 Z-0.200000 I3.353206 J6.298878
G02 X56.662165 Y22.710828 Z-0.200000 I0.900298 J0.881692
G02 X56.660217 Y22.712830 Z-0.200000 I0.902250 J0.879694
G02 X55.286771 Y25.598990 Z-0.200000 I6.314193 J4.774629
G02 X54.752014 Y30.017520 Z-0.200000 I17.987097 J4.418530
G02 X55.274742 Y34.503199 Z-0.200000 I19.507804 J-0.000000
G02 X56.609436 Y37.339780 Z-0.200000 I7.394917 J-1.747226
G02 X58.912301 Y39.271874 Z-0.200000 I5.362586 J-4.053234
G02 X61.765686 Y39.958920 Z-0.200000 I2.853385 J-5.581699
G01 X61.765627 Y39.958980 Z-0.200000
G00 Z5.000000

(End cutting path id: path306259)


(Start cutting path id: path350872)
(Change tool to Default tool)

G00 Z5.000000
G00 X61.765627 Y39.718750

G01 Z-0.200000 F100.0(Penetrate)
G02 X64.506101 Y39.058919 Z-0.200000 I-0.000000 J-6.020915 F800.000000
G02 X66.699221 Y37.207030 Z-0.200000 I-2.881550 J-5.637065
G02 X67.972459 Y34.496768 Z-0.200000 I-5.838495 J-4.397036
G02 X68.486330 Y30.103520 Z-0.200000 I-18.522696 J-4.393248
G02 X67.961671 Y25.621580 Z-0.200000 I-19.405993 J-0.000000
G02 X66.664064 Y22.843750 Z-0.200000 I-7.364303 J1.748095
G02 X66.663065 Y22.842749 Z-0.200000 I-0.722320 J0.720320
G02 X66.662064 Y22.841750 Z-0.200000 I-0.721321 J0.721321
G02 X64.440188 Y20.945660 Z-0.200000 I-5.361585 J4.032946
G02 X61.765580 Y20.281200 Z-0.200000 I-2.674608 J5.050738
G02 X59.101008 Y20.944942 Z-0.200000 I-0.000000 J5.680288
G02 X56.853471 Y22.853470 Z-0.200000 I3.230452 J6.081920
G02 X56.852469 Y22.855469 Z-0.200000 I0.911405 J0.458202
G02 X56.851471 Y22.857470 Z-0.200000 I0.912407 J0.456204
G02 X55.523764 Y25.643773 Z-0.200000 I6.112781 J4.622300
G02 X54.992097 Y30.017630 Z-0.200000 I17.725295 J4.373851
G02 X55.512847 Y34.462690 Z-0.200000 I19.231617 J-0.000000
G02 X56.800690 Y37.195360 Z-0.200000 I7.144730 J-1.697343
G02 X59.022106 Y39.058613 Z-0.200000 I5.169379 J-3.907220
G02 X61.765534 Y39.718800 Z-0.200000 I2.743428 J-5.370108
G01 X61.765627 Y39.718750 Z-0.200000
G00 Z5.000000

(End cutting path id: path350872)


(Start cutting path id: path306257)
(Change tool to Default tool)

G00 Z5.000000
G00 X61.765627 Y39.718750

G01 Z-0.200000 F100.0(Penetrate)
G02 X64.506101 Y39.058919 Z-0.200000 I-0.000000 J-6.020915 F800.000000
G02 X66.699221 Y37.207030 Z-0.200000 I-2.881550 J-5.637065
G02 X67.972459 Y34.496768 Z-0.200000 I-5.838495 J-4.397036
G02 X68.486330 Y30.103520 Z-0.200000 I-18.522696 J-4.393248
G02 X67.961671 Y25.621580 Z-0.200000 I-19.405993 J-0.000000
G02 X66.664064 Y22.843750 Z-0.200000 I-7.364303 J1.748095
G02 X66.663065 Y22.842749 Z-0.200000 I-0.722320 J0.720320
G02 X66.662064 Y22.841750 Z-0.200000 I-0.721321 J0.721321
G02 X64.440188 Y20.945660 Z-0.200000 I-5.361585 J4.032946
G02 X61.765580 Y20.281200 Z-0.200000 I-2.674608 J5.050738
G02 X59.101008 Y20.944942 Z-0.200000 I-0.000000 J5.680288
G02 X56.853471 Y22.853470 Z-0.200000 I3.230452 J6.081920
G02 X56.852469 Y22.855469 Z-0.200000 I0.911405 J0.458202
G02 X56.851471 Y22.857470 Z-0.200000 I0.912407 J0.456204
G02 X55.523764 Y25.643773 Z-0.200000 I6.112781 J4.622300
G02 X54.992097 Y30.017630 Z-0.200000 I17.725295 J4.373851
G02 X55.512847 Y34.462690 Z-0.200000 I19.231617 J-0.000000
G02 X56.800690 Y37.195360 Z-0.200000 I7.144730 J-1.697343
G02 X59.022106 Y39.058613 Z-0.200000 I5.169379 J-3.907220
G02 X61.765534 Y39.718800 Z-0.200000 I2.743428 J-5.370108
G01 X61.765627 Y39.718750 Z-0.200000
G00 Z5.000000

(End cutting path id: path306257)


(Start cutting path id: path350870)
(Change tool to Default tool)

G00 Z5.000000
G00 X61.765627 Y39.478520

G01 Z-0.200000 F100.0(Penetrate)
G02 X64.394544 Y38.845767 Z-0.200000 I-0.000000 J-5.777591 F800.000000
G02 X66.503908 Y37.066410 Z-0.200000 I-2.773581 J-5.427948
G02 X67.732766 Y34.458750 Z-0.200000 I-5.633286 J-4.248063
G02 X68.246096 Y30.103520 Z-0.200000 I-18.218826 J-4.355230
G02 X67.723975 Y25.663371 Z-0.200000 I-19.140723 J-0.000000
G02 X66.472658 Y22.988280 Z-0.200000 I-7.109896 J1.695562
G02 X66.471661 Y22.986279 Z-0.200000 I-0.698720 J0.346860
G02 X66.470658 Y22.984280 Z-0.200000 I-0.697723 J0.348861
G02 X64.326548 Y21.156313 Z-0.200000 I-5.160806 J3.881910
G02 X61.765580 Y20.521380 Z-0.200000 I-2.560968 J4.847293
G02 X59.215858 Y21.156460 Z-0.200000 I0.000000 J5.435861
G02 X57.044877 Y22.999900 Z-0.200000 I3.119859 J5.874271
G02 X57.043876 Y23.000899 Z-0.200000 I0.550598 J0.552598
G02 X57.042877 Y23.001900 Z-0.200000 I0.551598 J0.551598
G02 X55.760954 Y25.688357 Z-0.200000 I5.910885 J4.469636
G02 X55.232330 Y30.017530 Z-0.200000 I17.462582 J4.329173
G02 X55.751179 Y34.421984 Z-0.200000 I18.953909 J0.000000
G02 X56.992096 Y37.050730 Z-0.200000 I6.894005 J-1.647096
G02 X59.132010 Y38.845117 Z-0.200000 I4.976131 J-3.761153
G02 X61.765533 Y39.478470 Z-0.200000 I2.633523 J-5.158505
G01 X61.765627 Y39.478520 Z-0.200000
G00 Z5.000000

(End cutting path id: path350870)


(Start cutting path id: path306255)
(Change tool to Default tool)

G00 Z5.000000
G00 X61.765627 Y39.478520

G01 Z-0.200000 F100.0(Penetrate)
G02 X64.394544 Y38.845767 Z-0.200000 I-0.000000 J-5.777591 F800.000000
G02 X66.503908 Y37.066410 Z-0.200000 I-2.773581 J-5.427948
G02 X67.732766 Y34.458750 Z-0.200000 I-5.633286 J-4.248063
G02 X68.246096 Y30.103520 Z-0.200000 I-18.218826 J-4.355230
G02 X67.723975 Y25.663371 Z-0.200000 I-19.140723 J-0.000000
G02 X66.472658 Y22.988280 Z-0.200000 I-7.109896 J1.695562
G02 X66.471661 Y22.986279 Z-0.200000 I-0.698720 J0.346860
G02 X66.470658 Y22.984280 Z-0.200000 I-0.697723 J0.348861
G02 X64.326548 Y21.156313 Z-0.200000 I-5.160806 J3.881910
G02 X61.765580 Y20.521380 Z-0.200000 I-2.560968 J4.847293
G02 X59.215858 Y21.156460 Z-0.200000 I0.000000 J5.435861
G02 X57.044877 Y22.999900 Z-0.200000 I3.119859 J5.874271
G02 X57.043876 Y23.000899 Z-0.200000 I0.550598 J0.552598
G02 X57.042877 Y23.001900 Z-0.200000 I0.551598 J0.551598
G02 X55.760954 Y25.688357 Z-0.200000 I5.910885 J4.469636
G02 X55.232330 Y30.017530 Z-0.200000 I17.462582 J4.329173
G02 X55.751179 Y34.421984 Z-0.200000 I18.953909 J0.000000
G02 X56.992096 Y37.050730 Z-0.200000 I6.894005 J-1.647096
G02 X59.132010 Y38.845117 Z-0.200000 I4.976131 J-3.761153
G02 X61.765533 Y39.478470 Z-0.200000 I2.633523 J-5.158505
G01 X61.765627 Y39.478520 Z-0.200000
G00 Z5.000000

(End cutting path id: path306255)


(Start cutting path id: path350868)
(Change tool to Default tool)

G00 Z5.000000
G00 X61.765627 Y39.238280

G01 Z-0.200000 F100.0(Penetrate)
G02 X64.286684 Y38.631674 Z-0.200000 I-0.000000 J-5.542067 F800.000000
G02 X66.314455 Y36.919920 Z-0.200000 I-2.660712 J-5.208862
G02 X67.495263 Y34.416206 Z-0.200000 I-5.430509 J-4.091456
G02 X68.005861 Y30.103520 Z-0.200000 I-17.957921 J-4.312686
G02 X67.485211 Y25.703926 Z-0.200000 I-18.849033 J-0.000000
G02 X66.279299 Y23.130860 Z-0.200000 I-6.863297 J1.647484
G02 X66.279300 Y23.129860 Z-0.200000 I-0.540053 J-0.001000
G02 X66.279299 Y23.128860 Z-0.200000 I-0.540054 J-0.000000
G02 X64.213135 Y21.368000 Z-0.200000 I-4.968375 J3.737177
G02 X61.765627 Y20.761670 Z-0.200000 I-2.447508 J4.636634
G02 X59.330643 Y21.367324 Z-0.200000 I-0.000000 J5.197655
G02 X57.236330 Y23.144480 Z-0.200000 I3.000665 J5.658787
G02 X57.235329 Y23.145479 Z-0.200000 I0.380875 J0.382875
G02 X57.234330 Y23.146480 Z-0.200000 I0.381876 J0.381876
G02 X55.998242 Y25.733111 Z-0.200000 I5.708567 J4.316650
G02 X55.472611 Y30.017580 Z-0.200000 I17.198753 J4.284469
G02 X55.989640 Y34.381462 Z-0.200000 I18.674759 J0.000000
G02 X57.183549 Y36.906250 Z-0.200000 I6.642551 J-1.596417
G02 X59.241902 Y38.631734 Z-0.200000 I4.782845 J-3.615059
G02 X61.765580 Y39.238280 Z-0.200000 I2.523678 J-4.946908
G01 X61.765627 Y39.238280 Z-0.200000
G00 Z5.000000

(End cutting path id: path350868)


(Start cutting path id: path306253)
(Change tool to Default tool)

G00 Z5.000000
G00 X61.765627 Y39.238280

G01 Z-0.200000 F100.0(Penetrate)
G02 X64.286684 Y38.631674 Z-0.200000 I-0.000000 J-5.542067 F800.000000
G02 X66.314455 Y36.919920 Z-0.200000 I-2.660712 J-5.208862
G02 X67.495263 Y34.416206 Z-0.200000 I-5.430509 J-4.091456
G02 X68.005861 Y30.103520 Z-0.200000 I-17.957921 J-4.312686
G02 X67.485211 Y25.703926 Z-0.200000 I-18.849033 J-0.000000
G02 X66.279299 Y23.130860 Z-0.200000 I-6.863297 J1.647484
G02 X66.279300 Y23.129860 Z-0.200000 I-0.540053 J-0.001000
G02 X66.279299 Y23.128860 Z-0.200000 I-0.540054 J-0.000000
G02 X64.213135 Y21.368000 Z-0.200000 I-4.968375 J3.737177
G02 X61.765627 Y20.761670 Z-0.200000 I-2.447508 J4.636634
G02 X59.330643 Y21.367324 Z-0.200000 I-0.000000 J5.197655
G02 X57.236330 Y23.144480 Z-0.200000 I3.000665 J5.658787
G02 X57.235329 Y23.145479 Z-0.200000 I0.380875 J0.382875
G02 X57.234330 Y23.146480 Z-0.200000 I0.381876 J0.381876
G02 X55.998242 Y25.733111 Z-0.200000 I5.708567 J4.316650
G02 X55.472611 Y30.017580 Z-0.200000 I17.198753 J4.284469
G02 X55.989640 Y34.381462 Z-0.200000 I18.674759 J0.000000
G02 X57.183549 Y36.906250 Z-0.200000 I6.642551 J-1.596417
G02 X59.241902 Y38.631734 Z-0.200000 I4.782845 J-3.615059
G02 X61.765580 Y39.238280 Z-0.200000 I2.523678 J-4.946908
G01 X61.765627 Y39.238280 Z-0.200000
G00 Z5.000000

(End cutting path id: path306253)


(Start cutting path id: path350866)
(Change tool to Default tool)

G00 Z5.000000
G00 X61.765627 Y38.998050

G01 Z-0.200000 F100.0(Penetrate)
G02 X64.177551 Y38.418545 Z-0.200000 I0.000000 J-5.309020 F800.000000
G02 X66.123049 Y36.777340 Z-0.200000 I-2.545139 J-4.990735
G01 X66.121049 Y36.777340 Z-0.200000
G02 X67.256146 Y34.376920 Z-0.200000 I-5.221990 J-3.937933
G02 X67.765580 Y30.103520 Z-0.200000 I-17.669031 J-4.273400
G02 X67.247332 Y25.745694 Z-0.200000 I-18.581094 J-0.000000
G02 X66.087846 Y23.275390 Z-0.200000 I-6.607608 J1.594146
G02 X66.087848 Y23.274390 Z-0.200000 I-0.300028 J-0.001000
G02 X66.087846 Y23.273390 Z-0.200000 I-0.300030 J-0.000000
G02 X64.099774 Y21.579708 Z-0.200000 I-4.775986 J3.592476
G02 X61.765580 Y21.001900 Z-0.200000 I-2.334194 J4.425860
G02 X59.445116 Y21.579061 Z-0.200000 I-0.000000 J4.953266
G02 X57.427689 Y23.290970 Z-0.200000 I2.890395 J5.450924
G02 X57.426689 Y23.290968 Z-0.200000 I-0.001000 J0.300028
G02 X57.425689 Y23.290970 Z-0.200000 I-0.000000 J0.300030
G02 X56.234681 Y25.777773 Z-0.200000 I5.513570 J4.169230
G02 X55.710846 Y30.017530 Z-0.200000 I16.895680 J4.239751
G02 X56.227308 Y34.340868 Z-0.200000 I18.353717 J0.000000
G02 X57.374908 Y36.761670 Z-0.200000 I6.398519 J-1.550853
G02 X59.351632 Y38.418221 Z-0.200000 I4.589592 J-3.468987
G02 X61.765533 Y38.998000 Z-0.200000 I2.413901 J-4.735235
G01 X61.765627 Y38.998050 Z-0.200000
G00 Z5.000000

(End cutting path id: path350866)


(Start cutting path id: path306251)
(Change tool to Default tool)

G00 Z5.000000
G00 X61.765627 Y38.998050

G01 Z-0.200000 F100.0(Penetrate)
G02 X64.177551 Y38.418545 Z-0.200000 I0.000000 J-5.309020 F800.000000
G02 X66.123049 Y36.777340 Z-0.200000 I-2.545139 J-4.990735
G01 X66.121049 Y36.777340 Z-0.200000
G02 X67.256146 Y34.376920 Z-0.200000 I-5.221990 J-3.937933
G02 X67.765580 Y30.103520 Z-0.200000 I-17.669031 J-4.273400
G02 X67.247332 Y25.745694 Z-0.200000 I-18.581094 J-0.000000
G02 X66.087846 Y23.275390 Z-0.200000 I-6.607608 J1.594146
G02 X66.087848 Y23.274390 Z-0.200000 I-0.300028 J-0.001000
G02 X66.087846 Y23.273390 Z-0.200000 I-0.300030 J-0.000000
G02 X64.099774 Y21.579708 Z-0.200000 I-4.775986 J3.592476
G02 X61.765580 Y21.001900 Z-0.200000 I-2.334194 J4.425860
G02 X59.445116 Y21.579061 Z-0.200000 I-0.000000 J4.953266
G02 X57.427689 Y23.290970 Z-0.200000 I2.890395 J5.450924
G02 X57.426689 Y23.290968 Z-0.200000 I-0.001000 J0.300028
G02 X57.425689 Y23.290970 Z-0.200000 I-0.000000 J0.300030
G02 X56.234681 Y25.777773 Z-0.200000 I5.513570 J4.169230
G02 X55.710846 Y30.017530 Z-0.200000 I16.895680 J4.239751
G02 X56.227308 Y34.340868 Z-0.200000 I18.353717 J0.000000
G02 X57.374908 Y36.761670 Z-0.200000 I6.398519 J-1.550853
G02 X59.351632 Y38.418221 Z-0.200000 I4.589592 J-3.468987
G02 X61.765533 Y38.998000 Z-0.200000 I2.413901 J-4.735235
G01 X61.765627 Y38.998050 Z-0.200000
G00 Z5.000000

(End cutting path id: path306251)


(Start cutting path id: path350880)
(Change tool to Default tool)

G00 Z5.000000
G00 X61.748047 Y41.076170

G01 Z-0.200000 F100.0(Penetrate)
G03 X59.292646 Y40.740271 Z-0.200000 I0.000000 J-9.142353 F800.000000
G03 X57.623047 Y39.976560 Z-0.200000 I1.575886 J-5.652019
G03 X56.253886 Y38.732182 Z-0.200000 I3.387549 J-5.102662
G03 X54.833984 Y36.447270 Z-0.200000 I8.348136 J-6.771379
G01 X54.833984 Y36.445270 Z-0.200000
G01 X54.831984 Y36.443270 Z-0.200000
G03 X54.061550 Y33.987871 Z-0.200000 I9.547982 J-4.344455
G03 X53.685500 Y29.845610 Z-0.200000 I22.625888 J-4.142261
G03 X54.496128 Y24.460363 Z-0.200000 I18.293233 J-0.000000
G03 X56.189406 Y21.329990 Z-0.200000 I8.687354 J2.676006
G03 X58.459018 Y19.620617 Z-0.200000 I4.783665 J3.990070
G03 X61.765578 Y18.923740 Z-0.200000 I3.306560 J7.496083
G03 X65.020819 Y19.619104 Z-0.200000 I0.000000 J7.967138
G03 X67.300734 Y21.355380 Z-0.200000 I-2.568556 J5.737811
G02 X67.302681 Y21.358382 Z-0.200000 I1.662232 J-1.076183
G02 X67.304634 Y21.361380 Z-0.200000 I1.660284 J-1.079185
G03 X68.988383 Y24.483386 Z-0.200000 I-6.909144 J5.741253
G03 X69.810493 Y30.000050 Z-0.200000 I-18.098370 J5.516664
G03 X69.011903 Y35.486539 Z-0.200000 I-19.245980 J-0.000000
G03 X67.456977 Y38.400440 Z-0.200000 I-7.924381 J-2.356812
G02 X67.455024 Y38.403438 Z-0.200000 I1.658332 J1.082183
G02 X67.453077 Y38.406440 Z-0.200000 I1.660284 J1.079185
G03 X64.928721 Y40.367816 Z-0.200000 I-5.603242 J-4.606405
G03 X61.747999 Y41.076360 Z-0.200000 I-3.180722 J-6.785014
G01 X61.748047 Y41.076170 Z-0.200000
G00 Z5.000000

(End cutting path id: path350880)


(Start cutting path id: path306265)
(Change tool to Default tool)

G00 Z5.000000
G00 X61.748047 Y41.076170

G01 Z-0.200000 F100.0(Penetrate)
G03 X59.292646 Y40.740271 Z-0.200000 I0.000000 J-9.142353 F800.000000
G03 X57.623047 Y39.976560 Z-0.200000 I1.575886 J-5.652019
G03 X56.253886 Y38.732182 Z-0.200000 I3.387549 J-5.102662
G03 X54.833984 Y36.447270 Z-0.200000 I8.348136 J-6.771379
G01 X54.833984 Y36.445270 Z-0.200000
G01 X54.831984 Y36.443270 Z-0.200000
G03 X54.061550 Y33.987871 Z-0.200000 I9.547982 J-4.344455
G03 X53.685500 Y29.845610 Z-0.200000 I22.625888 J-4.142261
G03 X54.496128 Y24.460363 Z-0.200000 I18.293233 J-0.000000
G03 X56.189406 Y21.329990 Z-0.200000 I8.687354 J2.676006
G03 X58.459018 Y19.620617 Z-0.200000 I4.783665 J3.990070
G03 X61.765578 Y18.923740 Z-0.200000 I3.306560 J7.496083
G03 X65.020819 Y19.619104 Z-0.200000 I0.000000 J7.967138
G03 X67.300734 Y21.355380 Z-0.200000 I-2.568556 J5.737811
G02 X67.302681 Y21.358382 Z-0.200000 I1.662232 J-1.076183
G02 X67.304634 Y21.361380 Z-0.200000 I1.660284 J-1.079185
G03 X68.988383 Y24.483386 Z-0.200000 I-6.909144 J5.741253
G03 X69.810493 Y30.000050 Z-0.200000 I-18.098370 J5.516664
G03 X69.011903 Y35.486539 Z-0.200000 I-19.245980 J-0.000000
G03 X67.456977 Y38.400440 Z-0.200000 I-7.924381 J-2.356812
G02 X67.455024 Y38.403438 Z-0.200000 I1.658332 J1.082183
G02 X67.453077 Y38.406440 Z-0.200000 I1.660284 J1.079185
G03 X64.928721 Y40.367816 Z-0.200000 I-5.603242 J-4.606405
G03 X61.747999 Y41.076360 Z-0.200000 I-3.180722 J-6.785014
G01 X61.748047 Y41.076170 Z-0.200000
G00 Z5.000000

(End cutting path id: path306265)


(Start cutting path id: path350878)
(Change tool to Default tool)

G00 Z5.000000
G00 X61.748047 Y41.316410

G01 Z-0.200000 F100.0(Penetrate)
G03 X59.232697 Y40.973661 Z-0.200000 I-0.000000 J-9.401133 F800.000000
G03 X57.490234 Y40.177730 Z-0.200000 I1.632602 J-5.879392
G03 X56.062921 Y38.879173 Z-0.200000 I3.521316 J-5.304161
G03 X54.615234 Y36.546880 Z-0.200000 I8.559882 J-6.928687
G01 X54.615234 Y36.544880 Z-0.200000
G01 X54.613234 Y36.542880 Z-0.200000
G03 X53.823119 Y34.022068 Z-0.200000 I9.776627 J-4.448586
G03 X53.445265 Y29.845610 Z-0.200000 I22.892493 J-4.176458
G03 X54.262985 Y24.396759 Z-0.200000 I18.562993 J-0.000000
G03 X56.003859 Y21.175690 Z-0.200000 I8.915706 J2.737650
G03 X58.362384 Y19.400062 Z-0.200000 I4.966285 J4.142398
G03 X61.765578 Y18.683500 Z-0.200000 I3.403194 J7.723178
G03 X65.118449 Y19.399761 Z-0.200000 I0.000000 J8.205647
G03 X67.486281 Y21.203030 Z-0.200000 I-2.667920 J5.959394
G02 X67.487280 Y21.205031 Z-0.200000 I1.557458 J-0.776229
G02 X67.488281 Y21.207030 Z-0.200000 I1.556459 J-0.778229
G03 X69.220801 Y24.421323 Z-0.200000 I-7.104002 J5.903157
G03 X70.050781 Y30.000000 Z-0.200000 I-18.333430 J5.578677
G03 X69.246246 Y35.544323 Z-0.200000 I-19.506178 J0.000000
G03 X67.642578 Y38.552730 Z-0.200000 I-8.164105 J-2.420345
G02 X67.640625 Y38.555728 Z-0.200000 I1.457085 J0.951373
G02 X67.638678 Y38.558730 Z-0.200000 I1.459038 J0.948375
G03 X65.030724 Y40.585192 Z-0.200000 I-5.789692 J-4.759657
G03 X61.748053 Y41.316550 Z-0.200000 I-3.282671 J-7.001392
G01 X61.748047 Y41.316410 Z-0.200000
G00 Z5.000000

(End cutting path id: path350878)


(Start cutting path id: path306263)
(Change tool to Default tool)

G00 Z5.000000
G00 X61.748047 Y41.316410

G01 Z-0.200000 F100.0(Penetrate)
G03 X59.232697 Y40.973661 Z-0.200000 I-0.000000 J-9.401133 F800.000000
G03 X57.490234 Y40.177730 Z-0.200000 I1.632602 J-5.879392
G03 X56.062921 Y38.879173 Z-0.200000 I3.521316 J-5.304161
G03 X54.615234 Y36.546880 Z-0.200000 I8.559882 J-6.928687
G01 X54.615234 Y36.544880 Z-0.200000
G01 X54.613234 Y36.542880 Z-0.200000
G03 X53.823119 Y34.022068 Z-0.200000 I9.776627 J-4.448586
G03 X53.445265 Y29.845610 Z-0.200000 I22.892493 J-4.176458
G03 X54.262985 Y24.396759 Z-0.200000 I18.562993 J-0.000000
G03 X56.003859 Y21.175690 Z-0.200000 I8.915706 J2.737650
G03 X58.362384 Y19.400062 Z-0.200000 I4.966285 J4.142398
G03 X61.765578 Y18.683500 Z-0.200000 I3.403194 J7.723178
G03 X65.118449 Y19.399761 Z-0.200000 I0.000000 J8.205647
G03 X67.486281 Y21.203030 Z-0.200000 I-2.667920 J5.959394
G02 X67.487280 Y21.205031 Z-0.200000 I1.557458 J-0.776229
G02 X67.488281 Y21.207030 Z-0.200000 I1.556459 J-0.778229
G03 X69.220801 Y24.421323 Z-0.200000 I-7.104002 J5.903157
G03 X70.050781 Y30.000000 Z-0.200000 I-18.333430 J5.578677
G03 X69.246246 Y35.544323 Z-0.200000 I-19.506178 J0.000000
G03 X67.642578 Y38.552730 Z-0.200000 I-8.164105 J-2.420345
G02 X67.640625 Y38.555728 Z-0.200000 I1.457085 J0.951373
G02 X67.638678 Y38.558730 Z-0.200000 I1.459038 J0.948375
G03 X65.030724 Y40.585192 Z-0.200000 I-5.789692 J-4.759657
G03 X61.748053 Y41.316550 Z-0.200000 I-3.282671 J-7.001392
G01 X61.748047 Y41.316410 Z-0.200000
G00 Z5.000000

(End cutting path id: path306263)


(Start cutting path id: path350876)
(Change tool to Default tool)

G00 Z5.000000
G00 X61.748047 Y41.556640

G01 Z-0.200000 F100.0(Penetrate)
G03 X59.172839 Y41.205992 Z-0.200000 I-0.000000 J-9.631659 F800.000000
G03 X57.357422 Y40.376950 Z-0.200000 I1.698620 J-6.121801
G03 X55.871988 Y39.024872 Z-0.200000 I3.659813 J-5.512792
G03 X54.396484 Y36.646480 Z-0.200000 I8.747294 J-7.073518
G01 X54.396484 Y36.644480 Z-0.200000
G01 X54.394484 Y36.642480 Z-0.200000
G03 X53.584707 Y34.056269 Z-0.200000 I10.004697 J-4.552483
G03 X53.205031 Y29.845600 Z-0.200000 I23.158635 J-4.210669
G03 X54.031090 Y24.333432 Z-0.200000 I18.803957 J0.000000
G03 X55.820265 Y21.021380 Z-0.200000 I9.158155 J2.807964
G03 X58.267069 Y19.179599 Z-0.200000 I5.150108 J4.295732
G03 X61.765578 Y18.443260 Z-0.200000 I3.498509 J7.942928
G03 X65.214752 Y19.179556 Z-0.200000 I0.000000 J8.446964
G03 X67.669875 Y21.048730 Z-0.200000 I-2.762342 J6.175246
G02 X67.671823 Y21.050732 Z-0.200000 I1.076056 J-1.045253
G02 X67.673775 Y21.052730 Z-0.200000 I1.074108 J-1.047255
G03 X69.454312 Y24.359459 Z-0.200000 I-7.290743 J6.058502
G03 X70.291016 Y30.000000 Z-0.200000 I-18.594170 J5.640541
G03 X69.479526 Y35.603318 Z-0.200000 I-19.751138 J-0.000000
G03 X67.826172 Y38.707030 Z-0.200000 I-8.411316 J-2.488498
G02 X67.825171 Y38.709029 Z-0.200000 I1.340773 J0.672887
G02 X67.824172 Y38.711030 Z-0.200000 I1.341775 J0.670888
G03 X65.132604 Y40.802570 Z-0.200000 I-5.976141 J-4.912960
G03 X61.748000 Y41.556730 Z-0.200000 I-3.384604 J-7.217821
G01 X61.748047 Y41.556640 Z-0.200000
G00 Z5.000000

(End cutting path id: path350876)


(Start cutting path id: path306261)
(Change tool to Default tool)

G00 Z5.000000
G00 X61.748047 Y41.556640

G01 Z-0.200000 F100.0(Penetrate)
G03 X59.172839 Y41.205992 Z-0.200000 I-0.000000 J-9.631659 F800.000000
G03 X57.357422 Y40.376950 Z-0.200000 I1.698620 J-6.121801
G03 X55.871988 Y39.024872 Z-0.200000 I3.659813 J-5.512792
G03 X54.396484 Y36.646480 Z-0.200000 I8.747294 J-7.073518
G01 X54.396484 Y36.644480 Z-0.200000
G01 X54.394484 Y36.642480 Z-0.200000
G03 X53.584707 Y34.056269 Z-0.200000 I10.004697 J-4.552483
G03 X53.205031 Y29.845600 Z-0.200000 I23.158635 J-4.210669
G03 X54.031090 Y24.333432 Z-0.200000 I18.803957 J0.000000
G03 X55.820265 Y21.021380 Z-0.200000 I9.158155 J2.807964
G03 X58.267069 Y19.179599 Z-0.200000 I5.150108 J4.295732
G03 X61.765578 Y18.443260 Z-0.200000 I3.498509 J7.942928
G03 X65.214752 Y19.179556 Z-0.200000 I0.000000 J8.446964
G03 X67.669875 Y21.048730 Z-0.200000 I-2.762342 J6.175246
G02 X67.671823 Y21.050732 Z-0.200000 I1.076056 J-1.045253
G02 X67.673775 Y21.052730 Z-0.200000 I1.074108 J-1.047255
G03 X69.454312 Y24.359459 Z-0.200000 I-7.290743 J6.058502
G03 X70.291016 Y30.000000 Z-0.200000 I-18.594170 J5.640541
G03 X69.479526 Y35.603318 Z-0.200000 I-19.751138 J-0.000000
G03 X67.826172 Y38.707030 Z-0.200000 I-8.411316 J-2.488498
G02 X67.825171 Y38.709029 Z-0.200000 I1.340773 J0.672887
G02 X67.824172 Y38.711030 Z-0.200000 I1.341775 J0.670888
G03 X65.132604 Y40.802570 Z-0.200000 I-5.976141 J-4.912960
G03 X61.748000 Y41.556730 Z-0.200000 I-3.384604 J-7.217821
G01 X61.748047 Y41.556640 Z-0.200000
G00 Z5.000000

(End cutting path id: path306261)


(Start cutting path id: path350874)
(Change tool to Default tool)

G00 Z5.000000
G00 X61.748047 Y41.796880

G01 Z-0.200000 F100.0(Penetrate)
G03 X59.113085 Y41.439406 Z-0.200000 I0.000000 J-9.889964 F800.000000
G03 X57.224609 Y40.578120 Z-0.200000 I1.755001 J-6.349058
G03 X55.680924 Y39.171333 Z-0.200000 I3.790596 J-5.709815
G03 X54.177734 Y36.744140 Z-0.200000 I8.961613 J-7.229104
G03 X53.347305 Y34.092133 Z-0.200000 I10.239734 J-4.662413
G03 X52.964844 Y29.845700 Z-0.200000 I23.382690 J-4.246433
G03 X53.798985 Y24.270075 Z-0.200000 I19.051562 J0.000000
G03 X55.636719 Y20.867190 Z-0.200000 I9.392122 J2.874553
G03 X58.171956 Y18.959350 Z-0.200000 I5.336165 J4.452576
G03 X61.765625 Y18.203120 Z-0.200000 I3.593669 J8.160593
G03 X65.312124 Y18.960170 Z-0.200000 I-0.000000 J8.685545
G03 X67.855469 Y20.896480 Z-0.200000 I-2.861454 J6.397020
G02 X67.856467 Y20.898481 Z-0.200000 I1.128089 J-0.561545
G02 X67.857469 Y20.900480 Z-0.200000 I1.127091 J-0.563545
G03 X69.685787 Y24.298980 Z-0.200000 I-7.478395 J6.214258
G03 X70.529344 Y30.000090 Z-0.200000 I-18.843452 J5.701110
G03 X69.713067 Y35.661004 Z-0.200000 I-20.037473 J-0.000000
G03 X68.011766 Y38.859470 Z-0.200000 I-8.642486 J-2.545334
G02 X68.010764 Y38.861469 Z-0.200000 I1.126089 J0.565545
G02 X68.009766 Y38.863470 Z-0.200000 I1.127091 J0.563545
G03 X65.234564 Y41.020111 Z-0.200000 I-6.162630 J-5.066269
G03 X61.748047 Y41.797070 Z-0.200000 I-3.486517 J-7.434194
G01 X61.748047 Y41.796880 Z-0.200000
G00 Z5.000000

(End cutting path id: path350874)


(Start cutting path id: path306259)
(Change tool to Default tool)

G00 Z5.000000
G00 X61.748047 Y41.796880

G01 Z-0.200000 F100.0(Penetrate)
G03 X59.113085 Y41.439406 Z-0.200000 I0.000000 J-9.889964 F800.000000
G03 X57.224609 Y40.578120 Z-0.200000 I1.755001 J-6.349058
G03 X55.680924 Y39.171333 Z-0.200000 I3.790596 J-5.709815
G03 X54.177734 Y36.744140 Z-0.200000 I8.961613 J-7.229104
G03 X53.347305 Y34.092133 Z-0.200000 I10.239734 J-4.662413
G03 X52.964844 Y29.845700 Z-0.200000 I23.382690 J-4.246433
G03 X53.798985 Y24.270075 Z-0.200000 I19.051562 J0.000000
G03 X55.636719 Y20.867190 Z-0.200000 I9.392122 J2.874553
G03 X58.171956 Y18.959350 Z-0.200000 I5.336165 J4.452576
G03 X61.765625 Y18.203120 Z-0.200000 I3.593669 J8.160593
G03 X65.312124 Y18.960170 Z-0.200000 I-0.000000 J8.685545
G03 X67.855469 Y20.896480 Z-0.200000 I-2.861454 J6.397020
G02 X67.856467 Y20.898481 Z-0.200000 I1.128089 J-0.561545
G02 X67.857469 Y20.900480 Z-0.200000 I1.127091 J-0.563545
G03 X69.685787 Y24.298980 Z-0.200000 I-7.478395 J6.214258
G03 X70.529344 Y30.000090 Z-0.200000 I-18.843452 J5.701110
G03 X69.713067 Y35.661004 Z-0.200000 I-20.037473 J-0.000000
G03 X68.011766 Y38.859470 Z-0.200000 I-8.642486 J-2.545334
G02 X68.010764 Y38.861469 Z-0.200000 I1.126089 J0.565545
G02 X68.009766 Y38.863470 Z-0.200000 I1.127091 J0.563545
G03 X65.234564 Y41.020111 Z-0.200000 I-6.162630 J-5.066269
G03 X61.748047 Y41.797070 Z-0.200000 I-3.486517 J-7.434194
G01 X61.748047 Y41.796880 Z-0.200000
G00 Z5.000000

(End cutting path id: path306259)


(Start cutting path id: path350872)
(Change tool to Default tool)

G00 Z5.000000
G00 X61.748047 Y42.037110

G01 Z-0.200000 F100.0(Penetrate)
G03 X59.053408 Y41.671778 Z-0.200000 I-0.000000 J-10.120300 F800.000000
G03 X57.091797 Y40.777340 Z-0.200000 I1.820753 J-6.591380
G03 X55.489886 Y39.316861 Z-0.200000 I3.929021 J-5.918267
G03 X53.958984 Y36.843750 Z-0.200000 I9.148613 J-7.373545
G03 X53.108916 Y34.126316 Z-0.200000 I10.467277 J-4.766052
G03 X52.724609 Y29.845700 Z-0.200000 I23.647752 J-4.280616
G03 X53.566314 Y24.208460 Z-0.200000 I19.298299 J-0.000000
G03 X55.451172 Y20.714840 Z-0.200000 I9.634502 J2.942688
G03 X58.075802 Y18.739353 Z-0.200000 I5.523370 J4.607059
G03 X61.765625 Y17.962890 Z-0.200000 I3.689823 J8.378961
G03 X65.409310 Y18.740624 Z-0.200000 I-0.000000 J8.924196
G03 X68.041016 Y20.744140 Z-0.200000 I-2.960417 J6.618828
G02 X68.042015 Y20.745141 Z-0.200000 I0.722320 J-0.720320
G02 X68.043016 Y20.746140 Z-0.200000 I0.721321 J-0.721321
G03 X69.919317 Y24.237270 Z-0.200000 I-7.664942 J6.369281
G03 X70.769578 Y30.000050 Z-0.200000 I-19.103959 J5.762780
G03 X69.947499 Y35.719719 Z-0.200000 I-20.308529 J0.000000
G03 X68.197313 Y39.013720 Z-0.200000 I-8.881058 J-2.606771
G02 X68.196312 Y39.014719 Z-0.200000 I0.720320 J0.722320
G02 X68.195313 Y39.015720 Z-0.200000 I0.721321 J0.721321
G03 X65.336456 Y41.237468 Z-0.200000 I-6.349045 J-5.219491
G03 X61.748048 Y42.037210 Z-0.200000 I-3.588408 J-7.650650
G01 X61.748047 Y42.037110 Z-0.200000
G00 Z5.000000

(End cutting path id: path350872)


(Start cutting path id: path306257)
(Change tool to Default tool)

G00 Z5.000000
G00 X61.748047 Y42.037110

G01 Z-0.200000 F100.0(Penetrate)
G03 X59.053408 Y41.671778 Z-0.200000 I-0.000000 J-10.120300 F800.000000
G03 X57.091797 Y40.777340 Z-0.200000 I1.820753 J-6.591380
G03 X55.489886 Y39.316861 Z-0.200000 I3.929021 J-5.918267
G03 X53.958984 Y36.843750 Z-0.200000 I9.148613 J-7.373545
G03 X53.108916 Y34.126316 Z-0.200000 I10.467277 J-4.766052
G03 X52.724609 Y29.845700 Z-0.200000 I23.647752 J-4.280616
G03 X53.566314 Y24.208460 Z-0.200000 I19.298299 J-0.000000
G03 X55.451172 Y20.714840 Z-0.200000 I9.634502 J2.942688
G03 X58.075802 Y18.739353 Z-0.200000 I5.523370 J4.607059
G03 X61.765625 Y17.962890 Z-0.200000 I3.689823 J8.378961
G03 X65.409310 Y18.740624 Z-0.200000 I-0.000000 J8.924196
G03 X68.041016 Y20.744140 Z-0.200000 I-2.960417 J6.618828
G02 X68.042015 Y20.745141 Z-0.200000 I0.722320 J-0.720320
G02 X68.043016 Y20.746140 Z-0.200000 I0.721321 J-0.721321
G03 X69.919317 Y24.237270 Z-0.200000 I-7.664942 J6.369281
G03 X70.769578 Y30.000050 Z-0.200000 I-19.103959 J5.762780
G03 X69.947499 Y35.719719 Z-0.200000 I-20.308529 J0.000000
G03 X68.197313 Y39.013720 Z-0.200000 I-8.881058 J-2.606771
G02 X68.196312 Y39.014719 Z-0.200000 I0.720320 J0.722320
G02 X68.195313 Y39.015720 Z-0.200000 I0.721321 J0.721321
G03 X65.336456 Y41.237468 Z-0.200000 I-6.349045 J-5.219491
G03 X61.748048 Y42.037210 Z-0.200000 I-3.588408 J-7.650650
G01 X61.748047 Y42.037110 Z-0.200000
G00 Z5.000000

(End cutting path id: path306257)


(Start cutting path id: path350870)
(Change tool to Default tool)

G00 Z5.000000
G00 X61.748047 Y42.277340

G01 Z-0.200000 F100.0(Penetrate)
G03 X58.993812 Y41.904171 Z-0.200000 I0.000000 J-10.350623 F800.000000
G03 X56.958984 Y40.976560 Z-0.200000 I1.886421 J-6.833724
G03 X55.299771 Y39.462829 Z-0.200000 I4.062087 J-6.118691
G03 X53.742188 Y36.945310 Z-0.200000 I9.348868 J-7.524717
G03 X52.872301 Y34.161941 Z-0.200000 I10.681841 J-4.866015
G03 X52.486328 Y29.845700 Z-0.200000 I23.940724 J-4.316241
G03 X53.335123 Y24.145397 Z-0.200000 I19.565329 J0.000000
G03 X55.267578 Y20.560550 Z-0.200000 I9.864637 J3.004371
G03 X57.980949 Y18.518689 Z-0.200000 I5.707259 J4.760423
G03 X61.765625 Y17.722660 Z-0.200000 I3.784676 J8.599000
G03 X65.506364 Y18.521015 Z-0.200000 I-0.000000 J9.162906
G03 X68.226562 Y20.591800 Z-0.200000 I-3.059234 J6.840659
G02 X68.226561 Y20.592800 Z-0.200000 I0.780077 J0.001000
G02 X68.226562 Y20.593800 Z-0.200000 I0.780078 J-0.000000
G03 X70.151552 Y24.176895 Z-0.200000 I-7.859941 J6.531332
G03 X71.009766 Y30.000050 Z-0.200000 I-19.326525 J5.823155
G03 X70.180608 Y35.777158 Z-0.200000 I-20.540401 J-0.000000
G03 X68.380859 Y39.166070 Z-0.200000 I-9.128188 J-2.675353
G02 X68.380858 Y39.167070 Z-0.200000 I0.780077 J0.001000
G02 X68.380859 Y39.168070 Z-0.200000 I0.780078 J0.000000
G03 X65.438336 Y41.454921 Z-0.200000 I-6.535494 J-5.372792
G03 X61.748047 Y42.277440 Z-0.200000 I-3.690289 J-7.867111
G01 X61.748047 Y42.277340 Z-0.200000
G00 Z5.000000

(End cutting path id: path350870)


(Start cutting path id: path306255)
(Change tool to Default tool)

G00 Z5.000000
G00 X61.748047 Y42.277340

G01 Z-0.200000 F100.0(Penetrate)
G03 X58.993812 Y41.904171 Z-0.200000 I0.000000 J-10.350623 F800.000000
G03 X56.958984 Y40.976560 Z-0.200000 I1.886421 J-6.833724
G03 X55.299771 Y39.462829 Z-0.200000 I4.062087 J-6.118691
G03 X53.742188 Y36.945310 Z-0.200000 I9.348868 J-7.524717
G03 X52.872301 Y34.161941 Z-0.200000 I10.681841 J-4.866015
G03 X52.486328 Y29.845700 Z-0.200000 I23.940724 J-4.316241
G03 X53.335123 Y24.145397 Z-0.200000 I19.565329 J0.000000
G03 X55.267578 Y20.560550 Z-0.200000 I9.864637 J3.004371
G03 X57.980949 Y18.518689 Z-0.200000 I5.707259 J4.760423
G03 X61.765625 Y17.722660 Z-0.200000 I3.784676 J8.599000
G03 X65.506364 Y18.521015 Z-0.200000 I-0.000000 J9.162906
G03 X68.226562 Y20.591800 Z-0.200000 I-3.059234 J6.840659
G02 X68.226561 Y20.592800 Z-0.200000 I0.780077 J0.001000
G02 X68.226562 Y20.593800 Z-0.200000 I0.780078 J-0.000000
G03 X70.151552 Y24.176895 Z-0.200000 I-7.859941 J6.531332
G03 X71.009766 Y30.000050 Z-0.200000 I-19.326525 J5.823155
G03 X70.180608 Y35.777158 Z-0.200000 I-20.540401 J-0.000000
G03 X68.380859 Y39.166070 Z-0.200000 I-9.128188 J-2.675353
G02 X68.380858 Y39.167070 Z-0.200000 I0.780077 J0.001000
G02 X68.380859 Y39.168070 Z-0.200000 I0.780078 J0.000000
G03 X65.438336 Y41.454921 Z-0.200000 I-6.535494 J-5.372792
G03 X61.748047 Y42.277440 Z-0.200000 I-3.690289 J-7.867111
G01 X61.748047 Y42.277340 Z-0.200000
G00 Z5.000000

(End cutting path id: path306255)


(Start cutting path id: path350868)
(Change tool to Default tool)

G00 Z5.000000
G00 X61.748047 Y42.517580

G01 Z-0.200000 F100.0(Penetrate)
G03 X58.935416 Y42.137493 Z-0.200000 I0.000000 J-10.596730 F800.000000
G03 X56.828125 Y41.177730 Z-0.200000 I1.944145 J-7.061940
G03 X55.109574 Y39.608926 Z-0.200000 I4.200347 J-6.326979
G03 X53.523438 Y37.042970 Z-0.200000 I9.546273 J-7.674205
G03 X52.634145 Y34.194717 Z-0.200000 I10.921068 J-4.972778
G03 X52.246094 Y29.845700 Z-0.200000 I24.176449 J-4.349017
G03 X53.102992 Y24.082358 Z-0.200000 I19.810058 J0.000000
G03 X55.083984 Y20.406250 Z-0.200000 I10.101446 J3.071682
G03 X57.886238 Y18.298121 Z-0.200000 I5.893267 J4.917164
G03 X61.765625 Y17.482420 Z-0.200000 I3.879387 J8.817119
G03 X65.602193 Y18.301527 Z-0.200000 I-0.000000 J9.394496
G03 X68.410156 Y20.439450 Z-0.200000 I-3.160198 J7.063587
G02 X68.411156 Y20.439451 Z-0.200000 I0.001000 J-0.540053
G02 X68.412156 Y20.439450 Z-0.200000 I-0.000000 J-0.540054
G03 X70.385105 Y24.115366 Z-0.200000 I-8.046488 J6.686158
G03 X71.250000 Y30.000000 Z-0.200000 I-19.586704 J5.884634
G03 X70.414897 Y35.834443 Z-0.200000 I-20.798708 J0.000000
G03 X68.566406 Y39.318360 Z-0.200000 I-9.366826 J-2.737492
G02 X68.565405 Y39.319359 Z-0.200000 I0.380875 J0.382875
G02 X68.564406 Y39.320360 Z-0.200000 I0.381876 J0.381876
G03 X65.539085 Y41.672156 Z-0.200000 I-6.723694 J-5.527511
G03 X61.748000 Y42.517630 Z-0.200000 I-3.791085 J-8.076828
G01 X61.748047 Y42.517580 Z-0.200000
G00 Z5.000000

(End cutting path id: path350868)


(Start cutting path id: path306253)
(Change tool to Default tool)

G00 Z5.000000
G00 X61.748047 Y42.517580

G01 Z-0.200000 F100.0(Penetrate)
G03 X58.935416 Y42.137493 Z-0.200000 I0.000000 J-10.596730 F800.000000
G03 X56.828125 Y41.177730 Z-0.200000 I1.944145 J-7.061940
G03 X55.109574 Y39.608926 Z-0.200000 I4.200347 J-6.326979
G03 X53.523438 Y37.042970 Z-0.200000 I9.546273 J-7.674205
G03 X52.634145 Y34.194717 Z-0.200000 I10.921068 J-4.972778
G03 X52.246094 Y29.845700 Z-0.200000 I24.176449 J-4.349017
G03 X53.102992 Y24.082358 Z-0.200000 I19.810058 J0.000000
G03 X55.083984 Y20.406250 Z-0.200000 I10.101446 J3.071682
G03 X57.886238 Y18.298121 Z-0.200000 I5.893267 J4.917164
G03 X61.765625 Y17.482420 Z-0.200000 I3.879387 J8.817119
G03 X65.602193 Y18.301527 Z-0.200000 I-0.000000 J9.394496
G03 X68.410156 Y20.439450 Z-0.200000 I-3.160198 J7.063587
G02 X68.411156 Y20.439451 Z-0.200000 I0.001000 J-0.540053
G02 X68.412156 Y20.439450 Z-0.200000 I-0.000000 J-0.540054
G03 X70.385105 Y24.115366 Z-0.200000 I-8.046488 J6.686158
G03 X71.250000 Y30.000000 Z-0.200000 I-19.586704 J5.884634
G03 X70.414897 Y35.834443 Z-0.200000 I-20.798708 J0.000000
G03 X68.566406 Y39.318360 Z-0.200000 I-9.366826 J-2.737492
G02 X68.565405 Y39.319359 Z-0.200000 I0.380875 J0.382875
G02 X68.564406 Y39.320360 Z-0.200000 I0.381876 J0.381876
G03 X65.539085 Y41.672156 Z-0.200000 I-6.723694 J-5.527511
G03 X61.748000 Y42.517630 Z-0.200000 I-3.791085 J-8.076828
G01 X61.748047 Y42.517580 Z-0.200000
G00 Z5.000000

(End cutting path id: path306253)


(Start cutting path id: path350866)
(Change tool to Default tool)

G00 Z5.000000
G00 X61.748047 Y42.757810

G01 Z-0.200000 F100.0(Penetrate)
G03 X58.875955 Y42.369913 Z-0.200000 I0.000000 J-10.826813 F800.000000
G03 X56.695312 Y41.376950 Z-0.200000 I2.009677 J-7.304378
G03 X54.918511 Y39.755080 Z-0.200000 I4.343503 J-6.542624
G03 X53.304688 Y37.144530 Z-0.200000 I9.709278 J-7.806306
G03 X52.395604 Y34.230310 Z-0.200000 I11.135069 J-5.072463
G03 X52.005859 Y29.845700 Z-0.200000 I24.468470 J-4.384610
G03 X52.870209 Y24.020910 Z-0.200000 I20.058580 J0.000000
G03 X54.898438 Y20.253910 Z-0.200000 I10.340384 J3.137952
G03 X57.790469 Y18.077960 Z-0.200000 I6.080679 J5.071903
G03 X61.765625 Y17.242190 Z-0.200000 I3.975156 J9.035599
G03 X65.698981 Y18.080868 Z-0.200000 I0.000000 J9.642957
G03 X68.595703 Y20.285160 Z-0.200000 I-3.251854 J7.278830
G02 X68.595701 Y20.286160 Z-0.200000 I0.300028 J0.001000
G02 X68.595703 Y20.287160 Z-0.200000 I0.300030 J0.000000
G03 X70.617411 Y24.055229 Z-0.200000 I-8.241084 J6.848042
G03 X71.490234 Y30.000050 Z-0.200000 I-19.808767 J5.944821
G03 X70.649334 Y35.892947 Z-0.200000 I-21.068697 J0.000000
G03 X68.751953 Y39.472710 Z-0.200000 I-9.604889 J-2.798160
G02 X68.750953 Y39.472708 Z-0.200000 I-0.001000 J0.300028
G02 X68.749953 Y39.472710 Z-0.200000 I-0.000000 J0.300030
G03 X65.640937 Y41.889623 Z-0.200000 I-6.910147 J-5.680816
G03 X61.748000 Y42.757860 Z-0.200000 I-3.892937 J-8.293307
G01 X61.748047 Y42.757810 Z-0.200000
G00 Z5.000000

(End cutting path id: path350866)


(Start cutting path id: path306251)
(Change tool to Default tool)

G00 Z5.000000
G00 X61.748047 Y42.757810

G01 Z-0.200000 F100.0(Penetrate)
G03 X58.875955 Y42.369913 Z-0.200000 I0.000000 J-10.826813 F800.000000
G03 X56.695312 Y41.376950 Z-0.200000 I2.009677 J-7.304378
G03 X54.918511 Y39.755080 Z-0.200000 I4.343503 J-6.542624
G03 X53.304688 Y37.144530 Z-0.200000 I9.709278 J-7.806306
G03 X52.395604 Y34.230310 Z-0.200000 I11.135069 J-5.072463
G03 X52.005859 Y29.845700 Z-0.200000 I24.468470 J-4.384610
G03 X52.870209 Y24.020910 Z-0.200000 I20.058580 J0.000000
G03 X54.898438 Y20.253910 Z-0.200000 I10.340384 J3.137952
G03 X57.790469 Y18.077960 Z-0.200000 I6.080679 J5.071903
G03 X61.765625 Y17.242190 Z-0.200000 I3.975156 J9.035599
G03 X65.698981 Y18.080868 Z-0.200000 I0.000000 J9.642957
G03 X68.595703 Y20.285160 Z-0.200000 I-3.251854 J7.278830
G02 X68.595701 Y20.286160 Z-0.200000 I0.300028 J0.001000
G02 X68.595703 Y20.287160 Z-0.200000 I0.300030 J0.000000
G03 X70.617411 Y24.055229 Z-0.200000 I-8.241084 J6.848042
G03 X71.490234 Y30.000050 Z-0.200000 I-19.808767 J5.944821
G03 X70.649334 Y35.892947 Z-0.200000 I-21.068697 J0.000000
G03 X68.751953 Y39.472710 Z-0.200000 I-9.604889 J-2.798160
G02 X68.750953 Y39.472708 Z-0.200000 I-0.001000 J0.300028
G02 X68.749953 Y39.472710 Z-0.200000 I-0.000000 J0.300030
G03 X65.640937 Y41.889623 Z-0.200000 I-6.910147 J-5.680816
G03 X61.748000 Y42.757860 Z-0.200000 I-3.892937 J-8.293307
G01 X61.748047 Y42.757810 Z-0.200000
G00 Z5.000000

(End cutting path id: path306251)


(Start cutting path id: path350882)
(Change tool to Default tool)

G00 Z5.000000
G00 X63.650391 Y40.462890

G01 Z-0.200000 F100.0(Penetrate)
G03 X64.308087 Y40.334042 Z-0.200000 I1.127862 J4.014088 F800.000000
G02 X64.943359 Y40.148440 Z-0.200000 I-0.218968 J-1.929469
G03 X64.320987 Y40.336308 Z-0.200000 I-0.873422 J-1.768654
G02 X63.650391 Y40.462890 Z-0.200000 I0.737122 J5.744655
G01 X63.650391 Y40.462890 Z-0.200000
G00 Z5.000000

(End cutting path id: path350882)


(Start cutting path id: path306267)
(Change tool to Default tool)

G00 Z5.000000
G00 X63.650391 Y40.462890

G01 Z-0.200000 F100.0(Penetrate)
G03 X64.308087 Y40.334042 Z-0.200000 I1.127862 J4.014088 F800.000000
G02 X64.943359 Y40.148440 Z-0.200000 I-0.218968 J-1.929469
G03 X64.320987 Y40.336308 Z-0.200000 I-0.873422 J-1.768654
G02 X63.650391 Y40.462890 Z-0.200000 I0.737122 J5.744655
G01 X63.650391 Y40.462890 Z-0.200000
G00 Z5.000000

(End cutting path id: path306267)


(Start cutting path id: path350882)
(Change tool to Default tool)

G00 Z5.000000
G00 X67.654297 Y37.933590

G01 Z-0.200000 F100.0(Penetrate)
G01 X67.655276 Y37.930601 Z-0.200000 F800.000000
G01 X67.656297 Y37.927590 Z-0.200000
G01 X67.659187 Y37.925596 Z-0.200000
G01 X67.662197 Y37.923590 Z-0.200000
G01 X67.654297 Y37.933590 Z-0.200000
G00 Z5.000000

(End cutting path id: path350882)


(Start cutting path id: path306267)
(Change tool to Default tool)

G00 Z5.000000
G00 X67.654297 Y37.933590

G01 Z-0.200000 F100.0(Penetrate)
G01 X67.655276 Y37.930601 Z-0.200000 F800.000000
G01 X67.656297 Y37.927590 Z-0.200000
G01 X67.659187 Y37.925596 Z-0.200000
G01 X67.662197 Y37.923590 Z-0.200000
G01 X67.654297 Y37.933590 Z-0.200000
G00 Z5.000000

(End cutting path id: path306267)


(Start cutting path id: path350884)
(Change tool to Default tool)

G00 Z5.000000
G00 X67.845703 Y38.078120

G01 Z-0.200000 F100.0(Penetrate)
G01 X67.846679 Y38.075132 Z-0.200000 F800.000000
G01 X67.847703 Y38.072120 Z-0.200000
G01 X67.850593 Y38.070126 Z-0.200000
G01 X67.853603 Y38.068120 Z-0.200000
G01 X67.845703 Y38.078120 Z-0.200000
G00 Z5.000000

(End cutting path id: path350884)


(Start cutting path id: path306269)
(Change tool to Default tool)

G00 Z5.000000
G00 X67.845703 Y38.078120

G01 Z-0.200000 F100.0(Penetrate)
G01 X67.846679 Y38.075132 Z-0.200000 F800.000000
G01 X67.847703 Y38.072120 Z-0.200000
G01 X67.850593 Y38.070126 Z-0.200000
G01 X67.853603 Y38.068120 Z-0.200000
G01 X67.845703 Y38.078120 Z-0.200000
G00 Z5.000000

(End cutting path id: path306269)


(Start cutting path id: path350886)
(Change tool to Default tool)

G00 Z5.000000
G00 X68.037109 Y38.222660

G01 Z-0.200000 F100.0(Penetrate)
G01 X68.038082 Y38.219673 Z-0.200000 F800.000000
G01 X68.039109 Y38.216660 Z-0.200000
G01 X68.043009 Y38.213660 Z-0.200000
G01 X68.046909 Y38.210660 Z-0.200000
G01 X68.037109 Y38.222660 Z-0.200000
G00 Z5.000000

(End cutting path id: path350886)


(Start cutting path id: path306271)
(Change tool to Default tool)

G00 Z5.000000
G00 X68.037109 Y38.222660

G01 Z-0.200000 F100.0(Penetrate)
G01 X68.038082 Y38.219673 Z-0.200000 F800.000000
G01 X68.039109 Y38.216660 Z-0.200000
G01 X68.043009 Y38.213660 Z-0.200000
G01 X68.046909 Y38.210660 Z-0.200000
G01 X68.037109 Y38.222660 Z-0.200000
G00 Z5.000000

(End cutting path id: path306271)


(Start cutting path id: path350888)
(Change tool to Default tool)

G00 Z5.000000
G00 X68.228516 Y38.367190

G01 Z-0.200000 F100.0(Penetrate)
G01 X68.229486 Y38.364205 Z-0.200000 F800.000000
G01 X68.230516 Y38.361190 Z-0.200000
G01 X68.234416 Y38.358190 Z-0.200000
G01 X68.238316 Y38.355190 Z-0.200000
G01 X68.228516 Y38.367190 Z-0.200000
G00 Z5.000000

(End cutting path id: path350888)


(Start cutting path id: path306273)
(Change tool to Default tool)

G00 Z5.000000
G00 X68.228516 Y38.367190

G01 Z-0.200000 F100.0(Penetrate)
G01 X68.229486 Y38.364205 Z-0.200000 F800.000000
G01 X68.230516 Y38.361190 Z-0.200000
G01 X68.234416 Y38.358190 Z-0.200000
G01 X68.238316 Y38.355190 Z-0.200000
G01 X68.228516 Y38.367190 Z-0.200000
G00 Z5.000000

(End cutting path id: path306273)


(Start cutting path id: path350890)
(Change tool to Default tool)

G00 Z5.000000
G00 X68.277344 Y38.402340

G01 Z-0.200000 F100.0(Penetrate)
G01 X68.278313 Y38.399355 Z-0.200000 F800.000000
G01 X68.279344 Y38.396340 Z-0.200000
G01 X68.283299 Y38.393334 Z-0.200000
G01 X68.287144 Y38.390340 Z-0.200000
G01 X68.277344 Y38.402340 Z-0.200000
G00 Z5.000000

(End cutting path id: path350890)


(Start cutting path id: path306275)
(Change tool to Default tool)

G00 Z5.000000
G00 X68.419922 Y38.511720

G01 Z-0.200000 F100.0(Penetrate)
G01 X68.420890 Y38.508736 Z-0.200000 F800.000000
G01 X68.421922 Y38.505720 Z-0.200000
G01 X68.426540 Y38.502226 Z-0.200000
G01 X68.431722 Y38.497720 Z-0.200000
G01 X68.419922 Y38.511720 Z-0.200000
G00 Z5.000000

(End cutting path id: path306275)


(Start cutting path id: path306277)
(Change tool to Default tool)

G00 Z5.000000
G00 X68.437500 Y38.523440

G01 Z-0.200000 F100.0(Penetrate)
G01 X68.439450 Y38.518440 Z-0.200000 F800.000000
G01 X68.441400 Y38.513440 Z-0.200000
G01 X68.444350 Y38.511440 Z-0.200000
G01 X68.447300 Y38.509440 Z-0.200000
G01 X68.437500 Y38.523440 Z-0.200000
G00 Z5.000000

(End cutting path id: path306277)


(Start cutting path id: path306247)
(Change tool to Default tool)

G00 Z5.000000
G00 X81.608700 Y42.626000

G01 Z-0.200000 F100.0(Penetrate)
G01 X81.608700 Y38.354000 Z-0.200000 F800.000000
G01 X87.758200 Y38.354000 Z-0.200000
G01 X87.758200 Y17.374000 Z-0.200000
G01 X87.758200 Y17.374000 Z-0.200000
G01 X91.926800 Y17.374000 Z-0.200000
G01 X91.926800 Y38.354000 Z-0.200000
G01 X98.059000 Y38.354000 Z-0.200000
G01 X98.059000 Y42.626000 Z-0.200000
G01 X81.608700 Y42.626000 Z-0.200000
G00 Z5.000000

(End cutting path id: path306247)


(Start cutting path id: path306245)
(Change tool to Default tool)

G00 Z5.000000
G00 X81.608700 Y42.626000

G01 Z-0.200000 F100.0(Penetrate)
G01 X81.608700 Y38.354000 Z-0.200000 F800.000000
G01 X87.758200 Y38.354000 Z-0.200000
G01 X87.758200 Y17.374000 Z-0.200000
G01 X87.758200 Y17.374000 Z-0.200000
G01 X91.926800 Y17.374000 Z-0.200000
G01 X91.926800 Y38.354000 Z-0.200000
G01 X98.059000 Y38.354000 Z-0.200000
G01 X98.059000 Y42.626000 Z-0.200000
G01 X81.608700 Y42.626000 Z-0.200000
G00 Z5.000000

(End cutting path id: path306245)


(Start cutting path id: path350838)
(Change tool to Default tool)

G00 Z5.000000
G00 X81.908203 Y42.326170

G01 Z-0.200000 F100.0(Penetrate)
G01 X81.908203 Y38.654300 Z-0.200000 F800.000000
G01 X87.757812 Y38.654300 Z-0.200000
G02 X87.873033 Y38.631607 Z-0.200000 I0.000753 J-0.300029
G02 X87.970717 Y38.566425 Z-0.200000 I-0.114468 J-0.277336
G02 X88.035900 Y38.468741 Z-0.200000 I-0.212153 J-0.212154
G02 X88.058594 Y38.353520 Z-0.200000 I-0.277335 J-0.114470
G01 X88.058594 Y17.673830 Z-0.200000
G01 X91.626953 Y17.673830 Z-0.200000
G01 X91.626953 Y38.353520 Z-0.200000
G02 X91.649647 Y38.468741 Z-0.200000 I0.300029 J0.000751
G02 X91.714829 Y38.566425 Z-0.200000 I0.277335 J-0.114470
G02 X91.812513 Y38.631606 Z-0.200000 I0.212153 J-0.212154
G02 X91.927734 Y38.654300 Z-0.200000 I0.114469 J-0.277335
G01 X97.759766 Y38.654300 Z-0.200000
G01 X97.759766 Y42.326170 Z-0.200000
G01 X81.908203 Y42.326170 Z-0.200000
G00 Z5.000000

(End cutting path id: path350838)


(Start cutting path id: path306221)
(Change tool to Default tool)

G00 Z5.000000
G00 X81.908203 Y42.326170

G01 Z-0.200000 F100.0(Penetrate)
G01 X81.908203 Y38.654300 Z-0.200000 F800.000000
G01 X87.757812 Y38.654300 Z-0.200000
G02 X87.873033 Y38.631607 Z-0.200000 I0.000753 J-0.300029
G02 X87.970717 Y38.566425 Z-0.200000 I-0.114468 J-0.277336
G02 X88.035900 Y38.468741 Z-0.200000 I-0.212153 J-0.212154
G02 X88.058594 Y38.353520 Z-0.200000 I-0.277335 J-0.114470
G01 X88.058594 Y17.673830 Z-0.200000
G01 X91.626953 Y17.673830 Z-0.200000
G01 X91.626953 Y38.353520 Z-0.200000
G02 X91.649647 Y38.468741 Z-0.200000 I0.300029 J0.000751
G02 X91.714829 Y38.566425 Z-0.200000 I0.277335 J-0.114470
G02 X91.812513 Y38.631606 Z-0.200000 I0.212153 J-0.212154
G02 X91.927734 Y38.654300 Z-0.200000 I0.114469 J-0.277335
G01 X97.759766 Y38.654300 Z-0.200000
G01 X97.759766 Y42.326170 Z-0.200000
G01 X81.908203 Y42.326170 Z-0.200000
G00 Z5.000000

(End cutting path id: path306221)


(Start cutting path id: path350840)
(Change tool to Default tool)

G00 Z5.000000
G00 X82.148438 Y42.085940

G01 Z-0.200000 F100.0(Penetrate)
G01 X82.148438 Y38.894530 Z-0.200000 F800.000000
G01 X87.757812 Y38.894530 Z-0.200000
G02 X87.964998 Y38.853606 Z-0.200000 I0.000963 J-0.540053
G02 X88.140649 Y38.736355 Z-0.200000 I-0.206223 J-0.499129
G02 X88.257902 Y38.560706 Z-0.200000 I-0.381874 J-0.381878
G02 X88.298828 Y38.353520 Z-0.200000 I-0.499127 J-0.206229
G01 X88.298828 Y17.914060 Z-0.200000
G01 X91.386719 Y17.914060 Z-0.200000
G01 X91.386719 Y38.353520 Z-0.200000
G02 X91.427645 Y38.560706 Z-0.200000 I0.540053 J0.000957
G02 X91.544898 Y38.736354 Z-0.200000 I0.499127 J-0.206229
G02 X91.720548 Y38.853606 Z-0.200000 I0.381874 J-0.381878
G02 X91.927734 Y38.894530 Z-0.200000 I0.206224 J-0.499129
G01 X97.519531 Y38.894530 Z-0.200000
G01 X97.519531 Y42.085940 Z-0.200000
G01 X82.148438 Y42.085940 Z-0.200000
G00 Z5.000000

(End cutting path id: path350840)


(Start cutting path id: path306223)
(Change tool to Default tool)

G00 Z5.000000
G00 X82.148438 Y42.085940

G01 Z-0.200000 F100.0(Penetrate)
G01 X82.148438 Y38.894530 Z-0.200000 F800.000000
G01 X87.757812 Y38.894530 Z-0.200000
G02 X87.964998 Y38.853606 Z-0.200000 I0.000963 J-0.540053
G02 X88.140649 Y38.736355 Z-0.200000 I-0.206223 J-0.499129
G02 X88.257902 Y38.560706 Z-0.200000 I-0.381874 J-0.381878
G02 X88.298828 Y38.353520 Z-0.200000 I-0.499127 J-0.206229
G01 X88.298828 Y17.914060 Z-0.200000
G01 X91.386719 Y17.914060 Z-0.200000
G01 X91.386719 Y38.353520 Z-0.200000
G02 X91.427645 Y38.560706 Z-0.200000 I0.540053 J0.000957
G02 X91.544898 Y38.736354 Z-0.200000 I0.499127 J-0.206229
G02 X91.720548 Y38.853606 Z-0.200000 I0.381874 J-0.381878
G02 X91.927734 Y38.894530 Z-0.200000 I0.206224 J-0.499129
G01 X97.519531 Y38.894530 Z-0.200000
G01 X97.519531 Y42.085940 Z-0.200000
G01 X82.148438 Y42.085940 Z-0.200000
G00 Z5.000000

(End cutting path id: path306223)


(Start cutting path id: path350842)
(Change tool to Default tool)

G00 Z5.000000
G00 X82.388672 Y41.845700

G01 Z-0.200000 F100.0(Penetrate)
G01 X82.388672 Y39.134770 Z-0.200000 F800.000000
G01 X87.757812 Y39.134770 Z-0.200000
G02 X88.056966 Y39.075615 Z-0.200000 I0.001173 J-0.780077
G02 X88.310583 Y38.906291 Z-0.200000 I-0.297981 J-0.720922
G02 X88.479907 Y38.652674 Z-0.200000 I-0.551598 J-0.551598
G02 X88.539062 Y38.353520 Z-0.200000 I-0.720922 J-0.297981
G01 X88.539062 Y18.154300 Z-0.200000
G01 X91.146484 Y18.154300 Z-0.200000
G01 X91.146484 Y38.353520 Z-0.200000
G02 X91.205639 Y38.652674 Z-0.200000 I0.780077 J0.001173
G02 X91.374963 Y38.906291 Z-0.200000 I0.720922 J-0.297981
G02 X91.628580 Y39.075615 Z-0.200000 I0.551598 J-0.551598
G02 X91.927734 Y39.134770 Z-0.200000 I0.297981 J-0.720922
G01 X97.279297 Y39.134770 Z-0.200000
G01 X97.279297 Y41.845700 Z-0.200000
G01 X82.388672 Y41.845700 Z-0.200000
G00 Z5.000000

(End cutting path id: path350842)


(Start cutting path id: path306225)
(Change tool to Default tool)

G00 Z5.000000
G00 X82.388672 Y41.845700

G01 Z-0.200000 F100.0(Penetrate)
G01 X82.388672 Y39.134770 Z-0.200000 F800.000000
G01 X87.757812 Y39.134770 Z-0.200000
G02 X88.056966 Y39.075615 Z-0.200000 I0.001173 J-0.780077
G02 X88.310583 Y38.906291 Z-0.200000 I-0.297981 J-0.720922
G02 X88.479907 Y38.652674 Z-0.200000 I-0.551598 J-0.551598
G02 X88.539062 Y38.353520 Z-0.200000 I-0.720922 J-0.297981
G01 X88.539062 Y18.154300 Z-0.200000
G01 X91.146484 Y18.154300 Z-0.200000
G01 X91.146484 Y38.353520 Z-0.200000
G02 X91.205639 Y38.652674 Z-0.200000 I0.780077 J0.001173
G02 X91.374963 Y38.906291 Z-0.200000 I0.720922 J-0.297981
G02 X91.628580 Y39.075615 Z-0.200000 I0.551598 J-0.551598
G02 X91.927734 Y39.134770 Z-0.200000 I0.297981 J-0.720922
G01 X97.279297 Y39.134770 Z-0.200000
G01 X97.279297 Y41.845700 Z-0.200000
G01 X82.388672 Y41.845700 Z-0.200000
G00 Z5.000000

(End cutting path id: path306225)


(Start cutting path id: path350844)
(Change tool to Default tool)

G00 Z5.000000
G00 X82.628906 Y41.605470

G01 Z-0.200000 F100.0(Penetrate)
G01 X82.628906 Y39.373050 Z-0.200000 F800.000000
G01 X87.757812 Y39.373050 Z-0.200000
G02 X88.478562 Y39.074270 Z-0.200000 I-0.000570 J-1.020102
G02 X88.777344 Y38.353520 Z-0.200000 I-0.721320 J-0.721322
G01 X88.777344 Y18.394530 Z-0.200000
G01 X90.906250 Y18.394530 Z-0.200000
G01 X90.906250 Y38.353520 Z-0.200000
G02 X90.984197 Y38.744040 Z-0.200000 I1.020102 J-0.000571
G02 X91.205722 Y39.074960 Z-0.200000 I0.942155 J-0.391091
G02 X91.537066 Y39.295851 Z-0.200000 I0.720630 J-0.722011
G02 X91.927734 Y39.373050 Z-0.200000 I0.389286 J-0.942902
G01 X97.039062 Y39.373050 Z-0.200000
G01 X97.039062 Y41.605470 Z-0.200000
G01 X82.628906 Y41.605470 Z-0.200000
G00 Z5.000000

(End cutting path id: path350844)


(Start cutting path id: path306227)
(Change tool to Default tool)

G00 Z5.000000
G00 X82.628906 Y41.605470

G01 Z-0.200000 F100.0(Penetrate)
G01 X82.628906 Y39.373050 Z-0.200000 F800.000000
G01 X87.757812 Y39.373050 Z-0.200000
G02 X88.478562 Y39.074270 Z-0.200000 I-0.000570 J-1.020102
G02 X88.777344 Y38.353520 Z-0.200000 I-0.721320 J-0.721322
G01 X88.777344 Y18.394530 Z-0.200000
G01 X90.906250 Y18.394530 Z-0.200000
G01 X90.906250 Y38.353520 Z-0.200000
G02 X90.984197 Y38.744040 Z-0.200000 I1.020102 J-0.000571
G02 X91.205722 Y39.074960 Z-0.200000 I0.942155 J-0.391091
G02 X91.537066 Y39.295851 Z-0.200000 I0.720630 J-0.722011
G02 X91.927734 Y39.373050 Z-0.200000 I0.389286 J-0.942902
G01 X97.039062 Y39.373050 Z-0.200000
G01 X97.039062 Y41.605470 Z-0.200000
G01 X82.628906 Y41.605470 Z-0.200000
G00 Z5.000000

(End cutting path id: path306227)


(Start cutting path id: path350846)
(Change tool to Default tool)

G00 Z5.000000
G00 X82.869141 Y41.365230

G01 Z-0.200000 F100.0(Penetrate)
G01 X82.869141 Y39.613280 Z-0.200000 F800.000000
G01 X87.757812 Y39.613280 Z-0.200000
G02 X88.648494 Y39.244200 Z-0.200000 I-0.000360 J-1.260126
G02 X89.017578 Y38.353520 Z-0.200000 I-0.891042 J-0.891046
G01 X89.017578 Y18.634770 Z-0.200000
G01 X90.666016 Y18.634770 Z-0.200000
G01 X90.666016 Y38.353520 Z-0.200000
G02 X90.762195 Y38.836005 Z-0.200000 I1.260126 J-0.000365
G02 X91.035790 Y39.244890 Z-0.200000 I1.163947 J-0.482850
G02 X91.445100 Y39.517851 Z-0.200000 I0.890351 J-0.891735
G02 X91.927734 Y39.613280 Z-0.200000 I0.481042 J-1.164696
G01 X96.798828 Y39.613280 Z-0.200000
G01 X96.798828 Y41.365230 Z-0.200000
G01 X82.869141 Y41.365230 Z-0.200000
G00 Z5.000000

(End cutting path id: path350846)


(Start cutting path id: path306229)
(Change tool to Default tool)

G00 Z5.000000
G00 X82.869141 Y41.365230

G01 Z-0.200000 F100.0(Penetrate)
G01 X82.869141 Y39.613280 Z-0.200000 F800.000000
G01 X87.757812 Y39.613280 Z-0.200000
G02 X88.648494 Y39.244200 Z-0.200000 I-0.000360 J-1.260126
G02 X89.017578 Y38.353520 Z-0.200000 I-0.891042 J-0.891046
G01 X89.017578 Y18.634770 Z-0.200000
G01 X90.666016 Y18.634770 Z-0.200000
G01 X90.666016 Y38.353520 Z-0.200000
G02 X90.762195 Y38.836005 Z-0.200000 I1.260126 J-0.000365
G02 X91.035790 Y39.244890 Z-0.200000 I1.163947 J-0.482850
G02 X91.445100 Y39.517851 Z-0.200000 I0.890351 J-0.891735
G02 X91.927734 Y39.613280 Z-0.200000 I0.481042 J-1.164696
G01 X96.798828 Y39.613280 Z-0.200000
G01 X96.798828 Y41.365230 Z-0.200000
G01 X82.869141 Y41.365230 Z-0.200000
G00 Z5.000000

(End cutting path id: path306229)


(Start cutting path id: path350848)
(Change tool to Default tool)

G00 Z5.000000
G00 X83.109375 Y41.126950

G01 Z-0.200000 F100.0(Penetrate)
G01 X83.109375 Y39.853520 Z-0.200000 F800.000000
G01 X87.757812 Y39.853520 Z-0.200000
G02 X88.818428 Y39.414136 Z-0.200000 I-0.000150 J-1.500150
G02 X89.257812 Y38.353520 Z-0.200000 I-1.060766 J-1.060766
G01 X89.257812 Y18.873050 Z-0.200000
G01 X90.427734 Y18.873050 Z-0.200000
G01 X90.427734 Y38.353520 Z-0.200000
G02 X90.867118 Y39.414136 Z-0.200000 I1.500150 J-0.000150
G02 X91.927734 Y39.853520 Z-0.200000 I1.060766 J-1.060766
G01 X96.558594 Y39.853520 Z-0.200000
G01 X96.558594 Y41.126950 Z-0.200000
G01 X83.109375 Y41.126950 Z-0.200000
G00 Z5.000000

(End cutting path id: path350848)


(Start cutting path id: path306231)
(Change tool to Default tool)

G00 Z5.000000
G00 X83.109375 Y41.126950

G01 Z-0.200000 F100.0(Penetrate)
G01 X83.109375 Y39.853520 Z-0.200000 F800.000000
G01 X87.757812 Y39.853520 Z-0.200000
G02 X88.818428 Y39.414136 Z-0.200000 I-0.000150 J-1.500150
G02 X89.257812 Y38.353520 Z-0.200000 I-1.060766 J-1.060766
G01 X89.257812 Y18.873050 Z-0.200000
G01 X90.427734 Y18.873050 Z-0.200000
G01 X90.427734 Y38.353520 Z-0.200000
G02 X90.867118 Y39.414136 Z-0.200000 I1.500150 J-0.000150
G02 X91.927734 Y39.853520 Z-0.200000 I1.060766 J-1.060766
G01 X96.558594 Y39.853520 Z-0.200000
G01 X96.558594 Y41.126950 Z-0.200000
G01 X83.109375 Y41.126950 Z-0.200000
G00 Z5.000000

(End cutting path id: path306231)


(Start cutting path id: path350850)
(Change tool to Default tool)

G00 Z5.000000
G00 X83.349609 Y40.886720

G01 Z-0.200000 F100.0(Penetrate)
G01 X83.349609 Y40.093750 Z-0.200000 F800.000000
G01 X87.757812 Y40.093750 Z-0.200000
G02 X88.423779 Y39.961299 Z-0.200000 I0.000061 J-1.740174
G02 X88.988360 Y39.584067 Z-0.200000 I-0.665906 J-1.607723
G02 X89.365594 Y39.019487 Z-0.200000 I-1.230487 J-1.230491
G02 X89.498047 Y38.353520 Z-0.200000 I-1.607721 J-0.665911
G01 X89.498047 Y19.113280 Z-0.200000
G01 X90.187500 Y19.113280 Z-0.200000
G01 X90.187500 Y38.353520 Z-0.200000
G02 X90.319953 Y39.019487 Z-0.200000 I1.740174 J0.000056
G02 X90.697187 Y39.584066 Z-0.200000 I1.607721 J-0.665911
G02 X91.261767 Y39.961299 Z-0.200000 I1.230487 J-1.230490
G02 X91.927734 Y40.093750 Z-0.200000 I0.665907 J-1.607723
G01 X96.318359 Y40.093750 Z-0.200000
G01 X96.318359 Y40.886720 Z-0.200000
G01 X83.349609 Y40.886720 Z-0.200000
G00 Z5.000000

(End cutting path id: path350850)


(Start cutting path id: path306233)
(Change tool to Default tool)

G00 Z5.000000
G00 X83.349609 Y40.886720

G01 Z-0.200000 F100.0(Penetrate)
G01 X83.349609 Y40.093750 Z-0.200000 F800.000000
G01 X87.757812 Y40.093750 Z-0.200000
G02 X88.423779 Y39.961299 Z-0.200000 I0.000061 J-1.740174
G02 X88.988360 Y39.584067 Z-0.200000 I-0.665906 J-1.607723
G02 X89.365594 Y39.019487 Z-0.200000 I-1.230487 J-1.230491
G02 X89.498047 Y38.353520 Z-0.200000 I-1.607721 J-0.665911
G01 X89.498047 Y19.113280 Z-0.200000
G01 X90.187500 Y19.113280 Z-0.200000
G01 X90.187500 Y38.353520 Z-0.200000
G02 X90.319953 Y39.019487 Z-0.200000 I1.740174 J0.000056
G02 X90.697187 Y39.584066 Z-0.200000 I1.607721 J-0.665911
G02 X91.261767 Y39.961299 Z-0.200000 I1.230487 J-1.230490
G02 X91.927734 Y40.093750 Z-0.200000 I0.665907 J-1.607723
G01 X96.318359 Y40.093750 Z-0.200000
G01 X96.318359 Y40.886720 Z-0.200000
G01 X83.349609 Y40.886720 Z-0.200000
G00 Z5.000000

(End cutting path id: path306233)


(Start cutting path id: path350852)
(Change tool to Default tool)

G00 Z5.000000
G00 X83.587891 Y40.646480

G01 Z-0.200000 F100.0(Penetrate)
G01 X83.587891 Y40.333980 Z-0.200000 F800.000000
G01 X87.757812 Y40.333980 Z-0.200000
G02 X88.515745 Y40.183299 Z-0.200000 I0.000271 J-1.980198
G02 X89.158291 Y39.753997 Z-0.200000 I-0.757662 J-1.829517
G02 X89.587597 Y39.111452 Z-0.200000 I-1.400208 J-1.400215
G02 X89.738281 Y38.353520 Z-0.200000 I-1.829514 J-0.757670
G01 X89.738281 Y19.353520 Z-0.200000
G01 X89.947266 Y19.353520 Z-0.200000
G01 X89.947266 Y38.353520 Z-0.200000
G02 X90.097950 Y39.111452 Z-0.200000 I1.980198 J0.000262
G02 X90.527255 Y39.753996 Z-0.200000 I1.829514 J-0.757670
G02 X91.169802 Y40.183299 Z-0.200000 I1.400209 J-1.400214
G02 X91.927734 Y40.333980 Z-0.200000 I0.757662 J-1.829517
G01 X96.078125 Y40.333980 Z-0.200000
G01 X96.078125 Y40.646480 Z-0.200000
G01 X83.587891 Y40.646480 Z-0.200000
G00 Z5.000000

(End cutting path id: path350852)


(Start cutting path id: path306235)
(Change tool to Default tool)

G00 Z5.000000
G00 X83.587891 Y40.646480

G01 Z-0.200000 F100.0(Penetrate)
G01 X83.587891 Y40.333980 Z-0.200000 F800.000000
G01 X87.757812 Y40.333980 Z-0.200000
G02 X88.515745 Y40.183299 Z-0.200000 I0.000271 J-1.980198
G02 X89.158291 Y39.753997 Z-0.200000 I-0.757662 J-1.829517
G02 X89.587597 Y39.111452 Z-0.200000 I-1.400208 J-1.400215
G02 X89.738281 Y38.353520 Z-0.200000 I-1.829514 J-0.757670
G01 X89.738281 Y19.353520 Z-0.200000
G01 X89.947266 Y19.353520 Z-0.200000
G01 X89.947266 Y38.353520 Z-0.200000
G02 X90.097950 Y39.111452 Z-0.200000 I1.980198 J0.000262
G02 X90.527255 Y39.753996 Z-0.200000 I1.829514 J-0.757670
G02 X91.169802 Y40.183299 Z-0.200000 I1.400209 J-1.400214
G02 X91.927734 Y40.333980 Z-0.200000 I0.757662 J-1.829517
G01 X96.078125 Y40.333980 Z-0.200000
G01 X96.078125 Y40.646480 Z-0.200000
G01 X83.587891 Y40.646480 Z-0.200000
G00 Z5.000000

(End cutting path id: path306235)


(Start cutting path id: path350854)
(Change tool to Default tool)

G00 Z5.000000
G00 X87.925781 Y40.406250

G01 Z-0.200000 F100.0(Penetrate)
G02 X89.211703 Y39.774202 Z-0.200000 I-0.284013 J-2.201982 F800.000000
G02 X89.843750 Y38.488280 Z-0.200000 I-1.569934 J-1.569934
G02 X90.475031 Y39.773659 Z-0.200000 I2.202015 J-0.283754
G02 X91.759766 Y40.406250 Z-0.200000 I1.570734 J-1.569134
G01 X87.925781 Y40.406250 Z-0.200000
G00 Z5.000000

(End cutting path id: path350854)


(Start cutting path id: path306237)
(Change tool to Default tool)

G00 Z5.000000
G00 X87.925781 Y40.406250

G01 Z-0.200000 F100.0(Penetrate)
G02 X89.211703 Y39.774202 Z-0.200000 I-0.284013 J-2.201982 F800.000000
G02 X89.843750 Y38.488280 Z-0.200000 I-1.569934 J-1.569934
G02 X90.475031 Y39.773659 Z-0.200000 I2.202015 J-0.283754
G02 X91.759766 Y40.406250 Z-0.200000 I1.570734 J-1.569134
G01 X87.925781 Y40.406250 Z-0.200000
G00 Z5.000000

(End cutting path id: path306237)


(Start cutting path id: path350856)
(Change tool to Default tool)

G00 Z5.000000
G00 X88.406250 Y40.166020

G01 Z-0.200000 F100.0(Penetrate)
G02 X89.280094 Y39.603550 Z-0.200000 I-0.864631 J-2.303307 F800.000000
G02 X89.843750 Y38.730470 Z-0.200000 I-1.738475 J-1.740837
G02 X90.406545 Y39.603223 Z-0.200000 I2.302453 J-0.866902
G02 X91.279297 Y40.166020 Z-0.200000 I1.739658 J-1.739655
G01 X88.406250 Y40.166020 Z-0.200000
G00 Z5.000000

(End cutting path id: path350856)


(Start cutting path id: path306239)
(Change tool to Default tool)

G00 Z5.000000
G00 X88.406250 Y40.166020

G01 Z-0.200000 F100.0(Penetrate)
G02 X89.280094 Y39.603550 Z-0.200000 I-0.864631 J-2.303307 F800.000000
G02 X89.843750 Y38.730470 Z-0.200000 I-1.738475 J-1.740837
G02 X90.406545 Y39.603223 Z-0.200000 I2.302453 J-0.866902
G02 X91.279297 Y40.166020 Z-0.200000 I1.739658 J-1.739655
G01 X88.406250 Y40.166020 Z-0.200000
G00 Z5.000000

(End cutting path id: path306239)


(Start cutting path id: path350858)
(Change tool to Default tool)

G00 Z5.000000
G00 X88.886719 Y39.925780

G01 Z-0.200000 F100.0(Penetrate)
G02 X89.426168 Y39.508198 Z-0.200000 I-1.369929 J-2.326962 F800.000000
G02 X89.843750 Y38.968750 Z-0.200000 I-1.909378 J-1.909380
G02 X90.260420 Y39.508010 Z-0.200000 I2.327997 J-1.368169
G02 X90.798828 Y39.925780 Z-0.200000 I1.911327 J-1.907429
G01 X88.886719 Y39.925780 Z-0.200000
G00 Z5.000000

(End cutting path id: path350858)


(Start cutting path id: path306241)
(Change tool to Default tool)

G00 Z5.000000
G00 X88.886719 Y39.925780

G01 Z-0.200000 F100.0(Penetrate)
G02 X89.426168 Y39.508198 Z-0.200000 I-1.369929 J-2.326962 F800.000000
G02 X89.843750 Y38.968750 Z-0.200000 I-1.909378 J-1.909380
G02 X90.260420 Y39.508010 Z-0.200000 I2.327997 J-1.368169
G02 X90.798828 Y39.925780 Z-0.200000 I1.911327 J-1.907429
G01 X88.886719 Y39.925780 Z-0.200000
G00 Z5.000000

(End cutting path id: path306241)


(Start cutting path id: path350860)
(Change tool to Default tool)

G00 Z5.000000
G00 X89.365234 Y39.685550

G01 Z-0.200000 F100.0(Penetrate)
G02 X89.617215 Y39.460965 Z-0.200000 I-1.827136 J-2.303672 F800.000000
G02 X89.841797 Y39.208980 Z-0.200000 I-2.079117 J-2.079087
G02 X90.066378 Y39.460965 Z-0.200000 I2.303700 J-1.827100
G02 X90.318359 Y39.685550 Z-0.200000 I2.079119 J-2.079084
G01 X89.365234 Y39.685550 Z-0.200000
G00 Z5.000000

(End cutting path id: path350860)


(Start cutting path id: path306243)
(Change tool to Default tool)

G00 Z5.000000
G00 X89.365234 Y39.685550

G01 Z-0.200000 F100.0(Penetrate)
G02 X89.617215 Y39.460965 Z-0.200000 I-1.827136 J-2.303672 F800.000000
G02 X89.841797 Y39.208980 Z-0.200000 I-2.079117 J-2.079087
G02 X90.066378 Y39.460965 Z-0.200000 I2.303700 J-1.827100
G02 X90.318359 Y39.685550 Z-0.200000 I2.079119 J-2.079084
G01 X89.365234 Y39.685550 Z-0.200000
G00 Z5.000000

(End cutting path id: path306243)


(Start cutting path id: path350862)
(Change tool to Default tool)

G00 Z5.000000
G00 X89.484375 Y39.626950

G01 Z-0.200000 F100.0(Penetrate)
G02 X89.671624 Y39.455842 Z-0.200000 I-1.928490 J-2.298418 F800.000000
G02 X89.843750 Y39.269530 Z-0.200000 I-2.115738 J-2.127311
G02 X90.014921 Y39.455780 Z-0.200000 I2.292697 J-1.935288
G02 X90.201172 Y39.626950 Z-0.200000 I2.121527 J-2.121538
G01 X89.484375 Y39.626950 Z-0.200000
G00 Z5.000000

(End cutting path id: path350862)


(Start cutting path id: path306217)
(Change tool to Default tool)

G00 Z5.000000
G00 X100.781000 Y42.626000

G01 Z-0.200000 F100.0(Penetrate)
G01 X100.781000 Y17.374000 Z-0.200000 F800.000000
G01 X100.781000 Y17.374000 Z-0.200000
G01 X116.525000 Y17.374000 Z-0.200000
G01 X116.525000 Y21.628000 Z-0.200000
G01 X104.949000 Y21.628000 Z-0.200000
G01 X104.949000 Y28.501000 Z-0.200000
G01 X115.353000 Y28.501000 Z-0.200000
G01 X115.353000 Y32.756000 Z-0.200000
G01 X104.949000 Y32.756000 Z-0.200000
G01 X104.949000 Y38.354000 Z-0.200000
G01 X116.146000 Y38.354000 Z-0.200000
G01 X116.146000 Y42.626000 Z-0.200000
G01 X100.781000 Y42.626000 Z-0.200000
G00 Z5.000000

(End cutting path id: path306217)


(Start cutting path id: path306215)
(Change tool to Default tool)

G00 Z5.000000
G00 X100.781000 Y42.626000

G01 Z-0.200000 F100.0(Penetrate)
G01 X100.781000 Y17.374000 Z-0.200000 F800.000000
G01 X100.781000 Y17.374000 Z-0.200000
G01 X116.525000 Y17.374000 Z-0.200000
G01 X116.525000 Y21.628000 Z-0.200000
G01 X104.949000 Y21.628000 Z-0.200000
G01 X104.949000 Y28.501000 Z-0.200000
G01 X115.353000 Y28.501000 Z-0.200000
G01 X115.353000 Y32.756000 Z-0.200000
G01 X104.949000 Y32.756000 Z-0.200000
G01 X104.949000 Y38.354000 Z-0.200000
G01 X116.146000 Y38.354000 Z-0.200000
G01 X116.146000 Y42.626000 Z-0.200000
G01 X100.781000 Y42.626000 Z-0.200000
G00 Z5.000000

(End cutting path id: path306215)


(Start cutting path id: path350810)
(Change tool to Default tool)

G00 Z5.000000
G00 X101.080080 Y42.326170

G01 Z-0.200000 F100.0(Penetrate)
G01 X101.080080 Y17.673830 Z-0.200000 F800.000000
G01 X116.224610 Y17.673830 Z-0.200000
G01 X116.224610 Y21.328120 Z-0.200000
G01 X104.949220 Y21.328120 Z-0.200000
G02 X104.833997 Y21.350815 Z-0.200000 I-0.000751 J0.300029
G02 X104.736312 Y21.415999 Z-0.200000 I0.114472 J0.277334
G02 X104.671131 Y21.513686 Z-0.200000 I0.212157 J0.212150
G02 X104.648440 Y21.628910 Z-0.200000 I0.277338 J0.114463
G01 X104.648440 Y28.501950 Z-0.200000
G02 X104.737005 Y28.713593 Z-0.200000 I0.300028 J-0.001199
G02 X104.949220 Y28.800780 Z-0.200000 I0.211462 J-0.212842
G01 X115.052730 Y28.800780 Z-0.200000
G01 X115.052730 Y32.455080 Z-0.200000
G01 X104.949220 Y32.455080 Z-0.200000
G02 X104.834000 Y32.477774 Z-0.200000 I-0.000751 J0.300029
G02 X104.736316 Y32.542956 Z-0.200000 I0.114470 J0.277335
G02 X104.671134 Y32.640640 Z-0.200000 I0.212153 J0.212153
G02 X104.648440 Y32.755860 Z-0.200000 I0.277335 J0.114470
G01 X104.648440 Y38.353520 Z-0.200000
G02 X104.671134 Y38.468740 Z-0.200000 I0.300029 J0.000751
G02 X104.736316 Y38.566424 Z-0.200000 I0.277335 J-0.114470
G02 X104.834000 Y38.631606 Z-0.200000 I0.212153 J-0.212153
G02 X104.949220 Y38.654300 Z-0.200000 I0.114470 J-0.277335
G01 X115.845700 Y38.654300 Z-0.200000
G01 X115.845700 Y42.326170 Z-0.200000
G01 X101.080080 Y42.326170 Z-0.200000
G00 Z5.000000

(End cutting path id: path350810)


(Start cutting path id: path306191)
(Change tool to Default tool)

G00 Z5.000000
G00 X101.080080 Y42.326170

G01 Z-0.200000 F100.0(Penetrate)
G01 X101.080080 Y17.673830 Z-0.200000 F800.000000
G01 X116.224610 Y17.673830 Z-0.200000
G01 X116.224610 Y21.328120 Z-0.200000
G01 X104.949220 Y21.328120 Z-0.200000
G02 X104.833997 Y21.350815 Z-0.200000 I-0.000751 J0.300029
G02 X104.736312 Y21.415999 Z-0.200000 I0.114472 J0.277334
G02 X104.671131 Y21.513686 Z-0.200000 I0.212157 J0.212150
G02 X104.648440 Y21.628910 Z-0.200000 I0.277338 J0.114463
G01 X104.648440 Y28.501950 Z-0.200000
G02 X104.737005 Y28.713593 Z-0.200000 I0.300028 J-0.001199
G02 X104.949220 Y28.800780 Z-0.200000 I0.211462 J-0.212842
G01 X115.052730 Y28.800780 Z-0.200000
G01 X115.052730 Y32.455080 Z-0.200000
G01 X104.949220 Y32.455080 Z-0.200000
G02 X104.834000 Y32.477774 Z-0.200000 I-0.000751 J0.300029
G02 X104.736316 Y32.542956 Z-0.200000 I0.114470 J0.277335
G02 X104.671134 Y32.640640 Z-0.200000 I0.212153 J0.212153
G02 X104.648440 Y32.755860 Z-0.200000 I0.277335 J0.114470
G01 X104.648440 Y38.353520 Z-0.200000
G02 X104.671134 Y38.468740 Z-0.200000 I0.300029 J0.000751
G02 X104.736316 Y38.566424 Z-0.200000 I0.277335 J-0.114470
G02 X104.834000 Y38.631606 Z-0.200000 I0.212153 J-0.212153
G02 X104.949220 Y38.654300 Z-0.200000 I0.114470 J-0.277335
G01 X115.845700 Y38.654300 Z-0.200000
G01 X115.845700 Y42.326170 Z-0.200000
G01 X101.080080 Y42.326170 Z-0.200000
G00 Z5.000000

(End cutting path id: path306191)


(Start cutting path id: path350812)
(Change tool to Default tool)

G00 Z5.000000
G00 X101.320310 Y42.085940

G01 Z-0.200000 F100.0(Penetrate)
G01 X101.320310 Y17.914060 Z-0.200000 F800.000000
G01 X115.984380 Y17.914060 Z-0.200000
G01 X115.984380 Y21.087890 Z-0.200000
G01 X104.949220 Y21.087890 Z-0.200000
G02 X104.742030 Y21.128814 Z-0.200000 I-0.000967 J0.540053
G02 X104.566377 Y21.246067 Z-0.200000 I0.206223 J0.499130
G02 X104.449124 Y21.421720 Z-0.200000 I0.381876 J0.381876
G02 X104.408200 Y21.628910 Z-0.200000 I0.499130 J0.206223
G01 X104.408200 Y28.501950 Z-0.200000
G02 X104.567067 Y28.883532 Z-0.200000 I0.540053 J-0.000983
G02 X104.949220 Y29.041020 Z-0.200000 I0.381186 J-0.382565
G01 X114.812500 Y29.041020 Z-0.200000
G01 X114.812500 Y32.216800 Z-0.200000
G01 X104.949220 Y32.216800 Z-0.200000
G02 X104.567071 Y32.374285 Z-0.200000 I-0.000967 J0.540053
G02 X104.408200 Y32.755860 Z-0.200000 I0.381182 J0.382568
G01 X104.408200 Y38.353520 Z-0.200000
G02 X104.449126 Y38.560707 Z-0.200000 I0.540053 J0.000957
G02 X104.566381 Y38.736356 Z-0.200000 I0.499127 J-0.206230
G02 X104.742032 Y38.853607 Z-0.200000 I0.381872 J-0.381879
G02 X104.949220 Y38.894530 Z-0.200000 I0.206221 J-0.499131
G01 X115.605470 Y38.894530 Z-0.200000
G01 X115.605470 Y42.085940 Z-0.200000
G01 X101.320310 Y42.085940 Z-0.200000
G00 Z5.000000

(End cutting path id: path350812)


(Start cutting path id: path306193)
(Change tool to Default tool)

G00 Z5.000000
G00 X101.320310 Y42.085940

G01 Z-0.200000 F100.0(Penetrate)
G01 X101.320310 Y17.914060 Z-0.200000 F800.000000
G01 X115.984380 Y17.914060 Z-0.200000
G01 X115.984380 Y21.087890 Z-0.200000
G01 X104.949220 Y21.087890 Z-0.200000
G02 X104.742030 Y21.128814 Z-0.200000 I-0.000967 J0.540053
G02 X104.566377 Y21.246067 Z-0.200000 I0.206223 J0.499130
G02 X104.449124 Y21.421720 Z-0.200000 I0.381876 J0.381876
G02 X104.408200 Y21.628910 Z-0.200000 I0.499130 J0.206223
G01 X104.408200 Y28.501950 Z-0.200000
G02 X104.567067 Y28.883532 Z-0.200000 I0.540053 J-0.000983
G02 X104.949220 Y29.041020 Z-0.200000 I0.381186 J-0.382565
G01 X114.812500 Y29.041020 Z-0.200000
G01 X114.812500 Y32.216800 Z-0.200000
G01 X104.949220 Y32.216800 Z-0.200000
G02 X104.567071 Y32.374285 Z-0.200000 I-0.000967 J0.540053
G02 X104.408200 Y32.755860 Z-0.200000 I0.381182 J0.382568
G01 X104.408200 Y38.353520 Z-0.200000
G02 X104.449126 Y38.560707 Z-0.200000 I0.540053 J0.000957
G02 X104.566381 Y38.736356 Z-0.200000 I0.499127 J-0.206230
G02 X104.742032 Y38.853607 Z-0.200000 I0.381872 J-0.381879
G02 X104.949220 Y38.894530 Z-0.200000 I0.206221 J-0.499131
G01 X115.605470 Y38.894530 Z-0.200000
G01 X115.605470 Y42.085940 Z-0.200000
G01 X101.320310 Y42.085940 Z-0.200000
G00 Z5.000000

(End cutting path id: path306193)


(Start cutting path id: path350814)
(Change tool to Default tool)

G00 Z5.000000
G00 X101.560550 Y41.845700

G01 Z-0.200000 F100.0(Penetrate)
G01 X101.560550 Y18.154300 Z-0.200000 F800.000000
G01 X115.744140 Y18.154300 Z-0.200000
G01 X115.744140 Y20.847660 Z-0.200000
G01 X104.949220 Y20.847660 Z-0.200000
G02 X104.650665 Y20.907375 Z-0.200000 I0.000777 J0.780078
G02 X104.397710 Y21.076829 Z-0.200000 I0.299332 J0.720362
G02 X104.228889 Y21.330207 Z-0.200000 I0.552287 J0.550909
G02 X104.169920 Y21.628910 Z-0.200000 I0.721108 J0.297531
G01 X104.169920 Y28.501950 Z-0.200000
G02 X104.398399 Y29.052771 Z-0.200000 I0.780078 J-0.000778
G02 X104.949220 Y29.281250 Z-0.200000 I0.551598 J-0.551598
G01 X114.572270 Y29.281250 Z-0.200000
G01 X114.572270 Y31.976560 Z-0.200000
G01 X104.949220 Y31.976560 Z-0.200000
G02 X104.398399 Y32.205039 Z-0.200000 I0.000778 J0.780078
G02 X104.169920 Y32.755860 Z-0.200000 I0.551598 J0.551598
G01 X104.169920 Y38.353520 Z-0.200000
G02 X104.228889 Y38.652223 Z-0.200000 I0.780077 J0.001172
G02 X104.397710 Y38.905601 Z-0.200000 I0.721108 J-0.297531
G02 X104.650665 Y39.075055 Z-0.200000 I0.552287 J-0.550909
G02 X104.949220 Y39.134770 Z-0.200000 I0.299332 J-0.720362
G01 X115.365230 Y39.134770 Z-0.200000
G01 X115.365230 Y41.845700 Z-0.200000
G01 X101.560550 Y41.845700 Z-0.200000
G00 Z5.000000

(End cutting path id: path350814)


(Start cutting path id: path306195)
(Change tool to Default tool)

G00 Z5.000000
G00 X101.560550 Y41.845700

G01 Z-0.200000 F100.0(Penetrate)
G01 X101.560550 Y18.154300 Z-0.200000 F800.000000
G01 X115.744140 Y18.154300 Z-0.200000
G01 X115.744140 Y20.847660 Z-0.200000
G01 X104.949220 Y20.847660 Z-0.200000
G02 X104.650665 Y20.907375 Z-0.200000 I0.000777 J0.780078
G02 X104.397710 Y21.076829 Z-0.200000 I0.299332 J0.720362
G02 X104.228889 Y21.330207 Z-0.200000 I0.552287 J0.550909
G02 X104.169920 Y21.628910 Z-0.200000 I0.721108 J0.297531
G01 X104.169920 Y28.501950 Z-0.200000
G02 X104.398399 Y29.052771 Z-0.200000 I0.780078 J-0.000778
G02 X104.949220 Y29.281250 Z-0.200000 I0.551598 J-0.551598
G01 X114.572270 Y29.281250 Z-0.200000
G01 X114.572270 Y31.976560 Z-0.200000
G01 X104.949220 Y31.976560 Z-0.200000
G02 X104.398399 Y32.205039 Z-0.200000 I0.000778 J0.780078
G02 X104.169920 Y32.755860 Z-0.200000 I0.551598 J0.551598
G01 X104.169920 Y38.353520 Z-0.200000
G02 X104.228889 Y38.652223 Z-0.200000 I0.780077 J0.001172
G02 X104.397710 Y38.905601 Z-0.200000 I0.721108 J-0.297531
G02 X104.650665 Y39.075055 Z-0.200000 I0.552287 J-0.550909
G02 X104.949220 Y39.134770 Z-0.200000 I0.299332 J-0.720362
G01 X115.365230 Y39.134770 Z-0.200000
G01 X115.365230 Y41.845700 Z-0.200000
G01 X101.560550 Y41.845700 Z-0.200000
G00 Z5.000000

(End cutting path id: path306195)


(Start cutting path id: path350816)
(Change tool to Default tool)

G00 Z5.000000
G00 X101.800780 Y41.605470

G01 Z-0.200000 F100.0(Penetrate)
G01 X101.800780 Y18.394530 Z-0.200000 F800.000000
G01 X115.505860 Y18.394530 Z-0.200000
G01 X115.505860 Y20.607420 Z-0.200000
G01 X104.949220 Y20.607420 Z-0.200000
G02 X104.558699 Y20.685367 Z-0.200000 I0.000571 J1.020102
G02 X104.227778 Y20.906894 Z-0.200000 I0.391092 J0.942154
G02 X104.006887 Y21.238240 Z-0.200000 I0.722013 J0.720628
G02 X103.929690 Y21.628910 Z-0.200000 I0.942904 J0.389282
G01 X103.929690 Y28.501950 Z-0.200000
G02 X104.228471 Y29.222699 Z-0.200000 I1.020102 J-0.000572
G02 X104.949220 Y29.521480 Z-0.200000 I0.721321 J-0.721321
G01 X114.332030 Y29.521480 Z-0.200000
G01 X114.332030 Y31.736330 Z-0.200000
G01 X104.949220 Y31.736330 Z-0.200000
G02 X104.228471 Y32.035111 Z-0.200000 I0.000572 J1.020102
G02 X103.929690 Y32.755860 Z-0.200000 I0.721321 J0.721321
G01 X103.929690 Y38.353520 Z-0.200000
G02 X104.228471 Y39.074269 Z-0.200000 I1.020102 J-0.000572
G02 X104.949220 Y39.373050 Z-0.200000 I0.721321 J-0.721321
G01 X115.126950 Y39.373050 Z-0.200000
G01 X115.126950 Y41.605470 Z-0.200000
G01 X101.800780 Y41.605470 Z-0.200000
G00 Z5.000000

(End cutting path id: path350816)


(Start cutting path id: path306197)
(Change tool to Default tool)

G00 Z5.000000
G00 X101.800780 Y41.605470

G01 Z-0.200000 F100.0(Penetrate)
G01 X101.800780 Y18.394530 Z-0.200000 F800.000000
G01 X115.505860 Y18.394530 Z-0.200000
G01 X115.505860 Y20.607420 Z-0.200000
G01 X104.949220 Y20.607420 Z-0.200000
G02 X104.558699 Y20.685367 Z-0.200000 I0.000571 J1.020102
G02 X104.227778 Y20.906894 Z-0.200000 I0.391092 J0.942154
G02 X104.006887 Y21.238240 Z-0.200000 I0.722013 J0.720628
G02 X103.929690 Y21.628910 Z-0.200000 I0.942904 J0.389282
G01 X103.929690 Y28.501950 Z-0.200000
G02 X104.228471 Y29.222699 Z-0.200000 I1.020102 J-0.000572
G02 X104.949220 Y29.521480 Z-0.200000 I0.721321 J-0.721321
G01 X114.332030 Y29.521480 Z-0.200000
G01 X114.332030 Y31.736330 Z-0.200000
G01 X104.949220 Y31.736330 Z-0.200000
G02 X104.228471 Y32.035111 Z-0.200000 I0.000572 J1.020102
G02 X103.929690 Y32.755860 Z-0.200000 I0.721321 J0.721321
G01 X103.929690 Y38.353520 Z-0.200000
G02 X104.228471 Y39.074269 Z-0.200000 I1.020102 J-0.000572
G02 X104.949220 Y39.373050 Z-0.200000 I0.721321 J-0.721321
G01 X115.126950 Y39.373050 Z-0.200000
G01 X115.126950 Y41.605470 Z-0.200000
G01 X101.800780 Y41.605470 Z-0.200000
G00 Z5.000000

(End cutting path id: path306197)


(Start cutting path id: path350818)
(Change tool to Default tool)

G00 Z5.000000
G00 X102.041020 Y41.365230

G01 Z-0.200000 F100.0(Penetrate)
G01 X102.041020 Y18.634770 Z-0.200000 F800.000000
G01 X115.265620 Y18.634770 Z-0.200000
G01 X115.265620 Y20.367190 Z-0.200000
G01 X104.949220 Y20.367190 Z-0.200000
G02 X104.466732 Y20.463366 Z-0.200000 I0.000355 J1.260126
G02 X104.057843 Y20.736962 Z-0.200000 I0.482843 J1.163950
G02 X103.784880 Y21.146273 Z-0.200000 I0.891732 J0.890354
G02 X103.689450 Y21.628910 Z-0.200000 I1.164695 J0.481043
G01 X103.689450 Y28.501950 Z-0.200000
G02 X104.058532 Y29.392638 Z-0.200000 I1.260126 J-0.000356
G02 X104.949220 Y29.761720 Z-0.200000 I0.891044 J-0.891044
G01 X114.093750 Y29.761720 Z-0.200000
G01 X114.093750 Y31.496090 Z-0.200000
G01 X104.949220 Y31.496090 Z-0.200000
G02 X104.058532 Y31.865172 Z-0.200000 I0.000356 J1.260126
G02 X103.689450 Y32.755860 Z-0.200000 I0.891044 J0.891044
G01 X103.689450 Y38.353520 Z-0.200000
G02 X104.058536 Y39.244201 Z-0.200000 I1.260126 J-0.000366
G02 X104.949220 Y39.613280 Z-0.200000 I0.891040 J-0.891047
G01 X114.886720 Y39.613280 Z-0.200000
G01 X114.886720 Y41.365230 Z-0.200000
G01 X102.041020 Y41.365230 Z-0.200000
G00 Z5.000000

(End cutting path id: path350818)


(Start cutting path id: path306199)
(Change tool to Default tool)

G00 Z5.000000
G00 X102.041020 Y41.365230

G01 Z-0.200000 F100.0(Penetrate)
G01 X102.041020 Y18.634770 Z-0.200000 F800.000000
G01 X115.265620 Y18.634770 Z-0.200000
G01 X115.265620 Y20.367190 Z-0.200000
G01 X104.949220 Y20.367190 Z-0.200000
G02 X104.466732 Y20.463366 Z-0.200000 I0.000355 J1.260126
G02 X104.057843 Y20.736962 Z-0.200000 I0.482843 J1.163950
G02 X103.784880 Y21.146273 Z-0.200000 I0.891732 J0.890354
G02 X103.689450 Y21.628910 Z-0.200000 I1.164695 J0.481043
G01 X103.689450 Y28.501950 Z-0.200000
G02 X104.058532 Y29.392638 Z-0.200000 I1.260126 J-0.000356
G02 X104.949220 Y29.761720 Z-0.200000 I0.891044 J-0.891044
G01 X114.093750 Y29.761720 Z-0.200000
G01 X114.093750 Y31.496090 Z-0.200000
G01 X104.949220 Y31.496090 Z-0.200000
G02 X104.058532 Y31.865172 Z-0.200000 I0.000356 J1.260126
G02 X103.689450 Y32.755860 Z-0.200000 I0.891044 J0.891044
G01 X103.689450 Y38.353520 Z-0.200000
G02 X104.058536 Y39.244201 Z-0.200000 I1.260126 J-0.000366
G02 X104.949220 Y39.613280 Z-0.200000 I0.891040 J-0.891047
G01 X114.886720 Y39.613280 Z-0.200000
G01 X114.886720 Y41.365230 Z-0.200000
G01 X102.041020 Y41.365230 Z-0.200000
G00 Z5.000000

(End cutting path id: path306199)


(Start cutting path id: path350820)
(Change tool to Default tool)

G00 Z5.000000
G00 X102.281250 Y41.126950

G01 Z-0.200000 F100.0(Penetrate)
G01 X102.281250 Y18.873050 Z-0.200000 F800.000000
G01 X115.025390 Y18.873050 Z-0.200000
G01 X115.025390 Y20.128910 Z-0.200000
G01 X104.949220 Y20.128910 Z-0.200000
G02 X103.888604 Y20.568294 Z-0.200000 I0.000150 J1.500150
G02 X103.449220 Y21.628910 Z-0.200000 I1.060766 J1.060766
G01 X103.449220 Y28.501950 Z-0.200000
G02 X103.888604 Y29.562566 Z-0.200000 I1.500150 J-0.000150
G02 X104.949220 Y30.001950 Z-0.200000 I1.060766 J-1.060766
G01 X113.853520 Y30.001950 Z-0.200000
G01 X113.853520 Y31.255860 Z-0.200000
G01 X104.949220 Y31.255860 Z-0.200000
G02 X103.888604 Y31.695244 Z-0.200000 I0.000150 J1.500150
G02 X103.449220 Y32.755860 Z-0.200000 I1.060766 J1.060766
G01 X103.449220 Y38.353520 Z-0.200000
G02 X103.888604 Y39.414136 Z-0.200000 I1.500150 J-0.000150
G02 X104.949220 Y39.853520 Z-0.200000 I1.060766 J-1.060766
G01 X114.646480 Y39.853520 Z-0.200000
G01 X114.646480 Y41.126950 Z-0.200000
G01 X102.281250 Y41.126950 Z-0.200000
G00 Z5.000000

(End cutting path id: path350820)


(Start cutting path id: path306201)
(Change tool to Default tool)

G00 Z5.000000
G00 X102.281250 Y41.126950

G01 Z-0.200000 F100.0(Penetrate)
G01 X102.281250 Y18.873050 Z-0.200000 F800.000000
G01 X115.025390 Y18.873050 Z-0.200000
G01 X115.025390 Y20.128910 Z-0.200000
G01 X104.949220 Y20.128910 Z-0.200000
G02 X103.888604 Y20.568294 Z-0.200000 I0.000150 J1.500150
G02 X103.449220 Y21.628910 Z-0.200000 I1.060766 J1.060766
G01 X103.449220 Y28.501950 Z-0.200000
G02 X103.888604 Y29.562566 Z-0.200000 I1.500150 J-0.000150
G02 X104.949220 Y30.001950 Z-0.200000 I1.060766 J-1.060766
G01 X113.853520 Y30.001950 Z-0.200000
G01 X113.853520 Y31.255860 Z-0.200000
G01 X104.949220 Y31.255860 Z-0.200000
G02 X103.888604 Y31.695244 Z-0.200000 I0.000150 J1.500150
G02 X103.449220 Y32.755860 Z-0.200000 I1.060766 J1.060766
G01 X103.449220 Y38.353520 Z-0.200000
G02 X103.888604 Y39.414136 Z-0.200000 I1.500150 J-0.000150
G02 X104.949220 Y39.853520 Z-0.200000 I1.060766 J-1.060766
G01 X114.646480 Y39.853520 Z-0.200000
G01 X114.646480 Y41.126950 Z-0.200000
G01 X102.281250 Y41.126950 Z-0.200000
G00 Z5.000000

(End cutting path id: path306201)


(Start cutting path id: path350822)
(Change tool to Default tool)

G00 Z5.000000
G00 X102.521480 Y40.886720

G01 Z-0.200000 F100.0(Penetrate)
G01 X102.521480 Y19.113280 Z-0.200000 F800.000000
G01 X114.785160 Y19.113280 Z-0.200000
G01 X114.785160 Y19.888670 Z-0.200000
G01 X104.949220 Y19.888670 Z-0.200000
G02 X104.283249 Y20.021120 Z-0.200000 I-0.000066 J1.740174
G02 X103.718665 Y20.398355 Z-0.200000 I0.665905 J1.607724
G02 X103.341430 Y20.962939 Z-0.200000 I1.230489 J1.230489
G02 X103.208980 Y21.628910 Z-0.200000 I1.607724 J0.665905
G01 X103.208980 Y28.501950 Z-0.200000
G02 X103.719358 Y29.731238 Z-0.200000 I1.740173 J-0.001894
G02 X104.949220 Y30.240230 Z-0.200000 I1.229795 J-1.231182
G01 X113.613280 Y30.240230 Z-0.200000
G01 X113.613280 Y31.015620 Z-0.200000
G01 X104.949220 Y31.015620 Z-0.200000
G02 X104.283249 Y31.148070 Z-0.200000 I-0.000066 J1.740174
G02 X103.718665 Y31.525305 Z-0.200000 I0.665905 J1.607724
G02 X103.341430 Y32.089889 Z-0.200000 I1.230489 J1.230489
G02 X103.208980 Y32.755860 Z-0.200000 I1.607724 J0.665905
G01 X103.208980 Y38.353520 Z-0.200000
G02 X103.341433 Y39.019488 Z-0.200000 I1.740174 J0.000056
G02 X103.718669 Y39.584068 Z-0.200000 I1.607721 J-0.665912
G02 X104.283251 Y39.961301 Z-0.200000 I1.230485 J-1.230492
G02 X104.949220 Y40.093750 Z-0.200000 I0.665903 J-1.607725
G01 X114.406250 Y40.093750 Z-0.200000
G01 X114.406250 Y40.886720 Z-0.200000
G01 X102.521480 Y40.886720 Z-0.200000
G00 Z5.000000

(End cutting path id: path350822)


(Start cutting path id: path306203)
(Change tool to Default tool)

G00 Z5.000000
G00 X102.521480 Y40.886720

G01 Z-0.200000 F100.0(Penetrate)
G01 X102.521480 Y19.113280 Z-0.200000 F800.000000
G01 X114.785160 Y19.113280 Z-0.200000
G01 X114.785160 Y19.888670 Z-0.200000
G01 X104.949220 Y19.888670 Z-0.200000
G02 X104.283249 Y20.021120 Z-0.200000 I-0.000066 J1.740174
G02 X103.718665 Y20.398355 Z-0.200000 I0.665905 J1.607724
G02 X103.341430 Y20.962939 Z-0.200000 I1.230489 J1.230489
G02 X103.208980 Y21.628910 Z-0.200000 I1.607724 J0.665905
G01 X103.208980 Y28.501950 Z-0.200000
G02 X103.719358 Y29.731238 Z-0.200000 I1.740173 J-0.001894
G02 X104.949220 Y30.240230 Z-0.200000 I1.229795 J-1.231182
G01 X113.613280 Y30.240230 Z-0.200000
G01 X113.613280 Y31.015620 Z-0.200000
G01 X104.949220 Y31.015620 Z-0.200000
G02 X104.283249 Y31.148070 Z-0.200000 I-0.000066 J1.740174
G02 X103.718665 Y31.525305 Z-0.200000 I0.665905 J1.607724
G02 X103.341430 Y32.089889 Z-0.200000 I1.230489 J1.230489
G02 X103.208980 Y32.755860 Z-0.200000 I1.607724 J0.665905
G01 X103.208980 Y38.353520 Z-0.200000
G02 X103.341433 Y39.019488 Z-0.200000 I1.740174 J0.000056
G02 X103.718669 Y39.584068 Z-0.200000 I1.607721 J-0.665912
G02 X104.283251 Y39.961301 Z-0.200000 I1.230485 J-1.230492
G02 X104.949220 Y40.093750 Z-0.200000 I0.665903 J-1.607725
G01 X114.406250 Y40.093750 Z-0.200000
G01 X114.406250 Y40.886720 Z-0.200000
G01 X102.521480 Y40.886720 Z-0.200000
G00 Z5.000000

(End cutting path id: path306203)


(Start cutting path id: path350824)
(Change tool to Default tool)

G00 Z5.000000
G00 X102.761720 Y40.646480

G01 Z-0.200000 F100.0(Penetrate)
G01 X102.761720 Y19.353520 Z-0.200000 F800.000000
G01 X114.544920 Y19.353520 Z-0.200000
G01 X114.544920 Y19.648440 Z-0.200000
G01 X104.949220 Y19.648440 Z-0.200000
G02 X104.191285 Y19.799122 Z-0.200000 I-0.000272 J1.980198
G02 X103.548737 Y20.228427 Z-0.200000 I0.757663 J1.829516
G02 X103.119432 Y20.870975 Z-0.200000 I1.400211 J1.400211
G02 X102.968750 Y21.628910 Z-0.200000 I1.829516 J0.757663
G01 X102.968750 Y28.501950 Z-0.200000
G02 X103.549426 Y29.901173 Z-0.200000 I1.980197 J-0.001678
G02 X104.949220 Y30.480470 Z-0.200000 I1.399522 J-1.400901
G01 X113.373050 Y30.480470 Z-0.200000
G01 X113.373050 Y30.775390 Z-0.200000
G01 X104.949220 Y30.775390 Z-0.200000
G02 X104.191285 Y30.926072 Z-0.200000 I-0.000272 J1.980198
G02 X103.548737 Y31.355377 Z-0.200000 I0.757663 J1.829516
G02 X103.119432 Y31.997925 Z-0.200000 I1.400211 J1.400211
G02 X102.968750 Y32.755860 Z-0.200000 I1.829516 J0.757663
G01 X102.968750 Y38.353520 Z-0.200000
G02 X103.119434 Y39.111452 Z-0.200000 I1.980198 J0.000262
G02 X103.548740 Y39.753997 Z-0.200000 I1.829514 J-0.757670
G02 X104.191287 Y40.183299 Z-0.200000 I1.400208 J-1.400215
G02 X104.949220 Y40.333980 Z-0.200000 I0.757661 J-1.829517
G01 X114.166020 Y40.333980 Z-0.200000
G01 X114.166020 Y40.646480 Z-0.200000
G01 X102.761720 Y40.646480 Z-0.200000
G00 Z5.000000

(End cutting path id: path350824)


(Start cutting path id: path306205)
(Change tool to Default tool)

G00 Z5.000000
G00 X102.761720 Y40.646480

G01 Z-0.200000 F100.0(Penetrate)
G01 X102.761720 Y19.353520 Z-0.200000 F800.000000
G01 X114.544920 Y19.353520 Z-0.200000
G01 X114.544920 Y19.648440 Z-0.200000
G01 X104.949220 Y19.648440 Z-0.200000
G02 X104.191285 Y19.799122 Z-0.200000 I-0.000272 J1.980198
G02 X103.548737 Y20.228427 Z-0.200000 I0.757663 J1.829516
G02 X103.119432 Y20.870975 Z-0.200000 I1.400211 J1.400211
G02 X102.968750 Y21.628910 Z-0.200000 I1.829516 J0.757663
G01 X102.968750 Y28.501950 Z-0.200000
G02 X103.549426 Y29.901173 Z-0.200000 I1.980197 J-0.001678
G02 X104.949220 Y30.480470 Z-0.200000 I1.399522 J-1.400901
G01 X113.373050 Y30.480470 Z-0.200000
G01 X113.373050 Y30.775390 Z-0.200000
G01 X104.949220 Y30.775390 Z-0.200000
G02 X104.191285 Y30.926072 Z-0.200000 I-0.000272 J1.980198
G02 X103.548737 Y31.355377 Z-0.200000 I0.757663 J1.829516
G02 X103.119432 Y31.997925 Z-0.200000 I1.400211 J1.400211
G02 X102.968750 Y32.755860 Z-0.200000 I1.829516 J0.757663
G01 X102.968750 Y38.353520 Z-0.200000
G02 X103.119434 Y39.111452 Z-0.200000 I1.980198 J0.000262
G02 X103.548740 Y39.753997 Z-0.200000 I1.829514 J-0.757670
G02 X104.191287 Y40.183299 Z-0.200000 I1.400208 J-1.400215
G02 X104.949220 Y40.333980 Z-0.200000 I0.757661 J-1.829517
G01 X114.166020 Y40.333980 Z-0.200000
G01 X114.166020 Y40.646480 Z-0.200000
G01 X102.761720 Y40.646480 Z-0.200000
G00 Z5.000000

(End cutting path id: path306205)


(Start cutting path id: path350826)
(Change tool to Default tool)

G00 Z5.000000
G00 X103.001950 Y40.406250

G01 Z-0.200000 F100.0(Penetrate)
G01 X103.001950 Y38.626950 Z-0.200000 F800.000000
G02 X103.615194 Y39.793006 Z-0.200000 I2.183178 J-0.403878
G02 X104.781250 Y40.406250 Z-0.200000 I1.569934 J-1.569934
G01 X103.001950 Y40.406250 Z-0.200000
G00 Z5.000000

(End cutting path id: path350826)


(Start cutting path id: path306207)
(Change tool to Default tool)

G00 Z5.000000
G00 X103.001950 Y40.406250

G01 Z-0.200000 F100.0(Penetrate)
G01 X103.001950 Y38.626950 Z-0.200000 F800.000000
G02 X103.615194 Y39.793006 Z-0.200000 I2.183178 J-0.403878
G02 X104.781250 Y40.406250 Z-0.200000 I1.569934 J-1.569934
G01 X103.001950 Y40.406250 Z-0.200000
G00 Z5.000000

(End cutting path id: path306207)


(Start cutting path id: path350828)
(Change tool to Default tool)

G00 Z5.000000
G00 X103.240230 Y40.166020

G01 Z-0.200000 F100.0(Penetrate)
G01 X103.240230 Y39.105470 Z-0.200000 F800.000000
G02 X103.687717 Y39.718533 Z-0.200000 I2.187144 J-1.126594
G02 X104.300780 Y40.166020 Z-0.200000 I1.739657 J-1.739657
G01 X103.240230 Y40.166020 Z-0.200000
G00 Z5.000000

(End cutting path id: path350828)


(Start cutting path id: path306209)
(Change tool to Default tool)

G00 Z5.000000
G00 X103.240230 Y40.166020

G01 Z-0.200000 F100.0(Penetrate)
G01 X103.240230 Y39.105470 Z-0.200000 F800.000000
G02 X103.687717 Y39.718533 Z-0.200000 I2.187144 J-1.126594
G02 X104.300780 Y40.166020 Z-0.200000 I1.739657 J-1.739657
G01 X103.240230 Y40.166020 Z-0.200000
G00 Z5.000000

(End cutting path id: path306209)


(Start cutting path id: path350830)
(Change tool to Default tool)

G00 Z5.000000
G00 X103.480470 Y39.925780

G01 Z-0.200000 F100.0(Penetrate)
G01 X103.480470 Y39.585940 Z-0.200000 F800.000000
G02 X103.642814 Y39.763436 Z-0.200000 I2.071723 J-1.731883
G02 X103.820310 Y39.925780 Z-0.200000 I1.909379 J-1.909379
G01 X103.480470 Y39.925780 Z-0.200000
G00 Z5.000000

(End cutting path id: path350830)


(Start cutting path id: path306211)
(Change tool to Default tool)

G00 Z5.000000
G00 X103.480470 Y39.925780

G01 Z-0.200000 F100.0(Penetrate)
G01 X103.480470 Y39.585940 Z-0.200000 F800.000000
G02 X103.642814 Y39.763436 Z-0.200000 I2.071723 J-1.731883
G02 X103.820310 Y39.925780 Z-0.200000 I1.909379 J-1.909379
G01 X103.480470 Y39.925780 Z-0.200000
G00 Z5.000000

(End cutting path id: path306211)


(Start cutting path id: path350826)
(Change tool to Default tool)

G00 Z5.000000
G00 X103.001950 Y32.482420

G01 Z-0.200000 F100.0(Penetrate)
G01 X103.001950 Y28.775390 Z-0.200000 F800.000000
G02 X103.625981 Y30.004879 Z-0.200000 I2.193965 J-0.340445
G02 X104.855470 Y30.628910 Z-0.200000 I1.569934 J-1.569934
G02 X103.625984 Y31.252937 Z-0.200000 I0.340444 J2.193965
G02 X103.001950 Y32.482420 Z-0.200000 I1.569930 J1.569938
G01 X103.001950 Y32.482420 Z-0.200000
G00 Z5.000000

(End cutting path id: path350826)


(Start cutting path id: path306207)
(Change tool to Default tool)

G00 Z5.000000
G00 X103.001950 Y32.482420

G01 Z-0.200000 F100.0(Penetrate)
G01 X103.001950 Y28.775390 Z-0.200000 F800.000000
G02 X103.625981 Y30.004879 Z-0.200000 I2.193965 J-0.340445
G02 X104.855470 Y30.628910 Z-0.200000 I1.569934 J-1.569934
G02 X103.625984 Y31.252937 Z-0.200000 I0.340444 J2.193965
G02 X103.001950 Y32.482420 Z-0.200000 I1.569930 J1.569938
G01 X103.001950 Y32.482420 Z-0.200000
G00 Z5.000000

(End cutting path id: path306207)


(Start cutting path id: path350828)
(Change tool to Default tool)

G00 Z5.000000
G00 X103.240230 Y32.003910

G01 Z-0.200000 F100.0(Penetrate)
G01 X103.240230 Y29.253910 Z-0.200000 F800.000000
G02 X103.786989 Y30.083333 Z-0.200000 I2.285176 J-0.911472
G02 X104.617190 Y30.628910 Z-0.200000 I1.738417 J-1.740895
G02 X103.786989 Y31.174487 Z-0.200000 I0.908216 J2.286472
G02 X103.240230 Y32.003910 Z-0.200000 I1.738417 J1.740895
G01 X103.240230 Y32.003910 Z-0.200000
G00 Z5.000000

(End cutting path id: path350828)


(Start cutting path id: path306209)
(Change tool to Default tool)

G00 Z5.000000
G00 X103.240230 Y32.003910

G01 Z-0.200000 F100.0(Penetrate)
G01 X103.240230 Y29.253910 Z-0.200000 F800.000000
G02 X103.786989 Y30.083333 Z-0.200000 I2.285176 J-0.911472
G02 X104.617190 Y30.628910 Z-0.200000 I1.738417 J-1.740895
G02 X103.786989 Y31.174487 Z-0.200000 I0.908216 J2.286472
G02 X103.240230 Y32.003910 Z-0.200000 I1.738417 J1.740895
G01 X103.240230 Y32.003910 Z-0.200000
G00 Z5.000000

(End cutting path id: path306209)


(Start cutting path id: path350830)
(Change tool to Default tool)

G00 Z5.000000
G00 X103.480470 Y31.523440

G01 Z-0.200000 F100.0(Penetrate)
G01 X103.480470 Y29.734380 Z-0.200000 F800.000000
G02 X103.875526 Y30.234945 Z-0.200000 I2.302356 J-1.410892
G02 X104.376950 Y30.628910 Z-0.200000 I1.907299 J-1.911457
G02 X103.875526 Y31.022875 Z-0.200000 I1.405876 J2.305422
G02 X103.480470 Y31.523440 Z-0.200000 I1.907299 J1.911457
G01 X103.480470 Y31.523440 Z-0.200000
G00 Z5.000000

(End cutting path id: path350830)


(Start cutting path id: path306211)
(Change tool to Default tool)

G00 Z5.000000
G00 X103.480470 Y31.523440

G01 Z-0.200000 F100.0(Penetrate)
G01 X103.480470 Y29.734380 Z-0.200000 F800.000000
G02 X103.875526 Y30.234945 Z-0.200000 I2.302356 J-1.410892
G02 X104.376950 Y30.628910 Z-0.200000 I1.907299 J-1.911457
G02 X103.875526 Y31.022875 Z-0.200000 I1.405876 J2.305422
G02 X103.480470 Y31.523440 Z-0.200000 I1.907299 J1.911457
G01 X103.480470 Y31.523440 Z-0.200000
G00 Z5.000000

(End cutting path id: path306211)


(Start cutting path id: path350832)
(Change tool to Default tool)

G00 Z5.000000
G00 X103.720700 Y31.044920

G01 Z-0.200000 F100.0(Penetrate)
G01 X103.720700 Y30.212890 Z-0.200000 F800.000000
G02 X103.918278 Y30.431332 Z-0.200000 I2.276680 J-1.860660
G02 X104.136720 Y30.628910 Z-0.200000 I2.079102 J-2.079102
G02 X103.918279 Y30.826483 Z-0.200000 I1.860636 J2.276700
G02 X103.720700 Y31.044920 Z-0.200000 I2.079077 J2.079127
G01 X103.720700 Y31.044920 Z-0.200000
G00 Z5.000000

(End cutting path id: path350832)


(Start cutting path id: path306213)
(Change tool to Default tool)

G00 Z5.000000
G00 X103.720700 Y31.044920

G01 Z-0.200000 F100.0(Penetrate)
G01 X103.720700 Y30.212890 Z-0.200000 F800.000000
G02 X103.918278 Y30.431332 Z-0.200000 I2.276680 J-1.860660
G02 X104.136720 Y30.628910 Z-0.200000 I2.079102 J-2.079102
G02 X103.918279 Y30.826483 Z-0.200000 I1.860636 J2.276700
G02 X103.720700 Y31.044920 Z-0.200000 I2.079077 J2.079127
G01 X103.720700 Y31.044920 Z-0.200000
G00 Z5.000000

(End cutting path id: path306213)


(Start cutting path id: path350834)
(Change tool to Default tool)

G00 Z5.000000
G00 X103.781250 Y30.923830

G01 Z-0.200000 F100.0(Penetrate)
G01 X103.781250 Y30.333980 Z-0.200000 F800.000000
G02 X103.923579 Y30.486576 Z-0.200000 I2.263897 J-1.968901
G02 X104.076170 Y30.628910 Z-0.200000 I2.121568 J-2.121497
G02 X103.923579 Y30.771239 Z-0.200000 I1.968942 J2.263862
G02 X103.781250 Y30.923830 Z-0.200000 I2.121532 J2.121532
G01 X103.781250 Y30.923830 Z-0.200000
G00 Z5.000000

(End cutting path id: path350834)


(Start cutting path id: path350826)
(Change tool to Default tool)

G00 Z5.000000
G00 X103.001950 Y21.355470

G01 Z-0.200000 F100.0(Penetrate)
G01 X103.001950 Y19.593750 Z-0.200000 F800.000000
G01 X104.763670 Y19.593750 Z-0.200000
G02 X103.612406 Y20.204206 Z-0.200000 I0.418670 J2.180390
G02 X103.001950 Y21.355470 Z-0.200000 I1.569934 J1.569934
G01 X103.001950 Y21.355470 Z-0.200000
G00 Z5.000000

(End cutting path id: path350826)


(Start cutting path id: path306207)
(Change tool to Default tool)

G00 Z5.000000
G00 X103.001950 Y21.355470

G01 Z-0.200000 F100.0(Penetrate)
G01 X103.001950 Y19.593750 Z-0.200000 F800.000000
G01 X104.763670 Y19.593750 Z-0.200000
G02 X103.612406 Y20.204206 Z-0.200000 I0.418670 J2.180390
G02 X103.001950 Y21.355470 Z-0.200000 I1.569934 J1.569934
G01 X103.001950 Y21.355470 Z-0.200000
G00 Z5.000000

(End cutting path id: path306207)


(Start cutting path id: path350828)
(Change tool to Default tool)

G00 Z5.000000
G00 X103.240230 Y20.876950

G01 Z-0.200000 F100.0(Penetrate)
G01 X103.240230 Y19.833980 Z-0.200000 F800.000000
G01 X104.283200 Y19.833980 Z-0.200000
G02 X103.681715 Y20.275465 Z-0.200000 I1.138171 J2.181141
G02 X103.240230 Y20.876950 Z-0.200000 I1.739657 J1.739657
G01 X103.240230 Y20.876950 Z-0.200000
G00 Z5.000000

(End cutting path id: path350828)


(Start cutting path id: path306209)
(Change tool to Default tool)

G00 Z5.000000
G00 X103.240230 Y20.876950

G01 Z-0.200000 F100.0(Penetrate)
G01 X103.240230 Y19.833980 Z-0.200000 F800.000000
G01 X104.283200 Y19.833980 Z-0.200000
G02 X103.681715 Y20.275465 Z-0.200000 I1.138171 J2.181141
G02 X103.240230 Y20.876950 Z-0.200000 I1.739657 J1.739657
G01 X103.240230 Y20.876950 Z-0.200000
G00 Z5.000000

(End cutting path id: path306209)


(Start cutting path id: path350830)
(Change tool to Default tool)

G00 Z5.000000
G00 X103.480470 Y20.396480

G01 Z-0.200000 F100.0(Penetrate)
G01 X103.480470 Y20.074220 Z-0.200000 F800.000000
G01 X103.802730 Y20.074220 Z-0.200000
G02 X103.634789 Y20.228539 Z-0.200000 I1.741438 J2.063698
G02 X103.480470 Y20.396480 Z-0.200000 I1.909379 J1.909379
G01 X103.480470 Y20.396480 Z-0.200000
G00 Z5.000000

(End cutting path id: path350830)


(Start cutting path id: path306211)
(Change tool to Default tool)

G00 Z5.000000
G00 X103.480470 Y20.396480

G01 Z-0.200000 F100.0(Penetrate)
G01 X103.480470 Y20.074220 Z-0.200000 F800.000000
G01 X103.802730 Y20.074220 Z-0.200000
G02 X103.634789 Y20.228539 Z-0.200000 I1.741438 J2.063698
G02 X103.480470 Y20.396480 Z-0.200000 I1.909379 J1.909379
G01 X103.480470 Y20.396480 Z-0.200000
G00 Z5.000000

(End cutting path id: path306211)


(Start cutting path id: path151754)
(Change tool to Default tool)

G00 Z5.000000
G00 X100.780620 Y17.373760

G01 Z-0.200000 F100.0(Penetrate)
G01 X100.780620 Y42.626260 Z-0.200000 F800.000000
G01 X116.145720 Y42.626260 Z-0.200000
G01 X116.145720 Y38.354350 Z-0.200000
G01 X104.949180 Y38.354350 Z-0.200000
G01 X104.949180 Y32.756080 Z-0.200000
G01 X115.353350 Y32.756080 Z-0.200000
G01 X115.353350 Y28.501400 Z-0.200000
G01 X104.949180 Y28.501400 Z-0.200000
G01 X104.949180 Y21.628450 Z-0.200000
G01 X116.524680 Y21.628450 Z-0.200000
G01 X116.524680 Y17.373760 Z-0.200000
G01 X100.780620 Y17.373760 Z-0.200000
G00 Z5.000000

(End cutting path id: path151754)


(Start cutting path id: path151752)
(Change tool to Default tool)

G00 Z5.000000
G00 X87.758195 Y17.373760

G01 Z-0.200000 F100.0(Penetrate)
G01 X87.758195 Y38.354350 Z-0.200000 F800.000000
G01 X81.608714 Y38.354350 Z-0.200000
G01 X81.608714 Y42.626260 Z-0.200000
G01 X98.059008 Y42.626260 Z-0.200000
G01 X98.059008 Y38.354350 Z-0.200000
G01 X91.926751 Y38.354350 Z-0.200000
G01 X91.926751 Y17.373760 Z-0.200000
G01 X87.758195 Y17.373760 Z-0.200000
G00 Z5.000000

(End cutting path id: path151752)


(Start cutting path id: path350882)
(Change tool to Default tool)

G00 Z5.000000
G00 X67.283203 Y21.830120

G01 Z-0.200000 F100.0(Penetrate)
G02 X65.309442 Y20.217746 Z-0.200000 I-5.321205 J4.499606 F800.000000
G02 X62.964844 Y19.380900 Z-0.200000 I-3.794529 J6.928297
G03 X65.278207 Y20.071667 Z-0.200000 I-1.037729 J7.694411
G03 X67.115234 Y21.507850 Z-0.200000 I-2.334530 J4.879072
G02 X67.117182 Y21.510852 Z-0.200000 I1.863479 J-1.206994
G02 X67.119134 Y21.513850 Z-0.200000 I1.861531 J-1.209995
G03 X67.202188 Y21.670213 Z-0.200000 I-0.334022 J0.277658
G02 X67.283196 Y21.830260 Z-0.200000 I0.466840 J-0.135768
G01 X67.283203 Y21.830120 Z-0.200000
G00 Z5.000000

(End cutting path id: path350882)


(Start cutting path id: path306267)
(Change tool to Default tool)

G00 Z5.000000
G00 X67.283203 Y21.830120

G01 Z-0.200000 F100.0(Penetrate)
G02 X65.309442 Y20.217746 Z-0.200000 I-5.321205 J4.499606 F800.000000
G02 X62.964844 Y19.380900 Z-0.200000 I-3.794529 J6.928297
G03 X65.278207 Y20.071667 Z-0.200000 I-1.037729 J7.694411
G03 X67.115234 Y21.507850 Z-0.200000 I-2.334530 J4.879072
G02 X67.117182 Y21.510852 Z-0.200000 I1.863479 J-1.206994
G02 X67.119134 Y21.513850 Z-0.200000 I1.861531 J-1.209995
G03 X67.202188 Y21.670213 Z-0.200000 I-0.334022 J0.277658
G02 X67.283196 Y21.830260 Z-0.200000 I0.466840 J-0.135768
G01 X67.283203 Y21.830120 Z-0.200000
G00 Z5.000000

(End cutting path id: path306267)


(Start cutting path id: path350882)
(Change tool to Default tool)

G00 Z5.000000
G00 X56.146484 Y21.916020

G01 Z-0.200000 F100.0(Penetrate)
G02 X56.257761 Y21.696080 Z-0.200000 I-0.578161 J-0.430634 F800.000000
G03 X56.373047 Y21.482420 Z-0.200000 I0.589514 J0.180157
G03 X58.232202 Y20.052263 Z-0.200000 I4.128904 J3.443937
G03 X60.644531 Y19.363280 Z-0.200000 I3.373744 J7.244831
G02 X58.202245 Y20.219616 Z-0.200000 I1.379597 J7.845530
G02 X56.146484 Y21.916020 Z-0.200000 I3.394123 J6.206936
G01 X56.146484 Y21.916020 Z-0.200000
G00 Z5.000000

(End cutting path id: path350882)


(Start cutting path id: path306267)
(Change tool to Default tool)

G00 Z5.000000
G00 X56.146484 Y21.916020

G01 Z-0.200000 F100.0(Penetrate)
G02 X56.257761 Y21.696080 Z-0.200000 I-0.578161 J-0.430634 F800.000000
G03 X56.373047 Y21.482420 Z-0.200000 I0.589514 J0.180157
G03 X58.232202 Y20.052263 Z-0.200000 I4.128904 J3.443937
G03 X60.644531 Y19.363280 Z-0.200000 I3.373744 J7.244831
G02 X58.202245 Y20.219616 Z-0.200000 I1.379597 J7.845530
G02 X56.146484 Y21.916020 Z-0.200000 I3.394123 J6.206936
G01 X56.146484 Y21.916020 Z-0.200000
G00 Z5.000000

(End cutting path id: path306267)


(Start cutting path id: path350882)
(Change tool to Default tool)

G00 Z5.000000
G00 X54.552734 Y25.029300

G01 Z-0.200000 F100.0(Penetrate)
G03 X54.674138 Y24.757978 Z-0.200000 I1.069085 J0.315544 F800.000000
G02 X54.798828 Y24.498050 Z-0.200000 I-1.145586 J-0.709421
G03 X54.672988 Y24.760057 Z-0.200000 I-1.596631 J-0.605628
G02 X54.552734 Y25.029300 Z-0.200000 I1.127051 J0.664859
G01 X54.552734 Y25.029300 Z-0.200000
G00 Z5.000000

(End cutting path id: path350882)


(Start cutting path id: path306267)
(Change tool to Default tool)

G00 Z5.000000
G00 X54.552734 Y25.029300

G01 Z-0.200000 F100.0(Penetrate)
G03 X54.674138 Y24.757978 Z-0.200000 I1.069085 J0.315544 F800.000000
G02 X54.798828 Y24.498050 Z-0.200000 I-1.145586 J-0.709421
G03 X54.672988 Y24.760057 Z-0.200000 I-1.596631 J-0.605628
G02 X54.552734 Y25.029300 Z-0.200000 I1.127051 J0.664859
G01 X54.552734 Y25.029300 Z-0.200000
G00 Z5.000000

(End cutting path id: path306267)


(Start cutting path id: path151750)
(Change tool to Default tool)

G00 Z5.000000
G00 X56.011712 Y30.017240

G01 Z-0.200000 F100.0(Penetrate)
G03 X56.531984 Y25.833714 Z-0.200000 I17.080072 J-0.000000 F800.000000
G03 X57.665354 Y23.471570 Z-0.200000 I6.395846 J1.615792
G03 X59.586931 Y21.842143 Z-0.200000 I4.666505 J3.555424
G03 X61.765008 Y21.301160 Z-0.200000 I2.178077 J4.114135
G03 X63.957323 Y21.843872 Z-0.200000 I-0.000000 J4.699342
G03 X65.847437 Y23.454340 Z-0.200000 I-2.650203 J5.024785
G03 X66.949748 Y25.796313 Z-0.200000 I-5.194776 J3.875461
G03 X67.466629 Y30.103360 Z-0.200000 I-17.686378 J4.307047
G03 X66.958867 Y34.325857 Z-0.200000 I-17.810812 J-0.000000
G03 X65.881888 Y36.597350 Z-0.200000 I-6.045553 J-1.475308
G03 X64.039944 Y38.151802 Z-0.200000 I-4.255867 J-3.174448
G03 X61.765008 Y38.698860 Z-0.200000 I-2.274936 J-4.456624
G03 X59.488045 Y38.151399 Z-0.200000 I0.000000 J-5.008826
G03 X57.613678 Y36.580130 Z-0.200000 I2.483665 J-4.866364
G03 X56.525528 Y34.289017 Z-0.200000 I4.993577 J-3.775630
G03 X56.011712 Y30.017240 Z-0.200000 I17.500496 J-4.271777
G01 X56.011712 Y30.017240 Z-0.200000
G00 Z5.000000

(End cutting path id: path151750)


(Start cutting path id: path151750)
(Change tool to Default tool)

G00 Z5.000000
G00 X51.705352 Y29.844980

G01 Z-0.200000 F100.0(Penetrate)
G02 X52.097775 Y34.272864 Z-0.200000 I25.177091 J0.000000 F800.000000
G02 X53.031711 Y37.269150 Z-0.200000 I12.354561 J-2.207194
G02 X54.679365 Y39.937482 Z-0.200000 I11.615143 J-5.329308
G02 X56.528475 Y41.627180 Z-0.200000 I6.358965 J-5.102259
G02 X58.801236 Y42.660620 Z-0.200000 I4.350686 J-6.552245
G02 X61.747783 Y43.056890 Z-0.200000 I2.946547 J-10.756682
G02 X65.768643 Y42.160744 Z-0.200000 I0.000000 J-9.468541
G02 X68.982467 Y39.663480 Z-0.200000 I-3.924808 J-8.367613
G02 X70.941284 Y35.964397 Z-0.200000 I-7.950361 J-6.578222
G02 X71.790214 Y30.000010 Z-0.200000 I-20.527729 J-5.964387
G02 X70.909026 Y23.979373 Z-0.200000 I-21.008320 J0.000000
G02 X68.827438 Y20.095380 Z-0.200000 I-10.556150 J3.157665
G02 X65.819288 Y17.806859 Z-0.200000 I-6.378919 J5.263488
G02 X61.765008 Y16.943130 Z-0.200000 I-4.054280 J9.083374
G02 X57.671472 Y17.802671 Z-0.200000 I-0.000000 J10.177437
G02 X54.668128 Y20.060930 Z-0.200000 I3.303637 J7.519890
G02 X52.579459 Y23.942365 Z-0.200000 I8.547468 J7.102237
G02 X51.705352 Y29.844980 Z-0.200000 I19.492355 J5.902615
G01 X51.705352 Y29.844980 Z-0.200000
G00 Z5.000000

(End cutting path id: path151750)


(Start cutting path id: path151748)
(Change tool to Default tool)

G00 Z5.000000
G00 X42.351939 Y16.943130

G01 Z-0.200000 F100.0(Penetrate)
G01 X47.485120 Y43.056890 Z-0.200000 F800.000000
G01 X50.465120 Y43.056890 Z-0.200000
G01 X45.280263 Y16.943130 Z-0.200000
G01 X42.351939 Y16.943130 Z-0.200000
G00 Z5.000000

(End cutting path id: path151748)


(Start cutting path id: path151746)
(Change tool to Default tool)

G00 Z5.000000
G00 X36.323035 Y17.373760

G01 Z-0.200000 F100.0(Penetrate)
G01 X36.323035 Y42.626260 Z-0.200000 F800.000000
G01 X40.491591 Y42.626260 Z-0.200000
G01 X40.491591 Y17.373760 Z-0.200000
G01 X36.323035 Y17.373760 Z-0.200000
G00 Z5.000000

(End cutting path id: path151746)


(Start cutting path id: path151756)
(Change tool to Default tool)

G00 Z5.000000
G00 X120.073120 Y17.373760

G01 Z-0.200000 F100.0(Penetrate)
G01 X120.073120 Y42.626260 Z-0.200000 F800.000000
G01 X128.875320 Y42.626260 Z-0.200000
G02 X132.198154 Y42.390112 Z-0.200000 I-0.000000 J-23.495891
G02 X133.698440 Y41.937240 Z-0.200000 I-0.735399 J-5.147771
G02 X134.955493 Y41.061997 Z-0.200000 I-1.867733 J-4.022831
G02 X136.075550 Y39.577350 Z-0.200000 I-4.606406 J-4.640019
G02 X136.745536 Y37.838945 Z-0.200000 I-5.827689 J-3.244317
G02 X137.005730 Y35.563830 Z-0.200000 I-9.816615 J-2.275115
G02 X136.592443 Y32.744671 Z-0.200000 I-9.821823 J-0.000000
G02 X135.576020 Y30.792380 Z-0.200000 I-5.614382 J1.682285
G02 X133.928463 Y29.374276 Z-0.200000 I-4.374763 J3.416494
G02 X131.545260 Y28.518620 Z-0.200000 I-3.700444 J6.559884
G02 X132.808564 Y27.471438 Z-0.200000 I-6.893853 J-9.602239
G02 X133.767340 Y26.399890 Z-0.200000 I-6.263498 J-6.569027
G02 X134.567439 Y25.213265 Z-0.200000 I-8.765060 J-6.773015
G02 X136.161680 Y22.300240 Z-0.200000 I-51.496979 J-30.076050
G01 X138.676590 Y17.373760 Z-0.200000
G01 X133.698440 Y17.373760 Z-0.200000
G01 X130.666770 Y22.868680 Z-0.200000
G03 X128.978963 Y25.814599 Z-0.200000 I-82.217432 J-45.148406
G03 X128.444680 Y26.589370 Z-0.200000 I-6.187782 J-3.695500
G03 X127.794735 Y27.263723 Z-0.200000 I-3.403631 J-2.630054
G03 X127.204450 Y27.622900 Z-0.200000 I-1.498814 J-1.798568
G03 X126.528784 Y27.816867 Z-0.200000 I-1.020576 J-2.281283
G03 X125.102950 Y27.915730 Z-0.200000 I-1.425834 J-10.232524
G01 X124.241680 Y27.915730 Z-0.200000
G01 X124.241680 Y17.373760 Z-0.200000
G01 X120.073120 Y17.373760 Z-0.200000
G00 Z5.000000

(End cutting path id: path151756)


(Start cutting path id: path350806)
(Change tool to Default tool)

G00 Z5.000000
G00 X123.072270 Y30.115230

G01 Z-0.200000 F100.0(Penetrate)
G01 X123.072270 Y29.746090 Z-0.200000 F800.000000
G02 X123.163042 Y29.839909 Z-0.200000 I2.201126 J-2.038834
G02 X123.257810 Y29.929690 Z-0.200000 I2.110354 J-2.132653
G02 X123.163011 Y30.020431 Z-0.200000 I2.026733 J2.212273
G02 X123.072270 Y30.115230 Z-0.200000 I2.121532 J2.121532
G01 X123.072270 Y30.115230 Z-0.200000
G00 Z5.000000

(End cutting path id: path350806)


(Start cutting path id: path350804)
(Change tool to Default tool)

G00 Z5.000000
G00 X123.013670 Y30.234330

G01 Z-0.200000 F100.0(Penetrate)
G01 X123.013670 Y29.626900 Z-0.200000 F800.000000
G02 X123.159522 Y29.783788 Z-0.200000 I2.224954 J-1.922214
G02 X123.316410 Y29.929640 Z-0.200000 I2.079102 J-2.079102
G02 X123.159469 Y30.076450 Z-0.200000 I1.928824 J2.219226
G02 X123.013670 Y30.234330 Z-0.200000 I2.085766 J2.072417
G01 X123.013670 Y30.234330 Z-0.200000
G00 Z5.000000

(End cutting path id: path350804)


(Start cutting path id: path306183)
(Change tool to Default tool)

G00 Z5.000000
G00 X123.013670 Y30.234330

G01 Z-0.200000 F100.0(Penetrate)
G01 X123.013670 Y29.626900 Z-0.200000 F800.000000
G02 X123.159522 Y29.783788 Z-0.200000 I2.224954 J-1.922214
G02 X123.316410 Y29.929640 Z-0.200000 I2.079102 J-2.079102
G02 X123.159469 Y30.076450 Z-0.200000 I1.928824 J2.219226
G02 X123.013670 Y30.234330 Z-0.200000 I2.085766 J2.072417
G01 X123.013670 Y30.234330 Z-0.200000
G00 Z5.000000

(End cutting path id: path306183)


(Start cutting path id: path350802)
(Change tool to Default tool)

G00 Z5.000000
G00 X122.773440 Y30.714840

G01 Z-0.200000 F100.0(Penetrate)
G01 X122.773440 Y29.146480 Z-0.200000 F800.000000
G02 X123.125374 Y29.578827 Z-0.200000 I2.258950 J-1.479393
G02 X123.558590 Y29.929690 Z-0.200000 I1.907016 J-1.911740
G02 X123.125222 Y30.281472 Z-0.200000 I1.476011 J2.261161
G02 X122.773440 Y30.714840 Z-0.200000 I1.909379 J1.909379
G01 X122.773440 Y30.714840 Z-0.200000
G00 Z5.000000

(End cutting path id: path350802)


(Start cutting path id: path306181)
(Change tool to Default tool)

G00 Z5.000000
G00 X122.773440 Y30.714840

G01 Z-0.200000 F100.0(Penetrate)
G01 X122.773440 Y29.146480 Z-0.200000 F800.000000
G02 X123.125374 Y29.578827 Z-0.200000 I2.258950 J-1.479393
G02 X123.558590 Y29.929690 Z-0.200000 I1.907016 J-1.911740
G02 X123.125222 Y30.281472 Z-0.200000 I1.476011 J2.261161
G02 X122.773440 Y30.714840 Z-0.200000 I1.909379 J1.909379
G01 X122.773440 Y30.714840 Z-0.200000
G00 Z5.000000

(End cutting path id: path306181)


(Start cutting path id: path350800)
(Change tool to Default tool)

G00 Z5.000000
G00 X122.533200 Y31.193360

G01 Z-0.200000 F100.0(Penetrate)
G01 X122.533200 Y28.667970 Z-0.200000 F800.000000
G02 X123.046244 Y29.418602 Z-0.200000 I2.252693 J-0.989031
G02 X123.796880 Y29.931640 Z-0.200000 I1.739650 J-1.739664
G02 X123.046525 Y30.443801 Z-0.200000 I0.987951 J2.253167
G02 X122.533200 Y31.193360 Z-0.200000 I1.738306 J1.741006
G01 X122.533200 Y31.193360 Z-0.200000
G00 Z5.000000

(End cutting path id: path350800)


(Start cutting path id: path306179)
(Change tool to Default tool)

G00 Z5.000000
G00 X122.533200 Y31.193360

G01 Z-0.200000 F100.0(Penetrate)
G01 X122.533200 Y28.667970 Z-0.200000 F800.000000
G02 X123.046244 Y29.418602 Z-0.200000 I2.252693 J-0.989031
G02 X123.796880 Y29.931640 Z-0.200000 I1.739650 J-1.739664
G02 X123.046525 Y30.443801 Z-0.200000 I0.987951 J2.253167
G02 X122.533200 Y31.193360 Z-0.200000 I1.738306 J1.741006
G01 X122.533200 Y31.193360 Z-0.200000
G00 Z5.000000

(End cutting path id: path306179)


(Start cutting path id: path350798)
(Change tool to Default tool)

G00 Z5.000000
G00 X122.292970 Y31.673830

G01 Z-0.200000 F100.0(Penetrate)
G01 X122.292970 Y28.187500 Z-0.200000 F800.000000
G02 X122.900551 Y29.324059 Z-0.200000 I2.177515 J-0.433375
G02 X124.037110 Y29.931640 Z-0.200000 I1.569934 J-1.569934
G02 X122.901024 Y30.538424 Z-0.200000 I0.432970 J2.177596
G02 X122.292970 Y31.673830 Z-0.200000 I1.569056 J1.570812
G01 X122.292970 Y31.673830 Z-0.200000
G00 Z5.000000

(End cutting path id: path350798)


(Start cutting path id: path306177)
(Change tool to Default tool)

G00 Z5.000000
G00 X122.292970 Y31.673830

G01 Z-0.200000 F100.0(Penetrate)
G01 X122.292970 Y28.187500 Z-0.200000 F800.000000
G02 X122.900551 Y29.324059 Z-0.200000 I2.177515 J-0.433375
G02 X124.037110 Y29.931640 Z-0.200000 I1.569934 J-1.569934
G02 X122.901024 Y30.538424 Z-0.200000 I0.432970 J2.177596
G02 X122.292970 Y31.673830 Z-0.200000 I1.569056 J1.570812
G01 X122.292970 Y31.673830 Z-0.200000
G00 Z5.000000

(End cutting path id: path306177)


(Start cutting path id: path151756)
(Change tool to Default tool)

G00 Z5.000000
G00 X124.241680 Y31.946490

G01 Z-0.200000 F100.0(Penetrate)
G01 X127.342260 Y31.946490 Z-0.200000 F800.000000
G03 X130.170142 Y32.040646 Z-0.200000 I-0.000000 J42.513444
G03 X130.959600 Y32.187640 Z-0.200000 I-0.227781 J3.416795
G03 X131.644026 Y32.562204 Z-0.200000 I-0.692903 J2.078709
G03 X132.217050 Y33.203940 Z-0.200000 I-1.674735 J2.072120
G03 X132.555926 Y34.003631 Z-0.200000 I-2.218318 J1.411678
G03 X132.699370 Y35.219320 Z-0.200000 I-5.079769 J1.215689
G03 X132.556264 Y36.381770 Z-0.200000 I-4.792836 J0.000000
G03 X132.217050 Y37.148570 Z-0.200000 I-2.383038 J-0.595769
G03 X131.643771 Y37.771484 Z-0.200000 I-2.137265 J-1.391708
G03 X130.907920 Y38.164870 Z-0.200000 I-1.519374 J-1.957157
G03 X130.309959 Y38.276365 Z-0.200000 I-0.730213 J-2.257000
G03 X127.514510 Y38.354350 Z-0.200000 I-2.795449 J-50.063876
G01 X124.241680 Y38.354350 Z-0.200000
G01 X124.241680 Y31.946490 Z-0.200000
G00 Z5.000000

(End cutting path id: path151756)


(Start cutting path id: path350804)
(Change tool to Default tool)

G00 Z5.000000
G00 X128.345700 Y30.332030

G01 Z-0.200000 F100.0(Penetrate)
G01 X128.358416 Y30.322488 Z-0.200000 F800.000000
G01 X128.371100 Y30.312530 Z-0.200000
G01 X128.387643 Y30.309668 Z-0.200000
G01 X128.404300 Y30.306530 Z-0.200000
G01 X128.345700 Y30.332030 Z-0.200000
G00 Z5.000000

(End cutting path id: path350804)


(Start cutting path id: path306183)
(Change tool to Default tool)

G00 Z5.000000
G00 X128.345700 Y30.332030

G01 Z-0.200000 F100.0(Penetrate)
G01 X128.358416 Y30.322488 Z-0.200000 F800.000000
G01 X128.371100 Y30.312530 Z-0.200000
G01 X128.387643 Y30.309668 Z-0.200000
G01 X128.404300 Y30.306530 Z-0.200000
G01 X128.345700 Y30.332030 Z-0.200000
G00 Z5.000000

(End cutting path id: path306183)


(Start cutting path id: path350806)
(Change tool to Default tool)

G00 Z5.000000
G00 X128.369140 Y30.388670

G01 Z-0.200000 F100.0(Penetrate)
G01 X128.382845 Y30.377894 Z-0.200000 F800.000000
G01 X128.396440 Y30.367170 Z-0.200000
G01 X128.412917 Y30.364312 Z-0.200000
G01 X128.429640 Y30.361170 Z-0.200000
G01 X128.369140 Y30.388670 Z-0.200000
G00 Z5.000000

(End cutting path id: path350806)


(Start cutting path id: path306185)
(Change tool to Default tool)

G00 Z5.000000
G00 X128.437500 Y30.554690

G01 Z-0.200000 F100.0(Penetrate)
G01 X128.448085 Y30.545971 Z-0.200000 F800.000000
G01 X128.459000 Y30.537090 Z-0.200000
G03 X128.480477 Y30.531138 Z-0.200000 I0.029327 J0.064100
G02 X128.502000 Y30.525390 Z-0.200000 I-0.008335 J-0.074377
G01 X128.437500 Y30.554690 Z-0.200000
G00 Z5.000000

(End cutting path id: path306185)


(Start cutting path id: path306187)
(Change tool to Default tool)

G00 Z5.000000
G00 X128.445310 Y30.572270

G01 Z-0.200000 F100.0(Penetrate)
G01 X128.453808 Y30.565650 Z-0.200000 F800.000000
G01 X128.462910 Y30.558570 Z-0.200000
G03 X128.486204 Y30.551974 Z-0.200000 I0.039267 J0.094241
G02 X128.509810 Y30.544870 Z-0.200000 I-0.014307 J-0.090316
G01 X128.445310 Y30.572270 Z-0.200000
G00 Z5.000000

(End cutting path id: path306187)


(Start cutting path id: path350802)
(Change tool to Default tool)

G00 Z5.000000
G00 X128.251950 Y30.111330

G01 Z-0.200000 F100.0(Penetrate)
G01 X128.263866 Y30.102473 Z-0.200000 F800.000000
G01 X128.275350 Y30.093730 Z-0.200000
G01 X128.291014 Y30.090735 Z-0.200000
G01 X128.306550 Y30.087730 Z-0.200000
G01 X128.251950 Y30.111330 Z-0.200000
G00 Z5.000000

(End cutting path id: path350802)


(Start cutting path id: path306181)
(Change tool to Default tool)

G00 Z5.000000
G00 X128.251950 Y30.111330

G01 Z-0.200000 F100.0(Penetrate)
G01 X128.263866 Y30.102473 Z-0.200000 F800.000000
G01 X128.275350 Y30.093730 Z-0.200000
G01 X128.291014 Y30.090735 Z-0.200000
G01 X128.306550 Y30.087730 Z-0.200000
G01 X128.251950 Y30.111330 Z-0.200000
G00 Z5.000000

(End cutting path id: path306181)


(Start cutting path id: path350800)
(Change tool to Default tool)

G00 Z5.000000
G00 X128.158200 Y29.890620

G01 Z-0.200000 F100.0(Penetrate)
G01 X128.169206 Y29.882585 Z-0.200000 F800.000000
G01 X128.179700 Y29.875020 Z-0.200000
G01 X128.194207 Y29.872367 Z-0.200000
G01 X128.209000 Y29.869020 Z-0.200000
G01 X128.158200 Y29.890620 Z-0.200000
G00 Z5.000000

(End cutting path id: path350800)


(Start cutting path id: path306179)
(Change tool to Default tool)

G00 Z5.000000
G00 X128.158200 Y29.890620

G01 Z-0.200000 F100.0(Penetrate)
G01 X128.169206 Y29.882585 Z-0.200000 F800.000000
G01 X128.179700 Y29.875020 Z-0.200000
G01 X128.194207 Y29.872367 Z-0.200000
G01 X128.209000 Y29.869020 Z-0.200000
G01 X128.158200 Y29.890620 Z-0.200000
G00 Z5.000000

(End cutting path id: path306179)


(Start cutting path id: path350802)
(Change tool to Default tool)

G00 Z5.000000
G00 X129.207030 Y29.398440

G01 Z-0.200000 F100.0(Penetrate)
G03 X129.175942 Y29.396607 Z-0.200000 I0.015619 J-0.529466 F800.000000
G02 X129.144530 Y29.394440 Z-0.200000 I-0.071509 J0.807804
G02 X129.160173 Y29.381772 Z-0.200000 I-0.114079 J-0.156858
G03 X129.175730 Y29.369040 Z-0.200000 I0.143785 J0.159822
G02 X129.191272 Y29.383752 Z-0.200000 I1.864046 J-1.953661
G02 X129.206930 Y29.398340 Z-0.200000 I1.848504 J-1.968373
G01 X129.207030 Y29.398440 Z-0.200000
G00 Z5.000000

(End cutting path id: path350802)


(Start cutting path id: path306181)
(Change tool to Default tool)

G00 Z5.000000
G00 X129.207030 Y29.398440

G01 Z-0.200000 F100.0(Penetrate)
G03 X129.175942 Y29.396607 Z-0.200000 I0.015619 J-0.529466 F800.000000
G02 X129.144530 Y29.394440 Z-0.200000 I-0.071509 J0.807804
G02 X129.160173 Y29.381772 Z-0.200000 I-0.114079 J-0.156858
G03 X129.175730 Y29.369040 Z-0.200000 I0.143785 J0.159822
G02 X129.191272 Y29.383752 Z-0.200000 I1.864046 J-1.953661
G02 X129.206930 Y29.398340 Z-0.200000 I1.848504 J-1.968373
G01 X129.207030 Y29.398440 Z-0.200000
G00 Z5.000000

(End cutting path id: path306181)


(Start cutting path id: path350800)
(Change tool to Default tool)

G00 Z5.000000
G00 X129.798830 Y29.685550

G01 Z-0.200000 F100.0(Penetrate)
G03 X129.220928 Y29.627463 Z-0.200000 I0.996422 J-12.817147 F800.000000
G02 X128.539060 Y29.583980 Z-0.200000 I-0.708485 J5.741894
G02 X128.864667 Y29.343215 Z-0.200000 I-0.754015 J-1.360272
G03 X129.164060 Y29.082030 Z-0.200000 I2.763609 J2.865706
G02 X129.454371 Y29.412266 Z-0.200000 I1.985525 J-1.452756
G02 X129.798830 Y29.685550 Z-0.200000 I1.695214 J-1.782992
G01 X129.798830 Y29.685550 Z-0.200000
G00 Z5.000000

(End cutting path id: path350800)


(Start cutting path id: path306179)
(Change tool to Default tool)

G00 Z5.000000
G00 X129.798830 Y29.685550

G01 Z-0.200000 F100.0(Penetrate)
G03 X129.220928 Y29.627463 Z-0.200000 I0.996422 J-12.817147 F800.000000
G02 X128.539060 Y29.583980 Z-0.200000 I-0.708485 J5.741894
G02 X128.864667 Y29.343215 Z-0.200000 I-0.754015 J-1.360272
G03 X129.164060 Y29.082030 Z-0.200000 I2.763609 J2.865706
G02 X129.454371 Y29.412266 Z-0.200000 I1.985525 J-1.452756
G02 X129.798830 Y29.685550 Z-0.200000 I1.695214 J-1.782992
G01 X129.798830 Y29.685550 Z-0.200000
G00 Z5.000000

(End cutting path id: path306179)


(Start cutting path id: path350798)
(Change tool to Default tool)

G00 Z5.000000
G00 X130.386720 Y29.970700

G01 Z-0.200000 F100.0(Penetrate)
G02 X129.254178 Y29.829929 Z-0.200000 I-4.168563 J28.911116 F800.000000
G02 X127.541020 Y29.742190 Z-0.200000 I-1.684233 J16.116538
G03 X127.807516 Y29.706889 Z-0.200000 I0.234395 J0.745937
G02 X128.085940 Y29.654290 Z-0.200000 I0.025758 J-0.626846
G02 X128.916667 Y29.108004 Z-0.200000 I-1.109123 J-2.591398
G02 X129.599610 Y28.433580 Z-0.200000 I-16.406325 J-17.296581
G02 X129.837593 Y29.281799 Z-0.200000 I2.214176 J-0.163733
G02 X130.386720 Y29.970690 Z-0.200000 I1.976193 J-1.011952
G01 X130.386720 Y29.970700 Z-0.200000
G00 Z5.000000

(End cutting path id: path350798)


(Start cutting path id: path306177)
(Change tool to Default tool)

G00 Z5.000000
G00 X130.386720 Y29.970700

G01 Z-0.200000 F100.0(Penetrate)
G02 X129.254178 Y29.829929 Z-0.200000 I-4.168563 J28.911116 F800.000000
G02 X127.541020 Y29.742190 Z-0.200000 I-1.684233 J16.116538
G03 X127.807516 Y29.706889 Z-0.200000 I0.234395 J0.745937
G02 X128.085940 Y29.654290 Z-0.200000 I0.025758 J-0.626846
G02 X128.916667 Y29.108004 Z-0.200000 I-1.109123 J-2.591398
G02 X129.599610 Y28.433580 Z-0.200000 I-16.406325 J-17.296581
G02 X129.837593 Y29.281799 Z-0.200000 I2.214176 J-0.163733
G02 X130.386720 Y29.970690 Z-0.200000 I1.976193 J-1.011952
G01 X130.386720 Y29.970700 Z-0.200000
G00 Z5.000000

(End cutting path id: path306177)


(Start cutting path id: path306187)
(Change tool to Default tool)

G00 Z5.000000
G00 X130.955080 Y28.574220

G01 Z-0.200000 F100.0(Penetrate)
G02 X130.961594 Y28.562294 Z-0.200000 I-0.064284 J-0.042856 F800.000000
G01 X130.968780 Y28.550820 Z-0.200000
G01 X130.972491 Y28.548342 Z-0.200000
G01 X130.976780 Y28.544820 Z-0.200000
G01 X130.955080 Y28.574220 Z-0.200000
G00 Z5.000000

(End cutting path id: path306187)


(Start cutting path id: path306185)
(Change tool to Default tool)

G00 Z5.000000
G00 X130.939450 Y28.562500

G01 Z-0.200000 F100.0(Penetrate)
G02 X130.945964 Y28.550574 Z-0.200000 I-0.064284 J-0.042856 F800.000000
G01 X130.953150 Y28.539100 Z-0.200000
G01 X130.956861 Y28.536622 Z-0.200000
G01 X130.961150 Y28.533100 Z-0.200000
G01 X130.939450 Y28.562500 Z-0.200000
G00 Z5.000000

(End cutting path id: path306185)


(Start cutting path id: path350806)
(Change tool to Default tool)

G00 Z5.000000
G00 X130.796880 Y28.451170

G01 Z-0.200000 F100.0(Penetrate)
G01 X130.802976 Y28.440936 Z-0.200000 F800.000000
G01 X130.808580 Y28.431670 Z-0.200000
G01 X130.812926 Y28.427791 Z-0.200000
G01 X130.818580 Y28.423670 Z-0.200000
G01 X130.796880 Y28.451170 Z-0.200000
G00 Z5.000000

(End cutting path id: path350806)


(Start cutting path id: path350804)
(Change tool to Default tool)

G00 Z5.000000
G00 X130.750000 Y28.412060

G01 Z-0.200000 F100.0(Penetrate)
G02 X130.755069 Y28.403933 Z-0.200000 I-0.044686 J-0.033515 F800.000000
G01 X130.760000 Y28.396460 Z-0.200000
G01 X130.766034 Y28.391429 Z-0.200000
G01 X130.771700 Y28.386460 Z-0.200000
G01 X130.750000 Y28.412060 Z-0.200000
G00 Z5.000000

(End cutting path id: path350804)


(Start cutting path id: path306183)
(Change tool to Default tool)

G00 Z5.000000
G00 X130.750000 Y28.412060

G01 Z-0.200000 F100.0(Penetrate)
G02 X130.755069 Y28.403933 Z-0.200000 I-0.044686 J-0.033515 F800.000000
G01 X130.760000 Y28.396460 Z-0.200000
G01 X130.766034 Y28.391429 Z-0.200000
G01 X130.771700 Y28.386460 Z-0.200000
G01 X130.750000 Y28.412060 Z-0.200000
G00 Z5.000000

(End cutting path id: path306183)


(Start cutting path id: path350802)
(Change tool to Default tool)

G00 Z5.000000
G00 X130.562500 Y28.263670

G01 Z-0.200000 F100.0(Penetrate)
G02 X130.567585 Y28.255459 Z-0.200000 I-0.043440 J-0.032580 F800.000000
G01 X130.572500 Y28.248070 Z-0.200000
G01 X130.576846 Y28.244191 Z-0.200000
G01 X130.582500 Y28.240070 Z-0.200000
G01 X130.562500 Y28.263670 Z-0.200000
G00 Z5.000000

(End cutting path id: path350802)


(Start cutting path id: path306181)
(Change tool to Default tool)

G00 Z5.000000
G00 X130.562500 Y28.263670

G01 Z-0.200000 F100.0(Penetrate)
G02 X130.567585 Y28.255459 Z-0.200000 I-0.043440 J-0.032580 F800.000000
G01 X130.572500 Y28.248070 Z-0.200000
G01 X130.576846 Y28.244191 Z-0.200000
G01 X130.582500 Y28.240070 Z-0.200000
G01 X130.562500 Y28.263670 Z-0.200000
G00 Z5.000000

(End cutting path id: path306181)


(Start cutting path id: path350800)
(Change tool to Default tool)

G00 Z5.000000
G00 X130.375000 Y28.115230

G01 Z-0.200000 F100.0(Penetrate)
G01 X130.380030 Y28.106250 Z-0.200000 F800.000000
G01 X130.385000 Y28.097630 Z-0.200000
G01 X130.387403 Y28.095686 Z-0.200000
G01 X130.391000 Y28.093630 Z-0.200000
G01 X130.375000 Y28.115230 Z-0.200000
G00 Z5.000000

(End cutting path id: path350800)


(Start cutting path id: path306179)
(Change tool to Default tool)

G00 Z5.000000
G00 X130.375000 Y28.115230

G01 Z-0.200000 F100.0(Penetrate)
G01 X130.380030 Y28.106250 Z-0.200000 F800.000000
G01 X130.385000 Y28.097630 Z-0.200000
G01 X130.387403 Y28.095686 Z-0.200000
G01 X130.391000 Y28.093630 Z-0.200000
G01 X130.375000 Y28.115230 Z-0.200000
G00 Z5.000000

(End cutting path id: path306179)


(Start cutting path id: path350798)
(Change tool to Default tool)

G00 Z5.000000
G00 X130.185550 Y27.966800

G01 Z-0.200000 F100.0(Penetrate)
G02 X130.189591 Y27.959754 Z-0.200000 I-0.050218 J-0.033479 F800.000000
G01 X130.193550 Y27.953100 Z-0.200000
G01 X130.197550 Y27.950100 Z-0.200000
G01 X130.201550 Y27.947100 Z-0.200000
G01 X130.185550 Y27.966800 Z-0.200000
G00 Z5.000000

(End cutting path id: path350798)


(Start cutting path id: path306177)
(Change tool to Default tool)

G00 Z5.000000
G00 X130.185550 Y27.966800

G01 Z-0.200000 F100.0(Penetrate)
G02 X130.189591 Y27.959754 Z-0.200000 I-0.050218 J-0.033479 F800.000000
G01 X130.193550 Y27.953100 Z-0.200000
G01 X130.197550 Y27.950100 Z-0.200000
G01 X130.201550 Y27.947100 Z-0.200000
G01 X130.185550 Y27.966800 Z-0.200000
G00 Z5.000000

(End cutting path id: path306177)


(Start cutting path id: path350796)
(Change tool to Default tool)

G00 Z5.000000
G00 X130.750000 Y26.570310

G01 Z-0.200000 F100.0(Penetrate)
G02 X131.364474 Y25.596495 Z-0.200000 I-72.880365 J-46.668061 F800.000000
G02 X132.402340 Y23.822270 Z-0.200000 I-32.385485 J-20.135160
G01 X134.867190 Y19.353520 Z-0.200000
G01 X135.443360 Y19.353520 Z-0.200000
G01 X134.400390 Y21.398440 Z-0.200000
G01 X134.398390 Y21.400440 Z-0.200000
G03 X132.785770 Y24.327573 Z-0.200000 I-48.986114 J-25.079709
G03 X132.201120 Y25.189500 Z-0.200000 I-7.223287 J-4.270351
G02 X132.196109 Y25.195340 Z-0.200000 I1.500282 J1.292416
G02 X132.191120 Y25.201200 Z-0.200000 I1.505293 J1.286575
G03 X131.576421 Y25.868503 Z-0.200000 I-3.844586 J-2.924738
G03 X130.749710 Y26.570340 Z-0.200000 I-12.732823 J-14.160501
G01 X130.750000 Y26.570310 Z-0.200000
G00 Z5.000000

(End cutting path id: path350796)


(Start cutting path id: path306175)
(Change tool to Default tool)

G00 Z5.000000
G00 X130.750000 Y26.570310

G01 Z-0.200000 F100.0(Penetrate)
G02 X131.364474 Y25.596495 Z-0.200000 I-72.880365 J-46.668061 F800.000000
G02 X132.402340 Y23.822270 Z-0.200000 I-32.385485 J-20.135160
G01 X134.867190 Y19.353520 Z-0.200000
G01 X135.443360 Y19.353520 Z-0.200000
G01 X134.400390 Y21.398440 Z-0.200000
G01 X134.398390 Y21.400440 Z-0.200000
G03 X132.785770 Y24.327573 Z-0.200000 I-48.986114 J-25.079709
G03 X132.201120 Y25.189500 Z-0.200000 I-7.223287 J-4.270351
G02 X132.196109 Y25.195340 Z-0.200000 I1.500282 J1.292416
G02 X132.191120 Y25.201200 Z-0.200000 I1.505293 J1.286575
G03 X131.576421 Y25.868503 Z-0.200000 I-3.844586 J-2.924738
G03 X130.749710 Y26.570340 Z-0.200000 I-12.732823 J-14.160501
G01 X130.750000 Y26.570310 Z-0.200000
G00 Z5.000000

(End cutting path id: path306175)


(Start cutting path id: path350798)
(Change tool to Default tool)

G00 Z5.000000
G00 X131.857420 Y25.191410

G01 Z-0.200000 F100.0(Penetrate)
G03 X132.187884 Y24.647357 Z-0.200000 I8.777158 J4.958956 F800.000000
G02 X132.613280 Y23.937500 Z-0.200000 I-9.236153 J-6.017341
G01 X135.009770 Y19.593750 Z-0.200000
G01 X135.050770 Y19.593750 Z-0.200000
G01 X134.185540 Y21.289060 Z-0.200000
G01 X134.185540 Y21.291060 Z-0.200000
G03 X132.567984 Y24.221493 Z-0.200000 I-47.751594 J-24.446522
G03 X132.009760 Y25.043010 Z-0.200000 I-6.974902 J-4.139061
G02 X132.004747 Y25.049850 Z-0.200000 I1.788294 J1.315823
G02 X131.999760 Y25.056710 Z-0.200000 I1.793307 J1.308983
G03 X131.929613 Y25.123899 Z-0.200000 I-0.248331 J-0.189052
G02 X131.857180 Y25.191480 Z-0.200000 I0.198230 J0.285068
G01 X131.857420 Y25.191410 Z-0.200000
G00 Z5.000000

(End cutting path id: path350798)


(Start cutting path id: path306177)
(Change tool to Default tool)

G00 Z5.000000
G00 X131.857420 Y25.191410

G01 Z-0.200000 F100.0(Penetrate)
G03 X132.187884 Y24.647357 Z-0.200000 I8.777158 J4.958956 F800.000000
G02 X132.613280 Y23.937500 Z-0.200000 I-9.236153 J-6.017341
G01 X135.009770 Y19.593750 Z-0.200000
G01 X135.050770 Y19.593750 Z-0.200000
G01 X134.185540 Y21.289060 Z-0.200000
G01 X134.185540 Y21.291060 Z-0.200000
G03 X132.567984 Y24.221493 Z-0.200000 I-47.751594 J-24.446522
G03 X132.009760 Y25.043010 Z-0.200000 I-6.974902 J-4.139061
G02 X132.004747 Y25.049850 Z-0.200000 I1.788294 J1.315823
G02 X131.999760 Y25.056710 Z-0.200000 I1.793307 J1.308983
G03 X131.929613 Y25.123899 Z-0.200000 I-0.248331 J-0.189052
G02 X131.857180 Y25.191480 Z-0.200000 I0.198230 J0.285068
G01 X131.857420 Y25.191410 Z-0.200000
G00 Z5.000000

(End cutting path id: path306177)


(Start cutting path id: path151758)
(Change tool to Default tool)

G00 Z5.000000
G00 X140.881450 Y17.373760

G01 Z-0.200000 F100.0(Penetrate)
G01 X140.881450 Y42.626260 Z-0.200000 F800.000000
G01 X147.134280 Y42.626260 Z-0.200000
G01 X150.889430 Y25.400820 Z-0.200000
G01 X154.610120 Y42.626260 Z-0.200000
G01 X160.880180 Y42.626260 Z-0.200000
G01 X160.880180 Y17.373760 Z-0.200000
G01 X157.004460 Y17.373760 Z-0.200000
G01 X157.004460 Y37.251920 Z-0.200000
G01 X152.887580 Y17.373760 Z-0.200000
G01 X148.856820 Y17.373760 Z-0.200000
G01 X144.774400 Y37.251920 Z-0.200000
G01 X144.774400 Y17.373760 Z-0.200000
G01 X140.881450 Y17.373760 Z-0.200000
G00 Z5.000000

(End cutting path id: path151758)


(Start cutting path id: path350772)
(Change tool to Default tool)

G00 Z5.000000
G00 X150.093750 Y23.583980

G01 Z-0.200000 F100.0(Penetrate)
G01 X150.863280 Y19.833980 Z-0.200000 F800.000000
G01 X150.884780 Y19.833980 Z-0.200000
G01 X151.656260 Y23.560550 Z-0.200000
G02 X150.873103 Y23.444897 Z-0.200000 I-0.746317 J2.344317
G02 X150.093760 Y23.583950 Z-0.200000 I0.036841 J2.459970
G01 X150.093750 Y23.583980 Z-0.200000
G00 Z5.000000

(End cutting path id: path350772)


(Start cutting path id: path306149)
(Change tool to Default tool)

G00 Z5.000000
G00 X150.093750 Y23.583980

G01 Z-0.200000 F100.0(Penetrate)
G01 X150.863280 Y19.833980 Z-0.200000 F800.000000
G01 X150.884780 Y19.833980 Z-0.200000
G01 X151.656260 Y23.560550 Z-0.200000
G02 X150.873103 Y23.444897 Z-0.200000 I-0.746317 J2.344317
G02 X150.093760 Y23.583950 Z-0.200000 I0.036841 J2.459970
G01 X150.093750 Y23.583980 Z-0.200000
G00 Z5.000000

(End cutting path id: path306149)


(Start cutting path id: path350770)
(Change tool to Default tool)

G00 Z5.000000
G00 X149.740230 Y24.107420

G01 Z-0.200000 F100.0(Penetrate)
G01 X150.667970 Y19.593750 Z-0.200000 F800.000000
G01 X151.080080 Y19.593750 Z-0.200000
G01 X152.009770 Y24.085940 Z-0.200000
G02 X150.872045 Y23.784771 Z-0.200000 I-1.116693 J1.918953
G02 X149.740230 Y24.107440 Z-0.200000 I0.021032 J2.220122
G01 X149.740230 Y24.107420 Z-0.200000
G00 Z5.000000

(End cutting path id: path350770)


(Start cutting path id: path306147)
(Change tool to Default tool)

G00 Z5.000000
G00 X149.740230 Y24.107420

G01 Z-0.200000 F100.0(Penetrate)
G01 X150.667970 Y19.593750 Z-0.200000 F800.000000
G01 X151.080080 Y19.593750 Z-0.200000
G01 X152.009770 Y24.085940 Z-0.200000
G02 X150.872045 Y23.784771 Z-0.200000 I-1.116693 J1.918953
G02 X149.740230 Y24.107440 Z-0.200000 I0.021032 J2.220122
G01 X149.740230 Y24.107420 Z-0.200000
G00 Z5.000000

(End cutting path id: path306147)


(Start cutting path id: path350768)
(Change tool to Default tool)

G00 Z5.000000
G00 X149.386720 Y24.630860

G01 Z-0.200000 F100.0(Penetrate)
G01 X150.470700 Y19.353520 Z-0.200000 F800.000000
G01 X151.275390 Y19.353520 Z-0.200000
G01 X152.363280 Y24.611330 Z-0.200000
G02 X151.688633 Y24.118080 Z-0.200000 I-1.479723 J1.315904
G02 X150.870584 Y23.947079 Z-0.200000 I-0.805076 J1.809154
G02 X150.054847 Y24.128784 Z-0.200000 I0.012972 J1.980156
G02 X149.386720 Y24.630830 Z-0.200000 I0.828710 J1.798450
G01 X149.386720 Y24.630860 Z-0.200000
G00 Z5.000000

(End cutting path id: path350768)


(Start cutting path id: path306145)
(Change tool to Default tool)

G00 Z5.000000
G00 X149.386720 Y24.630860

G01 Z-0.200000 F100.0(Penetrate)
G01 X150.470700 Y19.353520 Z-0.200000 F800.000000
G01 X151.275390 Y19.353520 Z-0.200000
G01 X152.363280 Y24.611330 Z-0.200000
G02 X151.688633 Y24.118080 Z-0.200000 I-1.479723 J1.315904
G02 X150.870584 Y23.947079 Z-0.200000 I-0.805076 J1.809154
G02 X150.054847 Y24.128784 Z-0.200000 I0.012972 J1.980156
G02 X149.386720 Y24.630830 Z-0.200000 I0.828710 J1.798450
G01 X149.386720 Y24.630860 Z-0.200000
G00 Z5.000000

(End cutting path id: path306145)


(Start cutting path id: path350774)
(Change tool to Default tool)

G00 Z5.000000
G00 X150.445310 Y23.058590

G01 Z-0.200000 F100.0(Penetrate)
G01 X150.875000 Y20.968750 Z-0.200000 F800.000000
G01 X151.302730 Y23.033200 Z-0.200000
G02 X150.873005 Y23.011635 Z-0.200000 I-0.349768 J2.677521
G02 X150.445310 Y23.058600 Z-0.200000 I0.079957 J2.699086
G01 X150.445310 Y23.058590 Z-0.200000
G00 Z5.000000

(End cutting path id: path350774)


(Start cutting path id: path306151)
(Change tool to Default tool)

G00 Z5.000000
G00 X150.445310 Y23.058590

G01 Z-0.200000 F100.0(Penetrate)
G01 X150.875000 Y20.968750 Z-0.200000 F800.000000
G01 X151.302730 Y23.033200 Z-0.200000
G02 X150.873005 Y23.011635 Z-0.200000 I-0.349768 J2.677521
G02 X150.445310 Y23.058600 Z-0.200000 I0.079957 J2.699086
G01 X150.445310 Y23.058590 Z-0.200000
G00 Z5.000000

(End cutting path id: path306151)


(Start cutting path id: path350776)
(Change tool to Default tool)

G00 Z5.000000
G00 X150.796880 Y22.539060

G01 Z-0.200000 F100.0(Penetrate)
G01 X150.874980 Y22.156250 Z-0.200000 F800.000000
G01 X150.949180 Y22.507810 Z-0.200000
G02 X150.872804 Y22.522403 Z-0.200000 I0.513565 J2.895096
G02 X150.796840 Y22.539010 Z-0.200000 I0.589942 J2.880503
G01 X150.796880 Y22.539060 Z-0.200000
G00 Z5.000000

(End cutting path id: path350776)


(Start cutting path id: path306153)
(Change tool to Default tool)

G00 Z5.000000
G00 X150.796880 Y22.539060

G01 Z-0.200000 F100.0(Penetrate)
G01 X150.874980 Y22.156250 Z-0.200000 F800.000000
G01 X150.949180 Y22.507810 Z-0.200000
G02 X150.872804 Y22.522403 Z-0.200000 I0.513565 J2.895096
G02 X150.796840 Y22.539010 Z-0.200000 I0.589942 J2.880503
G01 X150.796880 Y22.539060 Z-0.200000
G00 Z5.000000

(End cutting path id: path306153)


(Start cutting path id: path151760)
(Change tool to Default tool)

G00 Z5.000000
G00 X164.910940 Y17.373760

G01 Z-0.200000 F100.0(Penetrate)
G01 X164.910940 Y42.626260 Z-0.200000 F800.000000
G01 X169.079500 Y42.626260 Z-0.200000
G01 X169.079500 Y17.373760 Z-0.200000
G01 X164.910940 Y17.373760 Z-0.200000
G00 Z5.000000

(End cutting path id: path151760)


(Start cutting path id: path151762)
(Change tool to Default tool)

G00 Z5.000000
G00 X173.127480 Y17.373760

G01 Z-0.200000 F100.0(Penetrate)
G01 X173.127480 Y42.626260 Z-0.200000 F800.000000
G01 X177.192680 Y42.626260 Z-0.200000
G01 X185.667600 Y25.762550 Z-0.200000
G01 X185.667600 Y42.626260 Z-0.200000
G01 X189.560540 Y42.626260 Z-0.200000
G01 X189.560540 Y17.373760 Z-0.200000
G01 X185.357540 Y17.373760 Z-0.200000
G01 X177.020430 Y33.841280 Z-0.200000
G01 X177.020430 Y17.373760 Z-0.200000
G01 X173.127480 Y17.373760 Z-0.200000
G00 Z5.000000

(End cutting path id: path151762)


(Start cutting path id: path306095)
(Change tool to Default tool)

G00 Z5.000000
G00 X186.191410 Y22.767580

G01 Z-0.200000 F100.0(Penetrate)
G01 X186.380860 Y22.394530 Z-0.200000 F800.000000
G01 X186.380860 Y22.679690 Z-0.200000
G02 X186.285413 Y22.722084 Z-0.200000 I1.243083 J2.927314
G02 X186.191410 Y22.767590 Z-0.200000 I1.338530 J2.884920
G01 X186.191410 Y22.767580 Z-0.200000
G00 Z5.000000

(End cutting path id: path306095)


(Start cutting path id: path306097)
(Change tool to Default tool)

G00 Z5.000000
G00 X186.232420 Y22.732420

G01 Z-0.200000 F100.0(Penetrate)
G01 X186.361330 Y22.476560 Z-0.200000 F800.000000
G01 X186.361330 Y22.671880 Z-0.200000
G02 X186.296538 Y22.701413 Z-0.200000 I1.294886 J2.926657
G02 X186.232420 Y22.732380 Z-0.200000 I1.359677 J2.897124
G01 X186.232420 Y22.732420 Z-0.200000
G00 Z5.000000

(End cutting path id: path306097)


(Start cutting path id: path350722)
(Change tool to Default tool)

G00 Z5.000000
G00 X186.560550 Y23.099610

G01 Z-0.200000 F100.0(Penetrate)
G02 X186.191534 Y23.074815 Z-0.200000 I-0.385272 J2.975461 F800.000000
G02 X185.822270 Y23.095610 Z-0.200000 I-0.016255 J3.000256
G01 X186.560550 Y21.638580 Z-0.200000
G01 X186.560550 Y23.099610 Z-0.200000
G00 Z5.000000

(End cutting path id: path350722)


(Start cutting path id: path350720)
(Change tool to Default tool)

G00 Z5.000000
G00 X186.621090 Y23.250000

G01 Z-0.200000 F100.0(Penetrate)
G02 X186.162978 Y23.190303 Z-0.200000 I-0.607822 J2.876783 F800.000000
G02 X185.701170 Y23.203100 Z-0.200000 I-0.149710 J2.936480
G01 X186.621090 Y21.386700 Z-0.200000
G01 X186.621090 Y23.250000 Z-0.200000
G00 Z5.000000

(End cutting path id: path350720)


(Start cutting path id: path306093)
(Change tool to Default tool)

G00 Z5.000000
G00 X186.621090 Y23.250000

G01 Z-0.200000 F100.0(Penetrate)
G02 X186.162978 Y23.190303 Z-0.200000 I-0.607822 J2.876783 F800.000000
G02 X185.701170 Y23.203100 Z-0.200000 I-0.149710 J2.936480
G01 X186.621090 Y21.386700 Z-0.200000
G01 X186.621090 Y23.250000 Z-0.200000
G00 Z5.000000

(End cutting path id: path306093)


(Start cutting path id: path350718)
(Change tool to Default tool)

G00 Z5.000000
G00 X186.861330 Y23.857420

G01 Z-0.200000 F100.0(Penetrate)
G02 X186.054368 Y23.617992 Z-0.200000 I-1.162177 J2.437376 F800.000000
G02 X185.212890 Y23.638670 Z-0.200000 I-0.355215 J2.676804
G01 X186.861330 Y20.382810 Z-0.200000
G01 X186.861330 Y23.857420 Z-0.200000
G00 Z5.000000

(End cutting path id: path350718)


(Start cutting path id: path306091)
(Change tool to Default tool)

G00 Z5.000000
G00 X186.861330 Y23.857420

G01 Z-0.200000 F100.0(Penetrate)
G02 X186.054368 Y23.617992 Z-0.200000 I-1.162177 J2.437376 F800.000000
G02 X185.212890 Y23.638670 Z-0.200000 I-0.355215 J2.676804
G01 X186.861330 Y20.382810 Z-0.200000
G01 X186.861330 Y23.857420 Z-0.200000
G00 Z5.000000

(End cutting path id: path306091)


(Start cutting path id: path350716)
(Change tool to Default tool)

G00 Z5.000000
G00 X187.101560 Y24.464840

G01 Z-0.200000 F100.0(Penetrate)
G02 X185.962037 Y23.958663 Z-0.200000 I-1.535905 J1.921928 F800.000000
G02 X184.720700 Y24.076170 Z-0.200000 I-0.396383 J2.428104
G01 X186.869140 Y19.833980 Z-0.200000
G01 X187.101560 Y19.833980 Z-0.200000
G01 X187.101560 Y24.464840 Z-0.200000
G00 Z5.000000

(End cutting path id: path350716)


(Start cutting path id: path306089)
(Change tool to Default tool)

G00 Z5.000000
G00 X187.101560 Y24.464840

G01 Z-0.200000 F100.0(Penetrate)
G02 X185.962037 Y23.958663 Z-0.200000 I-1.535905 J1.921928 F800.000000
G02 X184.720700 Y24.076170 Z-0.200000 I-0.396383 J2.428104
G01 X186.869140 Y19.833980 Z-0.200000
G01 X187.101560 Y19.833980 Z-0.200000
G01 X187.101560 Y24.464840 Z-0.200000
G00 Z5.000000

(End cutting path id: path306089)


(Start cutting path id: path350714)
(Change tool to Default tool)

G00 Z5.000000
G00 X187.341800 Y25.072270

G01 Z-0.200000 F100.0(Penetrate)
G02 X186.716601 Y24.462622 Z-0.200000 I-1.832372 J1.253715 F800.000000
G02 X185.904661 Y24.141224 Z-0.200000 I-1.207173 J1.863362
G02 X185.031580 Y24.157795 Z-0.200000 I-0.395232 J2.184760
G02 X184.232420 Y24.509770 Z-0.200000 I0.477848 J2.168190
G01 X186.722660 Y19.593750 Z-0.200000
G01 X187.341800 Y19.593750 Z-0.200000
G01 X187.341800 Y25.072270 Z-0.200000
G00 Z5.000000

(End cutting path id: path350714)


(Start cutting path id: path306087)
(Change tool to Default tool)

G00 Z5.000000
G00 X187.341800 Y25.072270

G01 Z-0.200000 F100.0(Penetrate)
G02 X186.716601 Y24.462622 Z-0.200000 I-1.832372 J1.253715 F800.000000
G02 X185.904661 Y24.141224 Z-0.200000 I-1.207173 J1.863362
G02 X185.031580 Y24.157795 Z-0.200000 I-0.395232 J2.184760
G02 X184.232420 Y24.509770 Z-0.200000 I0.477848 J2.168190
G01 X186.722660 Y19.593750 Z-0.200000
G01 X187.341800 Y19.593750 Z-0.200000
G01 X187.341800 Y25.072270 Z-0.200000
G00 Z5.000000

(End cutting path id: path306087)


(Start cutting path id: path350688)
(Change tool to Default tool)

G00 Z5.000000
G00 X197.250000 Y26.195310

G01 Z-0.200000 F100.0(Penetrate)
G01 X196.753910 Y24.638670 Z-0.200000 F800.000000
G02 X197.295026 Y25.194770 Z-0.200000 I2.011747 J-1.416221
G02 X197.982420 Y25.554690 Z-0.200000 I1.470632 J-1.972322
G02 X197.584223 Y25.838429 Z-0.200000 I1.221532 J2.135573
G02 X197.250000 Y26.195310 Z-0.200000 I1.619729 J1.851834
G01 X197.250000 Y26.195310 Z-0.200000
G00 Z5.000000

(End cutting path id: path350688)


(Start cutting path id: path306059)
(Change tool to Default tool)

G00 Z5.000000
G00 X197.250000 Y26.195310

G01 Z-0.200000 F100.0(Penetrate)
G01 X196.753910 Y24.638670 Z-0.200000 F800.000000
G02 X197.295026 Y25.194770 Z-0.200000 I2.011747 J-1.416221
G02 X197.982420 Y25.554690 Z-0.200000 I1.470632 J-1.972322
G02 X197.584223 Y25.838429 Z-0.200000 I1.221532 J2.135573
G02 X197.250000 Y26.195310 Z-0.200000 I1.619729 J1.851834
G01 X197.250000 Y26.195310 Z-0.200000
G00 Z5.000000

(End cutting path id: path306059)


(Start cutting path id: path350690)
(Change tool to Default tool)

G00 Z5.000000
G00 X197.326170 Y25.644530

G01 Z-0.200000 F100.0(Penetrate)
G01 X197.183590 Y25.201170 Z-0.200000 F800.000000
G02 X197.383294 Y25.364389 Z-0.200000 I1.806714 J-2.006799
G02 X197.597660 Y25.507810 Z-0.200000 I1.607009 J-2.170018
G02 X197.459990 Y25.572347 Z-0.200000 I1.076851 J2.476257
G02 X197.326170 Y25.644530 Z-0.200000 I1.214521 J2.411720
G01 X197.326170 Y25.644530 Z-0.200000
G00 Z5.000000

(End cutting path id: path350690)


(Start cutting path id: path306061)
(Change tool to Default tool)

G00 Z5.000000
G00 X197.326170 Y25.644530

G01 Z-0.200000 F100.0(Penetrate)
G01 X197.183590 Y25.201170 Z-0.200000 F800.000000
G02 X197.383294 Y25.364389 Z-0.200000 I1.806714 J-2.006799
G02 X197.597660 Y25.507810 Z-0.200000 I1.607009 J-2.170018
G02 X197.459990 Y25.572347 Z-0.200000 I1.076851 J2.476257
G02 X197.326170 Y25.644530 Z-0.200000 I1.214521 J2.411720
G01 X197.326170 Y25.644530 Z-0.200000
G00 Z5.000000

(End cutting path id: path306061)


(Start cutting path id: path350686)
(Change tool to Default tool)

G00 Z5.000000
G00 X197.300780 Y27.142580

G01 Z-0.200000 F100.0(Penetrate)
G01 X196.322270 Y24.076170 Z-0.200000 F800.000000
G02 X197.004820 Y24.913823 Z-0.200000 I2.010715 J-0.941495
G02 X198.001950 Y25.330080 Z-0.200000 I1.328164 J-1.779147
G01 X198.906250 Y25.330080 Z-0.200000
G02 X197.834693 Y25.998214 Z-0.200000 I0.590423 J2.140277
G02 X197.300780 Y27.142580 Z-0.200000 I1.661981 J1.472143
G01 X197.300780 Y27.142580 Z-0.200000
G00 Z5.000000

(End cutting path id: path350686)


(Start cutting path id: path306057)
(Change tool to Default tool)

G00 Z5.000000
G00 X197.300780 Y27.142580

G01 Z-0.200000 F100.0(Penetrate)
G01 X196.322270 Y24.076170 Z-0.200000 F800.000000
G02 X197.004820 Y24.913823 Z-0.200000 I2.010715 J-0.941495
G02 X198.001950 Y25.330080 Z-0.200000 I1.328164 J-1.779147
G01 X198.906250 Y25.330080 Z-0.200000
G02 X197.834693 Y25.998214 Z-0.200000 I0.590423 J2.140277
G02 X197.300780 Y27.142580 Z-0.200000 I1.661981 J1.472143
G01 X197.300780 Y27.142580 Z-0.200000
G00 Z5.000000

(End cutting path id: path306057)


(Start cutting path id: path151764)
(Change tool to Default tool)

G00 Z5.000000
G00 X204.925630 Y27.364520

G01 Z-0.200000 F100.0(Penetrate)
G01 X202.083430 Y36.735160 Z-0.200000 F800.000000
G01 X199.275690 Y27.364520 Z-0.200000
G01 X204.925630 Y27.364520 Z-0.200000
G00 Z5.000000

(End cutting path id: path151764)


(Start cutting path id: path350694)
(Change tool to Default tool)

G00 Z5.000000
G00 X204.926000 Y27.365000

G01 Z-0.200000 F100.0(Penetrate)
G01 X199.276000 Y27.365000 Z-0.200000 F800.000000
G01 X202.083000 Y36.735000 Z-0.200000
G01 X204.926000 Y27.365000 Z-0.200000
G00 Z5.000000

(End cutting path id: path350694)


(Start cutting path id: path306067)
(Change tool to Default tool)

G00 Z5.000000
G00 X204.926000 Y27.365000

G01 Z-0.200000 F100.0(Penetrate)
G01 X199.276000 Y27.365000 Z-0.200000 F800.000000
G01 X202.083000 Y36.735000 Z-0.200000
G01 X204.926000 Y27.365000 Z-0.200000
G00 Z5.000000

(End cutting path id: path306067)


(Start cutting path id: path306065)
(Change tool to Default tool)

G00 Z5.000000
G00 X204.926000 Y27.365000

G01 Z-0.200000 F100.0(Penetrate)
G01 X199.276000 Y27.365000 Z-0.200000 F800.000000
G01 X202.083000 Y36.735000 Z-0.200000
G01 X204.926000 Y27.365000 Z-0.200000
G00 Z5.000000

(End cutting path id: path306065)


(Start cutting path id: path350686)
(Change tool to Default tool)

G00 Z5.000000
G00 X207.039060 Y27.281250

G01 Z-0.200000 F100.0(Penetrate)
G02 X206.568893 Y26.070599 Z-0.200000 I-2.214209 J0.163285 F800.000000
G02 X205.501950 Y25.330080 Z-0.200000 I-1.744042 J1.373937
G01 X206.269530 Y25.330080 Z-0.200000
G02 X207.387410 Y24.908579 Z-0.200000 I-0.195488 J-2.211599
G02 X208.125000 Y23.968750 Z-0.200000 I-1.313368 J-1.790098
G01 X207.039060 Y27.281250 Z-0.200000
G00 Z5.000000

(End cutting path id: path350686)


(Start cutting path id: path306057)
(Change tool to Default tool)

G00 Z5.000000
G00 X207.039060 Y27.281250

G01 Z-0.200000 F100.0(Penetrate)
G02 X206.568893 Y26.070599 Z-0.200000 I-2.214209 J0.163285 F800.000000
G02 X205.501950 Y25.330080 Z-0.200000 I-1.744042 J1.373937
G01 X206.269530 Y25.330080 Z-0.200000
G02 X207.387410 Y24.908579 Z-0.200000 I-0.195488 J-2.211599
G02 X208.125000 Y23.968750 Z-0.200000 I-1.313368 J-1.790098
G01 X207.039060 Y27.281250 Z-0.200000
G00 Z5.000000

(End cutting path id: path306057)


(Start cutting path id: path350688)
(Change tool to Default tool)

G00 Z5.000000
G00 X207.089840 Y26.351560

G01 Z-0.200000 F100.0(Penetrate)
G02 X206.809296 Y25.865182 Z-0.200000 I-2.257492 J0.978030 F800.000000
G02 X206.425780 Y25.455080 Z-0.200000 I-1.976948 J1.464407
G02 X207.132212 Y25.095184 Z-0.200000 I-0.748999 J-2.343461
G02 X207.687500 Y24.529300 Z-0.200000 I-1.455430 J-1.983566
G01 X207.089840 Y26.351560 Z-0.200000
G00 Z5.000000

(End cutting path id: path350688)


(Start cutting path id: path306059)
(Change tool to Default tool)

G00 Z5.000000
G00 X207.089840 Y26.351560

G01 Z-0.200000 F100.0(Penetrate)
G02 X206.809296 Y25.865182 Z-0.200000 I-2.257492 J0.978030 F800.000000
G02 X206.425780 Y25.455080 Z-0.200000 I-1.976948 J1.464407
G02 X207.132212 Y25.095184 Z-0.200000 I-0.748999 J-2.343461
G02 X207.687500 Y24.529300 Z-0.200000 I-1.455430 J-1.983566
G01 X207.089840 Y26.351560 Z-0.200000
G00 Z5.000000

(End cutting path id: path306059)


(Start cutting path id: path350690)
(Change tool to Default tool)

G00 Z5.000000
G00 X207.001950 Y25.849610

G01 Z-0.200000 F100.0(Penetrate)
G02 X206.871322 Y25.657106 Z-0.200000 I-2.297649 J1.418544 F800.000000
G02 X206.724610 Y25.476560 Z-0.200000 I-2.167021 J1.611049
G02 X207.000030 Y25.299223 Z-0.200000 I-1.321432 J-2.354841
G02 X207.251950 Y25.089840 Z-0.200000 I-1.596852 J-2.177503
G01 X207.001950 Y25.849610 Z-0.200000
G00 Z5.000000

(End cutting path id: path350690)


(Start cutting path id: path306061)
(Change tool to Default tool)

G00 Z5.000000
G00 X207.001950 Y25.849610

G01 Z-0.200000 F100.0(Penetrate)
G02 X206.871322 Y25.657106 Z-0.200000 I-2.297649 J1.418544 F800.000000
G02 X206.724610 Y25.476560 Z-0.200000 I-2.167021 J1.611049
G02 X207.000030 Y25.299223 Z-0.200000 I-1.321432 J-2.354841
G02 X207.251950 Y25.089840 Z-0.200000 I-1.596852 J-2.177503
G01 X207.001950 Y25.849610 Z-0.200000
G00 Z5.000000

(End cutting path id: path306061)


(Start cutting path id: path151764)
(Change tool to Default tool)

G00 Z5.000000
G00 X212.625400 Y17.373760

G01 Z-0.200000 F100.0(Penetrate)
G01 X208.077890 Y17.373760 Z-0.200000 F800.000000
G01 X206.269220 Y23.109840 Z-0.200000
G01 X198.001010 Y23.109840 Z-0.200000
G01 X196.295690 Y17.373760 Z-0.200000
G01 X191.851520 Y17.373760 Z-0.200000
G01 X199.913030 Y42.626260 Z-0.200000
G01 X204.339970 Y42.626260 Z-0.200000
G01 X212.625400 Y17.373760 Z-0.200000
G00 Z5.000000

(End cutting path id: path151764)


(Start cutting path id: path151766)
(Change tool to Default tool)

G00 Z5.000000
G00 X214.950830 Y17.373760

G01 Z-0.200000 F100.0(Penetrate)
G01 X214.950830 Y42.419550 Z-0.200000 F800.000000
G01 X219.119390 Y42.419550 Z-0.200000
G01 X219.119390 Y21.628450 Z-0.200000
G01 X229.523550 Y21.628450 Z-0.200000
G01 X229.523550 Y17.373760 Z-0.200000
G01 X214.950830 Y17.373760 Z-0.200000
G00 Z5.000000

(End cutting path id: path151766)


(Start cutting path id: path350662)
(Change tool to Default tool)

G00 Z5.000000
G00 X217.650390 Y20.398440

G01 Z-0.200000 F100.0(Penetrate)
G01 X217.650390 Y20.074220 Z-0.200000 F800.000000
G01 X217.972660 Y20.074220 Z-0.200000
G02 X217.804652 Y20.229498 Z-0.200000 I1.747121 J2.058889
G02 X217.650390 Y20.398440 Z-0.200000 I1.915130 J1.903611
G01 X217.650390 Y20.398440 Z-0.200000
G00 Z5.000000

(End cutting path id: path350662)


(Start cutting path id: path306031)
(Change tool to Default tool)

G00 Z5.000000
G00 X217.650390 Y20.398440

G01 Z-0.200000 F100.0(Penetrate)
G01 X217.650390 Y20.074220 Z-0.200000 F800.000000
G01 X217.972660 Y20.074220 Z-0.200000
G02 X217.804652 Y20.229498 Z-0.200000 I1.747121 J2.058889
G02 X217.650390 Y20.398440 Z-0.200000 I1.915130 J1.903611
G01 X217.650390 Y20.398440 Z-0.200000
G00 Z5.000000

(End cutting path id: path306031)


(Start cutting path id: path350660)
(Change tool to Default tool)

G00 Z5.000000
G00 X217.410160 Y20.876950

G01 Z-0.200000 F100.0(Penetrate)
G01 X217.410160 Y19.833980 Z-0.200000 F800.000000
G01 X218.453120 Y19.833980 Z-0.200000
G02 X217.851640 Y20.275466 Z-0.200000 I1.138185 J2.181134
G02 X217.410160 Y20.876950 Z-0.200000 I1.739665 J1.739648
G01 X217.410160 Y20.876950 Z-0.200000
G00 Z5.000000

(End cutting path id: path350660)


(Start cutting path id: path306029)
(Change tool to Default tool)

G00 Z5.000000
G00 X217.410160 Y20.876950

G01 Z-0.200000 F100.0(Penetrate)
G01 X217.410160 Y19.833980 Z-0.200000 F800.000000
G01 X218.453120 Y19.833980 Z-0.200000
G02 X217.851640 Y20.275466 Z-0.200000 I1.138185 J2.181134
G02 X217.410160 Y20.876950 Z-0.200000 I1.739665 J1.739648
G01 X217.410160 Y20.876950 Z-0.200000
G00 Z5.000000

(End cutting path id: path306029)


(Start cutting path id: path350658)
(Change tool to Default tool)

G00 Z5.000000
G00 X217.171880 Y21.355470

G01 Z-0.200000 F100.0(Penetrate)
G01 X217.171880 Y19.593750 Z-0.200000 F800.000000
G01 X218.933590 Y19.593750 Z-0.200000
G02 X217.782332 Y20.204209 Z-0.200000 I0.418680 J2.180388
G02 X217.171880 Y21.355470 Z-0.200000 I1.569938 J1.569930
G01 X217.171880 Y21.355470 Z-0.200000
G00 Z5.000000

(End cutting path id: path350658)


(Start cutting path id: path306027)
(Change tool to Default tool)

G00 Z5.000000
G00 X217.171880 Y21.355470

G01 Z-0.200000 F100.0(Penetrate)
G01 X217.171880 Y19.593750 Z-0.200000 F800.000000
G01 X218.933590 Y19.593750 Z-0.200000
G02 X217.782332 Y20.204209 Z-0.200000 I0.418680 J2.180388
G02 X217.171880 Y21.355470 Z-0.200000 I1.569938 J1.569930
G01 X217.171880 Y21.355470 Z-0.200000
G00 Z5.000000

(End cutting path id: path306027)


(Start cutting path id: path350656)
(Change tool to Default tool)

G00 Z5.000000
G00 X216.931640 Y40.439450

G01 Z-0.200000 F100.0(Penetrate)
G01 X216.931640 Y19.353520 Z-0.200000 F800.000000
G01 X227.544920 Y19.353520 Z-0.200000
G01 X227.544920 Y19.648440 Z-0.200000
G01 X219.119140 Y19.648440 Z-0.200000
G02 X218.361205 Y19.799122 Z-0.200000 I-0.000272 J1.980198
G02 X217.718657 Y20.228427 Z-0.200000 I0.757663 J1.829516
G02 X217.289352 Y20.870975 Z-0.200000 I1.400211 J1.400211
G02 X217.138670 Y21.628910 Z-0.200000 I1.829516 J0.757663
G01 X217.138670 Y40.439450 Z-0.200000
G01 X216.931640 Y40.439450 Z-0.200000
G00 Z5.000000

(End cutting path id: path350656)


(Start cutting path id: path306025)
(Change tool to Default tool)

G00 Z5.000000
G00 X216.931640 Y40.439450

G01 Z-0.200000 F100.0(Penetrate)
G01 X216.931640 Y19.353520 Z-0.200000 F800.000000
G01 X227.544920 Y19.353520 Z-0.200000
G01 X227.544920 Y19.648440 Z-0.200000
G01 X219.119140 Y19.648440 Z-0.200000
G02 X218.361205 Y19.799122 Z-0.200000 I-0.000272 J1.980198
G02 X217.718657 Y20.228427 Z-0.200000 I0.757663 J1.829516
G02 X217.289352 Y20.870975 Z-0.200000 I1.400211 J1.400211
G02 X217.138670 Y21.628910 Z-0.200000 I1.829516 J0.757663
G01 X217.138670 Y40.439450 Z-0.200000
G01 X216.931640 Y40.439450 Z-0.200000
G00 Z5.000000

(End cutting path id: path306025)


(Start cutting path id: path350654)
(Change tool to Default tool)

G00 Z5.000000
G00 X216.691410 Y40.679690

G01 Z-0.200000 F100.0(Penetrate)
G01 X216.691410 Y19.113280 Z-0.200000 F800.000000
G01 X227.783200 Y19.113280 Z-0.200000
G01 X227.783200 Y19.888670 Z-0.200000
G01 X219.119140 Y19.888670 Z-0.200000
G02 X218.453172 Y20.021123 Z-0.200000 I-0.000056 J1.740174
G02 X217.888592 Y20.398359 Z-0.200000 I0.665912 J1.607721
G02 X217.511359 Y20.962941 Z-0.200000 I1.230492 J1.230485
G02 X217.378910 Y21.628910 Z-0.200000 I1.607725 J0.665903
G01 X217.378910 Y40.679690 Z-0.200000
G01 X216.691410 Y40.679690 Z-0.200000
G00 Z5.000000

(End cutting path id: path350654)


(Start cutting path id: path306023)
(Change tool to Default tool)

G00 Z5.000000
G00 X216.691410 Y40.679690

G01 Z-0.200000 F100.0(Penetrate)
G01 X216.691410 Y19.113280 Z-0.200000 F800.000000
G01 X227.783200 Y19.113280 Z-0.200000
G01 X227.783200 Y19.888670 Z-0.200000
G01 X219.119140 Y19.888670 Z-0.200000
G02 X218.453172 Y20.021123 Z-0.200000 I-0.000056 J1.740174
G02 X217.888592 Y20.398359 Z-0.200000 I0.665912 J1.607721
G02 X217.511359 Y20.962941 Z-0.200000 I1.230492 J1.230485
G02 X217.378910 Y21.628910 Z-0.200000 I1.607725 J0.665903
G01 X217.378910 Y40.679690 Z-0.200000
G01 X216.691410 Y40.679690 Z-0.200000
G00 Z5.000000

(End cutting path id: path306023)


(Start cutting path id: path350652)
(Change tool to Default tool)

G00 Z5.000000
G00 X216.451170 Y40.919920

G01 Z-0.200000 F100.0(Penetrate)
G01 X216.451170 Y18.873050 Z-0.200000 F800.000000
G01 X228.023440 Y18.873050 Z-0.200000
G01 X228.023440 Y20.128910 Z-0.200000
G01 X219.119140 Y20.128910 Z-0.200000
G02 X218.058524 Y20.568294 Z-0.200000 I0.000150 J1.500150
G02 X217.619140 Y21.628910 Z-0.200000 I1.060766 J1.060766
G01 X217.619140 Y40.919920 Z-0.200000
G01 X216.451170 Y40.919920 Z-0.200000
G00 Z5.000000

(End cutting path id: path350652)


(Start cutting path id: path306021)
(Change tool to Default tool)

G00 Z5.000000
G00 X216.451170 Y40.919920

G01 Z-0.200000 F100.0(Penetrate)
G01 X216.451170 Y18.873050 Z-0.200000 F800.000000
G01 X228.023440 Y18.873050 Z-0.200000
G01 X228.023440 Y20.128910 Z-0.200000
G01 X219.119140 Y20.128910 Z-0.200000
G02 X218.058524 Y20.568294 Z-0.200000 I0.000150 J1.500150
G02 X217.619140 Y21.628910 Z-0.200000 I1.060766 J1.060766
G01 X217.619140 Y40.919920 Z-0.200000
G01 X216.451170 Y40.919920 Z-0.200000
G00 Z5.000000

(End cutting path id: path306021)


(Start cutting path id: path350650)
(Change tool to Default tool)

G00 Z5.000000
G00 X216.210940 Y41.160160

G01 Z-0.200000 F100.0(Penetrate)
G01 X216.210940 Y18.634770 Z-0.200000 F800.000000
G01 X228.263670 Y18.634770 Z-0.200000
G01 X228.263670 Y20.367190 Z-0.200000
G01 X219.119140 Y20.367190 Z-0.200000
G02 X218.636655 Y20.463369 Z-0.200000 I0.000365 J1.260126
G02 X218.227769 Y20.736965 Z-0.200000 I0.482850 J1.163947
G02 X217.954809 Y21.146276 Z-0.200000 I0.891736 J0.890351
G02 X217.859380 Y21.628910 Z-0.200000 I1.164696 J0.481040
G01 X217.859380 Y41.160160 Z-0.200000
G01 X216.210940 Y41.160160 Z-0.200000
G00 Z5.000000

(End cutting path id: path350650)


(Start cutting path id: path306019)
(Change tool to Default tool)

G00 Z5.000000
G00 X216.210940 Y41.160160

G01 Z-0.200000 F100.0(Penetrate)
G01 X216.210940 Y18.634770 Z-0.200000 F800.000000
G01 X228.263670 Y18.634770 Z-0.200000
G01 X228.263670 Y20.367190 Z-0.200000
G01 X219.119140 Y20.367190 Z-0.200000
G02 X218.636655 Y20.463369 Z-0.200000 I0.000365 J1.260126
G02 X218.227769 Y20.736965 Z-0.200000 I0.482850 J1.163947
G02 X217.954809 Y21.146276 Z-0.200000 I0.891736 J0.890351
G02 X217.859380 Y21.628910 Z-0.200000 I1.164696 J0.481040
G01 X217.859380 Y41.160160 Z-0.200000
G01 X216.210940 Y41.160160 Z-0.200000
G00 Z5.000000

(End cutting path id: path306019)


(Start cutting path id: path350648)
(Change tool to Default tool)

G00 Z5.000000
G00 X215.970700 Y41.400390

G01 Z-0.200000 F100.0(Penetrate)
G01 X215.970700 Y18.394530 Z-0.200000 F800.000000
G01 X228.503910 Y18.394530 Z-0.200000
G01 X228.503910 Y20.607420 Z-0.200000
G01 X219.119140 Y20.607420 Z-0.200000
G02 X218.728619 Y20.685367 Z-0.200000 I0.000571 J1.020102
G02 X218.397698 Y20.906894 Z-0.200000 I0.391092 J0.942154
G02 X218.176807 Y21.238240 Z-0.200000 I0.722013 J0.720628
G02 X218.099610 Y21.628910 Z-0.200000 I0.942904 J0.389282
G01 X218.099610 Y41.400390 Z-0.200000
G01 X215.970700 Y41.400390 Z-0.200000
G00 Z5.000000

(End cutting path id: path350648)


(Start cutting path id: path306017)
(Change tool to Default tool)

G00 Z5.000000
G00 X215.970700 Y41.400390

G01 Z-0.200000 F100.0(Penetrate)
G01 X215.970700 Y18.394530 Z-0.200000 F800.000000
G01 X228.503910 Y18.394530 Z-0.200000
G01 X228.503910 Y20.607420 Z-0.200000
G01 X219.119140 Y20.607420 Z-0.200000
G02 X218.728619 Y20.685367 Z-0.200000 I0.000571 J1.020102
G02 X218.397698 Y20.906894 Z-0.200000 I0.391092 J0.942154
G02 X218.176807 Y21.238240 Z-0.200000 I0.722013 J0.720628
G02 X218.099610 Y21.628910 Z-0.200000 I0.942904 J0.389282
G01 X218.099610 Y41.400390 Z-0.200000
G01 X215.970700 Y41.400390 Z-0.200000
G00 Z5.000000

(End cutting path id: path306017)


(Start cutting path id: path350646)
(Change tool to Default tool)

G00 Z5.000000
G00 X215.730470 Y41.640620

G01 Z-0.200000 F100.0(Penetrate)
G01 X215.730470 Y18.154300 Z-0.200000 F800.000000
G01 X228.744140 Y18.154300 Z-0.200000
G01 X228.744140 Y20.847660 Z-0.200000
G01 X219.119140 Y20.847660 Z-0.200000
G02 X218.820585 Y20.907375 Z-0.200000 I0.000777 J0.780078
G02 X218.567630 Y21.076829 Z-0.200000 I0.299332 J0.720362
G02 X218.398809 Y21.330207 Z-0.200000 I0.552287 J0.550909
G02 X218.339840 Y21.628910 Z-0.200000 I0.721108 J0.297531
G01 X218.339840 Y41.640620 Z-0.200000
G01 X215.730470 Y41.640620 Z-0.200000
G00 Z5.000000

(End cutting path id: path350646)


(Start cutting path id: path306015)
(Change tool to Default tool)

G00 Z5.000000
G00 X215.730470 Y41.640620

G01 Z-0.200000 F100.0(Penetrate)
G01 X215.730470 Y18.154300 Z-0.200000 F800.000000
G01 X228.744140 Y18.154300 Z-0.200000
G01 X228.744140 Y20.847660 Z-0.200000
G01 X219.119140 Y20.847660 Z-0.200000
G02 X218.820585 Y20.907375 Z-0.200000 I0.000777 J0.780078
G02 X218.567630 Y21.076829 Z-0.200000 I0.299332 J0.720362
G02 X218.398809 Y21.330207 Z-0.200000 I0.552287 J0.550909
G02 X218.339840 Y21.628910 Z-0.200000 I0.721108 J0.297531
G01 X218.339840 Y41.640620 Z-0.200000
G01 X215.730470 Y41.640620 Z-0.200000
G00 Z5.000000

(End cutting path id: path306015)


(Start cutting path id: path350644)
(Change tool to Default tool)

G00 Z5.000000
G00 X215.490230 Y41.880860

G01 Z-0.200000 F100.0(Penetrate)
G01 X215.490230 Y17.914060 Z-0.200000 F800.000000
G01 X228.984380 Y17.914060 Z-0.200000
G01 X228.984380 Y21.087890 Z-0.200000
G01 X219.119140 Y21.087890 Z-0.200000
G02 X218.911950 Y21.128814 Z-0.200000 I-0.000967 J0.540053
G02 X218.736297 Y21.246067 Z-0.200000 I0.206223 J0.499130
G02 X218.619044 Y21.421720 Z-0.200000 I0.381876 J0.381876
G02 X218.578120 Y21.628910 Z-0.200000 I0.499130 J0.206223
G01 X218.578120 Y41.880860 Z-0.200000
G01 X215.490230 Y41.880860 Z-0.200000
G00 Z5.000000

(End cutting path id: path350644)


(Start cutting path id: path306013)
(Change tool to Default tool)

G00 Z5.000000
G00 X215.490230 Y41.880860

G01 Z-0.200000 F100.0(Penetrate)
G01 X215.490230 Y17.914060 Z-0.200000 F800.000000
G01 X228.984380 Y17.914060 Z-0.200000
G01 X228.984380 Y21.087890 Z-0.200000
G01 X219.119140 Y21.087890 Z-0.200000
G02 X218.911950 Y21.128814 Z-0.200000 I-0.000967 J0.540053
G02 X218.736297 Y21.246067 Z-0.200000 I0.206223 J0.499130
G02 X218.619044 Y21.421720 Z-0.200000 I0.381876 J0.381876
G02 X218.578120 Y21.628910 Z-0.200000 I0.499130 J0.206223
G01 X218.578120 Y41.880860 Z-0.200000
G01 X215.490230 Y41.880860 Z-0.200000
G00 Z5.000000

(End cutting path id: path306013)


(Start cutting path id: path350642)
(Change tool to Default tool)

G00 Z5.000000
G00 X215.251950 Y42.119140

G01 Z-0.200000 F100.0(Penetrate)
G01 X215.251950 Y17.673830 Z-0.200000 F800.000000
G01 X229.224610 Y17.673830 Z-0.200000
G01 X229.224610 Y21.328120 Z-0.200000
G01 X219.119140 Y21.328120 Z-0.200000
G02 X219.003917 Y21.350815 Z-0.200000 I-0.000751 J0.300029
G02 X218.906232 Y21.415999 Z-0.200000 I0.114472 J0.277334
G02 X218.841051 Y21.513686 Z-0.200000 I0.212157 J0.212150
G02 X218.818360 Y21.628910 Z-0.200000 I0.277338 J0.114463
G01 X218.818360 Y42.119140 Z-0.200000
G01 X215.251950 Y42.119140 Z-0.200000
G00 Z5.000000

(End cutting path id: path350642)


(Start cutting path id: path306011)
(Change tool to Default tool)

G00 Z5.000000
G00 X215.251950 Y42.119140

G01 Z-0.200000 F100.0(Penetrate)
G01 X215.251950 Y17.673830 Z-0.200000 F800.000000
G01 X229.224610 Y17.673830 Z-0.200000
G01 X229.224610 Y21.328120 Z-0.200000
G01 X219.119140 Y21.328120 Z-0.200000
G02 X219.003917 Y21.350815 Z-0.200000 I-0.000751 J0.300029
G02 X218.906232 Y21.415999 Z-0.200000 I0.114472 J0.277334
G02 X218.841051 Y21.513686 Z-0.200000 I0.212157 J0.212150
G02 X218.818360 Y21.628910 Z-0.200000 I0.277338 J0.114463
G01 X218.818360 Y42.119140 Z-0.200000
G01 X215.251950 Y42.119140 Z-0.200000
G00 Z5.000000

(End cutting path id: path306011)


(Start cutting path id: path350666)
(Change tool to Default tool)

G00 Z5.000000
G00 X214.951000 Y42.420000

G01 Z-0.200000 F100.0(Penetrate)
G01 X214.951000 Y17.374000 Z-0.200000 F800.000000
G01 X214.951000 Y17.374000 Z-0.200000
G01 X229.524000 Y17.374000 Z-0.200000
G01 X229.524000 Y21.628000 Z-0.200000
G01 X219.119000 Y21.628000 Z-0.200000
G01 X219.119000 Y42.420000 Z-0.200000
G01 X214.951000 Y42.420000 Z-0.200000
G00 Z5.000000

(End cutting path id: path350666)


(Start cutting path id: path350664)
(Change tool to Default tool)

G00 Z5.000000
G00 X214.951000 Y42.420000

G01 Z-0.200000 F100.0(Penetrate)
G01 X214.951000 Y17.374000 Z-0.200000 F800.000000
G01 X214.951000 Y17.374000 Z-0.200000
G01 X229.524000 Y17.374000 Z-0.200000
G01 X229.524000 Y21.628000 Z-0.200000
G01 X219.119000 Y21.628000 Z-0.200000
G01 X219.119000 Y42.420000 Z-0.200000
G01 X214.951000 Y42.420000 Z-0.200000
G00 Z5.000000

(End cutting path id: path350664)


(Start cutting path id: path306037)
(Change tool to Default tool)

G00 Z5.000000
G00 X214.951000 Y42.420000

G01 Z-0.200000 F100.0(Penetrate)
G01 X214.951000 Y17.374000 Z-0.200000 F800.000000
G01 X214.951000 Y17.374000 Z-0.200000
G01 X229.524000 Y17.374000 Z-0.200000
G01 X229.524000 Y21.628000 Z-0.200000
G01 X219.119000 Y21.628000 Z-0.200000
G01 X219.119000 Y42.420000 Z-0.200000
G01 X214.951000 Y42.420000 Z-0.200000
G00 Z5.000000

(End cutting path id: path306037)


(Start cutting path id: path306035)
(Change tool to Default tool)

G00 Z5.000000
G00 X214.951000 Y42.420000

G01 Z-0.200000 F100.0(Penetrate)
G01 X214.951000 Y17.374000 Z-0.200000 F800.000000
G01 X214.951000 Y17.374000 Z-0.200000
G01 X229.524000 Y17.374000 Z-0.200000
G01 X229.524000 Y21.628000 Z-0.200000
G01 X219.119000 Y21.628000 Z-0.200000
G01 X219.119000 Y42.420000 Z-0.200000
G01 X214.951000 Y42.420000 Z-0.200000
G00 Z5.000000

(End cutting path id: path306035)


(Start cutting path id: path306033)
(Change tool to Default tool)

G00 Z5.000000
G00 X214.951000 Y42.420000

G01 Z-0.200000 F100.0(Penetrate)
G01 X214.951000 Y17.374000 Z-0.200000 F800.000000
G01 X214.951000 Y17.374000 Z-0.200000
G01 X229.524000 Y17.374000 Z-0.200000
G01 X229.524000 Y21.628000 Z-0.200000
G01 X219.119000 Y21.628000 Z-0.200000
G01 X219.119000 Y42.420000 Z-0.200000
G01 X214.951000 Y42.420000 Z-0.200000
G00 Z5.000000

(End cutting path id: path306033)


(Start cutting path id: path350692)
(Change tool to Default tool)

G00 Z5.000000
G00 X202.058590 Y39.685550

G01 Z-0.200000 F100.0(Penetrate)
G01 X202.048590 Y39.652350 Z-0.200000 F800.000000
G02 X202.154201 Y39.598794 Z-0.200000 I-1.276742 J-2.648634
G02 X202.257570 Y39.541030 Z-0.200000 I-1.382353 J-2.595078
G01 X202.210670 Y39.685560 Z-0.200000
G01 X202.058590 Y39.685550 Z-0.200000
G00 Z5.000000

(End cutting path id: path350692)


(Start cutting path id: path306063)
(Change tool to Default tool)

G00 Z5.000000
G00 X202.058590 Y39.685550

G01 Z-0.200000 F100.0(Penetrate)
G01 X202.048590 Y39.652350 Z-0.200000 F800.000000
G02 X202.154201 Y39.598794 Z-0.200000 I-1.276742 J-2.648634
G02 X202.257570 Y39.541030 Z-0.200000 I-1.382353 J-2.595078
G01 X202.210670 Y39.685560 Z-0.200000
G01 X202.058590 Y39.685550 Z-0.200000
G00 Z5.000000

(End cutting path id: path306063)


(Start cutting path id: path350690)
(Change tool to Default tool)

G00 Z5.000000
G00 X201.884770 Y39.925780

G01 Z-0.200000 F100.0(Penetrate)
G01 X201.617190 Y39.091800 Z-0.200000 F800.000000
G02 X202.162094 Y39.088850 Z-0.200000 I0.257907 J-2.687925
G02 X202.695310 Y38.976560 Z-0.200000 I-0.286996 J-2.684975
G01 X202.384770 Y39.925780 Z-0.200000
G01 X201.884770 Y39.925780 Z-0.200000
G00 Z5.000000

(End cutting path id: path350690)


(Start cutting path id: path306061)
(Change tool to Default tool)

G00 Z5.000000
G00 X201.884770 Y39.925780

G01 Z-0.200000 F100.0(Penetrate)
G01 X201.617190 Y39.091800 Z-0.200000 F800.000000
G02 X202.162094 Y39.088850 Z-0.200000 I0.257907 J-2.687925
G02 X202.695310 Y38.976560 Z-0.200000 I-0.286996 J-2.684975
G01 X202.384770 Y39.925780 Z-0.200000
G01 X201.884770 Y39.925780 Z-0.200000
G00 Z5.000000

(End cutting path id: path306061)


(Start cutting path id: path350688)
(Change tool to Default tool)

G00 Z5.000000
G00 X201.708980 Y40.166020

G01 Z-0.200000 F100.0(Penetrate)
G01 X201.187500 Y38.531250 Z-0.200000 F800.000000
G02 X202.172253 Y38.673484 Z-0.200000 I0.836811 J-2.313560
G02 X203.132810 Y38.414060 Z-0.200000 I-0.147943 J-2.455794
G01 X202.558590 Y40.166020 Z-0.200000
G01 X201.708980 Y40.166020 Z-0.200000
G00 Z5.000000

(End cutting path id: path350688)


(Start cutting path id: path306059)
(Change tool to Default tool)

G00 Z5.000000
G00 X201.708980 Y40.166020

G01 Z-0.200000 F100.0(Penetrate)
G01 X201.187500 Y38.531250 Z-0.200000 F800.000000
G02 X202.172253 Y38.673484 Z-0.200000 I0.836811 J-2.313560
G02 X203.132810 Y38.414060 Z-0.200000 I-0.147943 J-2.455794
G01 X202.558590 Y40.166020 Z-0.200000
G01 X201.708980 Y40.166020 Z-0.200000
G00 Z5.000000

(End cutting path id: path306059)


(Start cutting path id: path350686)
(Change tool to Default tool)

G00 Z5.000000
G00 X201.535160 Y40.406250

G01 Z-0.200000 F100.0(Penetrate)
G01 X200.755860 Y37.968750 Z-0.200000 F800.000000
G02 X202.184399 Y38.412689 Z-0.200000 I1.334638 J-1.774296
G02 X203.570310 Y37.849610 Z-0.200000 I-0.093901 J-2.218235
G01 X202.732420 Y40.406250 Z-0.200000
G01 X201.535160 Y40.406250 Z-0.200000
G00 Z5.000000

(End cutting path id: path350686)


(Start cutting path id: path306057)
(Change tool to Default tool)

G00 Z5.000000
G00 X201.535160 Y40.406250

G01 Z-0.200000 F100.0(Penetrate)
G01 X200.755860 Y37.968750 Z-0.200000 F800.000000
G02 X202.184399 Y38.412689 Z-0.200000 I1.334638 J-1.774296
G02 X203.570310 Y37.849610 Z-0.200000 I-0.093901 J-2.218235
G01 X202.732420 Y40.406250 Z-0.200000
G01 X201.535160 Y40.406250 Z-0.200000
G00 Z5.000000

(End cutting path id: path306057)


(Start cutting path id: path350684)
(Change tool to Default tool)

G00 Z5.000000
G00 X201.359380 Y40.646480

G01 Z-0.200000 F100.0(Penetrate)
G01 X200.324220 Y37.406250 Z-0.200000 F800.000000
G02 X201.076628 Y38.272694 Z-0.200000 I1.807205 J-0.809440
G02 X202.183266 Y38.576329 Z-0.200000 I1.054798 J-1.675884
G02 X203.272494 Y38.215188 Z-0.200000 I-0.051840 J-1.979519
G02 X203.978520 Y37.310550 Z-0.200000 I-1.141069 J-1.618378
G01 X206.820310 Y27.939450 Z-0.200000
G02 X206.876297 Y27.026292 Z-0.200000 I-1.895034 J-0.574482
G02 X206.515830 Y26.185426 Z-0.200000 I-1.951021 J0.338676
G02 X205.815854 Y25.596337 Z-0.200000 I-1.590555 J1.179542
G02 X204.925780 Y25.384770 Z-0.200000 I-0.890578 J1.768631
G01 X199.275390 Y25.384770 Z-0.200000
G02 X198.386623 Y25.595588 Z-0.200000 I0.000321 J1.980198
G02 X197.687036 Y26.182895 Z-0.200000 I0.889088 J1.769380
G02 X197.325488 Y27.021725 Z-0.200000 I1.588675 J1.182073
G02 X197.378910 Y27.933590 Z-0.200000 I1.950223 J0.343243
G01 X198.562500 Y31.884770 Z-0.200000
G01 X194.562500 Y19.353520 Z-0.200000
G01 X194.818360 Y19.353520 Z-0.200000
G01 X196.103520 Y23.673830 Z-0.200000
G02 X196.817710 Y24.696930 Z-0.200000 I1.898124 J-0.564188
G02 X198.001950 Y25.089840 Z-0.200000 I1.183934 J-1.587288
G01 X206.269530 Y25.089840 Z-0.200000
G02 X207.440517 Y24.706590 Z-0.200000 I0.000116 J-1.980198
G02 X208.158200 Y23.705080 Z-0.200000 I-1.170872 J-1.596948
G01 X209.529300 Y19.353520 Z-0.200000
G01 X209.892580 Y19.353520 Z-0.200000
G01 X202.906250 Y40.646480 Z-0.200000
G01 X201.359380 Y40.646480 Z-0.200000
G00 Z5.000000

(End cutting path id: path350684)


(Start cutting path id: path306055)
(Change tool to Default tool)

G00 Z5.000000
G00 X201.359380 Y40.646480

G01 Z-0.200000 F100.0(Penetrate)
G01 X200.324220 Y37.406250 Z-0.200000 F800.000000
G02 X201.076628 Y38.272694 Z-0.200000 I1.807205 J-0.809440
G02 X202.183266 Y38.576329 Z-0.200000 I1.054798 J-1.675884
G02 X203.272494 Y38.215188 Z-0.200000 I-0.051840 J-1.979519
G02 X203.978520 Y37.310550 Z-0.200000 I-1.141069 J-1.618378
G01 X206.820310 Y27.939450 Z-0.200000
G02 X206.876297 Y27.026292 Z-0.200000 I-1.895034 J-0.574482
G02 X206.515830 Y26.185426 Z-0.200000 I-1.951021 J0.338676
G02 X205.815854 Y25.596337 Z-0.200000 I-1.590555 J1.179542
G02 X204.925780 Y25.384770 Z-0.200000 I-0.890578 J1.768631
G01 X199.275390 Y25.384770 Z-0.200000
G02 X198.386623 Y25.595588 Z-0.200000 I0.000321 J1.980198
G02 X197.687036 Y26.182895 Z-0.200000 I0.889088 J1.769380
G02 X197.325488 Y27.021725 Z-0.200000 I1.588675 J1.182073
G02 X197.378910 Y27.933590 Z-0.200000 I1.950223 J0.343243
G01 X198.562500 Y31.884770 Z-0.200000
G01 X194.562500 Y19.353520 Z-0.200000
G01 X194.818360 Y19.353520 Z-0.200000
G01 X196.103520 Y23.673830 Z-0.200000
G02 X196.817710 Y24.696930 Z-0.200000 I1.898124 J-0.564188
G02 X198.001950 Y25.089840 Z-0.200000 I1.183934 J-1.587288
G01 X206.269530 Y25.089840 Z-0.200000
G02 X207.440517 Y24.706590 Z-0.200000 I0.000116 J-1.980198
G02 X208.158200 Y23.705080 Z-0.200000 I-1.170872 J-1.596948
G01 X209.529300 Y19.353520 Z-0.200000
G01 X209.892580 Y19.353520 Z-0.200000
G01 X202.906250 Y40.646480 Z-0.200000
G01 X201.359380 Y40.646480 Z-0.200000
G00 Z5.000000

(End cutting path id: path306055)


(Start cutting path id: path350682)
(Change tool to Default tool)

G00 Z5.000000
G00 X201.183590 Y40.886720

G01 Z-0.200000 F100.0(Penetrate)
G01 X194.234380 Y19.113280 Z-0.200000 F800.000000
G01 X194.998050 Y19.113280 Z-0.200000
G01 X196.333980 Y23.605470 Z-0.200000
G02 X196.961518 Y24.504315 Z-0.200000 I1.667980 J-0.496034
G02 X198.001950 Y24.849610 Z-0.200000 I1.040441 J-1.394879
G01 X206.269530 Y24.849610 Z-0.200000
G02 X207.297634 Y24.512404 Z-0.200000 I-0.001404 J-1.740173
G02 X207.927730 Y23.632810 Z-0.200000 I-1.029508 J-1.402968
G01 X209.353520 Y19.113280 Z-0.200000
G01 X210.224610 Y19.113280 Z-0.200000
G01 X203.080080 Y40.886720 Z-0.200000
G01 X201.183590 Y40.886720 Z-0.200000
G00 Z5.000000

(End cutting path id: path350682)


(Start cutting path id: path306053)
(Change tool to Default tool)

G00 Z5.000000
G00 X201.183590 Y40.886720

G01 Z-0.200000 F100.0(Penetrate)
G01 X194.234380 Y19.113280 Z-0.200000 F800.000000
G01 X194.998050 Y19.113280 Z-0.200000
G01 X196.333980 Y23.605470 Z-0.200000
G02 X196.961518 Y24.504315 Z-0.200000 I1.667980 J-0.496034
G02 X198.001950 Y24.849610 Z-0.200000 I1.040441 J-1.394879
G01 X206.269530 Y24.849610 Z-0.200000
G02 X207.297634 Y24.512404 Z-0.200000 I-0.001404 J-1.740173
G02 X207.927730 Y23.632810 Z-0.200000 I-1.029508 J-1.402968
G01 X209.353520 Y19.113280 Z-0.200000
G01 X210.224610 Y19.113280 Z-0.200000
G01 X203.080080 Y40.886720 Z-0.200000
G01 X201.183590 Y40.886720 Z-0.200000
G00 Z5.000000

(End cutting path id: path306053)


(Start cutting path id: path350680)
(Change tool to Default tool)

G00 Z5.000000
G00 X201.009770 Y41.126950

G01 Z-0.200000 F100.0(Penetrate)
G01 X193.906250 Y18.873050 Z-0.200000 F800.000000
G01 X195.177730 Y18.873050 Z-0.200000
G01 X196.562500 Y23.537110 Z-0.200000
G02 X197.104164 Y24.312280 Z-0.200000 I1.437835 J-0.427879
G02 X198.001950 Y24.609380 Z-0.200000 I0.896171 J-1.203049
G01 X206.269530 Y24.609380 Z-0.200000
G02 X207.155919 Y24.318801 Z-0.200000 I-0.000960 J-1.500150
G02 X207.699220 Y23.560550 Z-0.200000 I-0.887349 J-1.209571
G01 X209.177730 Y18.873050 Z-0.200000
G01 X210.554690 Y18.873050 Z-0.200000
G01 X203.253910 Y41.126950 Z-0.200000
G01 X201.009770 Y41.126950 Z-0.200000
G00 Z5.000000

(End cutting path id: path350680)


(Start cutting path id: path306051)
(Change tool to Default tool)

G00 Z5.000000
G00 X201.009770 Y41.126950

G01 Z-0.200000 F100.0(Penetrate)
G01 X193.906250 Y18.873050 Z-0.200000 F800.000000
G01 X195.177730 Y18.873050 Z-0.200000
G01 X196.562500 Y23.537110 Z-0.200000
G02 X197.104164 Y24.312280 Z-0.200000 I1.437835 J-0.427879
G02 X198.001950 Y24.609380 Z-0.200000 I0.896171 J-1.203049
G01 X206.269530 Y24.609380 Z-0.200000
G02 X207.155919 Y24.318801 Z-0.200000 I-0.000960 J-1.500150
G02 X207.699220 Y23.560550 Z-0.200000 I-0.887349 J-1.209571
G01 X209.177730 Y18.873050 Z-0.200000
G01 X210.554690 Y18.873050 Z-0.200000
G01 X203.253910 Y41.126950 Z-0.200000
G01 X201.009770 Y41.126950 Z-0.200000
G00 Z5.000000

(End cutting path id: path306051)


(Start cutting path id: path350678)
(Change tool to Default tool)

G00 Z5.000000
G00 X200.833980 Y41.365230

G01 Z-0.200000 F100.0(Penetrate)
G01 X193.578120 Y18.634770 Z-0.200000 F800.000000
G01 X195.355470 Y18.634770 Z-0.200000
G01 X196.792970 Y23.468750 Z-0.200000
G02 X197.247980 Y24.119656 Z-0.200000 I1.207687 J-0.359735
G02 X198.001950 Y24.369140 Z-0.200000 I0.752677 J-1.010641
G01 X206.269530 Y24.369140 Z-0.200000
G02 X207.014197 Y24.125185 Z-0.200000 I-0.000527 J-1.260126
G02 X207.470700 Y23.488280 Z-0.200000 I-0.745194 J-1.016171
G01 X209.001950 Y18.634770 Z-0.200000
G01 X210.884770 Y18.634770 Z-0.200000
G01 X203.427730 Y41.365230 Z-0.200000
G01 X200.833980 Y41.365230 Z-0.200000
G00 Z5.000000

(End cutting path id: path350678)


(Start cutting path id: path306049)
(Change tool to Default tool)

G00 Z5.000000
G00 X200.833980 Y41.365230

G01 Z-0.200000 F100.0(Penetrate)
G01 X193.578120 Y18.634770 Z-0.200000 F800.000000
G01 X195.355470 Y18.634770 Z-0.200000
G01 X196.792970 Y23.468750 Z-0.200000
G02 X197.247980 Y24.119656 Z-0.200000 I1.207687 J-0.359735
G02 X198.001950 Y24.369140 Z-0.200000 I0.752677 J-1.010641
G01 X206.269530 Y24.369140 Z-0.200000
G02 X207.014197 Y24.125185 Z-0.200000 I-0.000527 J-1.260126
G02 X207.470700 Y23.488280 Z-0.200000 I-0.745194 J-1.016171
G01 X209.001950 Y18.634770 Z-0.200000
G01 X210.884770 Y18.634770 Z-0.200000
G01 X203.427730 Y41.365230 Z-0.200000
G01 X200.833980 Y41.365230 Z-0.200000
G00 Z5.000000

(End cutting path id: path306049)


(Start cutting path id: path350676)
(Change tool to Default tool)

G00 Z5.000000
G00 X200.658200 Y41.605470

G01 Z-0.200000 F100.0(Penetrate)
G01 X193.248050 Y18.394530 Z-0.200000 F800.000000
G01 X195.535160 Y18.394530 Z-0.200000
G01 X197.023440 Y23.400390 Z-0.200000
G02 X197.391326 Y23.928206 Z-0.200000 I0.978121 J-0.289632
G02 X198.001950 Y24.130860 Z-0.200000 I0.610235 J-0.817448
G01 X206.269530 Y24.130860 Z-0.200000
G02 X206.872939 Y23.932746 Z-0.200000 I-0.000697 J-1.020102
G02 X207.242190 Y23.416020 Z-0.200000 I-0.604106 J-0.821988
G01 X208.826170 Y18.394530 Z-0.200000
G01 X211.216800 Y18.394530 Z-0.200000
G01 X203.601560 Y41.605470 Z-0.200000
G01 X200.658200 Y41.605470 Z-0.200000
G00 Z5.000000

(End cutting path id: path350676)


(Start cutting path id: path306047)
(Change tool to Default tool)

G00 Z5.000000
G00 X200.658200 Y41.605470

G01 Z-0.200000 F100.0(Penetrate)
G01 X193.248050 Y18.394530 Z-0.200000 F800.000000
G01 X195.535160 Y18.394530 Z-0.200000
G01 X197.023440 Y23.400390 Z-0.200000
G02 X197.391326 Y23.928206 Z-0.200000 I0.978121 J-0.289632
G02 X198.001950 Y24.130860 Z-0.200000 I0.610235 J-0.817448
G01 X206.269530 Y24.130860 Z-0.200000
G02 X206.872939 Y23.932746 Z-0.200000 I-0.000697 J-1.020102
G02 X207.242190 Y23.416020 Z-0.200000 I-0.604106 J-0.821988
G01 X208.826170 Y18.394530 Z-0.200000
G01 X211.216800 Y18.394530 Z-0.200000
G01 X203.601560 Y41.605470 Z-0.200000
G01 X200.658200 Y41.605470 Z-0.200000
G00 Z5.000000

(End cutting path id: path306047)


(Start cutting path id: path350674)
(Change tool to Default tool)

G00 Z5.000000
G00 X200.482420 Y41.845700

G01 Z-0.200000 F100.0(Penetrate)
G01 X192.919920 Y18.154300 Z-0.200000 F800.000000
G01 X195.714840 Y18.154300 Z-0.200000
G01 X197.253910 Y23.332030 Z-0.200000
G02 X197.535143 Y23.735582 Z-0.200000 I0.747974 J-0.221488
G02 X198.001950 Y23.890620 Z-0.200000 I0.466741 J-0.625040
G01 X206.269530 Y23.890620 Z-0.200000
G02 X206.731218 Y23.739130 Z-0.200000 I-0.000263 J-0.780078
G02 X207.013670 Y23.343750 Z-0.200000 I-0.461951 J-0.628588
G01 X208.650390 Y18.154300 Z-0.200000
G01 X211.548830 Y18.154300 Z-0.200000
G01 X203.775390 Y41.845700 Z-0.200000
G01 X200.482420 Y41.845700 Z-0.200000
G00 Z5.000000

(End cutting path id: path350674)


(Start cutting path id: path306045)
(Change tool to Default tool)

G00 Z5.000000
G00 X200.482420 Y41.845700

G01 Z-0.200000 F100.0(Penetrate)
G01 X192.919920 Y18.154300 Z-0.200000 F800.000000
G01 X195.714840 Y18.154300 Z-0.200000
G01 X197.253910 Y23.332030 Z-0.200000
G02 X197.535143 Y23.735582 Z-0.200000 I0.747974 J-0.221488
G02 X198.001950 Y23.890620 Z-0.200000 I0.466741 J-0.625040
G01 X206.269530 Y23.890620 Z-0.200000
G02 X206.731218 Y23.739130 Z-0.200000 I-0.000263 J-0.780078
G02 X207.013670 Y23.343750 Z-0.200000 I-0.461951 J-0.628588
G01 X208.650390 Y18.154300 Z-0.200000
G01 X211.548830 Y18.154300 Z-0.200000
G01 X203.775390 Y41.845700 Z-0.200000
G01 X200.482420 Y41.845700 Z-0.200000
G00 Z5.000000

(End cutting path id: path306045)


(Start cutting path id: path350672)
(Change tool to Default tool)

G00 Z5.000000
G00 X200.308590 Y42.085940

G01 Z-0.200000 F100.0(Penetrate)
G01 X192.591800 Y17.914060 Z-0.200000 F800.000000
G01 X195.892580 Y17.914060 Z-0.200000
G01 X197.482420 Y23.263670 Z-0.200000
G02 X197.677782 Y23.543551 Z-0.200000 I0.517830 J-0.153331
G02 X198.001950 Y23.650390 Z-0.200000 I0.322468 J-0.433212
G01 X206.269530 Y23.650390 Z-0.200000
G02 X206.588335 Y23.544944 Z-0.200000 I-0.001783 J-0.540051
G02 X206.783200 Y23.271480 Z-0.200000 I-0.320588 J-0.434605
G01 X208.474610 Y17.914060 Z-0.200000
G01 X211.878910 Y17.914060 Z-0.200000
G01 X203.949220 Y42.085940 Z-0.200000
G01 X200.308590 Y42.085940 Z-0.200000
G00 Z5.000000

(End cutting path id: path350672)


(Start cutting path id: path306043)
(Change tool to Default tool)

G00 Z5.000000
G00 X200.308590 Y42.085940

G01 Z-0.200000 F100.0(Penetrate)
G01 X192.591800 Y17.914060 Z-0.200000 F800.000000
G01 X195.892580 Y17.914060 Z-0.200000
G01 X197.482420 Y23.263670 Z-0.200000
G02 X197.677782 Y23.543551 Z-0.200000 I0.517830 J-0.153331
G02 X198.001950 Y23.650390 Z-0.200000 I0.322468 J-0.433212
G01 X206.269530 Y23.650390 Z-0.200000
G02 X206.588335 Y23.544944 Z-0.200000 I-0.001783 J-0.540051
G02 X206.783200 Y23.271480 Z-0.200000 I-0.320588 J-0.434605
G01 X208.474610 Y17.914060 Z-0.200000
G01 X211.878910 Y17.914060 Z-0.200000
G01 X203.949220 Y42.085940 Z-0.200000
G01 X200.308590 Y42.085940 Z-0.200000
G00 Z5.000000

(End cutting path id: path306043)


(Start cutting path id: path350670)
(Change tool to Default tool)

G00 Z5.000000
G00 X200.132810 Y42.326170

G01 Z-0.200000 F100.0(Penetrate)
G01 X192.263670 Y17.673830 Z-0.200000 F800.000000
G01 X196.072270 Y17.673830 Z-0.200000
G01 X197.712890 Y23.195310 Z-0.200000
G02 X197.821596 Y23.350933 Z-0.200000 I0.287685 J-0.085177
G02 X198.001950 Y23.410160 Z-0.200000 I0.178979 J-0.240799
G01 X206.269530 Y23.410160 Z-0.200000
G02 X206.446162 Y23.352128 Z-0.200000 I-0.000724 J-0.300029
G02 X206.554690 Y23.201170 Z-0.200000 I-0.177357 J-0.241997
G01 X208.298830 Y17.673830 Z-0.200000
G01 X212.210940 Y17.673830 Z-0.200000
G01 X204.123050 Y42.326170 Z-0.200000
G01 X200.132810 Y42.326170 Z-0.200000
G00 Z5.000000

(End cutting path id: path350670)


(Start cutting path id: path306041)
(Change tool to Default tool)

G00 Z5.000000
G00 X200.132810 Y42.326170

G01 Z-0.200000 F100.0(Penetrate)
G01 X192.263670 Y17.673830 Z-0.200000 F800.000000
G01 X196.072270 Y17.673830 Z-0.200000
G01 X197.712890 Y23.195310 Z-0.200000
G02 X197.821596 Y23.350933 Z-0.200000 I0.287685 J-0.085177
G02 X198.001950 Y23.410160 Z-0.200000 I0.178979 J-0.240799
G01 X206.269530 Y23.410160 Z-0.200000
G02 X206.446162 Y23.352128 Z-0.200000 I-0.000724 J-0.300029
G02 X206.554690 Y23.201170 Z-0.200000 I-0.177357 J-0.241997
G01 X208.298830 Y17.673830 Z-0.200000
G01 X212.210940 Y17.673830 Z-0.200000
G01 X204.123050 Y42.326170 Z-0.200000
G01 X200.132810 Y42.326170 Z-0.200000
G00 Z5.000000

(End cutting path id: path306041)


(Start cutting path id: path350694)
(Change tool to Default tool)

G00 Z5.000000
G00 X199.913000 Y42.626000

G01 Z-0.200000 F100.0(Penetrate)
G01 X191.852000 Y17.374000 Z-0.200000 F800.000000
G01 X196.296000 Y17.374000 Z-0.200000
G01 X198.001000 Y23.110000 Z-0.200000
G01 X206.269000 Y23.110000 Z-0.200000
G01 X208.078000 Y17.374000 Z-0.200000
G01 X212.625000 Y17.374000 Z-0.200000
G01 X212.625000 Y17.374000 Z-0.200000
G01 X204.340000 Y42.626000 Z-0.200000
G01 X199.913000 Y42.626000 Z-0.200000
G00 Z5.000000

(End cutting path id: path350694)


(Start cutting path id: path306067)
(Change tool to Default tool)

G00 Z5.000000
G00 X199.913000 Y42.626000

G01 Z-0.200000 F100.0(Penetrate)
G01 X191.852000 Y17.374000 Z-0.200000 F800.000000
G01 X196.296000 Y17.374000 Z-0.200000
G01 X198.001000 Y23.110000 Z-0.200000
G01 X206.269000 Y23.110000 Z-0.200000
G01 X208.078000 Y17.374000 Z-0.200000
G01 X212.625000 Y17.374000 Z-0.200000
G01 X212.625000 Y17.374000 Z-0.200000
G01 X204.340000 Y42.626000 Z-0.200000
G01 X199.913000 Y42.626000 Z-0.200000
G00 Z5.000000

(End cutting path id: path306067)


(Start cutting path id: path306065)
(Change tool to Default tool)

G00 Z5.000000
G00 X199.913000 Y42.626000

G01 Z-0.200000 F100.0(Penetrate)
G01 X191.852000 Y17.374000 Z-0.200000 F800.000000
G01 X196.296000 Y17.374000 Z-0.200000
G01 X198.001000 Y23.110000 Z-0.200000
G01 X206.269000 Y23.110000 Z-0.200000
G01 X208.078000 Y17.374000 Z-0.200000
G01 X212.625000 Y17.374000 Z-0.200000
G01 X212.625000 Y17.374000 Z-0.200000
G01 X204.340000 Y42.626000 Z-0.200000
G01 X199.913000 Y42.626000 Z-0.200000
G00 Z5.000000

(End cutting path id: path306065)


(Start cutting path id: path350682)
(Change tool to Default tool)

G00 Z5.000000
G00 X202.080080 Y38.474610

G01 Z-0.200000 F100.0(Penetrate)
G02 X203.118178 Y38.133230 Z-0.200000 I0.002923 J-1.740172 F800.000000
G02 X203.748050 Y37.240230 Z-0.200000 I-1.035175 J-1.398792
G01 X206.591800 Y27.871090 Z-0.200000
G02 X206.641406 Y27.068016 Z-0.200000 I-1.665009 J-0.505916
G02 X206.324451 Y26.328471 Z-0.200000 I-1.714615 J0.297158
G02 X205.708695 Y25.810558 Z-0.200000 I-1.397659 J1.036703
G02 X204.925780 Y25.625000 Z-0.200000 I-0.781904 J1.554616
G01 X199.275390 Y25.625000 Z-0.200000
G02 X198.494429 Y25.810470 Z-0.200000 I0.000768 J1.740174
G02 X197.879793 Y26.326728 Z-0.200000 I0.781729 J1.554704
G02 X197.562257 Y27.063932 Z-0.200000 I1.396365 J1.038446
G02 X197.609380 Y27.865230 Z-0.200000 I1.713902 J0.301242
G01 X200.416020 Y37.234380 Z-0.200000
G02 X201.042927 Y38.129716 Z-0.200000 I1.666812 J-0.499942
G02 X202.080080 Y38.474610 Z-0.200000 I1.039906 J-1.395278
G01 X202.080080 Y38.474610 Z-0.200000
G00 Z5.000000

(End cutting path id: path350682)


(Start cutting path id: path306053)
(Change tool to Default tool)

G00 Z5.000000
G00 X202.080080 Y38.474610

G01 Z-0.200000 F100.0(Penetrate)
G02 X203.118178 Y38.133230 Z-0.200000 I0.002923 J-1.740172 F800.000000
G02 X203.748050 Y37.240230 Z-0.200000 I-1.035175 J-1.398792
G01 X206.591800 Y27.871090 Z-0.200000
G02 X206.641406 Y27.068016 Z-0.200000 I-1.665009 J-0.505916
G02 X206.324451 Y26.328471 Z-0.200000 I-1.714615 J0.297158
G02 X205.708695 Y25.810558 Z-0.200000 I-1.397659 J1.036703
G02 X204.925780 Y25.625000 Z-0.200000 I-0.781904 J1.554616
G01 X199.275390 Y25.625000 Z-0.200000
G02 X198.494429 Y25.810470 Z-0.200000 I0.000768 J1.740174
G02 X197.879793 Y26.326728 Z-0.200000 I0.781729 J1.554704
G02 X197.562257 Y27.063932 Z-0.200000 I1.396365 J1.038446
G02 X197.609380 Y27.865230 Z-0.200000 I1.713902 J0.301242
G01 X200.416020 Y37.234380 Z-0.200000
G02 X201.042927 Y38.129716 Z-0.200000 I1.666812 J-0.499942
G02 X202.080080 Y38.474610 Z-0.200000 I1.039906 J-1.395278
G01 X202.080080 Y38.474610 Z-0.200000
G00 Z5.000000

(End cutting path id: path306053)


(Start cutting path id: path350680)
(Change tool to Default tool)

G00 Z5.000000
G00 X202.080080 Y38.234380

G01 Z-0.200000 F100.0(Penetrate)
G02 X202.974831 Y37.939830 Z-0.200000 I0.002012 J-1.500149 F800.000000
G02 X203.517580 Y37.169920 Z-0.200000 I-0.892738 J-1.205599
G01 X206.361330 Y27.800780 Z-0.200000
G02 X206.403810 Y27.108863 Z-0.200000 I-1.435575 J-0.435400
G02 X206.130672 Y26.471722 Z-0.200000 I-1.478056 J0.256517
G02 X205.600240 Y26.025410 Z-0.200000 I-1.204917 J0.893658
G02 X204.925780 Y25.865230 Z-0.200000 I-0.674485 J1.339970
G01 X199.275390 Y25.865230 Z-0.200000
G02 X198.602879 Y26.025316 Z-0.200000 I0.001789 J1.500149
G02 X198.073560 Y26.469973 Z-0.200000 I0.674300 J1.340063
G02 X197.799838 Y27.104776 Z-0.200000 I1.203619 J0.895406
G02 X197.839840 Y27.794920 Z-0.200000 I1.477341 J0.260603
G01 X200.646480 Y37.166020 Z-0.200000
G02 X201.186734 Y37.937102 Z-0.200000 I1.436666 J-0.431787
G02 X202.080080 Y38.234380 Z-0.200000 I0.896413 J-1.202869
G01 X202.080080 Y38.234380 Z-0.200000
G00 Z5.000000

(End cutting path id: path350680)


(Start cutting path id: path306051)
(Change tool to Default tool)

G00 Z5.000000
G00 X202.080080 Y38.234380

G01 Z-0.200000 F100.0(Penetrate)
G02 X202.974831 Y37.939830 Z-0.200000 I0.002012 J-1.500149 F800.000000
G02 X203.517580 Y37.169920 Z-0.200000 I-0.892738 J-1.205599
G01 X206.361330 Y27.800780 Z-0.200000
G02 X206.403810 Y27.108863 Z-0.200000 I-1.435575 J-0.435400
G02 X206.130672 Y26.471722 Z-0.200000 I-1.478056 J0.256517
G02 X205.600240 Y26.025410 Z-0.200000 I-1.204917 J0.893658
G02 X204.925780 Y25.865230 Z-0.200000 I-0.674485 J1.339970
G01 X199.275390 Y25.865230 Z-0.200000
G02 X198.602879 Y26.025316 Z-0.200000 I0.001789 J1.500149
G02 X198.073560 Y26.469973 Z-0.200000 I0.674300 J1.340063
G02 X197.799838 Y27.104776 Z-0.200000 I1.203619 J0.895406
G02 X197.839840 Y27.794920 Z-0.200000 I1.477341 J0.260603
G01 X200.646480 Y37.166020 Z-0.200000
G02 X201.186734 Y37.937102 Z-0.200000 I1.436666 J-0.431787
G02 X202.080080 Y38.234380 Z-0.200000 I0.896413 J-1.202869
G01 X202.080080 Y38.234380 Z-0.200000
G00 Z5.000000

(End cutting path id: path306051)


(Start cutting path id: path350678)
(Change tool to Default tool)

G00 Z5.000000
G00 X202.080080 Y37.994140

G01 Z-0.200000 F100.0(Penetrate)
G02 X202.832183 Y37.747789 Z-0.200000 I0.003645 J-1.260121 F800.000000
G02 X203.289060 Y37.101560 Z-0.200000 I-0.748458 J-1.013770
G01 X206.130860 Y27.730470 Z-0.200000
G02 X206.166212 Y27.149713 Z-0.200000 I-1.206144 J-0.364874
G02 X205.936889 Y26.614980 Z-0.200000 I-1.241496 J0.215882
G02 X205.491781 Y26.240271 Z-0.200000 I-1.012173 J0.750615
G02 X204.925780 Y26.105470 Z-0.200000 I-0.567065 J1.125324
G01 X199.275390 Y26.105470 Z-0.200000
G02 X198.710046 Y26.239552 Z-0.200000 I0.000290 J1.260126
G02 X198.264956 Y26.613031 Z-0.200000 I0.565635 J1.126044
G02 X198.034746 Y27.146506 Z-0.200000 I1.010725 J0.752565
G02 X198.068360 Y27.726560 Z-0.200000 I1.240934 J0.219090
G01 X200.876950 Y37.095700 Z-0.200000
G02 X201.330081 Y37.743693 Z-0.200000 I1.207106 J-0.361680
G02 X202.080080 Y37.994140 Z-0.200000 I0.753975 J-1.009673
G01 X202.080080 Y37.994140 Z-0.200000
G00 Z5.000000

(End cutting path id: path350678)


(Start cutting path id: path306049)
(Change tool to Default tool)

G00 Z5.000000
G00 X202.080080 Y37.994140

G01 Z-0.200000 F100.0(Penetrate)
G02 X202.832183 Y37.747789 Z-0.200000 I0.003645 J-1.260121 F800.000000
G02 X203.289060 Y37.101560 Z-0.200000 I-0.748458 J-1.013770
G01 X206.130860 Y27.730470 Z-0.200000
G02 X206.166212 Y27.149713 Z-0.200000 I-1.206144 J-0.364874
G02 X205.936889 Y26.614980 Z-0.200000 I-1.241496 J0.215882
G02 X205.491781 Y26.240271 Z-0.200000 I-1.012173 J0.750615
G02 X204.925780 Y26.105470 Z-0.200000 I-0.567065 J1.125324
G01 X199.275390 Y26.105470 Z-0.200000
G02 X198.710046 Y26.239552 Z-0.200000 I0.000290 J1.260126
G02 X198.264956 Y26.613031 Z-0.200000 I0.565635 J1.126044
G02 X198.034746 Y27.146506 Z-0.200000 I1.010725 J0.752565
G02 X198.068360 Y27.726560 Z-0.200000 I1.240934 J0.219090
G01 X200.876950 Y37.095700 Z-0.200000
G02 X201.330081 Y37.743693 Z-0.200000 I1.207106 J-0.361680
G02 X202.080080 Y37.994140 Z-0.200000 I0.753975 J-1.009673
G01 X202.080080 Y37.994140 Z-0.200000
G00 Z5.000000

(End cutting path id: path306049)


(Start cutting path id: path350676)
(Change tool to Default tool)

G00 Z5.000000
G00 X202.082030 Y37.753910

G01 Z-0.200000 F100.0(Penetrate)
G02 X202.689619 Y37.553807 Z-0.200000 I0.000785 J-1.020102 F800.000000
G02 X203.058590 Y37.031250 Z-0.200000 I-0.606804 J-0.819998
G01 X205.902340 Y27.662110 Z-0.200000
G02 X205.931310 Y27.191440 Z-0.200000 I-0.976120 J-0.296308
G02 X205.745501 Y26.758030 Z-0.200000 I-1.005090 J0.174362
G02 X205.384619 Y26.454496 Z-0.200000 I-0.819281 J0.607772
G02 X204.925780 Y26.345700 Z-0.200000 I-0.458398 J0.911306
G01 X199.275390 Y26.345700 Z-0.200000
G02 X198.817852 Y26.454434 Z-0.200000 I0.000738 J1.020102
G02 X198.457713 Y26.756864 Z-0.200000 I0.458276 J0.911368
G02 X198.271515 Y27.188713 Z-0.200000 I0.818415 J0.608938
G02 X198.298830 Y27.658200 Z-0.200000 I1.004613 J0.177088
G01 X201.105470 Y37.027340 Z-0.200000
G02 X201.473509 Y37.552237 Z-0.200000 I0.976958 J-0.293532
G02 X202.082030 Y37.753910 Z-0.200000 I0.608919 J-0.818429
G01 X202.082030 Y37.753910 Z-0.200000
G00 Z5.000000

(End cutting path id: path350676)


(Start cutting path id: path306047)
(Change tool to Default tool)

G00 Z5.000000
G00 X202.082030 Y37.753910

G01 Z-0.200000 F100.0(Penetrate)
G02 X202.689619 Y37.553807 Z-0.200000 I0.000785 J-1.020102 F800.000000
G02 X203.058590 Y37.031250 Z-0.200000 I-0.606804 J-0.819998
G01 X205.902340 Y27.662110 Z-0.200000
G02 X205.931310 Y27.191440 Z-0.200000 I-0.976120 J-0.296308
G02 X205.745501 Y26.758030 Z-0.200000 I-1.005090 J0.174362
G02 X205.384619 Y26.454496 Z-0.200000 I-0.819281 J0.607772
G02 X204.925780 Y26.345700 Z-0.200000 I-0.458398 J0.911306
G01 X199.275390 Y26.345700 Z-0.200000
G02 X198.817852 Y26.454434 Z-0.200000 I0.000738 J1.020102
G02 X198.457713 Y26.756864 Z-0.200000 I0.458276 J0.911368
G02 X198.271515 Y27.188713 Z-0.200000 I0.818415 J0.608938
G02 X198.298830 Y27.658200 Z-0.200000 I1.004613 J0.177088
G01 X201.105470 Y37.027340 Z-0.200000
G02 X201.473509 Y37.552237 Z-0.200000 I0.976958 J-0.293532
G02 X202.082030 Y37.753910 Z-0.200000 I0.608919 J-0.818429
G01 X202.082030 Y37.753910 Z-0.200000
G00 Z5.000000

(End cutting path id: path306047)


(Start cutting path id: path350674)
(Change tool to Default tool)

G00 Z5.000000
G00 X202.082030 Y37.515620

G01 Z-0.200000 F100.0(Penetrate)
G02 X202.547906 Y37.362152 Z-0.200000 I0.001245 J-0.780077 F800.000000
G02 X202.830080 Y36.960940 Z-0.200000 I-0.464632 J-0.626609
G01 X205.671880 Y27.591800 Z-0.200000
G02 X205.693721 Y27.232288 Z-0.200000 I-0.746689 J-0.225782
G02 X205.551725 Y26.901284 Z-0.200000 I-0.768530 J0.133730
G02 X205.276163 Y26.669354 Z-0.200000 I-0.626534 J0.464733
G02 X204.925780 Y26.585940 Z-0.200000 I-0.350972 J0.696664
G01 X199.275390 Y26.585940 Z-0.200000
G02 X198.926308 Y26.669292 Z-0.200000 I0.001769 J0.780076
G02 X198.651490 Y26.900119 Z-0.200000 I0.350852 J0.696724
G02 X198.509108 Y27.229563 Z-0.200000 I0.625669 J0.465897
G02 X198.529300 Y27.587890 Z-0.200000 I0.768051 J0.136453
G01 X201.335940 Y36.958980 Z-0.200000
G02 X201.616859 Y37.360781 Z-0.200000 I0.747394 J-0.223437
G02 X202.082030 Y37.515620 Z-0.200000 I0.466475 J-0.625238
G01 X202.082030 Y37.515620 Z-0.200000
G00 Z5.000000

(End cutting path id: path350674)


(Start cutting path id: path306045)
(Change tool to Default tool)

G00 Z5.000000
G00 X202.082030 Y37.515620

G01 Z-0.200000 F100.0(Penetrate)
G02 X202.547906 Y37.362152 Z-0.200000 I0.001245 J-0.780077 F800.000000
G02 X202.830080 Y36.960940 Z-0.200000 I-0.464632 J-0.626609
G01 X205.671880 Y27.591800 Z-0.200000
G02 X205.693721 Y27.232288 Z-0.200000 I-0.746689 J-0.225782
G02 X205.551725 Y26.901284 Z-0.200000 I-0.768530 J0.133730
G02 X205.276163 Y26.669354 Z-0.200000 I-0.626534 J0.464733
G02 X204.925780 Y26.585940 Z-0.200000 I-0.350972 J0.696664
G01 X199.275390 Y26.585940 Z-0.200000
G02 X198.926308 Y26.669292 Z-0.200000 I0.001769 J0.780076
G02 X198.651490 Y26.900119 Z-0.200000 I0.350852 J0.696724
G02 X198.509108 Y27.229563 Z-0.200000 I0.625669 J0.465897
G02 X198.529300 Y27.587890 Z-0.200000 I0.768051 J0.136453
G01 X201.335940 Y36.958980 Z-0.200000
G02 X201.616859 Y37.360781 Z-0.200000 I0.747394 J-0.223437
G02 X202.082030 Y37.515620 Z-0.200000 I0.466475 J-0.625238
G01 X202.082030 Y37.515620 Z-0.200000
G00 Z5.000000

(End cutting path id: path306045)


(Start cutting path id: path350672)
(Change tool to Default tool)

G00 Z5.000000
G00 X202.082030 Y37.275390

G01 Z-0.200000 F100.0(Penetrate)
G02 X202.404094 Y37.169535 Z-0.200000 I0.000924 J-0.540053 F800.000000
G02 X202.599610 Y36.892580 Z-0.200000 I-0.321139 J-0.434198
G01 X205.443360 Y27.521480 Z-0.200000
G02 X205.458816 Y27.272057 Z-0.200000 I-0.516667 J-0.157207
G02 X205.360333 Y27.042380 Z-0.200000 I-0.532123 J0.092216
G02 X205.168998 Y26.881628 Z-0.200000 I-0.433640 J0.321893
G02 X204.925780 Y26.824220 Z-0.200000 I-0.242304 J0.482646
G01 X199.275390 Y26.824220 Z-0.200000
G02 X199.032822 Y26.881598 Z-0.200000 I-0.000324 J0.540054
G02 X198.841859 Y27.041800 Z-0.200000 I0.242244 J0.482676
G02 X198.743181 Y27.270698 Z-0.200000 I0.433207 J0.322474
G02 X198.757810 Y27.519530 Z-0.200000 I0.531885 J0.093576
G01 X201.566410 Y36.890620 Z-0.200000
G02 X201.760672 Y37.168164 Z-0.200000 I0.517248 J-0.155282
G02 X202.082030 Y37.275390 Z-0.200000 I0.322987 J-0.432826
G01 X202.082030 Y37.275390 Z-0.200000
G00 Z5.000000

(End cutting path id: path350672)


(Start cutting path id: path306043)
(Change tool to Default tool)

G00 Z5.000000
G00 X202.082030 Y37.275390

G01 Z-0.200000 F100.0(Penetrate)
G02 X202.404094 Y37.169535 Z-0.200000 I0.000924 J-0.540053 F800.000000
G02 X202.599610 Y36.892580 Z-0.200000 I-0.321139 J-0.434198
G01 X205.443360 Y27.521480 Z-0.200000
G02 X205.458816 Y27.272057 Z-0.200000 I-0.516667 J-0.157207
G02 X205.360333 Y27.042380 Z-0.200000 I-0.532123 J0.092216
G02 X205.168998 Y26.881628 Z-0.200000 I-0.433640 J0.321893
G02 X204.925780 Y26.824220 Z-0.200000 I-0.242304 J0.482646
G01 X199.275390 Y26.824220 Z-0.200000
G02 X199.032822 Y26.881598 Z-0.200000 I-0.000324 J0.540054
G02 X198.841859 Y27.041800 Z-0.200000 I0.242244 J0.482676
G02 X198.743181 Y27.270698 Z-0.200000 I0.433207 J0.322474
G02 X198.757810 Y27.519530 Z-0.200000 I0.531885 J0.093576
G01 X201.566410 Y36.890620 Z-0.200000
G02 X201.760672 Y37.168164 Z-0.200000 I0.517248 J-0.155282
G02 X202.082030 Y37.275390 Z-0.200000 I0.322987 J-0.432826
G01 X202.082030 Y37.275390 Z-0.200000
G00 Z5.000000

(End cutting path id: path306043)


(Start cutting path id: path350670)
(Change tool to Default tool)

G00 Z5.000000
G00 X202.082030 Y37.035160

G01 Z-0.200000 F100.0(Penetrate)
G02 X202.260746 Y36.976135 Z-0.200000 I0.000013 J-0.300030 F800.000000
G02 X202.369140 Y36.822270 Z-0.200000 I-0.178703 J-0.241005
G01 X205.212890 Y27.451170 Z-0.200000
G02 X205.221221 Y27.312905 Z-0.200000 I-0.287233 J-0.086690
G02 X205.166554 Y27.185632 Z-0.200000 I-0.295564 J0.051575
G02 X205.060542 Y27.096480 Z-0.200000 I-0.240897 J0.178848
G02 X204.925780 Y27.064450 Z-0.200000 I-0.134885 J0.268000
G01 X199.275390 Y27.064450 Z-0.200000
G02 X199.140628 Y27.096480 Z-0.200000 I0.000123 J0.300030
G02 X199.034616 Y27.185632 Z-0.200000 I0.134885 J0.268000
G02 X198.979949 Y27.312905 Z-0.200000 I0.240897 J0.178848
G02 X198.988280 Y27.451170 Z-0.200000 I0.295564 J0.051575
G01 X201.794920 Y36.820310 Z-0.200000
G02 X201.902845 Y36.975348 Z-0.200000 I0.287685 J-0.085179
G02 X202.082030 Y37.035160 Z-0.200000 I0.179760 J-0.240218
G01 X202.082030 Y37.035160 Z-0.200000
G00 Z5.000000

(End cutting path id: path350670)


(Start cutting path id: path306041)
(Change tool to Default tool)

G00 Z5.000000
G00 X202.082030 Y37.035160

G01 Z-0.200000 F100.0(Penetrate)
G02 X202.260746 Y36.976135 Z-0.200000 I0.000013 J-0.300030 F800.000000
G02 X202.369140 Y36.822270 Z-0.200000 I-0.178703 J-0.241005
G01 X205.212890 Y27.451170 Z-0.200000
G02 X205.221221 Y27.312905 Z-0.200000 I-0.287233 J-0.086690
G02 X205.166554 Y27.185632 Z-0.200000 I-0.295564 J0.051575
G02 X205.060542 Y27.096480 Z-0.200000 I-0.240897 J0.178848
G02 X204.925780 Y27.064450 Z-0.200000 I-0.134885 J0.268000
G01 X199.275390 Y27.064450 Z-0.200000
G02 X199.140628 Y27.096480 Z-0.200000 I0.000123 J0.300030
G02 X199.034616 Y27.185632 Z-0.200000 I0.134885 J0.268000
G02 X198.979949 Y27.312905 Z-0.200000 I0.240897 J0.178848
G02 X198.988280 Y27.451170 Z-0.200000 I0.295564 J0.051575
G01 X201.794920 Y36.820310 Z-0.200000
G02 X201.902845 Y36.975348 Z-0.200000 I0.287685 J-0.085179
G02 X202.082030 Y37.035160 Z-0.200000 I0.179760 J-0.240218
G01 X202.082030 Y37.035160 Z-0.200000
G00 Z5.000000

(End cutting path id: path306041)


(Start cutting path id: path306097)
(Change tool to Default tool)

G00 Z5.000000
G00 X176.326170 Y37.226560

G01 Z-0.200000 F100.0(Penetrate)
G01 X176.326170 Y36.929690 Z-0.200000 F800.000000
G02 X176.423579 Y36.887345 Z-0.200000 I-1.227006 J-2.955758
G02 X176.519530 Y36.841790 Z-0.200000 I-1.324415 J-2.913412
G01 X176.326170 Y37.226560 Z-0.200000
G00 Z5.000000

(End cutting path id: path306097)


(Start cutting path id: path306095)
(Change tool to Default tool)

G00 Z5.000000
G00 X176.306640 Y37.308590

G01 Z-0.200000 F100.0(Penetrate)
G01 X176.306640 Y36.921880 Z-0.200000 F800.000000
G02 X176.433896 Y36.866038 Z-0.200000 I-1.214020 J-2.939486
G02 X176.558590 Y36.804690 Z-0.200000 I-1.341275 J-2.883644
G01 X176.306640 Y37.308590 Z-0.200000
G00 Z5.000000

(End cutting path id: path306095)


(Start cutting path id: path350722)
(Change tool to Default tool)

G00 Z5.000000
G00 X176.126950 Y38.068360

G01 Z-0.200000 F100.0(Penetrate)
G01 X176.126950 Y36.507810 Z-0.200000 F800.000000
G02 X176.527345 Y36.519883 Z-0.200000 I0.290422 J-2.986211
G02 X176.925780 Y36.478510 Z-0.200000 I-0.109973 J-2.998284
G01 X176.126950 Y38.068360 Z-0.200000
G00 Z5.000000

(End cutting path id: path350722)


(Start cutting path id: path350720)
(Change tool to Default tool)

G00 Z5.000000
G00 X176.066410 Y38.322270

G01 Z-0.200000 F100.0(Penetrate)
G01 X176.066410 Y36.355470 Z-0.200000 F800.000000
G02 X176.555990 Y36.404432 Z-0.200000 I0.536356 J-2.890960
G02 X177.046880 Y36.371070 Z-0.200000 I0.046776 J-2.939922
G01 X176.066410 Y38.322270 Z-0.200000
G00 Z5.000000

(End cutting path id: path350720)


(Start cutting path id: path306093)
(Change tool to Default tool)

G00 Z5.000000
G00 X176.066410 Y38.322270

G01 Z-0.200000 F100.0(Penetrate)
G01 X176.066410 Y36.355470 Z-0.200000 F800.000000
G02 X176.555990 Y36.404432 Z-0.200000 I0.536356 J-2.890960
G02 X177.046880 Y36.371070 Z-0.200000 I0.046776 J-2.939922
G01 X176.066410 Y38.322270 Z-0.200000
G00 Z5.000000

(End cutting path id: path306093)


(Start cutting path id: path350718)
(Change tool to Default tool)

G00 Z5.000000
G00 X175.826170 Y39.332030

G01 Z-0.200000 F100.0(Penetrate)
G01 X175.826170 Y35.750000 Z-0.200000 F800.000000
G02 X176.663264 Y35.983737 Z-0.200000 I1.135284 J-2.450018
G02 X177.531250 Y35.939450 Z-0.200000 I0.298190 J-2.683755
G01 X175.826170 Y39.332030 Z-0.200000
G00 Z5.000000

(End cutting path id: path350718)


(Start cutting path id: path306091)
(Change tool to Default tool)

G00 Z5.000000
G00 X175.826170 Y39.332030

G01 Z-0.200000 F100.0(Penetrate)
G01 X175.826170 Y35.750000 Z-0.200000 F800.000000
G02 X176.663264 Y35.983737 Z-0.200000 I1.135284 J-2.450018
G02 X177.531250 Y35.939450 Z-0.200000 I0.298190 J-2.683755
G01 X175.826170 Y39.332030 Z-0.200000
G00 Z5.000000

(End cutting path id: path306091)


(Start cutting path id: path350716)
(Change tool to Default tool)

G00 Z5.000000
G00 X175.587890 Y40.166020

G01 Z-0.200000 F100.0(Penetrate)
G01 X175.587890 Y35.142580 Z-0.200000 F800.000000
G02 X176.753878 Y35.650214 Z-0.200000 I1.531703 J-1.925278
G02 X178.017580 Y35.507810 Z-0.200000 I0.365714 J-2.432913
G01 X175.675780 Y40.166020 Z-0.200000
G01 X175.587890 Y40.166020 Z-0.200000
G00 Z5.000000

(End cutting path id: path350716)


(Start cutting path id: path306089)
(Change tool to Default tool)

G00 Z5.000000
G00 X175.587890 Y40.166020

G01 Z-0.200000 F100.0(Penetrate)
G01 X175.587890 Y35.142580 Z-0.200000 F800.000000
G02 X176.753878 Y35.650214 Z-0.200000 I1.531703 J-1.925278
G02 X178.017580 Y35.507810 Z-0.200000 I0.365714 J-2.432913
G01 X175.675780 Y40.166020 Z-0.200000
G01 X175.587890 Y40.166020 Z-0.200000
G00 Z5.000000

(End cutting path id: path306089)


(Start cutting path id: path350714)
(Change tool to Default tool)

G00 Z5.000000
G00 X175.347660 Y40.406250

G01 Z-0.200000 F100.0(Penetrate)
G01 X175.347660 Y34.535160 Z-0.200000 F800.000000
G02 X175.983208 Y35.155374 Z-0.200000 I1.837097 J-1.246779
G02 X176.810975 Y35.476913 Z-0.200000 I1.201550 J-1.866993
G02 X177.698539 Y35.448338 Z-0.200000 I0.373782 J-2.188532
G02 X178.503910 Y35.074220 Z-0.200000 I-0.513782 J-2.159957
G01 X175.824220 Y40.406250 Z-0.200000
G01 X175.347660 Y40.406250 Z-0.200000
G00 Z5.000000

(End cutting path id: path350714)


(Start cutting path id: path306087)
(Change tool to Default tool)

G00 Z5.000000
G00 X175.347660 Y40.406250

G01 Z-0.200000 F100.0(Penetrate)
G01 X175.347660 Y34.535160 Z-0.200000 F800.000000
G02 X175.983208 Y35.155374 Z-0.200000 I1.837097 J-1.246779
G02 X176.810975 Y35.476913 Z-0.200000 I1.201550 J-1.866993
G02 X177.698539 Y35.448338 Z-0.200000 I0.373782 J-2.188532
G02 X178.503910 Y35.074220 Z-0.200000 I-0.513782 J-2.159957
G01 X175.824220 Y40.406250 Z-0.200000
G01 X175.347660 Y40.406250 Z-0.200000
G00 Z5.000000

(End cutting path id: path306087)


(Start cutting path id: path350712)
(Change tool to Default tool)

G00 Z5.000000
G00 X175.107420 Y40.646480

G01 Z-0.200000 F100.0(Penetrate)
G01 X175.107420 Y33.927730 Z-0.200000 F800.000000
G02 X175.597153 Y35.050079 Z-0.200000 I1.970872 J-0.191962
G02 X176.653290 Y35.669820 Z-0.200000 I1.481139 J-1.314311
G02 X177.871952 Y35.549959 Z-0.200000 I0.425002 J-1.934052
G02 X178.787110 Y34.736330 Z-0.200000 I-0.793661 J-1.814190
G01 X186.574220 Y19.353520 Z-0.200000
G01 X187.580080 Y19.353520 Z-0.200000
G01 X187.580080 Y25.677730 Z-0.200000
G02 X187.089489 Y24.554858 Z-0.200000 I-1.970823 J0.192460
G02 X186.032079 Y23.935661 Z-0.200000 I-1.480231 J1.315332
G02 X184.812760 Y24.057244 Z-0.200000 I-0.422822 J1.934530
G02 X183.898440 Y24.873050 Z-0.200000 I0.796497 J1.812947
G01 X175.972660 Y40.646480 Z-0.200000
G01 X175.107420 Y40.646480 Z-0.200000
G00 Z5.000000

(End cutting path id: path350712)


(Start cutting path id: path306085)
(Change tool to Default tool)

G00 Z5.000000
G00 X175.107420 Y40.646480

G01 Z-0.200000 F100.0(Penetrate)
G01 X175.107420 Y33.927730 Z-0.200000 F800.000000
G02 X175.597153 Y35.050079 Z-0.200000 I1.970872 J-0.191962
G02 X176.653290 Y35.669820 Z-0.200000 I1.481139 J-1.314311
G02 X177.871952 Y35.549959 Z-0.200000 I0.425002 J-1.934052
G02 X178.787110 Y34.736330 Z-0.200000 I-0.793661 J-1.814190
G01 X186.574220 Y19.353520 Z-0.200000
G01 X187.580080 Y19.353520 Z-0.200000
G01 X187.580080 Y25.677730 Z-0.200000
G02 X187.089489 Y24.554858 Z-0.200000 I-1.970823 J0.192460
G02 X186.032079 Y23.935661 Z-0.200000 I-1.480231 J1.315332
G02 X184.812760 Y24.057244 Z-0.200000 I-0.422822 J1.934530
G02 X183.898440 Y24.873050 Z-0.200000 I0.796497 J1.812947
G01 X175.972660 Y40.646480 Z-0.200000
G01 X175.107420 Y40.646480 Z-0.200000
G00 Z5.000000

(End cutting path id: path306085)


(Start cutting path id: path350710)
(Change tool to Default tool)

G00 Z5.000000
G00 X174.867190 Y40.886720

G01 Z-0.200000 F100.0(Penetrate)
G01 X174.867190 Y19.113280 Z-0.200000 F800.000000
G01 X175.279300 Y19.113280 Z-0.200000
G01 X175.279300 Y33.841800 Z-0.200000
G02 X175.653838 Y34.919975 Z-0.200000 I1.740174 J-0.000363
G02 X176.615874 Y35.534161 Z-0.200000 I1.365636 J-1.078537
G02 X177.751540 Y35.420135 Z-0.200000 I0.403600 J-1.692723
G02 X178.572270 Y34.626950 Z-0.200000 I-0.732066 J-1.578697
G01 X186.427730 Y19.113280 Z-0.200000
G01 X187.820310 Y19.113280 Z-0.200000
G01 X187.820310 Y40.886720 Z-0.200000
G01 X187.408200 Y40.886720 Z-0.200000
G01 X187.408200 Y25.763670 Z-0.200000
G02 X187.032976 Y24.684660 Z-0.200000 I-1.740174 J0.000396
G02 X186.069503 Y24.070838 Z-0.200000 I-1.364950 J1.079406
G02 X184.933007 Y24.186741 Z-0.200000 I-0.401477 J1.693228
G02 X184.113280 Y24.982420 Z-0.200000 I0.735019 J1.577325
G01 X176.119140 Y40.886720 Z-0.200000
G01 X174.867190 Y40.886720 Z-0.200000
G00 Z5.000000

(End cutting path id: path350710)


(Start cutting path id: path306083)
(Change tool to Default tool)

G00 Z5.000000
G00 X174.867190 Y40.886720

G01 Z-0.200000 F100.0(Penetrate)
G01 X174.867190 Y19.113280 Z-0.200000 F800.000000
G01 X175.279300 Y19.113280 Z-0.200000
G01 X175.279300 Y33.841800 Z-0.200000
G02 X175.653838 Y34.919975 Z-0.200000 I1.740174 J-0.000363
G02 X176.615874 Y35.534161 Z-0.200000 I1.365636 J-1.078537
G02 X177.751540 Y35.420135 Z-0.200000 I0.403600 J-1.692723
G02 X178.572270 Y34.626950 Z-0.200000 I-0.732066 J-1.578697
G01 X186.427730 Y19.113280 Z-0.200000
G01 X187.820310 Y19.113280 Z-0.200000
G01 X187.820310 Y40.886720 Z-0.200000
G01 X187.408200 Y40.886720 Z-0.200000
G01 X187.408200 Y25.763670 Z-0.200000
G02 X187.032976 Y24.684660 Z-0.200000 I-1.740174 J0.000396
G02 X186.069503 Y24.070838 Z-0.200000 I-1.364950 J1.079406
G02 X184.933007 Y24.186741 Z-0.200000 I-0.401477 J1.693228
G02 X184.113280 Y24.982420 Z-0.200000 I0.735019 J1.577325
G01 X176.119140 Y40.886720 Z-0.200000
G01 X174.867190 Y40.886720 Z-0.200000
G00 Z5.000000

(End cutting path id: path306083)


(Start cutting path id: path350708)
(Change tool to Default tool)

G00 Z5.000000
G00 X174.626950 Y41.126950

G01 Z-0.200000 F100.0(Penetrate)
G01 X174.626950 Y18.873050 Z-0.200000 F800.000000
G01 X175.519530 Y18.873050 Z-0.200000
G01 X175.519530 Y33.841800 Z-0.200000
G02 X175.842503 Y34.770529 Z-0.200000 I1.500150 J-0.001167
G02 X176.671221 Y35.299752 Z-0.200000 I1.177176 J-0.929896
G02 X177.649645 Y35.202101 Z-0.200000 I0.348459 J-1.459118
G02 X178.357420 Y34.519530 Z-0.200000 I-0.629965 J-1.361468
G01 X186.279300 Y18.873050 Z-0.200000
G01 X188.060550 Y18.873050 Z-0.200000
G01 X188.060550 Y41.126950 Z-0.200000
G01 X187.167970 Y41.126950 Z-0.200000
G01 X187.167970 Y25.763670 Z-0.200000
G02 X186.844312 Y24.834099 Z-0.200000 I-1.500150 J0.001190
G02 X186.014155 Y24.305236 Z-0.200000 I-1.176492 J0.930761
G02 X185.034895 Y24.404767 Z-0.200000 I-0.346335 J1.459624
G02 X184.328120 Y25.089840 Z-0.200000 I0.632925 J1.360094
G01 X176.267580 Y41.126950 Z-0.200000
G01 X174.626950 Y41.126950 Z-0.200000
G00 Z5.000000

(End cutting path id: path350708)


(Start cutting path id: path306081)
(Change tool to Default tool)

G00 Z5.000000
G00 X174.626950 Y41.126950

G01 Z-0.200000 F100.0(Penetrate)
G01 X174.626950 Y18.873050 Z-0.200000 F800.000000
G01 X175.519530 Y18.873050 Z-0.200000
G01 X175.519530 Y33.841800 Z-0.200000
G02 X175.842503 Y34.770529 Z-0.200000 I1.500150 J-0.001167
G02 X176.671221 Y35.299752 Z-0.200000 I1.177176 J-0.929896
G02 X177.649645 Y35.202101 Z-0.200000 I0.348459 J-1.459118
G02 X178.357420 Y34.519530 Z-0.200000 I-0.629965 J-1.361468
G01 X186.279300 Y18.873050 Z-0.200000
G01 X188.060550 Y18.873050 Z-0.200000
G01 X188.060550 Y41.126950 Z-0.200000
G01 X187.167970 Y41.126950 Z-0.200000
G01 X187.167970 Y25.763670 Z-0.200000
G02 X186.844312 Y24.834099 Z-0.200000 I-1.500150 J0.001190
G02 X186.014155 Y24.305236 Z-0.200000 I-1.176492 J0.930761
G02 X185.034895 Y24.404767 Z-0.200000 I-0.346335 J1.459624
G02 X184.328120 Y25.089840 Z-0.200000 I0.632925 J1.360094
G01 X176.267580 Y41.126950 Z-0.200000
G01 X174.626950 Y41.126950 Z-0.200000
G00 Z5.000000

(End cutting path id: path306081)


(Start cutting path id: path350706)
(Change tool to Default tool)

G00 Z5.000000
G00 X174.386720 Y41.365230

G01 Z-0.200000 F100.0(Penetrate)
G01 X174.386720 Y18.634770 Z-0.200000 F800.000000
G01 X175.759770 Y18.634770 Z-0.200000
G01 X175.759770 Y33.841800 Z-0.200000
G02 X176.030966 Y34.622710 Z-0.200000 I1.260126 J-0.000073
G02 X176.727753 Y35.067521 Z-0.200000 I0.988930 J-0.780983
G02 X177.550265 Y34.984805 Z-0.200000 I0.292143 J-1.225794
G02 X178.144530 Y34.410160 Z-0.200000 I-0.530369 J-1.143078
G01 X186.132810 Y18.634770 Z-0.200000
G01 X188.300780 Y18.634770 Z-0.200000
G01 X188.300780 Y41.365230 Z-0.200000
G01 X186.927730 Y41.365230 Z-0.200000
G01 X186.927730 Y25.763670 Z-0.200000
G02 X186.655625 Y24.983565 Z-0.200000 I-1.260124 J0.002030
G02 X185.958796 Y24.539679 Z-0.200000 I-0.988019 J0.782135
G02 X185.136791 Y24.622829 Z-0.200000 I-0.291190 J1.226020
G02 X184.542970 Y25.197270 Z-0.200000 I0.530815 J1.142871
G01 X176.416020 Y41.365230 Z-0.200000
G01 X174.386720 Y41.365230 Z-0.200000
G00 Z5.000000

(End cutting path id: path350706)


(Start cutting path id: path306079)
(Change tool to Default tool)

G00 Z5.000000
G00 X174.386720 Y41.365230

G01 Z-0.200000 F100.0(Penetrate)
G01 X174.386720 Y18.634770 Z-0.200000 F800.000000
G01 X175.759770 Y18.634770 Z-0.200000
G01 X175.759770 Y33.841800 Z-0.200000
G02 X176.030966 Y34.622710 Z-0.200000 I1.260126 J-0.000073
G02 X176.727753 Y35.067521 Z-0.200000 I0.988930 J-0.780983
G02 X177.550265 Y34.984805 Z-0.200000 I0.292143 J-1.225794
G02 X178.144530 Y34.410160 Z-0.200000 I-0.530369 J-1.143078
G01 X186.132810 Y18.634770 Z-0.200000
G01 X188.300780 Y18.634770 Z-0.200000
G01 X188.300780 Y41.365230 Z-0.200000
G01 X186.927730 Y41.365230 Z-0.200000
G01 X186.927730 Y25.763670 Z-0.200000
G02 X186.655625 Y24.983565 Z-0.200000 I-1.260124 J0.002030
G02 X185.958796 Y24.539679 Z-0.200000 I-0.988019 J0.782135
G02 X185.136791 Y24.622829 Z-0.200000 I-0.291190 J1.226020
G02 X184.542970 Y25.197270 Z-0.200000 I0.530815 J1.142871
G01 X176.416020 Y41.365230 Z-0.200000
G01 X174.386720 Y41.365230 Z-0.200000
G00 Z5.000000

(End cutting path id: path306079)


(Start cutting path id: path350704)
(Change tool to Default tool)

G00 Z5.000000
G00 X174.146480 Y41.605470

G01 Z-0.200000 F100.0(Penetrate)
G01 X174.146480 Y18.394530 Z-0.200000 F800.000000
G01 X176.000000 Y18.394530 Z-0.200000
G01 X176.000000 Y33.841800 Z-0.200000
G02 X176.219631 Y34.473273 Z-0.200000 I1.020102 J-0.000868
G02 X176.783105 Y34.833122 Z-0.200000 I0.800471 J-0.632340
G02 X177.448382 Y34.766775 Z-0.200000 I0.236997 J-0.992190
G02 X177.929690 Y34.302730 Z-0.200000 I-0.428280 J-0.925842
G01 X185.984380 Y18.394530 Z-0.200000
G01 X188.541020 Y18.394530 Z-0.200000
G01 X188.541020 Y41.605470 Z-0.200000
G01 X186.687500 Y41.605470 Z-0.200000
G01 X186.687500 Y25.763670 Z-0.200000
G02 X186.468088 Y25.130562 Z-0.200000 I-1.020101 J-0.001044
G02 X185.903221 Y24.770157 Z-0.200000 I-0.800689 J0.632064
G02 X185.236609 Y24.837949 Z-0.200000 I-0.235822 J0.992470
G02 X184.755860 Y25.304690 Z-0.200000 I0.430790 J0.924678
G01 X176.564450 Y41.605470 Z-0.200000
G01 X174.146480 Y41.605470 Z-0.200000
G00 Z5.000000

(End cutting path id: path350704)


(Start cutting path id: path306077)
(Change tool to Default tool)

G00 Z5.000000
G00 X174.146480 Y41.605470

G01 Z-0.200000 F100.0(Penetrate)
G01 X174.146480 Y18.394530 Z-0.200000 F800.000000
G01 X176.000000 Y18.394530 Z-0.200000
G01 X176.000000 Y33.841800 Z-0.200000
G02 X176.219631 Y34.473273 Z-0.200000 I1.020102 J-0.000868
G02 X176.783105 Y34.833122 Z-0.200000 I0.800471 J-0.632340
G02 X177.448382 Y34.766775 Z-0.200000 I0.236997 J-0.992190
G02 X177.929690 Y34.302730 Z-0.200000 I-0.428280 J-0.925842
G01 X185.984380 Y18.394530 Z-0.200000
G01 X188.541020 Y18.394530 Z-0.200000
G01 X188.541020 Y41.605470 Z-0.200000
G01 X186.687500 Y41.605470 Z-0.200000
G01 X186.687500 Y25.763670 Z-0.200000
G02 X186.468088 Y25.130562 Z-0.200000 I-1.020101 J-0.001044
G02 X185.903221 Y24.770157 Z-0.200000 I-0.800689 J0.632064
G02 X185.236609 Y24.837949 Z-0.200000 I-0.235822 J0.992470
G02 X184.755860 Y25.304690 Z-0.200000 I0.430790 J0.924678
G01 X176.564450 Y41.605470 Z-0.200000
G01 X174.146480 Y41.605470 Z-0.200000
G00 Z5.000000

(End cutting path id: path306077)


(Start cutting path id: path350702)
(Change tool to Default tool)

G00 Z5.000000
G00 X173.906250 Y41.845700

G01 Z-0.200000 F100.0(Penetrate)
G01 X173.906250 Y18.154300 Z-0.200000 F800.000000
G01 X176.240230 Y18.154300 Z-0.200000
G01 X176.240230 Y33.841800 Z-0.200000
G02 X176.408077 Y34.325467 Z-0.200000 I0.780078 J0.000248
G02 X176.839628 Y34.600913 Z-0.200000 I0.612231 J-0.483420
G02 X177.349003 Y34.549495 Z-0.200000 I0.180680 J-0.758865
G02 X177.716800 Y34.193360 Z-0.200000 I-0.328695 J-0.707447
G01 X185.837890 Y18.154300 Z-0.200000
G01 X188.781250 Y18.154300 Z-0.200000
G01 X188.781250 Y41.845700 Z-0.200000
G01 X186.447270 Y41.845700 Z-0.200000
G01 X186.447270 Y25.763670 Z-0.200000
G02 X186.279423 Y25.280003 Z-0.200000 I-0.780078 J-0.000248
G02 X185.847872 Y25.004557 Z-0.200000 I-0.612231 J0.483420
G02 X185.338497 Y25.055975 Z-0.200000 I-0.180680 J0.758865
G02 X184.970700 Y25.412110 Z-0.200000 I0.328695 J0.707447
G01 X176.712890 Y41.845700 Z-0.200000
G01 X173.906250 Y41.845700 Z-0.200000
G00 Z5.000000

(End cutting path id: path350702)


(Start cutting path id: path306075)
(Change tool to Default tool)

G00 Z5.000000
G00 X173.906250 Y41.845700

G01 Z-0.200000 F100.0(Penetrate)
G01 X173.906250 Y18.154300 Z-0.200000 F800.000000
G01 X176.240230 Y18.154300 Z-0.200000
G01 X176.240230 Y33.841800 Z-0.200000
G02 X176.408077 Y34.325467 Z-0.200000 I0.780078 J0.000248
G02 X176.839628 Y34.600913 Z-0.200000 I0.612231 J-0.483420
G02 X177.349003 Y34.549495 Z-0.200000 I0.180680 J-0.758865
G02 X177.716800 Y34.193360 Z-0.200000 I-0.328695 J-0.707447
G01 X185.837890 Y18.154300 Z-0.200000
G01 X188.781250 Y18.154300 Z-0.200000
G01 X188.781250 Y41.845700 Z-0.200000
G01 X186.447270 Y41.845700 Z-0.200000
G01 X186.447270 Y25.763670 Z-0.200000
G02 X186.279423 Y25.280003 Z-0.200000 I-0.780078 J-0.000248
G02 X185.847872 Y25.004557 Z-0.200000 I-0.612231 J0.483420
G02 X185.338497 Y25.055975 Z-0.200000 I-0.180680 J0.758865
G02 X184.970700 Y25.412110 Z-0.200000 I0.328695 J0.707447
G01 X176.712890 Y41.845700 Z-0.200000
G01 X173.906250 Y41.845700 Z-0.200000
G00 Z5.000000

(End cutting path id: path306075)


(Start cutting path id: path350700)
(Change tool to Default tool)

G00 Z5.000000
G00 X173.667970 Y42.085940

G01 Z-0.200000 F100.0(Penetrate)
G01 X173.667970 Y17.914060 Z-0.200000 F800.000000
G01 X176.480470 Y17.914060 Z-0.200000
G01 X176.480470 Y33.841800 Z-0.200000
G02 X176.597663 Y34.175207 Z-0.200000 I0.540048 J-0.002527
G02 X176.895932 Y34.364760 Z-0.200000 I0.422855 J-0.335934
G02 X177.247551 Y34.329287 Z-0.200000 I0.124586 J-0.525487
G02 X177.501950 Y34.083980 Z-0.200000 I-0.227033 J-0.490015
G01 X185.689450 Y17.914060 Z-0.200000
G01 X189.021480 Y17.914060 Z-0.200000
G01 X189.021480 Y42.085940 Z-0.200000
G01 X186.207030 Y42.085940 Z-0.200000
G01 X186.207030 Y25.763670 Z-0.200000
G02 X186.089842 Y25.430259 Z-0.200000 I-0.540048 J0.002517
G02 X185.791573 Y25.240702 Z-0.200000 I-0.422860 J0.335929
G02 X185.439951 Y25.276172 Z-0.200000 I-0.124591 J0.525486
G02 X185.185550 Y25.521480 Z-0.200000 I0.227031 J0.490016
G01 X176.859380 Y42.085940 Z-0.200000
G01 X173.667970 Y42.085940 Z-0.200000
G00 Z5.000000

(End cutting path id: path350700)


(Start cutting path id: path306073)
(Change tool to Default tool)

G00 Z5.000000
G00 X173.667970 Y42.085940

G01 Z-0.200000 F100.0(Penetrate)
G01 X173.667970 Y17.914060 Z-0.200000 F800.000000
G01 X176.480470 Y17.914060 Z-0.200000
G01 X176.480470 Y33.841800 Z-0.200000
G02 X176.597663 Y34.175207 Z-0.200000 I0.540048 J-0.002527
G02 X176.895932 Y34.364760 Z-0.200000 I0.422855 J-0.335934
G02 X177.247551 Y34.329287 Z-0.200000 I0.124586 J-0.525487
G02 X177.501950 Y34.083980 Z-0.200000 I-0.227033 J-0.490015
G01 X185.689450 Y17.914060 Z-0.200000
G01 X189.021480 Y17.914060 Z-0.200000
G01 X189.021480 Y42.085940 Z-0.200000
G01 X186.207030 Y42.085940 Z-0.200000
G01 X186.207030 Y25.763670 Z-0.200000
G02 X186.089842 Y25.430259 Z-0.200000 I-0.540048 J0.002517
G02 X185.791573 Y25.240702 Z-0.200000 I-0.422860 J0.335929
G02 X185.439951 Y25.276172 Z-0.200000 I-0.124591 J0.525486
G02 X185.185550 Y25.521480 Z-0.200000 I0.227031 J0.490016
G01 X176.859380 Y42.085940 Z-0.200000
G01 X173.667970 Y42.085940 Z-0.200000
G00 Z5.000000

(End cutting path id: path306073)


(Start cutting path id: path350698)
(Change tool to Default tool)

G00 Z5.000000
G00 X173.427730 Y42.326170

G01 Z-0.200000 F100.0(Penetrate)
G01 X173.427730 Y17.673830 Z-0.200000 F800.000000
G01 X176.720700 Y17.673830 Z-0.200000
G01 X176.720700 Y33.841800 Z-0.200000
G02 X176.786298 Y34.025802 Z-0.200000 I0.300012 J-0.003263
G02 X176.951268 Y34.130420 Z-0.200000 I0.234414 J-0.187265
G02 X177.145676 Y34.111305 Z-0.200000 I0.069445 J-0.291883
G02 X177.287110 Y33.976560 Z-0.200000 I-0.124963 J-0.272768
G01 X185.542970 Y17.673830 Z-0.200000
G01 X189.261720 Y17.673830 Z-0.200000
G01 X189.261720 Y42.326170 Z-0.200000
G01 X185.968750 Y42.326170 Z-0.200000
G01 X185.968750 Y25.763670 Z-0.200000
G02 X185.904243 Y25.577268 Z-0.200000 I-0.300030 J-0.000533
G02 X185.737939 Y25.471200 Z-0.200000 I-0.235522 J0.185869
G02 X185.541719 Y25.491312 Z-0.200000 I-0.069219 J0.291936
G02 X185.400390 Y25.628910 Z-0.200000 I0.127002 J0.271825
G01 X177.007810 Y42.326170 Z-0.200000
G01 X173.427730 Y42.326170 Z-0.200000
G00 Z5.000000

(End cutting path id: path350698)


(Start cutting path id: path306071)
(Change tool to Default tool)

G00 Z5.000000
G00 X173.427730 Y42.326170

G01 Z-0.200000 F100.0(Penetrate)
G01 X173.427730 Y17.673830 Z-0.200000 F800.000000
G01 X176.720700 Y17.673830 Z-0.200000
G01 X176.720700 Y33.841800 Z-0.200000
G02 X176.786298 Y34.025802 Z-0.200000 I0.300012 J-0.003263
G02 X176.951268 Y34.130420 Z-0.200000 I0.234414 J-0.187265
G02 X177.145676 Y34.111305 Z-0.200000 I0.069445 J-0.291883
G02 X177.287110 Y33.976560 Z-0.200000 I-0.124963 J-0.272768
G01 X185.542970 Y17.673830 Z-0.200000
G01 X189.261720 Y17.673830 Z-0.200000
G01 X189.261720 Y42.326170 Z-0.200000
G01 X185.968750 Y42.326170 Z-0.200000
G01 X185.968750 Y25.763670 Z-0.200000
G02 X185.904243 Y25.577268 Z-0.200000 I-0.300030 J-0.000533
G02 X185.737939 Y25.471200 Z-0.200000 I-0.235522 J0.185869
G02 X185.541719 Y25.491312 Z-0.200000 I-0.069219 J0.291936
G02 X185.400390 Y25.628910 Z-0.200000 I0.127002 J0.271825
G01 X177.007810 Y42.326170 Z-0.200000
G01 X173.427730 Y42.326170 Z-0.200000
G00 Z5.000000

(End cutting path id: path306071)


(Start cutting path id: path350740)
(Change tool to Default tool)

G00 Z5.000000
G00 X166.890620 Y40.646480

G01 Z-0.200000 F100.0(Penetrate)
G01 X166.890620 Y19.353520 Z-0.200000 F800.000000
G01 X167.099610 Y19.353520 Z-0.200000
G01 X167.099610 Y40.646480 Z-0.200000
G01 X166.890620 Y40.646480 Z-0.200000
G00 Z5.000000

(End cutting path id: path350740)


(Start cutting path id: path306115)
(Change tool to Default tool)

G00 Z5.000000
G00 X166.890620 Y40.646480

G01 Z-0.200000 F100.0(Penetrate)
G01 X166.890620 Y19.353520 Z-0.200000 F800.000000
G01 X167.099610 Y19.353520 Z-0.200000
G01 X167.099610 Y40.646480 Z-0.200000
G01 X166.890620 Y40.646480 Z-0.200000
G00 Z5.000000

(End cutting path id: path306115)


(Start cutting path id: path350738)
(Change tool to Default tool)

G00 Z5.000000
G00 X166.650390 Y40.886720

G01 Z-0.200000 F100.0(Penetrate)
G01 X166.650390 Y19.113280 Z-0.200000 F800.000000
G01 X167.339840 Y19.113280 Z-0.200000
G01 X167.339840 Y40.886720 Z-0.200000
G01 X166.650390 Y40.886720 Z-0.200000
G00 Z5.000000

(End cutting path id: path350738)


(Start cutting path id: path306113)
(Change tool to Default tool)

G00 Z5.000000
G00 X166.650390 Y40.886720

G01 Z-0.200000 F100.0(Penetrate)
G01 X166.650390 Y19.113280 Z-0.200000 F800.000000
G01 X167.339840 Y19.113280 Z-0.200000
G01 X167.339840 Y40.886720 Z-0.200000
G01 X166.650390 Y40.886720 Z-0.200000
G00 Z5.000000

(End cutting path id: path306113)


(Start cutting path id: path350736)
(Change tool to Default tool)

G00 Z5.000000
G00 X166.410160 Y41.126950

G01 Z-0.200000 F100.0(Penetrate)
G01 X166.410160 Y18.873050 Z-0.200000 F800.000000
G01 X167.580080 Y18.873050 Z-0.200000
G01 X167.580080 Y41.126950 Z-0.200000
G01 X166.410160 Y41.126950 Z-0.200000
G00 Z5.000000

(End cutting path id: path350736)


(Start cutting path id: path306111)
(Change tool to Default tool)

G00 Z5.000000
G00 X166.410160 Y41.126950

G01 Z-0.200000 F100.0(Penetrate)
G01 X166.410160 Y18.873050 Z-0.200000 F800.000000
G01 X167.580080 Y18.873050 Z-0.200000
G01 X167.580080 Y41.126950 Z-0.200000
G01 X166.410160 Y41.126950 Z-0.200000
G00 Z5.000000

(End cutting path id: path306111)


(Start cutting path id: path350734)
(Change tool to Default tool)

G00 Z5.000000
G00 X166.171880 Y41.365230

G01 Z-0.200000 F100.0(Penetrate)
G01 X166.171880 Y18.634770 Z-0.200000 F800.000000
G01 X167.820310 Y18.634770 Z-0.200000
G01 X167.820310 Y41.365230 Z-0.200000
G01 X166.171880 Y41.365230 Z-0.200000
G00 Z5.000000

(End cutting path id: path350734)


(Start cutting path id: path306109)
(Change tool to Default tool)

G00 Z5.000000
G00 X166.171880 Y41.365230

G01 Z-0.200000 F100.0(Penetrate)
G01 X166.171880 Y18.634770 Z-0.200000 F800.000000
G01 X167.820310 Y18.634770 Z-0.200000
G01 X167.820310 Y41.365230 Z-0.200000
G01 X166.171880 Y41.365230 Z-0.200000
G00 Z5.000000

(End cutting path id: path306109)


(Start cutting path id: path350732)
(Change tool to Default tool)

G00 Z5.000000
G00 X165.931640 Y41.605470

G01 Z-0.200000 F100.0(Penetrate)
G01 X165.931640 Y18.394530 Z-0.200000 F800.000000
G01 X168.060550 Y18.394530 Z-0.200000
G01 X168.060550 Y41.605470 Z-0.200000
G01 X165.931640 Y41.605470 Z-0.200000
G00 Z5.000000

(End cutting path id: path350732)


(Start cutting path id: path306107)
(Change tool to Default tool)

G00 Z5.000000
G00 X165.931640 Y41.605470

G01 Z-0.200000 F100.0(Penetrate)
G01 X165.931640 Y18.394530 Z-0.200000 F800.000000
G01 X168.060550 Y18.394530 Z-0.200000
G01 X168.060550 Y41.605470 Z-0.200000
G01 X165.931640 Y41.605470 Z-0.200000
G00 Z5.000000

(End cutting path id: path306107)


(Start cutting path id: path350730)
(Change tool to Default tool)

G00 Z5.000000
G00 X165.691410 Y41.845700

G01 Z-0.200000 F100.0(Penetrate)
G01 X165.691410 Y18.154300 Z-0.200000 F800.000000
G01 X168.300780 Y18.154300 Z-0.200000
G01 X168.300780 Y41.845700 Z-0.200000
G01 X165.691410 Y41.845700 Z-0.200000
G00 Z5.000000

(End cutting path id: path350730)


(Start cutting path id: path306105)
(Change tool to Default tool)

G00 Z5.000000
G00 X165.691410 Y41.845700

G01 Z-0.200000 F100.0(Penetrate)
G01 X165.691410 Y18.154300 Z-0.200000 F800.000000
G01 X168.300780 Y18.154300 Z-0.200000
G01 X168.300780 Y41.845700 Z-0.200000
G01 X165.691410 Y41.845700 Z-0.200000
G00 Z5.000000

(End cutting path id: path306105)


(Start cutting path id: path350728)
(Change tool to Default tool)

G00 Z5.000000
G00 X165.451170 Y42.085940

G01 Z-0.200000 F100.0(Penetrate)
G01 X165.451170 Y17.914060 Z-0.200000 F800.000000
G01 X168.539060 Y17.914060 Z-0.200000
G01 X168.539060 Y42.085940 Z-0.200000
G01 X165.451170 Y42.085940 Z-0.200000
G00 Z5.000000

(End cutting path id: path350728)


(Start cutting path id: path306103)
(Change tool to Default tool)

G00 Z5.000000
G00 X165.451170 Y42.085940

G01 Z-0.200000 F100.0(Penetrate)
G01 X165.451170 Y17.914060 Z-0.200000 F800.000000
G01 X168.539060 Y17.914060 Z-0.200000
G01 X168.539060 Y42.085940 Z-0.200000
G01 X165.451170 Y42.085940 Z-0.200000
G00 Z5.000000

(End cutting path id: path306103)


(Start cutting path id: path350726)
(Change tool to Default tool)

G00 Z5.000000
G00 X165.210940 Y42.326170

G01 Z-0.200000 F100.0(Penetrate)
G01 X165.210940 Y17.673830 Z-0.200000 F800.000000
G01 X168.779300 Y17.673830 Z-0.200000
G01 X168.779300 Y42.326170 Z-0.200000
G01 X165.210940 Y42.326170 Z-0.200000
G00 Z5.000000

(End cutting path id: path350726)


(Start cutting path id: path306101)
(Change tool to Default tool)

G00 Z5.000000
G00 X165.210940 Y42.326170

G01 Z-0.200000 F100.0(Penetrate)
G01 X165.210940 Y17.673830 Z-0.200000 F800.000000
G01 X168.779300 Y17.673830 Z-0.200000
G01 X168.779300 Y42.326170 Z-0.200000
G01 X165.210940 Y42.326170 Z-0.200000
G00 Z5.000000

(End cutting path id: path306101)


(Start cutting path id: path350750)
(Change tool to Default tool)

G00 Z5.000000
G00 X164.911000 Y42.626000

G01 Z-0.200000 F100.0(Penetrate)
G01 X164.911000 Y17.374000 Z-0.200000 F800.000000
G01 X164.911000 Y17.374000 Z-0.200000
G01 X169.080000 Y17.374000 Z-0.200000
G01 X169.080000 Y42.626000 Z-0.200000
G01 X164.911000 Y42.626000 Z-0.200000
G00 Z5.000000

(End cutting path id: path350750)


(Start cutting path id: path350748)
(Change tool to Default tool)

G00 Z5.000000
G00 X164.911000 Y42.626000

G01 Z-0.200000 F100.0(Penetrate)
G01 X164.911000 Y17.374000 Z-0.200000 F800.000000
G01 X164.911000 Y17.374000 Z-0.200000
G01 X169.080000 Y17.374000 Z-0.200000
G01 X169.080000 Y42.626000 Z-0.200000
G01 X164.911000 Y42.626000 Z-0.200000
G00 Z5.000000

(End cutting path id: path350748)


(Start cutting path id: path350746)
(Change tool to Default tool)

G00 Z5.000000
G00 X164.911000 Y42.626000

G01 Z-0.200000 F100.0(Penetrate)
G01 X164.911000 Y17.374000 Z-0.200000 F800.000000
G01 X164.911000 Y17.374000 Z-0.200000
G01 X169.080000 Y17.374000 Z-0.200000
G01 X169.080000 Y42.626000 Z-0.200000
G01 X164.911000 Y42.626000 Z-0.200000
G00 Z5.000000

(End cutting path id: path350746)


(Start cutting path id: path350744)
(Change tool to Default tool)

G00 Z5.000000
G00 X164.911000 Y42.626000

G01 Z-0.200000 F100.0(Penetrate)
G01 X164.911000 Y17.374000 Z-0.200000 F800.000000
G01 X164.911000 Y17.374000 Z-0.200000
G01 X169.080000 Y17.374000 Z-0.200000
G01 X169.080000 Y42.626000 Z-0.200000
G01 X164.911000 Y42.626000 Z-0.200000
G00 Z5.000000

(End cutting path id: path350744)


(Start cutting path id: path350742)
(Change tool to Default tool)

G00 Z5.000000
G00 X164.911000 Y42.626000

G01 Z-0.200000 F100.0(Penetrate)
G01 X164.911000 Y17.374000 Z-0.200000 F800.000000
G01 X164.911000 Y17.374000 Z-0.200000
G01 X169.080000 Y17.374000 Z-0.200000
G01 X169.080000 Y42.626000 Z-0.200000
G01 X164.911000 Y42.626000 Z-0.200000
G00 Z5.000000

(End cutting path id: path350742)


(Start cutting path id: path306127)
(Change tool to Default tool)

G00 Z5.000000
G00 X164.911000 Y42.626000

G01 Z-0.200000 F100.0(Penetrate)
G01 X164.911000 Y17.374000 Z-0.200000 F800.000000
G01 X164.911000 Y17.374000 Z-0.200000
G01 X169.080000 Y17.374000 Z-0.200000
G01 X169.080000 Y42.626000 Z-0.200000
G01 X164.911000 Y42.626000 Z-0.200000
G00 Z5.000000

(End cutting path id: path306127)


(Start cutting path id: path306125)
(Change tool to Default tool)

G00 Z5.000000
G00 X164.911000 Y42.626000

G01 Z-0.200000 F100.0(Penetrate)
G01 X164.911000 Y17.374000 Z-0.200000 F800.000000
G01 X164.911000 Y17.374000 Z-0.200000
G01 X169.080000 Y17.374000 Z-0.200000
G01 X169.080000 Y42.626000 Z-0.200000
G01 X164.911000 Y42.626000 Z-0.200000
G00 Z5.000000

(End cutting path id: path306125)


(Start cutting path id: path306123)
(Change tool to Default tool)

G00 Z5.000000
G00 X164.911000 Y42.626000

G01 Z-0.200000 F100.0(Penetrate)
G01 X164.911000 Y17.374000 Z-0.200000 F800.000000
G01 X164.911000 Y17.374000 Z-0.200000
G01 X169.080000 Y17.374000 Z-0.200000
G01 X169.080000 Y42.626000 Z-0.200000
G01 X164.911000 Y42.626000 Z-0.200000
G00 Z5.000000

(End cutting path id: path306123)


(Start cutting path id: path306121)
(Change tool to Default tool)

G00 Z5.000000
G00 X164.911000 Y42.626000

G01 Z-0.200000 F100.0(Penetrate)
G01 X164.911000 Y17.374000 Z-0.200000 F800.000000
G01 X164.911000 Y17.374000 Z-0.200000
G01 X169.080000 Y17.374000 Z-0.200000
G01 X169.080000 Y42.626000 Z-0.200000
G01 X164.911000 Y42.626000 Z-0.200000
G00 Z5.000000

(End cutting path id: path306121)


(Start cutting path id: path306119)
(Change tool to Default tool)

G00 Z5.000000
G00 X164.911000 Y42.626000

G01 Z-0.200000 F100.0(Penetrate)
G01 X164.911000 Y17.374000 Z-0.200000 F800.000000
G01 X164.911000 Y17.374000 Z-0.200000
G01 X169.080000 Y17.374000 Z-0.200000
G01 X169.080000 Y42.626000 Z-0.200000
G01 X164.911000 Y42.626000 Z-0.200000
G00 Z5.000000

(End cutting path id: path306119)


(Start cutting path id: path306117)
(Change tool to Default tool)

G00 Z5.000000
G00 X164.911000 Y42.626000

G01 Z-0.200000 F100.0(Penetrate)
G01 X164.911000 Y17.374000 Z-0.200000 F800.000000
G01 X164.911000 Y17.374000 Z-0.200000
G01 X169.080000 Y17.374000 Z-0.200000
G01 X169.080000 Y42.626000 Z-0.200000
G01 X164.911000 Y42.626000 Z-0.200000
G00 Z5.000000

(End cutting path id: path306117)


(Start cutting path id: path350778)
(Change tool to Default tool)

G00 Z5.000000
G00 X157.857420 Y39.626950

G01 Z-0.200000 F100.0(Penetrate)
G02 X157.869157 Y39.614284 Z-0.200000 I-2.194892 J-2.045544 F800.000000
G02 X157.880820 Y39.601550 Z-0.200000 I-2.206628 J-2.032878
G01 X157.880820 Y39.626950 Z-0.200000
G01 X157.857420 Y39.626950 Z-0.200000
G00 Z5.000000

(End cutting path id: path350778)


(Start cutting path id: path350776)
(Change tool to Default tool)

G00 Z5.000000
G00 X157.744140 Y39.685550

G01 Z-0.200000 F100.0(Penetrate)
G02 X157.844486 Y39.579574 Z-0.200000 I-2.084205 J-2.073986 F800.000000
G02 X157.939450 Y39.468750 Z-0.200000 I-2.184551 J-1.968011
G01 X157.939450 Y39.685550 Z-0.200000
G01 X157.744140 Y39.685550 Z-0.200000
G00 Z5.000000

(End cutting path id: path350776)


(Start cutting path id: path306153)
(Change tool to Default tool)

G00 Z5.000000
G00 X157.744140 Y39.685550

G01 Z-0.200000 F100.0(Penetrate)
G02 X157.844486 Y39.579574 Z-0.200000 I-2.084205 J-2.073986 F800.000000
G02 X157.939450 Y39.468750 Z-0.200000 I-2.184551 J-1.968011
G01 X157.939450 Y39.685550 Z-0.200000
G01 X157.744140 Y39.685550 Z-0.200000
G00 Z5.000000

(End cutting path id: path306153)


(Start cutting path id: path350774)
(Change tool to Default tool)

G00 Z5.000000
G00 X157.289060 Y39.925780

G01 Z-0.200000 F100.0(Penetrate)
G02 X157.796000 Y39.488261 Z-0.200000 I-1.497189 J-2.247195 F800.000000
G02 X158.179690 Y38.939450 Z-0.200000 I-2.004129 J-1.809676
G01 X158.179690 Y39.925780 Z-0.200000
G01 X157.289060 Y39.925780 Z-0.200000
G00 Z5.000000

(End cutting path id: path350774)


(Start cutting path id: path306151)
(Change tool to Default tool)

G00 Z5.000000
G00 X157.289060 Y39.925780

G01 Z-0.200000 F100.0(Penetrate)
G02 X157.796000 Y39.488261 Z-0.200000 I-1.497189 J-2.247195 F800.000000
G02 X158.179690 Y38.939450 Z-0.200000 I-2.004129 J-1.809676
G01 X158.179690 Y39.925780 Z-0.200000
G01 X157.289060 Y39.925780 Z-0.200000
G00 Z5.000000

(End cutting path id: path306151)


(Start cutting path id: path350774)
(Change tool to Default tool)

G00 Z5.000000
G00 X156.789060 Y39.925780

G01 Z-0.200000 F100.0(Penetrate)
G01 X156.699260 Y39.511720 Z-0.200000 F800.000000
G02 X156.968955 Y39.737224 Z-0.200000 I1.863281 J-1.954391
G02 X157.265660 Y39.925780 Z-0.200000 I1.593586 J-2.179895
G01 X156.789060 Y39.925780 Z-0.200000
G00 Z5.000000

(End cutting path id: path350774)


(Start cutting path id: path306151)
(Change tool to Default tool)

G00 Z5.000000
G00 X156.789060 Y39.925780

G01 Z-0.200000 F100.0(Penetrate)
G01 X156.699260 Y39.511720 Z-0.200000 F800.000000
G02 X156.968955 Y39.737224 Z-0.200000 I1.863281 J-1.954391
G02 X157.265660 Y39.925780 Z-0.200000 I1.593586 J-2.179895
G01 X156.789060 Y39.925780 Z-0.200000
G00 Z5.000000

(End cutting path id: path306151)


(Start cutting path id: path350772)
(Change tool to Default tool)

G00 Z5.000000
G00 X156.595700 Y40.166020

G01 Z-0.200000 F100.0(Penetrate)
G01 X156.351560 Y39.037110 Z-0.200000 F800.000000
G02 X157.458520 Y38.962013 Z-0.200000 I0.391246 J-2.428937
G02 X158.419920 Y38.408200 Z-0.200000 I-0.715714 J-2.353840
G01 X158.419920 Y40.166020 Z-0.200000
G01 X156.595700 Y40.166020 Z-0.200000
G00 Z5.000000

(End cutting path id: path350772)


(Start cutting path id: path306149)
(Change tool to Default tool)

G00 Z5.000000
G00 X156.595700 Y40.166020

G01 Z-0.200000 F100.0(Penetrate)
G01 X156.351560 Y39.037110 Z-0.200000 F800.000000
G02 X157.458520 Y38.962013 Z-0.200000 I0.391246 J-2.428937
G02 X158.419920 Y38.408200 Z-0.200000 I-0.715714 J-2.353840
G01 X158.419920 Y40.166020 Z-0.200000
G01 X156.595700 Y40.166020 Z-0.200000
G00 Z5.000000

(End cutting path id: path306149)


(Start cutting path id: path350770)
(Change tool to Default tool)

G00 Z5.000000
G00 X156.402340 Y40.406250

G01 Z-0.200000 F100.0(Penetrate)
G01 X156.003910 Y38.560550 Z-0.200000 F800.000000
G02 X157.450218 Y38.677972 Z-0.200000 I0.892953 J-2.032737
G02 X158.660160 Y37.876950 Z-0.200000 I-0.553355 J-2.150159
G01 X158.660160 Y40.406250 Z-0.200000
G01 X156.402340 Y40.406250 Z-0.200000
G00 Z5.000000

(End cutting path id: path350770)


(Start cutting path id: path306147)
(Change tool to Default tool)

G00 Z5.000000
G00 X156.402340 Y40.406250

G01 Z-0.200000 F100.0(Penetrate)
G01 X156.003910 Y38.560550 Z-0.200000 F800.000000
G02 X157.450218 Y38.677972 Z-0.200000 I0.892953 J-2.032737
G02 X158.660160 Y37.876950 Z-0.200000 I-0.553355 J-2.150159
G01 X158.660160 Y40.406250 Z-0.200000
G01 X156.402340 Y40.406250 Z-0.200000
G00 Z5.000000

(End cutting path id: path306147)


(Start cutting path id: path350768)
(Change tool to Default tool)

G00 Z5.000000
G00 X156.207030 Y40.646480

G01 Z-0.200000 F100.0(Penetrate)
G01 X155.654300 Y38.085940 Z-0.200000 F800.000000
G02 X156.501094 Y38.576076 Z-0.200000 I1.384628 J-1.415623
G02 X157.479191 Y38.600952 Z-0.200000 I0.537834 J-1.905759
G02 X158.349805 Y38.154495 Z-0.200000 I-0.440263 J-1.930635
G02 X158.900390 Y37.345700 Z-0.200000 I-1.310877 J-1.484178
G01 X158.900390 Y40.646480 Z-0.200000
G01 X156.207030 Y40.646480 Z-0.200000
G00 Z5.000000

(End cutting path id: path350768)


(Start cutting path id: path306145)
(Change tool to Default tool)

G00 Z5.000000
G00 X156.207030 Y40.646480

G01 Z-0.200000 F100.0(Penetrate)
G01 X155.654300 Y38.085940 Z-0.200000 F800.000000
G02 X156.501094 Y38.576076 Z-0.200000 I1.384628 J-1.415623
G02 X157.479191 Y38.600952 Z-0.200000 I0.537834 J-1.905759
G02 X158.349805 Y38.154495 Z-0.200000 I-0.440263 J-1.930635
G02 X158.900390 Y37.345700 Z-0.200000 I-1.310877 J-1.484178
G01 X158.900390 Y40.646480 Z-0.200000
G01 X156.207030 Y40.646480 Z-0.200000
G00 Z5.000000

(End cutting path id: path306145)


(Start cutting path id: path350766)
(Change tool to Default tool)

G00 Z5.000000
G00 X156.013670 Y40.886720

G01 Z-0.200000 F100.0(Penetrate)
G01 X155.306640 Y37.609380 Z-0.200000 F800.000000
G02 X155.989297 Y38.640028 Z-0.200000 I1.697513 J-0.382955
G02 X157.184126 Y38.957268 Z-0.200000 I1.014856 J-1.413603
G02 X158.288127 Y38.400996 Z-0.200000 I-0.179972 J-1.730842
G02 X158.744140 Y37.251950 Z-0.200000 I-1.283973 J-1.174571
G01 X158.744140 Y19.113280 Z-0.200000
G01 X159.140620 Y19.113280 Z-0.200000
G01 X159.140620 Y40.886720 Z-0.200000
G01 X156.013670 Y40.886720 Z-0.200000
G00 Z5.000000

(End cutting path id: path350766)


(Start cutting path id: path306143)
(Change tool to Default tool)

G00 Z5.000000
G00 X156.013670 Y40.886720

G01 Z-0.200000 F100.0(Penetrate)
G01 X155.306640 Y37.609380 Z-0.200000 F800.000000
G02 X155.989297 Y38.640028 Z-0.200000 I1.697513 J-0.382955
G02 X157.184126 Y38.957268 Z-0.200000 I1.014856 J-1.413603
G02 X158.288127 Y38.400996 Z-0.200000 I-0.179972 J-1.730842
G02 X158.744140 Y37.251950 Z-0.200000 I-1.283973 J-1.174571
G01 X158.744140 Y19.113280 Z-0.200000
G01 X159.140620 Y19.113280 Z-0.200000
G01 X159.140620 Y40.886720 Z-0.200000
G01 X156.013670 Y40.886720 Z-0.200000
G00 Z5.000000

(End cutting path id: path306143)


(Start cutting path id: path350766)
(Change tool to Default tool)

G00 Z5.000000
G00 X155.201170 Y37.125000

G01 Z-0.200000 F100.0(Penetrate)
G01 X152.589840 Y25.033200 Z-0.200000 F800.000000
G02 X151.981744 Y24.048426 Z-0.200000 I-1.700413 J0.369866
G02 X150.890450 Y23.662892 Z-0.200000 I-1.092318 J1.354639
G02 X149.798704 Y24.047142 Z-0.200000 I-0.001024 J1.740174
G02 X149.189450 Y25.031200 Z-0.200000 I1.090723 J1.355923
G01 X146.962890 Y35.248000 Z-0.200000
G01 X150.275390 Y19.113230 Z-0.200000
G01 X151.470700 Y19.113230 Z-0.200000
G01 X155.201170 Y37.125000 Z-0.200000
G00 Z5.000000

(End cutting path id: path350766)


(Start cutting path id: path306143)
(Change tool to Default tool)

G00 Z5.000000
G00 X155.201170 Y37.125000

G01 Z-0.200000 F100.0(Penetrate)
G01 X152.589840 Y25.033200 Z-0.200000 F800.000000
G02 X151.981744 Y24.048426 Z-0.200000 I-1.700413 J0.369866
G02 X150.890450 Y23.662892 Z-0.200000 I-1.092318 J1.354639
G02 X149.798704 Y24.047142 Z-0.200000 I-0.001024 J1.740174
G02 X149.189450 Y25.031200 Z-0.200000 I1.090723 J1.355923
G01 X146.962890 Y35.248000 Z-0.200000
G01 X150.275390 Y19.113230 Z-0.200000
G01 X151.470700 Y19.113230 Z-0.200000
G01 X155.201170 Y37.125000 Z-0.200000
G00 Z5.000000

(End cutting path id: path306143)


(Start cutting path id: path350774)
(Change tool to Default tool)

G00 Z5.000000
G00 X144.515620 Y39.925780

G01 Z-0.200000 F100.0(Penetrate)
G02 X144.791125 Y39.747497 Z-0.200000 I-1.326549 J-2.351962 F800.000000
G02 X145.042970 Y39.537110 Z-0.200000 I-1.602055 J-2.173679
G01 X144.958970 Y39.925780 Z-0.200000
G01 X144.515620 Y39.925780 Z-0.200000
G00 Z5.000000

(End cutting path id: path350774)


(Start cutting path id: path306151)
(Change tool to Default tool)

G00 Z5.000000
G00 X144.515620 Y39.925780

G01 Z-0.200000 F100.0(Penetrate)
G02 X144.791125 Y39.747497 Z-0.200000 I-1.326549 J-2.351962 F800.000000
G02 X145.042970 Y39.537110 Z-0.200000 I-1.602055 J-2.173679
G01 X144.958970 Y39.925780 Z-0.200000
G01 X144.515620 Y39.925780 Z-0.200000
G00 Z5.000000

(End cutting path id: path306151)


(Start cutting path id: path350778)
(Change tool to Default tool)

G00 Z5.000000
G00 X143.880860 Y39.626950

G01 Z-0.200000 F100.0(Penetrate)
G01 X143.880860 Y39.582050 Z-0.200000 F800.000000
G02 X143.901246 Y39.604604 Z-0.200000 I2.235957 J-2.000574
G02 X143.921860 Y39.626950 Z-0.200000 I2.215571 J-2.023127
G01 X143.880860 Y39.626950 Z-0.200000
G00 Z5.000000

(End cutting path id: path350778)


(Start cutting path id: path350776)
(Change tool to Default tool)

G00 Z5.000000
G00 X143.820310 Y39.685550

G01 Z-0.200000 F100.0(Penetrate)
G01 X143.820310 Y39.447270 Z-0.200000 F800.000000
G02 X143.924482 Y39.569343 Z-0.200000 I2.287861 J-1.846895
G02 X144.035160 Y39.685550 Z-0.200000 I2.183689 J-1.968967
G01 X143.820310 Y39.685550 Z-0.200000
G00 Z5.000000

(End cutting path id: path350776)


(Start cutting path id: path306153)
(Change tool to Default tool)

G00 Z5.000000
G00 X143.820310 Y39.685550

G01 Z-0.200000 F100.0(Penetrate)
G01 X143.820310 Y39.447270 Z-0.200000 F800.000000
G02 X143.924482 Y39.569343 Z-0.200000 I2.287861 J-1.846895
G02 X144.035160 Y39.685550 Z-0.200000 I2.183689 J-1.968967
G01 X143.820310 Y39.685550 Z-0.200000
G00 Z5.000000

(End cutting path id: path306153)


(Start cutting path id: path350774)
(Change tool to Default tool)

G00 Z5.000000
G00 X143.580080 Y39.925780

G01 Z-0.200000 F100.0(Penetrate)
G01 X143.580080 Y38.916020 Z-0.200000 F800.000000
G02 X143.971487 Y39.479296 Z-0.200000 I2.395217 J-1.246753
G02 X144.492190 Y39.925780 Z-0.200000 I2.003810 J-1.810029
G01 X143.580080 Y39.925780 Z-0.200000
G00 Z5.000000

(End cutting path id: path350774)


(Start cutting path id: path306151)
(Change tool to Default tool)

G00 Z5.000000
G00 X143.580080 Y39.925780

G01 Z-0.200000 F100.0(Penetrate)
G01 X143.580080 Y38.916020 Z-0.200000 F800.000000
G02 X143.971487 Y39.479296 Z-0.200000 I2.395217 J-1.246753
G02 X144.492190 Y39.925780 Z-0.200000 I2.003810 J-1.810029
G01 X143.580080 Y39.925780 Z-0.200000
G00 Z5.000000

(End cutting path id: path306151)


(Start cutting path id: path350772)
(Change tool to Default tool)

G00 Z5.000000
G00 X143.341800 Y40.166020

G01 Z-0.200000 F100.0(Penetrate)
G01 X143.341800 Y38.388670 Z-0.200000 F800.000000
G02 X144.289591 Y38.961466 Z-0.200000 I1.713760 J-1.765173
G02 X145.392580 Y39.060550 Z-0.200000 I0.765969 J-2.337969
G01 X145.152340 Y40.166020 Z-0.200000
G01 X143.341800 Y40.166020 Z-0.200000
G00 Z5.000000

(End cutting path id: path350772)


(Start cutting path id: path306149)
(Change tool to Default tool)

G00 Z5.000000
G00 X143.341800 Y40.166020

G01 Z-0.200000 F100.0(Penetrate)
G01 X143.341800 Y38.388670 Z-0.200000 F800.000000
G02 X144.289591 Y38.961466 Z-0.200000 I1.713760 J-1.765173
G02 X145.392580 Y39.060550 Z-0.200000 I0.765969 J-2.337969
G01 X145.152340 Y40.166020 Z-0.200000
G01 X143.341800 Y40.166020 Z-0.200000
G00 Z5.000000

(End cutting path id: path306149)


(Start cutting path id: path350770)
(Change tool to Default tool)

G00 Z5.000000
G00 X143.101560 Y40.406250

G01 Z-0.200000 F100.0(Penetrate)
G01 X143.101560 Y37.857420 Z-0.200000 F800.000000
G02 X144.297366 Y38.677101 Z-0.200000 I1.784399 J-1.321100
G02 X145.744140 Y38.583980 Z-0.200000 I0.588594 J-2.140781
G01 X145.345700 Y40.406250 Z-0.200000
G01 X143.101560 Y40.406250 Z-0.200000
G00 Z5.000000

(End cutting path id: path350770)


(Start cutting path id: path306147)
(Change tool to Default tool)

G00 Z5.000000
G00 X143.101560 Y40.406250

G01 Z-0.200000 F100.0(Penetrate)
G01 X143.101560 Y37.857420 Z-0.200000 F800.000000
G02 X144.297366 Y38.677101 Z-0.200000 I1.784399 J-1.321100
G02 X145.744140 Y38.583980 Z-0.200000 I0.588594 J-2.140781
G01 X145.345700 Y40.406250 Z-0.200000
G01 X143.101560 Y40.406250 Z-0.200000
G00 Z5.000000

(End cutting path id: path306147)


(Start cutting path id: path350768)
(Change tool to Default tool)

G00 Z5.000000
G00 X142.861330 Y40.646480

G01 Z-0.200000 F100.0(Penetrate)
G01 X142.861330 Y37.326170 Z-0.200000 F800.000000
G02 X143.402034 Y38.139250 Z-0.200000 I1.868336 J-0.656130
G02 X144.265560 Y38.595083 Z-0.200000 I1.327632 J-1.469210
G02 X145.241936 Y38.582830 Z-0.200000 I0.464106 J-1.925043
G02 X146.093750 Y38.105470 Z-0.200000 I-0.512270 J-1.912789
G01 X145.539060 Y40.646480 Z-0.200000
G01 X142.861330 Y40.646480 Z-0.200000
G00 Z5.000000

(End cutting path id: path350768)


(Start cutting path id: path306145)
(Change tool to Default tool)

G00 Z5.000000
G00 X142.861330 Y40.646480

G01 Z-0.200000 F100.0(Penetrate)
G01 X142.861330 Y37.326170 Z-0.200000 F800.000000
G02 X143.402034 Y38.139250 Z-0.200000 I1.868336 J-0.656130
G02 X144.265560 Y38.595083 Z-0.200000 I1.327632 J-1.469210
G02 X145.241936 Y38.582830 Z-0.200000 I0.464106 J-1.925043
G02 X146.093750 Y38.105470 Z-0.200000 I-0.512270 J-1.912789
G01 X145.539060 Y40.646480 Z-0.200000
G01 X142.861330 Y40.646480 Z-0.200000
G00 Z5.000000

(End cutting path id: path306145)


(Start cutting path id: path350766)
(Change tool to Default tool)

G00 Z5.000000
G00 X142.621090 Y40.886720

G01 Z-0.200000 F100.0(Penetrate)
G01 X142.621090 Y19.113280 Z-0.200000 F800.000000
G01 X143.033200 Y19.113280 Z-0.200000
G01 X143.033200 Y37.251950 Z-0.200000
G02 X143.509444 Y38.347737 Z-0.200000 I1.737089 J-0.103579
G02 X144.580076 Y38.878118 Z-0.200000 I1.260844 J-1.199365
G02 X145.740378 Y38.593062 Z-0.200000 I0.190213 J-1.729747
G02 X146.443360 Y37.626950 Z-0.200000 I-0.970089 J-1.444691
G01 X145.732420 Y40.886720 Z-0.200000
G01 X142.621090 Y40.886720 Z-0.200000
G00 Z5.000000

(End cutting path id: path350766)


(Start cutting path id: path306143)
(Change tool to Default tool)

G00 Z5.000000
G00 X142.621090 Y40.886720

G01 Z-0.200000 F100.0(Penetrate)
G01 X142.621090 Y19.113280 Z-0.200000 F800.000000
G01 X143.033200 Y19.113280 Z-0.200000
G01 X143.033200 Y37.251950 Z-0.200000
G02 X143.509444 Y38.347737 Z-0.200000 I1.737089 J-0.103579
G02 X144.580076 Y38.878118 Z-0.200000 I1.260844 J-1.199365
G02 X145.740378 Y38.593062 Z-0.200000 I0.190213 J-1.729747
G02 X146.443360 Y37.626950 Z-0.200000 I-0.970089 J-1.444691
G01 X145.732420 Y40.886720 Z-0.200000
G01 X142.621090 Y40.886720 Z-0.200000
G00 Z5.000000

(End cutting path id: path306143)


(Start cutting path id: path350764)
(Change tool to Default tool)

G00 Z5.000000
G00 X142.380860 Y41.126950

G01 Z-0.200000 F100.0(Penetrate)
G01 X142.380860 Y18.873050 Z-0.200000 F800.000000
G01 X143.273440 Y18.873050 Z-0.200000
G01 X143.273440 Y37.251950 Z-0.200000
G02 X143.658237 Y38.261449 Z-0.200000 I1.500137 J0.006270
G02 X144.621486 Y38.750641 Z-0.200000 I1.115340 J-1.003229
G02 X145.663615 Y38.465814 Z-0.200000 I0.152091 J-1.492420
G02 X146.244140 Y37.554690 Z-0.200000 I-0.890038 J-1.207594
G01 X150.080080 Y18.873050 Z-0.200000
G01 X151.666020 Y18.873050 Z-0.200000
G01 X155.535160 Y37.556640 Z-0.200000
G02 X156.118095 Y38.461401 Z-0.200000 I1.468601 J-0.306043
G02 X157.156920 Y38.742908 Z-0.200000 I0.885666 J-1.210804
G02 X158.116908 Y38.256258 Z-0.200000 I-0.153159 J-1.492311
G02 X158.503910 Y37.251950 Z-0.200000 I-1.113147 J-1.005661
G01 X158.503910 Y18.873050 Z-0.200000
G01 X159.380860 Y18.873050 Z-0.200000
G01 X159.380860 Y41.126950 Z-0.200000
G01 X155.820310 Y41.126950 Z-0.200000
G01 X152.355470 Y25.083980 Z-0.200000
G02 X151.831441 Y24.234568 Z-0.200000 I-1.466038 J0.318094
G02 X150.890456 Y23.901924 Z-0.200000 I-0.942009 J1.167505
G02 X149.949017 Y24.233284 Z-0.200000 I-0.001023 J1.500150
G02 X149.423830 Y25.081980 Z-0.200000 I0.940415 J1.168790
G01 X145.925780 Y41.126900 Z-0.200000
G01 X142.380860 Y41.126950 Z-0.200000
G00 Z5.000000

(End cutting path id: path350764)


(Start cutting path id: path306141)
(Change tool to Default tool)

G00 Z5.000000
G00 X142.380860 Y41.126950

G01 Z-0.200000 F100.0(Penetrate)
G01 X142.380860 Y18.873050 Z-0.200000 F800.000000
G01 X143.273440 Y18.873050 Z-0.200000
G01 X143.273440 Y37.251950 Z-0.200000
G02 X143.658237 Y38.261449 Z-0.200000 I1.500137 J0.006270
G02 X144.621486 Y38.750641 Z-0.200000 I1.115340 J-1.003229
G02 X145.663615 Y38.465814 Z-0.200000 I0.152091 J-1.492420
G02 X146.244140 Y37.554690 Z-0.200000 I-0.890038 J-1.207594
G01 X150.080080 Y18.873050 Z-0.200000
G01 X151.666020 Y18.873050 Z-0.200000
G01 X155.535160 Y37.556640 Z-0.200000
G02 X156.118095 Y38.461401 Z-0.200000 I1.468601 J-0.306043
G02 X157.156920 Y38.742908 Z-0.200000 I0.885666 J-1.210804
G02 X158.116908 Y38.256258 Z-0.200000 I-0.153159 J-1.492311
G02 X158.503910 Y37.251950 Z-0.200000 I-1.113147 J-1.005661
G01 X158.503910 Y18.873050 Z-0.200000
G01 X159.380860 Y18.873050 Z-0.200000
G01 X159.380860 Y41.126950 Z-0.200000
G01 X155.820310 Y41.126950 Z-0.200000
G01 X152.355470 Y25.083980 Z-0.200000
G02 X151.831441 Y24.234568 Z-0.200000 I-1.466038 J0.318094
G02 X150.890456 Y23.901924 Z-0.200000 I-0.942009 J1.167505
G02 X149.949017 Y24.233284 Z-0.200000 I-0.001023 J1.500150
G02 X149.423830 Y25.081980 Z-0.200000 I0.940415 J1.168790
G01 X145.925780 Y41.126900 Z-0.200000
G01 X142.380860 Y41.126950 Z-0.200000
G00 Z5.000000

(End cutting path id: path306141)


(Start cutting path id: path350762)
(Change tool to Default tool)

G00 Z5.000000
G00 X142.140620 Y41.365230

G01 Z-0.200000 F100.0(Penetrate)
G01 X142.140620 Y18.634770 Z-0.200000 F800.000000
G01 X143.513670 Y18.634770 Z-0.200000
G01 X143.513670 Y37.251950 Z-0.200000
G02 X143.839149 Y38.095858 Z-0.200000 I1.260125 J-0.001287
G02 X144.646171 Y38.504310 Z-0.200000 I0.934646 J-0.845195
G02 X145.518947 Y38.266866 Z-0.200000 I0.127625 J-1.253646
G02 X146.007810 Y37.505860 Z-0.200000 I-0.745151 J-1.016202
G01 X149.884770 Y18.634770 Z-0.200000
G01 X151.861330 Y18.634770 Z-0.200000
G01 X155.769530 Y37.507810 Z-0.200000
G02 X156.258787 Y38.269102 Z-0.200000 I1.234014 J-0.255199
G02 X157.132139 Y38.506158 Z-0.200000 I0.744757 J-1.016491
G02 X157.939170 Y38.096721 Z-0.200000 I-0.128594 J-1.253547
G02 X158.263670 Y37.251950 Z-0.200000 I-0.935626 J-0.844110
G01 X158.263670 Y18.634770 Z-0.200000
G01 X159.619140 Y18.634770 Z-0.200000
G01 X159.619140 Y41.365230 Z-0.200000
G01 X155.626950 Y41.365230 Z-0.200000
G01 X152.121090 Y25.134770 Z-0.200000
G02 X151.681129 Y24.420719 Z-0.200000 I-1.231662 J0.266319
G02 X150.890451 Y24.140964 Z-0.200000 I-0.791701 J0.980371
G02 X150.099320 Y24.419434 Z-0.200000 I-0.001023 J1.260126
G02 X149.658200 Y25.132770 Z-0.200000 I0.790108 J0.981655
G01 X146.119140 Y41.365190 Z-0.200000
G01 X142.140620 Y41.365230 Z-0.200000
G00 Z5.000000

(End cutting path id: path350762)


(Start cutting path id: path306139)
(Change tool to Default tool)

G00 Z5.000000
G00 X142.140620 Y41.365230

G01 Z-0.200000 F100.0(Penetrate)
G01 X142.140620 Y18.634770 Z-0.200000 F800.000000
G01 X143.513670 Y18.634770 Z-0.200000
G01 X143.513670 Y37.251950 Z-0.200000
G02 X143.839149 Y38.095858 Z-0.200000 I1.260125 J-0.001287
G02 X144.646171 Y38.504310 Z-0.200000 I0.934646 J-0.845195
G02 X145.518947 Y38.266866 Z-0.200000 I0.127625 J-1.253646
G02 X146.007810 Y37.505860 Z-0.200000 I-0.745151 J-1.016202
G01 X149.884770 Y18.634770 Z-0.200000
G01 X151.861330 Y18.634770 Z-0.200000
G01 X155.769530 Y37.507810 Z-0.200000
G02 X156.258787 Y38.269102 Z-0.200000 I1.234014 J-0.255199
G02 X157.132139 Y38.506158 Z-0.200000 I0.744757 J-1.016491
G02 X157.939170 Y38.096721 Z-0.200000 I-0.128594 J-1.253547
G02 X158.263670 Y37.251950 Z-0.200000 I-0.935626 J-0.844110
G01 X158.263670 Y18.634770 Z-0.200000
G01 X159.619140 Y18.634770 Z-0.200000
G01 X159.619140 Y41.365230 Z-0.200000
G01 X155.626950 Y41.365230 Z-0.200000
G01 X152.121090 Y25.134770 Z-0.200000
G02 X151.681129 Y24.420719 Z-0.200000 I-1.231662 J0.266319
G02 X150.890451 Y24.140964 Z-0.200000 I-0.791701 J0.980371
G02 X150.099320 Y24.419434 Z-0.200000 I-0.001023 J1.260126
G02 X149.658200 Y25.132770 Z-0.200000 I0.790108 J0.981655
G01 X146.119140 Y41.365190 Z-0.200000
G01 X142.140620 Y41.365230 Z-0.200000
G00 Z5.000000

(End cutting path id: path306139)


(Start cutting path id: path350760)
(Change tool to Default tool)

G00 Z5.000000
G00 X141.900390 Y41.605470

G01 Z-0.200000 F100.0(Penetrate)
G01 X141.900390 Y18.394530 Z-0.200000 F800.000000
G01 X143.753910 Y18.394530 Z-0.200000
G01 X143.753910 Y37.251950 Z-0.200000
G02 X144.016879 Y37.936335 Z-0.200000 I1.020102 J0.000749
G02 X144.670952 Y38.267582 Z-0.200000 I0.757133 J-0.683636
G02 X145.378261 Y38.074581 Z-0.200000 I0.103060 J-1.014883
G02 X145.773440 Y37.457030 Z-0.200000 I-0.604250 J-0.821882
G01 X149.689450 Y18.394530 Z-0.200000
G01 X152.056640 Y18.394530 Z-0.200000
G01 X156.005860 Y37.458980 Z-0.200000
G02 X156.403345 Y38.070408 Z-0.200000 I0.997499 J-0.213551
G02 X157.107488 Y38.260202 Z-0.200000 I0.600014 J-0.824980
G02 X157.758412 Y37.931361 Z-0.200000 I-0.104129 J-1.014773
G02 X158.023440 Y37.251950 Z-0.200000 I-0.755053 J-0.685932
G01 X158.023440 Y18.394530 Z-0.200000
G01 X159.859380 Y18.394530 Z-0.200000
G01 X159.859380 Y41.605470 Z-0.200000
G01 X155.433590 Y41.605470 Z-0.200000
G01 X151.886720 Y25.185550 Z-0.200000
G02 X151.530828 Y24.606858 Z-0.200000 I-0.997286 J0.214542
G02 X150.890457 Y24.379991 Z-0.200000 I-0.641394 J0.793235
G02 X150.249632 Y24.605573 Z-0.200000 I-0.001023 J1.020101
G02 X149.892580 Y25.183550 Z-0.200000 I0.639802 J0.794520
G01 X146.312500 Y41.605430 Z-0.200000
G01 X141.900390 Y41.605470 Z-0.200000
G00 Z5.000000

(End cutting path id: path350760)


(Start cutting path id: path306137)
(Change tool to Default tool)

G00 Z5.000000
G00 X141.900390 Y41.605470

G01 Z-0.200000 F100.0(Penetrate)
G01 X141.900390 Y18.394530 Z-0.200000 F800.000000
G01 X143.753910 Y18.394530 Z-0.200000
G01 X143.753910 Y37.251950 Z-0.200000
G02 X144.016879 Y37.936335 Z-0.200000 I1.020102 J0.000749
G02 X144.670952 Y38.267582 Z-0.200000 I0.757133 J-0.683636
G02 X145.378261 Y38.074581 Z-0.200000 I0.103060 J-1.014883
G02 X145.773440 Y37.457030 Z-0.200000 I-0.604250 J-0.821882
G01 X149.689450 Y18.394530 Z-0.200000
G01 X152.056640 Y18.394530 Z-0.200000
G01 X156.005860 Y37.458980 Z-0.200000
G02 X156.403345 Y38.070408 Z-0.200000 I0.997499 J-0.213551
G02 X157.107488 Y38.260202 Z-0.200000 I0.600014 J-0.824980
G02 X157.758412 Y37.931361 Z-0.200000 I-0.104129 J-1.014773
G02 X158.023440 Y37.251950 Z-0.200000 I-0.755053 J-0.685932
G01 X158.023440 Y18.394530 Z-0.200000
G01 X159.859380 Y18.394530 Z-0.200000
G01 X159.859380 Y41.605470 Z-0.200000
G01 X155.433590 Y41.605470 Z-0.200000
G01 X151.886720 Y25.185550 Z-0.200000
G02 X151.530828 Y24.606858 Z-0.200000 I-0.997286 J0.214542
G02 X150.890457 Y24.379991 Z-0.200000 I-0.641394 J0.793235
G02 X150.249632 Y24.605573 Z-0.200000 I-0.001023 J1.020101
G02 X149.892580 Y25.183550 Z-0.200000 I0.639802 J0.794520
G01 X146.312500 Y41.605430 Z-0.200000
G01 X141.900390 Y41.605470 Z-0.200000
G00 Z5.000000

(End cutting path id: path306137)


(Start cutting path id: path350758)
(Change tool to Default tool)

G00 Z5.000000
G00 X141.660160 Y41.845700

G01 Z-0.200000 F100.0(Penetrate)
G01 X141.660160 Y18.154300 Z-0.200000 F800.000000
G01 X143.994140 Y18.154300 Z-0.200000
G01 X143.994140 Y37.251950 Z-0.200000
G02 X144.197645 Y37.770952 Z-0.200000 I0.780051 J-0.006466
G02 X144.695598 Y38.021593 Z-0.200000 I0.576546 J-0.525468
G02 X145.233689 Y37.875868 Z-0.200000 I0.078593 J-0.776109
G02 X145.537110 Y37.408200 Z-0.200000 I-0.459498 J-0.630384
G01 X149.492190 Y18.154300 Z-0.200000
G01 X152.253910 Y18.154300 Z-0.200000
G01 X156.240230 Y37.410160 Z-0.200000
G02 X156.544060 Y37.878072 Z-0.200000 I0.762905 J-0.162779
G02 X157.082704 Y38.023390 Z-0.200000 I0.459075 J-0.630691
G02 X157.580649 Y37.771785 Z-0.200000 I-0.079569 J-0.776009
G02 X157.783200 Y37.251950 Z-0.200000 I-0.577514 J-0.524404
G01 X157.783200 Y18.154300 Z-0.200000
G01 X160.099610 Y18.154300 Z-0.200000
G01 X160.099610 Y41.845700 Z-0.200000
G01 X155.240230 Y41.845700 Z-0.200000
G01 X151.652340 Y25.236330 Z-0.200000
G02 X151.380520 Y24.792992 Z-0.200000 I-0.762910 J0.162759
G02 X150.890453 Y24.619011 Z-0.200000 I-0.491089 J0.606096
G02 X150.399932 Y24.791707 Z-0.200000 I-0.001023 J0.780077
G02 X150.126950 Y25.234330 Z-0.200000 I0.489498 J0.607382
G01 X146.505860 Y41.845650 Z-0.200000
G01 X141.660160 Y41.845700 Z-0.200000
G00 Z5.000000

(End cutting path id: path350758)


(Start cutting path id: path306135)
(Change tool to Default tool)

G00 Z5.000000
G00 X141.660160 Y41.845700

G01 Z-0.200000 F100.0(Penetrate)
G01 X141.660160 Y18.154300 Z-0.200000 F800.000000
G01 X143.994140 Y18.154300 Z-0.200000
G01 X143.994140 Y37.251950 Z-0.200000
G02 X144.197645 Y37.770952 Z-0.200000 I0.780051 J-0.006466
G02 X144.695598 Y38.021593 Z-0.200000 I0.576546 J-0.525468
G02 X145.233689 Y37.875868 Z-0.200000 I0.078593 J-0.776109
G02 X145.537110 Y37.408200 Z-0.200000 I-0.459498 J-0.630384
G01 X149.492190 Y18.154300 Z-0.200000
G01 X152.253910 Y18.154300 Z-0.200000
G01 X156.240230 Y37.410160 Z-0.200000
G02 X156.544060 Y37.878072 Z-0.200000 I0.762905 J-0.162779
G02 X157.082704 Y38.023390 Z-0.200000 I0.459075 J-0.630691
G02 X157.580649 Y37.771785 Z-0.200000 I-0.079569 J-0.776009
G02 X157.783200 Y37.251950 Z-0.200000 I-0.577514 J-0.524404
G01 X157.783200 Y18.154300 Z-0.200000
G01 X160.099610 Y18.154300 Z-0.200000
G01 X160.099610 Y41.845700 Z-0.200000
G01 X155.240230 Y41.845700 Z-0.200000
G01 X151.652340 Y25.236330 Z-0.200000
G02 X151.380520 Y24.792992 Z-0.200000 I-0.762910 J0.162759
G02 X150.890453 Y24.619011 Z-0.200000 I-0.491089 J0.606096
G02 X150.399932 Y24.791707 Z-0.200000 I-0.001023 J0.780077
G02 X150.126950 Y25.234330 Z-0.200000 I0.489498 J0.607382
G01 X146.505860 Y41.845650 Z-0.200000
G01 X141.660160 Y41.845700 Z-0.200000
G00 Z5.000000

(End cutting path id: path306135)


(Start cutting path id: path350756)
(Change tool to Default tool)

G00 Z5.000000
G00 X141.421880 Y42.085940

G01 Z-0.200000 F100.0(Penetrate)
G01 X141.421880 Y17.914060 Z-0.200000 F800.000000
G01 X144.234380 Y17.914060 Z-0.200000
G01 X144.234380 Y37.251950 Z-0.200000
G02 X144.374471 Y37.612178 Z-0.200000 I0.540047 J-0.002668
G02 X144.719423 Y37.786528 Z-0.200000 I0.399956 J-0.362896
G02 X145.092549 Y37.685696 Z-0.200000 I0.055004 J-0.537246
G02 X145.302730 Y37.361330 Z-0.200000 I-0.318121 J-0.436414
G01 X149.296880 Y17.914060 Z-0.200000
G01 X152.449220 Y17.914060 Z-0.200000
G01 X156.474610 Y37.361330 Z-0.200000
G02 X156.682689 Y37.692567 Z-0.200000 I0.530304 J-0.102155
G02 X157.059819 Y37.796431 Z-0.200000 I0.322226 J-0.433392
G02 X157.408144 Y37.618430 Z-0.200000 I-0.054905 J-0.537256
G02 X157.544920 Y37.251950 Z-0.200000 I-0.403230 J-0.359255
G01 X157.544920 Y17.914060 Z-0.200000
G01 X160.339840 Y17.914060 Z-0.200000
G01 X160.339840 Y42.085940 Z-0.200000
G01 X155.044920 Y42.085940 Z-0.200000
G01 X151.416020 Y25.287110 Z-0.200000
G02 X151.227453 Y24.982175 Z-0.200000 I-0.527566 J0.115467
G02 X150.889478 Y24.862524 Z-0.200000 I-0.338999 J0.420402
G02 X150.551052 Y24.980892 Z-0.200000 I-0.001024 J0.540053
G02 X150.361330 Y25.285110 Z-0.200000 I0.337402 J0.421685
G01 X146.699220 Y42.085890 Z-0.200000
G01 X141.421880 Y42.085940 Z-0.200000
G00 Z5.000000

(End cutting path id: path350756)


(Start cutting path id: path306133)
(Change tool to Default tool)

G00 Z5.000000
G00 X141.421880 Y42.085940

G01 Z-0.200000 F100.0(Penetrate)
G01 X141.421880 Y17.914060 Z-0.200000 F800.000000
G01 X144.234380 Y17.914060 Z-0.200000
G01 X144.234380 Y37.251950 Z-0.200000
G02 X144.374471 Y37.612178 Z-0.200000 I0.540047 J-0.002668
G02 X144.719423 Y37.786528 Z-0.200000 I0.399956 J-0.362896
G02 X145.092549 Y37.685696 Z-0.200000 I0.055004 J-0.537246
G02 X145.302730 Y37.361330 Z-0.200000 I-0.318121 J-0.436414
G01 X149.296880 Y17.914060 Z-0.200000
G01 X152.449220 Y17.914060 Z-0.200000
G01 X156.474610 Y37.361330 Z-0.200000
G02 X156.682689 Y37.692567 Z-0.200000 I0.530304 J-0.102155
G02 X157.059819 Y37.796431 Z-0.200000 I0.322226 J-0.433392
G02 X157.408144 Y37.618430 Z-0.200000 I-0.054905 J-0.537256
G02 X157.544920 Y37.251950 Z-0.200000 I-0.403230 J-0.359255
G01 X157.544920 Y17.914060 Z-0.200000
G01 X160.339840 Y17.914060 Z-0.200000
G01 X160.339840 Y42.085940 Z-0.200000
G01 X155.044920 Y42.085940 Z-0.200000
G01 X151.416020 Y25.287110 Z-0.200000
G02 X151.227453 Y24.982175 Z-0.200000 I-0.527566 J0.115467
G02 X150.889478 Y24.862524 Z-0.200000 I-0.338999 J0.420402
G02 X150.551052 Y24.980892 Z-0.200000 I-0.001024 J0.540053
G02 X150.361330 Y25.285110 Z-0.200000 I0.337402 J0.421685
G01 X146.699220 Y42.085890 Z-0.200000
G01 X141.421880 Y42.085940 Z-0.200000
G00 Z5.000000

(End cutting path id: path306133)


(Start cutting path id: path350754)
(Change tool to Default tool)

G00 Z5.000000
G00 X141.181640 Y42.326170

G01 Z-0.200000 F100.0(Penetrate)
G01 X141.181640 Y17.673830 Z-0.200000 F800.000000
G01 X144.474610 Y17.673830 Z-0.200000
G01 X144.474610 Y37.251950 Z-0.200000
G02 X144.552179 Y37.452663 Z-0.200000 I0.300029 J-0.000606
G02 X144.744176 Y37.549823 Z-0.200000 I0.222460 J-0.201319
G02 X144.951842 Y37.493454 Z-0.200000 I0.030464 J-0.298479
G02 X145.068360 Y37.312550 Z-0.200000 I-0.177202 J-0.242110
G01 X149.101560 Y17.673880 Z-0.200000
G01 X152.644530 Y17.673880 Z-0.200000
G01 X156.710940 Y37.312550 Z-0.200000
G02 X156.827458 Y37.493454 Z-0.200000 I0.293721 J-0.061206
G02 X157.035124 Y37.549823 Z-0.200000 I0.177202 J-0.242110
G02 X157.227121 Y37.452663 Z-0.200000 I-0.030464 J-0.298479
G02 X157.304690 Y37.251950 Z-0.200000 I-0.222460 J-0.201319
G01 X157.304690 Y17.673830 Z-0.200000
G01 X160.580080 Y17.673830 Z-0.200000
G01 X160.580080 Y42.326170 Z-0.200000
G01 X154.851560 Y42.326170 Z-0.200000
G01 X151.181640 Y25.337890 Z-0.200000
G02 X151.076559 Y25.168680 Z-0.200000 I-0.292970 J0.064704
G02 X150.888670 Y25.102564 Z-0.200000 I-0.187889 J0.233914
G02 X150.700781 Y25.168680 Z-0.200000 I-0.000000 J0.300030
G02 X150.595700 Y25.337890 Z-0.200000 I0.187889 J0.233914
G01 X146.892580 Y42.326170 Z-0.200000
G01 X141.181640 Y42.326170 Z-0.200000
G00 Z5.000000

(End cutting path id: path350754)


(Start cutting path id: path306131)
(Change tool to Default tool)

G00 Z5.000000
G00 X141.181640 Y42.326170

G01 Z-0.200000 F100.0(Penetrate)
G01 X141.181640 Y17.673830 Z-0.200000 F800.000000
G01 X144.474610 Y17.673830 Z-0.200000
G01 X144.474610 Y37.251950 Z-0.200000
G02 X144.552179 Y37.452663 Z-0.200000 I0.300029 J-0.000606
G02 X144.744176 Y37.549823 Z-0.200000 I0.222460 J-0.201319
G02 X144.951842 Y37.493454 Z-0.200000 I0.030464 J-0.298479
G02 X145.068360 Y37.312550 Z-0.200000 I-0.177202 J-0.242110
G01 X149.101560 Y17.673880 Z-0.200000
G01 X152.644530 Y17.673880 Z-0.200000
G01 X156.710940 Y37.312550 Z-0.200000
G02 X156.827458 Y37.493454 Z-0.200000 I0.293721 J-0.061206
G02 X157.035124 Y37.549823 Z-0.200000 I0.177202 J-0.242110
G02 X157.227121 Y37.452663 Z-0.200000 I-0.030464 J-0.298479
G02 X157.304690 Y37.251950 Z-0.200000 I-0.222460 J-0.201319
G01 X157.304690 Y17.673830 Z-0.200000
G01 X160.580080 Y17.673830 Z-0.200000
G01 X160.580080 Y42.326170 Z-0.200000
G01 X154.851560 Y42.326170 Z-0.200000
G01 X151.181640 Y25.337890 Z-0.200000
G02 X151.076559 Y25.168680 Z-0.200000 I-0.292970 J0.064704
G02 X150.888670 Y25.102564 Z-0.200000 I-0.187889 J0.233914
G02 X150.700781 Y25.168680 Z-0.200000 I-0.000000 J0.300030
G02 X150.595700 Y25.337890 Z-0.200000 I0.187889 J0.233914
G01 X146.892580 Y42.326170 Z-0.200000
G01 X141.181640 Y42.326170 Z-0.200000
G00 Z5.000000

(End cutting path id: path306131)


(Start cutting path id: path306157)
(Change tool to Default tool)

G00 Z5.000000
G00 X140.881000 Y42.626000

G01 Z-0.200000 F100.0(Penetrate)
G01 X140.881000 Y17.374000 Z-0.200000 F800.000000
G01 X140.881000 Y17.374000 Z-0.200000
G01 X144.774000 Y17.374000 Z-0.200000
G01 X144.774000 Y37.252000 Z-0.200000
G01 X148.857000 Y17.374000 Z-0.200000
G01 X152.888000 Y17.374000 Z-0.200000
G01 X157.004000 Y37.252000 Z-0.200000
G01 X157.004000 Y17.374000 Z-0.200000
G01 X160.880000 Y17.374000 Z-0.200000
G01 X160.880000 Y42.626000 Z-0.200000
G01 X154.610000 Y42.626000 Z-0.200000
G01 X150.889000 Y25.401000 Z-0.200000
G01 X147.134000 Y42.626000 Z-0.200000
G01 X140.881000 Y42.626000 Z-0.200000
G00 Z5.000000

(End cutting path id: path306157)


(Start cutting path id: path306155)
(Change tool to Default tool)

G00 Z5.000000
G00 X140.881000 Y42.626000

G01 Z-0.200000 F100.0(Penetrate)
G01 X140.881000 Y17.374000 Z-0.200000 F800.000000
G01 X140.881000 Y17.374000 Z-0.200000
G01 X144.774000 Y17.374000 Z-0.200000
G01 X144.774000 Y37.252000 Z-0.200000
G01 X148.857000 Y17.374000 Z-0.200000
G01 X152.888000 Y17.374000 Z-0.200000
G01 X157.004000 Y37.252000 Z-0.200000
G01 X157.004000 Y17.374000 Z-0.200000
G01 X160.880000 Y17.374000 Z-0.200000
G01 X160.880000 Y42.626000 Z-0.200000
G01 X154.610000 Y42.626000 Z-0.200000
G01 X150.889000 Y25.401000 Z-0.200000
G01 X147.134000 Y42.626000 Z-0.200000
G01 X140.881000 Y42.626000 Z-0.200000
G00 Z5.000000

(End cutting path id: path306155)


(Start cutting path id: path306187)
(Change tool to Default tool)

G00 Z5.000000
G00 X134.878910 Y38.923830

G01 Z-0.200000 F100.0(Penetrate)
G01 X134.882472 Y38.916286 Z-0.200000 F800.000000
G01 X134.886910 Y38.908230 Z-0.200000
G01 X134.893011 Y38.901152 Z-0.200000
G01 X134.898610 Y38.894530 Z-0.200000
G01 X134.878910 Y38.923830 Z-0.200000
G00 Z5.000000

(End cutting path id: path306187)


(Start cutting path id: path306185)
(Change tool to Default tool)

G00 Z5.000000
G00 X134.863280 Y38.912110

G01 Z-0.200000 F100.0(Penetrate)
G01 X134.866303 Y38.906079 Z-0.200000 F800.000000
G01 X134.869280 Y38.900410 Z-0.200000
G01 X134.876385 Y38.892336 Z-0.200000
G01 X134.882980 Y38.884810 Z-0.200000
G01 X134.863280 Y38.912110 Z-0.200000
G00 Z5.000000

(End cutting path id: path306185)


(Start cutting path id: path350806)
(Change tool to Default tool)

G00 Z5.000000
G00 X134.712890 Y38.812500

G01 Z-0.200000 F100.0(Penetrate)
G01 X134.716452 Y38.804956 Z-0.200000 F800.000000
G01 X134.720890 Y38.796900 Z-0.200000
G03 X134.725954 Y38.790863 Z-0.200000 I0.057867 J0.043400
G02 X134.730890 Y38.785200 Z-0.200000 I-0.077058 J-0.072145
G01 X134.712890 Y38.812500 Z-0.200000
G00 Z5.000000

(End cutting path id: path350806)


(Start cutting path id: path350804)
(Change tool to Default tool)

G00 Z5.000000
G00 X134.664060 Y38.779300

G01 Z-0.200000 F100.0(Penetrate)
G01 X134.667083 Y38.773269 Z-0.200000 F800.000000
G01 X134.670060 Y38.767600 Z-0.200000
G01 X134.675600 Y38.760675 Z-0.200000
G02 X134.681760 Y38.753900 Z-0.200000 I-0.044531 J-0.046681
G01 X134.664060 Y38.779300 Z-0.200000
G00 Z5.000000

(End cutting path id: path350804)


(Start cutting path id: path306183)
(Change tool to Default tool)

G00 Z5.000000
G00 X134.664060 Y38.779300

G01 Z-0.200000 F100.0(Penetrate)
G01 X134.667083 Y38.773269 Z-0.200000 F800.000000
G01 X134.670060 Y38.767600 Z-0.200000
G01 X134.675600 Y38.760675 Z-0.200000
G02 X134.681760 Y38.753900 Z-0.200000 I-0.044531 J-0.046681
G01 X134.664060 Y38.779300 Z-0.200000
G00 Z5.000000

(End cutting path id: path306183)


(Start cutting path id: path350802)
(Change tool to Default tool)

G00 Z5.000000
G00 X134.462890 Y38.646480

G01 Z-0.200000 F100.0(Penetrate)
G01 X134.464890 Y38.642480 Z-0.200000 F800.000000
G01 X134.466890 Y38.638480 Z-0.200000
G01 X134.473995 Y38.630406 Z-0.200000
G01 X134.480590 Y38.622880 Z-0.200000
G01 X134.462890 Y38.646480 Z-0.200000
G00 Z5.000000

(End cutting path id: path350802)


(Start cutting path id: path306181)
(Change tool to Default tool)

G00 Z5.000000
G00 X134.462890 Y38.646480

G01 Z-0.200000 F100.0(Penetrate)
G01 X134.464890 Y38.642480 Z-0.200000 F800.000000
G01 X134.466890 Y38.638480 Z-0.200000
G01 X134.473995 Y38.630406 Z-0.200000
G01 X134.480590 Y38.622880 Z-0.200000
G01 X134.462890 Y38.646480 Z-0.200000
G00 Z5.000000

(End cutting path id: path306181)


(Start cutting path id: path350800)
(Change tool to Default tool)

G00 Z5.000000
G00 X134.263670 Y38.513670

G01 Z-0.200000 F100.0(Penetrate)
G01 X134.265670 Y38.509670 Z-0.200000 F800.000000
G01 X134.267670 Y38.505670 Z-0.200000
G01 X134.273210 Y38.498745 Z-0.200000
G02 X134.279370 Y38.491970 Z-0.200000 I-0.044531 J-0.046681
G01 X134.263670 Y38.513670 Z-0.200000
G00 Z5.000000

(End cutting path id: path350800)


(Start cutting path id: path306179)
(Change tool to Default tool)

G00 Z5.000000
G00 X134.263670 Y38.513670

G01 Z-0.200000 F100.0(Penetrate)
G01 X134.265670 Y38.509670 Z-0.200000 F800.000000
G01 X134.267670 Y38.505670 Z-0.200000
G01 X134.273210 Y38.498745 Z-0.200000
G02 X134.279370 Y38.491970 Z-0.200000 I-0.044531 J-0.046681
G01 X134.263670 Y38.513670 Z-0.200000
G00 Z5.000000

(End cutting path id: path306179)


(Start cutting path id: path350798)
(Change tool to Default tool)

G00 Z5.000000
G00 X132.089840 Y40.013670

G01 Z-0.200000 F100.0(Penetrate)
G02 X133.202864 Y39.319148 Z-0.200000 I-2.460084 J-5.181586 F800.000000
G02 X134.070310 Y38.367190 Z-0.200000 I-2.528401 J-3.175133
G02 X134.173709 Y38.146311 Z-0.200000 I-0.694582 J-0.459793
G03 X134.263670 Y37.923830 Z-0.200000 I1.233178 J0.369211
G02 X134.206124 Y38.222726 Z-0.200000 I0.692777 J0.288368
G03 X134.136720 Y38.498050 Z-0.200000 I-0.550182 J0.007720
G02 X134.134716 Y38.502048 Z-0.200000 I1.983823 J0.996912
G02 X134.132720 Y38.506050 Z-0.200000 I1.985827 J0.992913
G03 X133.365540 Y39.510167 Z-0.200000 I-3.741313 J-2.063360
G03 X132.763580 Y39.924020 Z-0.200000 I-1.523636 J-1.571456
G02 X132.752817 Y39.928991 Z-0.200000 I0.925573 J2.018093
G02 X132.742080 Y39.934020 Z-0.200000 I0.936336 J2.013122
G03 X132.517649 Y39.973896 Z-0.200000 I-0.184347 J-0.386036
G02 X132.089730 Y40.014120 Z-0.200000 I-0.107991 J1.147437
G01 X132.089840 Y40.013670 Z-0.200000
G00 Z5.000000

(End cutting path id: path350798)


(Start cutting path id: path306177)
(Change tool to Default tool)

G00 Z5.000000
G00 X132.089840 Y40.013670

G01 Z-0.200000 F100.0(Penetrate)
G02 X133.202864 Y39.319148 Z-0.200000 I-2.460084 J-5.181586 F800.000000
G02 X134.070310 Y38.367190 Z-0.200000 I-2.528401 J-3.175133
G02 X134.173709 Y38.146311 Z-0.200000 I-0.694582 J-0.459793
G03 X134.263670 Y37.923830 Z-0.200000 I1.233178 J0.369211
G02 X134.206124 Y38.222726 Z-0.200000 I0.692777 J0.288368
G03 X134.136720 Y38.498050 Z-0.200000 I-0.550182 J0.007720
G02 X134.134716 Y38.502048 Z-0.200000 I1.983823 J0.996912
G02 X134.132720 Y38.506050 Z-0.200000 I1.985827 J0.992913
G03 X133.365540 Y39.510167 Z-0.200000 I-3.741313 J-2.063360
G03 X132.763580 Y39.924020 Z-0.200000 I-1.523636 J-1.571456
G02 X132.752817 Y39.928991 Z-0.200000 I0.925573 J2.018093
G02 X132.742080 Y39.934020 Z-0.200000 I0.936336 J2.013122
G03 X132.517649 Y39.973896 Z-0.200000 I-0.184347 J-0.386036
G02 X132.089730 Y40.014120 Z-0.200000 I-0.107991 J1.147437
G01 X132.089840 Y40.013670 Z-0.200000
G00 Z5.000000

(End cutting path id: path306177)


(Start cutting path id: path350794)
(Change tool to Default tool)

G00 Z5.000000
G00 X124.242190 Y40.093750

G01 Z-0.200000 F100.0(Penetrate)
G01 X127.515620 Y40.093750 Z-0.200000 F800.000000
G02 X128.939883 Y40.079712 Z-0.200000 I-0.000000 J-72.257162
G02 X129.863280 Y40.044950 Z-0.200000 I-0.508358 J-25.785552
G02 X130.667556 Y39.982062 Z-0.200000 I-1.005822 J-18.037737
G02 X131.441410 Y39.820340 Z-0.200000 I-0.375562 J-3.729448
G02 X131.450218 Y39.817364 Z-0.200000 I-0.552701 J-1.650069
G02 X131.459010 Y39.814340 Z-0.200000 I-0.561509 J-1.647092
G02 X132.706615 Y39.145932 Z-0.200000 I-1.328457 J-3.978161
G02 X133.666050 Y38.105360 Z-0.200000 I-2.653357 J-3.409062
G02 X134.262425 Y36.731345 Z-0.200000 I-3.554365 J-2.359162
G02 X134.439480 Y35.218640 Z-0.200000 I-6.373514 J-1.512705
G02 X134.266847 Y33.668670 Z-0.200000 I-7.044448 J0.000000
G02 X133.685580 Y32.271370 Z-0.200000 I-4.303503 J0.970675
G01 X133.683580 Y32.271370 Z-0.200000
G02 X132.751948 Y31.221611 Z-0.200000 I-3.733360 J2.374977
G02 X131.509760 Y30.537000 Z-0.200000 I-2.481509 J3.033311
G02 X131.493185 Y30.531917 Z-0.200000 I-0.518452 J1.661148
G02 X131.476560 Y30.527000 Z-0.200000 I-0.501877 J1.666231
G02 X129.967078 Y30.263011 Z-0.200000 I-1.774259 J5.697575
G02 X127.341800 Y30.204740 Z-0.200000 I-2.625278 J59.109286
G01 X124.242190 Y30.204740 Z-0.200000
G02 X123.576221 Y30.337189 Z-0.200000 I-0.000066 J1.740174
G02 X123.011639 Y30.714422 Z-0.200000 I0.665903 J1.607725
G02 X122.634403 Y31.279002 Z-0.200000 I1.230485 J1.230492
G02 X122.501950 Y31.944970 Z-0.200000 I1.607721 J0.665912
G01 X122.501950 Y38.353180 Z-0.200000
G02 X122.634403 Y39.019148 Z-0.200000 I1.740174 J0.000056
G02 X123.011639 Y39.583728 Z-0.200000 I1.607721 J-0.665912
G02 X123.576221 Y39.960961 Z-0.200000 I1.230485 J-1.230492
G02 X124.242190 Y40.093410 Z-0.200000 I0.665903 J-1.607725
G01 X124.242190 Y40.093750 Z-0.200000
G00 Z5.000000

(End cutting path id: path350794)


(Start cutting path id: path306173)
(Change tool to Default tool)

G00 Z5.000000
G00 X124.242190 Y40.093750

G01 Z-0.200000 F100.0(Penetrate)
G01 X127.515620 Y40.093750 Z-0.200000 F800.000000
G02 X128.939883 Y40.079712 Z-0.200000 I-0.000000 J-72.257162
G02 X129.863280 Y40.044950 Z-0.200000 I-0.508358 J-25.785552
G02 X130.667556 Y39.982062 Z-0.200000 I-1.005822 J-18.037737
G02 X131.441410 Y39.820340 Z-0.200000 I-0.375562 J-3.729448
G02 X131.450218 Y39.817364 Z-0.200000 I-0.552701 J-1.650069
G02 X131.459010 Y39.814340 Z-0.200000 I-0.561509 J-1.647092
G02 X132.706615 Y39.145932 Z-0.200000 I-1.328457 J-3.978161
G02 X133.666050 Y38.105360 Z-0.200000 I-2.653357 J-3.409062
G02 X134.262425 Y36.731345 Z-0.200000 I-3.554365 J-2.359162
G02 X134.439480 Y35.218640 Z-0.200000 I-6.373514 J-1.512705
G02 X134.266847 Y33.668670 Z-0.200000 I-7.044448 J0.000000
G02 X133.685580 Y32.271370 Z-0.200000 I-4.303503 J0.970675
G01 X133.683580 Y32.271370 Z-0.200000
G02 X132.751948 Y31.221611 Z-0.200000 I-3.733360 J2.374977
G02 X131.509760 Y30.537000 Z-0.200000 I-2.481509 J3.033311
G02 X131.493185 Y30.531917 Z-0.200000 I-0.518452 J1.661148
G02 X131.476560 Y30.527000 Z-0.200000 I-0.501877 J1.666231
G02 X129.967078 Y30.263011 Z-0.200000 I-1.774259 J5.697575
G02 X127.341800 Y30.204740 Z-0.200000 I-2.625278 J59.109286
G01 X124.242190 Y30.204740 Z-0.200000
G02 X123.576221 Y30.337189 Z-0.200000 I-0.000066 J1.740174
G02 X123.011639 Y30.714422 Z-0.200000 I0.665903 J1.607725
G02 X122.634403 Y31.279002 Z-0.200000 I1.230485 J1.230492
G02 X122.501950 Y31.944970 Z-0.200000 I1.607721 J0.665912
G01 X122.501950 Y38.353180 Z-0.200000
G02 X122.634403 Y39.019148 Z-0.200000 I1.740174 J0.000056
G02 X123.011639 Y39.583728 Z-0.200000 I1.607721 J-0.665912
G02 X123.576221 Y39.960961 Z-0.200000 I1.230485 J-1.230492
G02 X124.242190 Y40.093410 Z-0.200000 I0.665903 J-1.607725
G01 X124.242190 Y40.093750 Z-0.200000
G00 Z5.000000

(End cutting path id: path306173)


(Start cutting path id: path350792)
(Change tool to Default tool)

G00 Z5.000000
G00 X124.242190 Y39.853520

G01 Z-0.200000 F100.0(Penetrate)
G01 X127.515620 Y39.853520 Z-0.200000 F800.000000
G02 X128.936660 Y39.839259 Z-0.200000 I-0.000000 J-70.804930
G02 X129.849610 Y39.804720 Z-0.200000 I-0.516742 J-25.742083
G02 X130.654857 Y39.741204 Z-0.200000 I-0.978198 J-17.537577
G02 X131.367190 Y39.591830 Z-0.200000 I-0.352581 J-3.454558
G02 X131.374995 Y39.589851 Z-0.200000 I-0.364795 J-1.455120
G02 X131.382790 Y39.587830 Z-0.200000 I-0.372600 J-1.453141
G02 X132.560474 Y38.956551 Z-0.200000 I-1.252492 J-3.750744
G02 X133.466780 Y37.972600 Z-0.200000 I-2.508268 J-3.219707
G02 X134.027199 Y36.682756 Z-0.200000 I-3.346486 J-2.220671
G02 X134.199200 Y35.218690 Z-0.200000 I-6.145042 J-1.464066
G02 X134.030990 Y33.713766 Z-0.200000 I-6.816171 J0.000000
G02 X133.482400 Y32.398380 Z-0.200000 I-4.049078 J0.916605
G02 X132.599419 Y31.405933 Z-0.200000 I-3.499194 J2.224218
G02 X131.433570 Y30.765560 Z-0.200000 I-2.337210 J2.873628
G02 X131.419944 Y30.760494 Z-0.200000 I-0.529605 J1.403556
G02 X131.406270 Y30.755560 Z-0.200000 I-0.515979 J1.408622
G02 X129.989505 Y30.506359 Z-0.200000 I-1.678184 J5.388939
G02 X127.341820 Y30.445010 Z-0.200000 I-2.647685 J57.103692
G01 X124.242210 Y30.445010 Z-0.200000
G02 X123.181594 Y30.884394 Z-0.200000 I0.000150 J1.500150
G02 X122.742210 Y31.945010 Z-0.200000 I1.060766 J1.060766
G01 X122.742210 Y38.353220 Z-0.200000
G02 X123.181594 Y39.413836 Z-0.200000 I1.500150 J-0.000150
G02 X124.242210 Y39.853220 Z-0.200000 I1.060766 J-1.060766
G01 X124.242190 Y39.853520 Z-0.200000
G00 Z5.000000

(End cutting path id: path350792)


(Start cutting path id: path306171)
(Change tool to Default tool)

G00 Z5.000000
G00 X124.242190 Y39.853520

G01 Z-0.200000 F100.0(Penetrate)
G01 X127.515620 Y39.853520 Z-0.200000 F800.000000
G02 X128.936660 Y39.839259 Z-0.200000 I-0.000000 J-70.804930
G02 X129.849610 Y39.804720 Z-0.200000 I-0.516742 J-25.742083
G02 X130.654857 Y39.741204 Z-0.200000 I-0.978198 J-17.537577
G02 X131.367190 Y39.591830 Z-0.200000 I-0.352581 J-3.454558
G02 X131.374995 Y39.589851 Z-0.200000 I-0.364795 J-1.455120
G02 X131.382790 Y39.587830 Z-0.200000 I-0.372600 J-1.453141
G02 X132.560474 Y38.956551 Z-0.200000 I-1.252492 J-3.750744
G02 X133.466780 Y37.972600 Z-0.200000 I-2.508268 J-3.219707
G02 X134.027199 Y36.682756 Z-0.200000 I-3.346486 J-2.220671
G02 X134.199200 Y35.218690 Z-0.200000 I-6.145042 J-1.464066
G02 X134.030990 Y33.713766 Z-0.200000 I-6.816171 J0.000000
G02 X133.482400 Y32.398380 Z-0.200000 I-4.049078 J0.916605
G02 X132.599419 Y31.405933 Z-0.200000 I-3.499194 J2.224218
G02 X131.433570 Y30.765560 Z-0.200000 I-2.337210 J2.873628
G02 X131.419944 Y30.760494 Z-0.200000 I-0.529605 J1.403556
G02 X131.406270 Y30.755560 Z-0.200000 I-0.515979 J1.408622
G02 X129.989505 Y30.506359 Z-0.200000 I-1.678184 J5.388939
G02 X127.341820 Y30.445010 Z-0.200000 I-2.647685 J57.103692
G01 X124.242210 Y30.445010 Z-0.200000
G02 X123.181594 Y30.884394 Z-0.200000 I0.000150 J1.500150
G02 X122.742210 Y31.945010 Z-0.200000 I1.060766 J1.060766
G01 X122.742210 Y38.353220 Z-0.200000
G02 X123.181594 Y39.413836 Z-0.200000 I1.500150 J-0.000150
G02 X124.242210 Y39.853220 Z-0.200000 I1.060766 J-1.060766
G01 X124.242190 Y39.853520 Z-0.200000
G00 Z5.000000

(End cutting path id: path306171)


(Start cutting path id: path350790)
(Change tool to Default tool)

G00 Z5.000000
G00 X124.242190 Y39.613280

G01 Z-0.200000 F100.0(Penetrate)
G01 X127.515620 Y39.613280 Z-0.200000 F800.000000
G02 X128.933434 Y39.598793 Z-0.200000 I0.000000 J-69.388276
G02 X129.835940 Y39.564480 Z-0.200000 I-0.525271 J-25.701579
G02 X130.644161 Y39.501322 Z-0.200000 I-1.004406 J-18.055992
G02 X131.294920 Y39.365260 Z-0.200000 I-0.315786 J-3.134610
G02 X131.300778 Y39.362275 Z-0.200000 I-0.569159 J-1.124267
G02 X131.306620 Y39.359260 Z-0.200000 I-0.575016 J-1.121282
G02 X132.414299 Y38.766006 Z-0.200000 I-1.180290 J-3.534464
G02 X133.267560 Y37.839720 Z-0.200000 I-2.349787 J-3.020677
G02 X133.792021 Y36.633987 Z-0.200000 I-3.138066 J-2.081902
G02 X133.958960 Y35.218630 Z-0.200000 I-5.916420 J-1.415357
G02 X133.794631 Y33.759890 Z-0.200000 I-6.556738 J-0.000000
G02 X133.279280 Y32.527220 Z-0.200000 I-3.813306 J0.870192
G02 X132.446666 Y31.590356 Z-0.200000 I-3.320309 J2.112425
G02 X131.359360 Y30.992070 Z-0.200000 I-2.175658 J2.666810
G02 X131.346681 Y30.988003 Z-0.200000 I-0.391236 J1.197853
G02 X131.333960 Y30.984070 Z-0.200000 I-0.378557 J1.201920
G02 X130.012272 Y30.750080 Z-0.200000 I-1.579505 J5.072051
G02 X127.341780 Y30.685240 Z-0.200000 I-2.670492 J54.960524
G01 X124.242170 Y30.685240 Z-0.200000
G02 X123.351486 Y31.054319 Z-0.200000 I0.000356 J1.260126
G02 X122.982400 Y31.945000 Z-0.200000 I0.891040 J0.891047
G01 X122.982400 Y38.353210 Z-0.200000
G02 X123.351486 Y39.243891 Z-0.200000 I1.260126 J-0.000366
G02 X124.242170 Y39.612970 Z-0.200000 I0.891040 J-0.891047
G01 X124.242190 Y39.613280 Z-0.200000
G00 Z5.000000

(End cutting path id: path350790)


(Start cutting path id: path306169)
(Change tool to Default tool)

G00 Z5.000000
G00 X124.242190 Y39.613280

G01 Z-0.200000 F100.0(Penetrate)
G01 X127.515620 Y39.613280 Z-0.200000 F800.000000
G02 X128.933434 Y39.598793 Z-0.200000 I0.000000 J-69.388276
G02 X129.835940 Y39.564480 Z-0.200000 I-0.525271 J-25.701579
G02 X130.644161 Y39.501322 Z-0.200000 I-1.004406 J-18.055992
G02 X131.294920 Y39.365260 Z-0.200000 I-0.315786 J-3.134610
G02 X131.300778 Y39.362275 Z-0.200000 I-0.569159 J-1.124267
G02 X131.306620 Y39.359260 Z-0.200000 I-0.575016 J-1.121282
G02 X132.414299 Y38.766006 Z-0.200000 I-1.180290 J-3.534464
G02 X133.267560 Y37.839720 Z-0.200000 I-2.349787 J-3.020677
G02 X133.792021 Y36.633987 Z-0.200000 I-3.138066 J-2.081902
G02 X133.958960 Y35.218630 Z-0.200000 I-5.916420 J-1.415357
G02 X133.794631 Y33.759890 Z-0.200000 I-6.556738 J-0.000000
G02 X133.279280 Y32.527220 Z-0.200000 I-3.813306 J0.870192
G02 X132.446666 Y31.590356 Z-0.200000 I-3.320309 J2.112425
G02 X131.359360 Y30.992070 Z-0.200000 I-2.175658 J2.666810
G02 X131.346681 Y30.988003 Z-0.200000 I-0.391236 J1.197853
G02 X131.333960 Y30.984070 Z-0.200000 I-0.378557 J1.201920
G02 X130.012272 Y30.750080 Z-0.200000 I-1.579505 J5.072051
G02 X127.341780 Y30.685240 Z-0.200000 I-2.670492 J54.960524
G01 X124.242170 Y30.685240 Z-0.200000
G02 X123.351486 Y31.054319 Z-0.200000 I0.000356 J1.260126
G02 X122.982400 Y31.945000 Z-0.200000 I0.891040 J0.891047
G01 X122.982400 Y38.353210 Z-0.200000
G02 X123.351486 Y39.243891 Z-0.200000 I1.260126 J-0.000366
G02 X124.242170 Y39.612970 Z-0.200000 I0.891040 J-0.891047
G01 X124.242190 Y39.613280 Z-0.200000
G00 Z5.000000

(End cutting path id: path306169)


(Start cutting path id: path350788)
(Change tool to Default tool)

G00 Z5.000000
G00 X124.242190 Y39.373050

G01 Z-0.200000 F100.0(Penetrate)
G01 X127.515620 Y39.373050 Z-0.200000 F800.000000
G02 X128.930218 Y39.358336 Z-0.200000 I0.000000 J-68.007960
G02 X129.822270 Y39.324250 Z-0.200000 I-0.533900 J-25.662150
G02 X130.633551 Y39.260056 Z-0.200000 I-0.967065 J-17.380371
G02 X131.220700 Y39.136750 Z-0.200000 I-0.293350 J-2.856422
G02 X131.225705 Y39.134763 Z-0.200000 I-0.373851 J-0.949128
G02 X131.230700 Y39.132750 Z-0.200000 I-0.378856 J-0.947141
G02 X132.268264 Y38.577482 Z-0.200000 I-1.107436 J-3.316358
G02 X133.068590 Y37.708920 Z-0.200000 I-2.195301 J-2.825839
G02 X133.557399 Y36.586394 Z-0.200000 I-2.920746 J-1.939542
G02 X133.718980 Y35.218690 Z-0.200000 I-5.707677 J-1.367704
G02 X133.558487 Y33.806192 Z-0.200000 I-6.295962 J0.000000
G02 X133.076400 Y32.656190 Z-0.200000 I-3.577209 J0.823540
G02 X132.293383 Y31.775849 Z-0.200000 I-3.113560 J1.980951
G02 X131.283430 Y31.220640 Z-0.200000 I-2.022922 J2.483613
G02 X131.273695 Y31.217591 Z-0.200000 I-0.309733 J0.971943
G02 X131.263930 Y31.214640 Z-0.200000 I-0.299998 J0.974992
G02 X130.038486 Y30.995572 Z-0.200000 I-1.484464 J4.766902
G02 X127.342060 Y30.925580 Z-0.200000 I-2.696426 J51.904519
G01 X124.242450 Y30.925580 Z-0.200000
G02 X123.521701 Y31.224361 Z-0.200000 I0.000572 J1.020102
G02 X123.222920 Y31.945110 Z-0.200000 I0.721321 J0.721321
G01 X123.222920 Y38.353320 Z-0.200000
G02 X123.521701 Y39.074069 Z-0.200000 I1.020102 J-0.000572
G02 X124.242450 Y39.372850 Z-0.200000 I0.721321 J-0.721321
G01 X124.242190 Y39.373050 Z-0.200000
G00 Z5.000000

(End cutting path id: path350788)


(Start cutting path id: path306167)
(Change tool to Default tool)

G00 Z5.000000
G00 X124.242190 Y39.373050

G01 Z-0.200000 F100.0(Penetrate)
G01 X127.515620 Y39.373050 Z-0.200000 F800.000000
G02 X128.930218 Y39.358336 Z-0.200000 I0.000000 J-68.007960
G02 X129.822270 Y39.324250 Z-0.200000 I-0.533900 J-25.662150
G02 X130.633551 Y39.260056 Z-0.200000 I-0.967065 J-17.380371
G02 X131.220700 Y39.136750 Z-0.200000 I-0.293350 J-2.856422
G02 X131.225705 Y39.134763 Z-0.200000 I-0.373851 J-0.949128
G02 X131.230700 Y39.132750 Z-0.200000 I-0.378856 J-0.947141
G02 X132.268264 Y38.577482 Z-0.200000 I-1.107436 J-3.316358
G02 X133.068590 Y37.708920 Z-0.200000 I-2.195301 J-2.825839
G02 X133.557399 Y36.586394 Z-0.200000 I-2.920746 J-1.939542
G02 X133.718980 Y35.218690 Z-0.200000 I-5.707677 J-1.367704
G02 X133.558487 Y33.806192 Z-0.200000 I-6.295962 J0.000000
G02 X133.076400 Y32.656190 Z-0.200000 I-3.577209 J0.823540
G02 X132.293383 Y31.775849 Z-0.200000 I-3.113560 J1.980951
G02 X131.283430 Y31.220640 Z-0.200000 I-2.022922 J2.483613
G02 X131.273695 Y31.217591 Z-0.200000 I-0.309733 J0.971943
G02 X131.263930 Y31.214640 Z-0.200000 I-0.299998 J0.974992
G02 X130.038486 Y30.995572 Z-0.200000 I-1.484464 J4.766902
G02 X127.342060 Y30.925580 Z-0.200000 I-2.696426 J51.904519
G01 X124.242450 Y30.925580 Z-0.200000
G02 X123.521701 Y31.224361 Z-0.200000 I0.000572 J1.020102
G02 X123.222920 Y31.945110 Z-0.200000 I0.721321 J0.721321
G01 X123.222920 Y38.353320 Z-0.200000
G02 X123.521701 Y39.074069 Z-0.200000 I1.020102 J-0.000572
G02 X124.242450 Y39.372850 Z-0.200000 I0.721321 J-0.721321
G01 X124.242190 Y39.373050 Z-0.200000
G00 Z5.000000

(End cutting path id: path306167)


(Start cutting path id: path350786)
(Change tool to Default tool)

G00 Z5.000000
G00 X124.242190 Y39.134770

G01 Z-0.200000 F100.0(Penetrate)
G01 X127.515620 Y39.134770 Z-0.200000 F800.000000
G02 X128.928213 Y39.119840 Z-0.200000 I0.000000 J-66.832210
G02 X129.810550 Y39.085970 Z-0.200000 I-0.541629 J-25.619674
G02 X130.624984 Y39.019284 Z-0.200000 I-0.870010 J-15.632065
G02 X131.146480 Y38.908230 Z-0.200000 I-0.281635 J-2.602490
G02 X131.150486 Y38.906241 Z-0.200000 I-0.344856 J-0.699711
G02 X131.154480 Y38.904230 Z-0.200000 I-0.348861 J-0.697723
G02 X132.120721 Y38.387631 Z-0.200000 I-1.033618 J-3.095189
G02 X132.867370 Y37.578050 Z-0.200000 I-2.040468 J-2.630951
G02 X133.321448 Y36.538719 Z-0.200000 I-2.716120 J-1.805515
G02 X133.478700 Y35.218680 Z-0.200000 I-5.461852 J-1.320039
G02 X133.323032 Y33.852481 Z-0.200000 I-6.072957 J0.000000
G02 X132.875180 Y32.785090 Z-0.200000 I-3.326291 J0.767982
G02 X132.141048 Y31.960048 Z-0.200000 I-2.907962 J1.848399
G02 X131.207210 Y31.447200 Z-0.200000 I-1.872295 J2.302604
G02 X131.199420 Y31.445160 Z-0.200000 I-0.201542 J0.753593
G02 X131.191610 Y31.443200 Z-0.200000 I-0.193752 J0.755633
G02 X130.065021 Y31.240231 Z-0.200000 I-1.379918 J4.431237
G02 X127.342000 Y31.165860 Z-0.200000 I-2.723021 J49.812844
G01 X124.242390 Y31.165860 Z-0.200000
G02 X123.691573 Y31.394336 Z-0.200000 I0.000778 J0.780078
G02 X123.463090 Y31.945150 Z-0.200000 I0.551595 J0.551602
G01 X123.463090 Y38.353360 Z-0.200000
G02 X123.522059 Y38.652063 Z-0.200000 I0.780077 J0.001172
G02 X123.690880 Y38.905441 Z-0.200000 I0.721108 J-0.297531
G02 X123.943835 Y39.074895 Z-0.200000 I0.552287 J-0.550909
G02 X124.242390 Y39.134610 Z-0.200000 I0.299332 J-0.720362
G01 X124.242190 Y39.134770 Z-0.200000
G00 Z5.000000

(End cutting path id: path350786)


(Start cutting path id: path306165)
(Change tool to Default tool)

G00 Z5.000000
G00 X124.242190 Y39.134770

G01 Z-0.200000 F100.0(Penetrate)
G01 X127.515620 Y39.134770 Z-0.200000 F800.000000
G02 X128.928213 Y39.119840 Z-0.200000 I0.000000 J-66.832210
G02 X129.810550 Y39.085970 Z-0.200000 I-0.541629 J-25.619674
G02 X130.624984 Y39.019284 Z-0.200000 I-0.870010 J-15.632065
G02 X131.146480 Y38.908230 Z-0.200000 I-0.281635 J-2.602490
G02 X131.150486 Y38.906241 Z-0.200000 I-0.344856 J-0.699711
G02 X131.154480 Y38.904230 Z-0.200000 I-0.348861 J-0.697723
G02 X132.120721 Y38.387631 Z-0.200000 I-1.033618 J-3.095189
G02 X132.867370 Y37.578050 Z-0.200000 I-2.040468 J-2.630951
G02 X133.321448 Y36.538719 Z-0.200000 I-2.716120 J-1.805515
G02 X133.478700 Y35.218680 Z-0.200000 I-5.461852 J-1.320039
G02 X133.323032 Y33.852481 Z-0.200000 I-6.072957 J0.000000
G02 X132.875180 Y32.785090 Z-0.200000 I-3.326291 J0.767982
G02 X132.141048 Y31.960048 Z-0.200000 I-2.907962 J1.848399
G02 X131.207210 Y31.447200 Z-0.200000 I-1.872295 J2.302604
G02 X131.199420 Y31.445160 Z-0.200000 I-0.201542 J0.753593
G02 X131.191610 Y31.443200 Z-0.200000 I-0.193752 J0.755633
G02 X130.065021 Y31.240231 Z-0.200000 I-1.379918 J4.431237
G02 X127.342000 Y31.165860 Z-0.200000 I-2.723021 J49.812844
G01 X124.242390 Y31.165860 Z-0.200000
G02 X123.691573 Y31.394336 Z-0.200000 I0.000778 J0.780078
G02 X123.463090 Y31.945150 Z-0.200000 I0.551595 J0.551602
G01 X123.463090 Y38.353360 Z-0.200000
G02 X123.522059 Y38.652063 Z-0.200000 I0.780077 J0.001172
G02 X123.690880 Y38.905441 Z-0.200000 I0.721108 J-0.297531
G02 X123.943835 Y39.074895 Z-0.200000 I0.552287 J-0.550909
G02 X124.242390 Y39.134610 Z-0.200000 I0.299332 J-0.720362
G01 X124.242190 Y39.134770 Z-0.200000
G00 Z5.000000

(End cutting path id: path306165)


(Start cutting path id: path350784)
(Change tool to Default tool)

G00 Z5.000000
G00 X124.242190 Y38.894530

G01 Z-0.200000 F100.0(Penetrate)
G01 X127.515620 Y38.894530 Z-0.200000 F800.000000
G02 X128.925018 Y38.879368 Z-0.200000 I-0.000000 J-65.514873
G02 X129.796880 Y38.845730 Z-0.200000 I-0.550508 J-25.584054
G02 X130.618435 Y38.777398 Z-0.200000 I-0.837208 J-15.038743
G02 X131.074220 Y38.679720 Z-0.200000 I-0.255165 J-2.302875
G02 X131.076222 Y38.678724 Z-0.200000 I-0.239517 J-0.484035
G02 X131.078220 Y38.677720 Z-0.200000 I-0.241520 J-0.483039
G02 X131.975732 Y38.197680 Z-0.200000 I-0.959131 J-2.872291
G02 X132.670020 Y37.443350 Z-0.200000 I-1.892744 J-2.438766
G02 X133.086817 Y36.488567 Z-0.200000 I-2.507315 J-1.662898
G02 X133.238380 Y35.218740 Z-0.200000 I-5.243663 J-1.269827
G02 X133.086494 Y33.898905 Z-0.200000 I-5.810371 J-0.000000
G02 X132.671980 Y32.914050 Z-0.200000 I-3.089227 J0.720559
G02 X131.987553 Y32.145652 Z-0.200000 I-2.701369 J1.717147
G02 X131.130960 Y31.675770 Z-0.200000 I-1.719636 J2.119164
G02 X131.125970 Y31.673745 Z-0.200000 I-0.205561 J0.499403
G02 X131.120960 Y31.671770 Z-0.200000 I-0.200571 J0.501428
G02 X130.094870 Y31.485355 Z-0.200000 I-1.272072 J4.084724
G02 X127.341670 Y31.406140 Z-0.200000 I-2.753200 J47.805637
G01 X124.242060 Y31.406140 Z-0.200000
G02 X123.859911 Y31.563625 Z-0.200000 I-0.000967 J0.540053
G02 X123.701040 Y31.945200 Z-0.200000 I0.381182 J0.382568
G01 X123.701040 Y38.353410 Z-0.200000
G02 X123.741966 Y38.560597 Z-0.200000 I0.540053 J0.000957
G02 X123.859221 Y38.736246 Z-0.200000 I0.499127 J-0.206230
G02 X124.034872 Y38.853497 Z-0.200000 I0.381872 J-0.381879
G02 X124.242060 Y38.894420 Z-0.200000 I0.206221 J-0.499131
G01 X124.242190 Y38.894530 Z-0.200000
G00 Z5.000000

(End cutting path id: path350784)


(Start cutting path id: path306163)
(Change tool to Default tool)

G00 Z5.000000
G00 X124.242190 Y38.894530

G01 Z-0.200000 F100.0(Penetrate)
G01 X127.515620 Y38.894530 Z-0.200000 F800.000000
G02 X128.925018 Y38.879368 Z-0.200000 I-0.000000 J-65.514873
G02 X129.796880 Y38.845730 Z-0.200000 I-0.550508 J-25.584054
G02 X130.618435 Y38.777398 Z-0.200000 I-0.837208 J-15.038743
G02 X131.074220 Y38.679720 Z-0.200000 I-0.255165 J-2.302875
G02 X131.076222 Y38.678724 Z-0.200000 I-0.239517 J-0.484035
G02 X131.078220 Y38.677720 Z-0.200000 I-0.241520 J-0.483039
G02 X131.975732 Y38.197680 Z-0.200000 I-0.959131 J-2.872291
G02 X132.670020 Y37.443350 Z-0.200000 I-1.892744 J-2.438766
G02 X133.086817 Y36.488567 Z-0.200000 I-2.507315 J-1.662898
G02 X133.238380 Y35.218740 Z-0.200000 I-5.243663 J-1.269827
G02 X133.086494 Y33.898905 Z-0.200000 I-5.810371 J-0.000000
G02 X132.671980 Y32.914050 Z-0.200000 I-3.089227 J0.720559
G02 X131.987553 Y32.145652 Z-0.200000 I-2.701369 J1.717147
G02 X131.130960 Y31.675770 Z-0.200000 I-1.719636 J2.119164
G02 X131.125970 Y31.673745 Z-0.200000 I-0.205561 J0.499403
G02 X131.120960 Y31.671770 Z-0.200000 I-0.200571 J0.501428
G02 X130.094870 Y31.485355 Z-0.200000 I-1.272072 J4.084724
G02 X127.341670 Y31.406140 Z-0.200000 I-2.753200 J47.805637
G01 X124.242060 Y31.406140 Z-0.200000
G02 X123.859911 Y31.563625 Z-0.200000 I-0.000967 J0.540053
G02 X123.701040 Y31.945200 Z-0.200000 I0.381182 J0.382568
G01 X123.701040 Y38.353410 Z-0.200000
G02 X123.741966 Y38.560597 Z-0.200000 I0.540053 J0.000957
G02 X123.859221 Y38.736246 Z-0.200000 I0.499127 J-0.206230
G02 X124.034872 Y38.853497 Z-0.200000 I0.381872 J-0.381879
G02 X124.242060 Y38.894420 Z-0.200000 I0.206221 J-0.499131
G01 X124.242190 Y38.894530 Z-0.200000
G00 Z5.000000

(End cutting path id: path306163)


(Start cutting path id: path350782)
(Change tool to Default tool)

G00 Z5.000000
G00 X124.242190 Y38.654300

G01 Z-0.200000 F100.0(Penetrate)
G01 X127.515620 Y38.654300 Z-0.200000 F800.000000
G02 X128.921818 Y38.638905 Z-0.200000 I-0.000000 J-64.228689
G02 X129.783200 Y38.605500 Z-0.200000 I-0.559534 J-25.550841
G02 X130.612642 Y38.534934 Z-0.200000 I-0.791334 J-14.211378
G02 X131.000000 Y38.451200 Z-0.200000 I-0.228816 J-1.996354
G02 X131.002004 Y38.450207 Z-0.200000 I-0.132174 J-0.269348
G02 X131.004000 Y38.449200 Z-0.200000 I-0.134177 J-0.268355
G02 X131.829102 Y38.007733 Z-0.200000 I-0.881154 J-2.638667
G02 X132.468840 Y37.312480 Z-0.200000 I-1.746436 J-2.248940
G02 X132.851059 Y36.440920 Z-0.200000 I-2.291601 J-1.524563
G02 X132.998140 Y35.218730 Z-0.200000 I-5.004444 J-1.222190
G02 X132.851057 Y33.945350 Z-0.200000 I-5.585740 J-0.000000
G02 X132.470790 Y33.042950 Z-0.200000 I-2.837337 J0.664320
G02 X131.835245 Y32.331162 Z-0.200000 I-2.486322 J1.580372
G02 X131.054780 Y31.904280 Z-0.200000 I-1.571533 J1.946319
G02 X131.051785 Y31.903264 Z-0.200000 I-0.097873 J0.283618
G02 X131.048780 Y31.902280 Z-0.200000 I-0.094878 J0.284633
G02 X130.126145 Y31.732595 Z-0.200000 I-1.164925 J3.740896
G02 X127.341750 Y31.646420 Z-0.200000 I-2.784395 J44.940382
G01 X124.242140 Y31.646420 Z-0.200000
G02 X124.029925 Y31.733607 Z-0.200000 I-0.000752 J0.300029
G02 X123.941360 Y31.945250 Z-0.200000 I0.211462 J0.212842
G01 X123.941360 Y38.353460 Z-0.200000
G02 X123.964054 Y38.468680 Z-0.200000 I0.300029 J0.000751
G02 X124.029236 Y38.566364 Z-0.200000 I0.277335 J-0.114470
G02 X124.126920 Y38.631546 Z-0.200000 I0.212153 J-0.212153
G02 X124.242140 Y38.654240 Z-0.200000 I0.114470 J-0.277335
G01 X124.242190 Y38.654300 Z-0.200000
G00 Z5.000000

(End cutting path id: path350782)


(Start cutting path id: path306161)
(Change tool to Default tool)

G00 Z5.000000
G00 X124.242190 Y38.654300

G01 Z-0.200000 F100.0(Penetrate)
G01 X127.515620 Y38.654300 Z-0.200000 F800.000000
G02 X128.921818 Y38.638905 Z-0.200000 I-0.000000 J-64.228689
G02 X129.783200 Y38.605500 Z-0.200000 I-0.559534 J-25.550841
G02 X130.612642 Y38.534934 Z-0.200000 I-0.791334 J-14.211378
G02 X131.000000 Y38.451200 Z-0.200000 I-0.228816 J-1.996354
G02 X131.002004 Y38.450207 Z-0.200000 I-0.132174 J-0.269348
G02 X131.004000 Y38.449200 Z-0.200000 I-0.134177 J-0.268355
G02 X131.829102 Y38.007733 Z-0.200000 I-0.881154 J-2.638667
G02 X132.468840 Y37.312480 Z-0.200000 I-1.746436 J-2.248940
G02 X132.851059 Y36.440920 Z-0.200000 I-2.291601 J-1.524563
G02 X132.998140 Y35.218730 Z-0.200000 I-5.004444 J-1.222190
G02 X132.851057 Y33.945350 Z-0.200000 I-5.585740 J-0.000000
G02 X132.470790 Y33.042950 Z-0.200000 I-2.837337 J0.664320
G02 X131.835245 Y32.331162 Z-0.200000 I-2.486322 J1.580372
G02 X131.054780 Y31.904280 Z-0.200000 I-1.571533 J1.946319
G02 X131.051785 Y31.903264 Z-0.200000 I-0.097873 J0.283618
G02 X131.048780 Y31.902280 Z-0.200000 I-0.094878 J0.284633
G02 X130.126145 Y31.732595 Z-0.200000 I-1.164925 J3.740896
G02 X127.341750 Y31.646420 Z-0.200000 I-2.784395 J44.940382
G01 X124.242140 Y31.646420 Z-0.200000
G02 X124.029925 Y31.733607 Z-0.200000 I-0.000752 J0.300029
G02 X123.941360 Y31.945250 Z-0.200000 I0.211462 J0.212842
G01 X123.941360 Y38.353460 Z-0.200000
G02 X123.964054 Y38.468680 Z-0.200000 I0.300029 J0.000751
G02 X124.029236 Y38.566364 Z-0.200000 I0.277335 J-0.114470
G02 X124.126920 Y38.631546 Z-0.200000 I0.212153 J-0.212153
G02 X124.242140 Y38.654240 Z-0.200000 I0.114470 J-0.277335
G01 X124.242190 Y38.654300 Z-0.200000
G00 Z5.000000

(End cutting path id: path306161)


(Start cutting path id: path350802)
(Change tool to Default tool)

G00 Z5.000000
G00 X122.773440 Y39.925780

G01 Z-0.200000 F100.0(Penetrate)
G01 X122.773440 Y39.583980 Z-0.200000 F800.000000
G02 X122.935718 Y39.762478 Z-0.200000 I2.077140 J-1.725383
G02 X123.113280 Y39.925780 Z-0.200000 I1.914862 J-1.903881
G01 X122.773440 Y39.925780 Z-0.200000
G00 Z5.000000

(End cutting path id: path350802)


(Start cutting path id: path306181)
(Change tool to Default tool)

G00 Z5.000000
G00 X122.773440 Y39.925780

G01 Z-0.200000 F100.0(Penetrate)
G01 X122.773440 Y39.583980 Z-0.200000 F800.000000
G02 X122.935718 Y39.762478 Z-0.200000 I2.077140 J-1.725383
G02 X123.113280 Y39.925780 Z-0.200000 I1.914862 J-1.903881
G01 X122.773440 Y39.925780 Z-0.200000
G00 Z5.000000

(End cutting path id: path306181)


(Start cutting path id: path350800)
(Change tool to Default tool)

G00 Z5.000000
G00 X122.533200 Y40.166020

G01 Z-0.200000 F100.0(Penetrate)
G01 X122.533200 Y39.105470 Z-0.200000 F800.000000
G02 X122.980687 Y39.718533 Z-0.200000 I2.187144 J-1.126594
G02 X123.593750 Y40.166020 Z-0.200000 I1.739657 J-1.739657
G01 X122.533200 Y40.166020 Z-0.200000
G00 Z5.000000

(End cutting path id: path350800)


(Start cutting path id: path306179)
(Change tool to Default tool)

G00 Z5.000000
G00 X122.533200 Y40.166020

G01 Z-0.200000 F100.0(Penetrate)
G01 X122.533200 Y39.105470 Z-0.200000 F800.000000
G02 X122.980687 Y39.718533 Z-0.200000 I2.187144 J-1.126594
G02 X123.593750 Y40.166020 Z-0.200000 I1.739657 J-1.739657
G01 X122.533200 Y40.166020 Z-0.200000
G00 Z5.000000

(End cutting path id: path306179)


(Start cutting path id: path350798)
(Change tool to Default tool)

G00 Z5.000000
G00 X122.292970 Y40.406250

G01 Z-0.200000 F100.0(Penetrate)
G01 X122.292970 Y38.625000 Z-0.200000 F800.000000
G02 X122.906518 Y39.792702 Z-0.200000 I2.183482 J-0.402232
G02 X124.074220 Y40.406250 Z-0.200000 I1.569934 J-1.569934
G01 X122.292970 Y40.406250 Z-0.200000
G00 Z5.000000

(End cutting path id: path350798)


(Start cutting path id: path306177)
(Change tool to Default tool)

G00 Z5.000000
G00 X122.292970 Y40.406250

G01 Z-0.200000 F100.0(Penetrate)
G01 X122.292970 Y38.625000 Z-0.200000 F800.000000
G02 X122.906518 Y39.792702 Z-0.200000 I2.183482 J-0.402232
G02 X124.074220 Y40.406250 Z-0.200000 I1.569934 J-1.569934
G01 X122.292970 Y40.406250 Z-0.200000
G00 Z5.000000

(End cutting path id: path306177)


(Start cutting path id: path350796)
(Change tool to Default tool)

G00 Z5.000000
G00 X122.052730 Y40.646480

G01 Z-0.200000 F100.0(Penetrate)
G01 X122.052730 Y19.353520 Z-0.200000 F800.000000
G01 X122.261720 Y19.353520 Z-0.200000
G01 X122.261720 Y27.916020 Z-0.200000
G02 X122.412404 Y28.673952 Z-0.200000 I1.980198 J0.000262
G02 X122.841710 Y29.316497 Z-0.200000 I1.829514 J-0.757670
G02 X123.484257 Y29.745799 Z-0.200000 I1.400208 J-1.400215
G02 X124.242190 Y29.896480 Z-0.200000 I0.757661 J-1.829517
G01 X125.103520 Y29.896480 Z-0.200000
G02 X126.634092 Y29.805295 Z-0.200000 I-0.000000 J-12.891117
G02 X127.990230 Y29.433590 Z-0.200000 I-0.564172 J-4.718084
G02 X129.117039 Y28.735761 Z-0.200000 I-1.737747 J-4.064666
G02 X130.007810 Y27.802730 Z-0.200000 I-4.041607 J-4.750275
G02 X130.067858 Y27.703180 Z-0.200000 I-0.363916 J-0.287396
G03 X130.128910 Y27.599610 Z-0.200000 I0.476605 J0.211170
G02 X130.006194 Y29.099023 Z-0.200000 I1.764302 J0.899123
G02 X130.972660 Y30.251950 Z-0.200000 I1.887018 J-0.600289
G02 X129.604336 Y30.048653 Z-0.200000 I-2.033844 J8.982620
G02 X127.341800 Y29.966800 Z-0.200000 I-2.262536 J31.228903
G01 X124.242190 Y29.966800 Z-0.200000
G02 X122.842399 Y30.546094 Z-0.200000 I-0.000273 J1.980198
G02 X122.261720 Y31.945310 Z-0.200000 I1.399518 J1.400904
G01 X122.261720 Y38.353520 Z-0.200000
G02 X122.412404 Y39.111452 Z-0.200000 I1.980198 J0.000262
G02 X122.841710 Y39.753997 Z-0.200000 I1.829514 J-0.757670
G02 X123.484257 Y40.183299 Z-0.200000 I1.400208 J-1.400215
G02 X124.242190 Y40.333980 Z-0.200000 I0.757661 J-1.829517
G01 X127.515620 Y40.333980 Z-0.200000
G02 X128.943123 Y40.319000 Z-0.200000 I-0.000000 J-68.021653
G02 X129.876950 Y40.283180 Z-0.200000 I-0.565160 J-26.924368
G02 X130.681036 Y40.221722 Z-0.200000 I-1.089877 J-19.550326
G02 X131.515620 Y40.048810 Z-0.200000 I-0.384484 J-3.956335
G02 X131.525378 Y40.045835 Z-0.200000 I-0.572590 J-1.895607
G02 X131.535120 Y40.042810 Z-0.200000 I-0.582348 J-1.892632
G02 X132.857972 Y39.334551 Z-0.200000 I-1.410650 J-4.224253
G02 X133.873010 Y38.232260 Z-0.200000 I-2.787211 J-3.585078
G02 X134.499994 Y36.776688 Z-0.200000 I-3.752135 J-2.479045
G02 X134.679650 Y35.218590 Z-0.200000 I-6.666611 J-1.558098
G02 X134.502799 Y33.620407 Z-0.200000 I-7.309719 J-0.000000
G02 X133.886680 Y32.138510 Z-0.200000 I-4.533165 J1.015696
G02 X133.446783 Y31.560145 Z-0.200000 I-3.693113 J2.352461
G02 X132.906210 Y31.046720 Z-0.200000 I-3.561700 J3.208739
G03 X133.513073 Y31.479506 Z-0.200000 I-1.829533 J3.207289
G03 X134.015580 Y32.011560 Z-0.200000 I-2.590353 J2.949826
G02 X134.019574 Y32.015566 Z-0.200000 I1.404206 J-1.396206
G02 X134.023580 Y32.019560 Z-0.200000 I1.400211 J-1.400211
G03 X134.679538 Y33.267664 Z-0.200000 I-3.009331 J2.378021
G03 X135.025530 Y35.564480 Z-0.200000 I-7.450543 J2.296816
G03 X134.806421 Y37.429021 Z-0.200000 I-8.042835 J-0.000000
G03 X134.345840 Y38.613310 Z-0.200000 I-4.526902 J-1.078846
G02 X134.343835 Y38.617308 Z-0.200000 I1.769138 J0.889569
G02 X134.341840 Y38.621310 Z-0.200000 I1.771143 J0.885572
G03 X133.535275 Y39.678280 Z-0.200000 I-3.952270 J-2.179718
G03 X132.863320 Y40.140840 Z-0.200000 I-1.697525 J-1.746623
G02 X132.854507 Y40.145818 Z-0.200000 I0.969424 J1.726674
G02 X132.845720 Y40.150840 Z-0.200000 I0.978236 J1.721696
G03 X132.156247 Y40.369413 Z-0.200000 I-1.130253 J-2.368570
G03 X128.875020 Y40.646930 Z-0.200000 I-3.281227 J-19.259050
G01 X122.052730 Y40.646480 Z-0.200000
G00 Z5.000000

(End cutting path id: path350796)


(Start cutting path id: path306175)
(Change tool to Default tool)

G00 Z5.000000
G00 X122.052730 Y40.646480

G01 Z-0.200000 F100.0(Penetrate)
G01 X122.052730 Y19.353520 Z-0.200000 F800.000000
G01 X122.261720 Y19.353520 Z-0.200000
G01 X122.261720 Y27.916020 Z-0.200000
G02 X122.412404 Y28.673952 Z-0.200000 I1.980198 J0.000262
G02 X122.841710 Y29.316497 Z-0.200000 I1.829514 J-0.757670
G02 X123.484257 Y29.745799 Z-0.200000 I1.400208 J-1.400215
G02 X124.242190 Y29.896480 Z-0.200000 I0.757661 J-1.829517
G01 X125.103520 Y29.896480 Z-0.200000
G02 X126.634092 Y29.805295 Z-0.200000 I-0.000000 J-12.891117
G02 X127.990230 Y29.433590 Z-0.200000 I-0.564172 J-4.718084
G02 X129.117039 Y28.735761 Z-0.200000 I-1.737747 J-4.064666
G02 X130.007810 Y27.802730 Z-0.200000 I-4.041607 J-4.750275
G02 X130.067858 Y27.703180 Z-0.200000 I-0.363916 J-0.287396
G03 X130.128910 Y27.599610 Z-0.200000 I0.476605 J0.211170
G02 X130.006194 Y29.099023 Z-0.200000 I1.764302 J0.899123
G02 X130.972660 Y30.251950 Z-0.200000 I1.887018 J-0.600289
G02 X129.604336 Y30.048653 Z-0.200000 I-2.033844 J8.982620
G02 X127.341800 Y29.966800 Z-0.200000 I-2.262536 J31.228903
G01 X124.242190 Y29.966800 Z-0.200000
G02 X122.842399 Y30.546094 Z-0.200000 I-0.000273 J1.980198
G02 X122.261720 Y31.945310 Z-0.200000 I1.399518 J1.400904
G01 X122.261720 Y38.353520 Z-0.200000
G02 X122.412404 Y39.111452 Z-0.200000 I1.980198 J0.000262
G02 X122.841710 Y39.753997 Z-0.200000 I1.829514 J-0.757670
G02 X123.484257 Y40.183299 Z-0.200000 I1.400208 J-1.400215
G02 X124.242190 Y40.333980 Z-0.200000 I0.757661 J-1.829517
G01 X127.515620 Y40.333980 Z-0.200000
G02 X128.943123 Y40.319000 Z-0.200000 I-0.000000 J-68.021653
G02 X129.876950 Y40.283180 Z-0.200000 I-0.565160 J-26.924368
G02 X130.681036 Y40.221722 Z-0.200000 I-1.089877 J-19.550326
G02 X131.515620 Y40.048810 Z-0.200000 I-0.384484 J-3.956335
G02 X131.525378 Y40.045835 Z-0.200000 I-0.572590 J-1.895607
G02 X131.535120 Y40.042810 Z-0.200000 I-0.582348 J-1.892632
G02 X132.857972 Y39.334551 Z-0.200000 I-1.410650 J-4.224253
G02 X133.873010 Y38.232260 Z-0.200000 I-2.787211 J-3.585078
G02 X134.499994 Y36.776688 Z-0.200000 I-3.752135 J-2.479045
G02 X134.679650 Y35.218590 Z-0.200000 I-6.666611 J-1.558098
G02 X134.502799 Y33.620407 Z-0.200000 I-7.309719 J-0.000000
G02 X133.886680 Y32.138510 Z-0.200000 I-4.533165 J1.015696
G02 X133.446783 Y31.560145 Z-0.200000 I-3.693113 J2.352461
G02 X132.906210 Y31.046720 Z-0.200000 I-3.561700 J3.208739
G03 X133.513073 Y31.479506 Z-0.200000 I-1.829533 J3.207289
G03 X134.015580 Y32.011560 Z-0.200000 I-2.590353 J2.949826
G02 X134.019574 Y32.015566 Z-0.200000 I1.404206 J-1.396206
G02 X134.023580 Y32.019560 Z-0.200000 I1.400211 J-1.400211
G03 X134.679538 Y33.267664 Z-0.200000 I-3.009331 J2.378021
G03 X135.025530 Y35.564480 Z-0.200000 I-7.450543 J2.296816
G03 X134.806421 Y37.429021 Z-0.200000 I-8.042835 J-0.000000
G03 X134.345840 Y38.613310 Z-0.200000 I-4.526902 J-1.078846
G02 X134.343835 Y38.617308 Z-0.200000 I1.769138 J0.889569
G02 X134.341840 Y38.621310 Z-0.200000 I1.771143 J0.885572
G03 X133.535275 Y39.678280 Z-0.200000 I-3.952270 J-2.179718
G03 X132.863320 Y40.140840 Z-0.200000 I-1.697525 J-1.746623
G02 X132.854507 Y40.145818 Z-0.200000 I0.969424 J1.726674
G02 X132.845720 Y40.150840 Z-0.200000 I0.978236 J1.721696
G03 X132.156247 Y40.369413 Z-0.200000 I-1.130253 J-2.368570
G03 X128.875020 Y40.646930 Z-0.200000 I-3.281227 J-19.259050
G01 X122.052730 Y40.646480 Z-0.200000
G00 Z5.000000

(End cutting path id: path306175)


(Start cutting path id: path350794)
(Change tool to Default tool)

G00 Z5.000000
G00 X121.812500 Y40.886720

G01 Z-0.200000 F100.0(Penetrate)
G01 X121.812500 Y19.113280 Z-0.200000 F800.000000
G01 X122.501950 Y19.113280 Z-0.200000
G01 X122.501950 Y27.916020 Z-0.200000
G02 X122.634403 Y28.581988 Z-0.200000 I1.740174 J0.000056
G02 X123.011639 Y29.146568 Z-0.200000 I1.607721 J-0.665912
G02 X123.576221 Y29.523801 Z-0.200000 I1.230485 J-1.230492
G02 X124.242190 Y29.656250 Z-0.200000 I0.665903 J-1.607725
G01 X125.103520 Y29.656250 Z-0.200000
G02 X126.618825 Y29.565246 Z-0.200000 I0.000000 J-12.661166
G02 X127.894530 Y29.214840 Z-0.200000 I-0.536519 J-4.450674
G02 X128.956707 Y28.557975 Z-0.200000 I-1.638053 J-3.836023
G02 X129.818360 Y27.656250 Z-0.200000 I-3.888739 J-4.578468
G02 X130.595357 Y26.518450 Z-0.200000 I-7.863834 J-6.204369
G02 X132.191410 Y23.707030 Z-0.200000 I-99.672231 J-58.443030
G01 X134.724610 Y19.113280 Z-0.200000
G01 X135.833980 Y19.113280 Z-0.200000
G01 X134.611330 Y21.507810 Z-0.200000
G01 X134.613330 Y21.507810 Z-0.200000
G03 X133.002349 Y24.433734 Z-0.200000 I-49.274376 J-25.223469
G03 X132.390670 Y25.335940 Z-0.200000 I-7.534357 J-4.449695
G02 X132.386661 Y25.340933 Z-0.200000 I1.354838 J1.092071
G02 X132.382670 Y25.345940 Z-0.200000 I1.358848 J1.087078
G03 X131.619744 Y26.201098 Z-0.200000 I-5.843350 J-4.445225
G03 X130.531110 Y27.105710 Z-0.200000 I-6.915302 J-7.214703
G02 X129.918704 Y27.902120 Z-0.200000 I1.014559 J1.413816
G02 X129.848570 Y28.904313 Z-0.200000 I1.626965 J0.617406
G02 X130.344084 Y29.778256 Z-0.200000 I1.697099 J-0.384787
G02 X131.240090 Y30.232660 Z-0.200000 I1.201585 J-1.258729
G03 X133.090829 Y30.901197 Z-0.200000 I-1.011182 J5.695309
G03 X134.204940 Y31.863520 Z-0.200000 I-1.880871 J3.303623
G02 X134.207934 Y31.867524 Z-0.200000 I1.395133 J-1.040100
G02 X134.210940 Y31.871520 Z-0.200000 I1.392139 J-1.044104
G03 X134.910762 Y33.204123 Z-0.200000 I-3.207175 J2.534319
G03 X135.265620 Y35.564880 Z-0.200000 I-7.675248 J2.360757
G03 X135.041013 Y37.479642 Z-0.200000 I-8.273937 J-0.000000
G03 X134.554690 Y38.730900 Z-0.200000 I-4.775796 J-1.136059
G02 X134.553687 Y38.733899 Z-0.200000 I1.649871 J0.553290
G02 X134.552690 Y38.736900 Z-0.200000 I1.650874 J0.550291
G03 X133.707161 Y39.847628 Z-0.200000 I-4.182473 J-2.306670
G03 X132.964800 Y40.359950 Z-0.200000 I-1.868673 J-1.913727
G02 X132.956990 Y40.363930 Z-0.200000 I0.786260 J1.552418
G02 X132.949200 Y40.367950 Z-0.200000 I0.794070 J1.548437
G03 X132.158072 Y40.616885 Z-0.200000 I-1.276382 J-2.674819
G03 X128.874980 Y40.887480 Z-0.200000 I-3.283092 J-19.781329
G01 X121.812500 Y40.886720 Z-0.200000
G00 Z5.000000

(End cutting path id: path350794)


(Start cutting path id: path306173)
(Change tool to Default tool)

G00 Z5.000000
G00 X121.812500 Y40.886720

G01 Z-0.200000 F100.0(Penetrate)
G01 X121.812500 Y19.113280 Z-0.200000 F800.000000
G01 X122.501950 Y19.113280 Z-0.200000
G01 X122.501950 Y27.916020 Z-0.200000
G02 X122.634403 Y28.581988 Z-0.200000 I1.740174 J0.000056
G02 X123.011639 Y29.146568 Z-0.200000 I1.607721 J-0.665912
G02 X123.576221 Y29.523801 Z-0.200000 I1.230485 J-1.230492
G02 X124.242190 Y29.656250 Z-0.200000 I0.665903 J-1.607725
G01 X125.103520 Y29.656250 Z-0.200000
G02 X126.618825 Y29.565246 Z-0.200000 I0.000000 J-12.661166
G02 X127.894530 Y29.214840 Z-0.200000 I-0.536519 J-4.450674
G02 X128.956707 Y28.557975 Z-0.200000 I-1.638053 J-3.836023
G02 X129.818360 Y27.656250 Z-0.200000 I-3.888739 J-4.578468
G02 X130.595357 Y26.518450 Z-0.200000 I-7.863834 J-6.204369
G02 X132.191410 Y23.707030 Z-0.200000 I-99.672231 J-58.443030
G01 X134.724610 Y19.113280 Z-0.200000
G01 X135.833980 Y19.113280 Z-0.200000
G01 X134.611330 Y21.507810 Z-0.200000
G01 X134.613330 Y21.507810 Z-0.200000
G03 X133.002349 Y24.433734 Z-0.200000 I-49.274376 J-25.223469
G03 X132.390670 Y25.335940 Z-0.200000 I-7.534357 J-4.449695
G02 X132.386661 Y25.340933 Z-0.200000 I1.354838 J1.092071
G02 X132.382670 Y25.345940 Z-0.200000 I1.358848 J1.087078
G03 X131.619744 Y26.201098 Z-0.200000 I-5.843350 J-4.445225
G03 X130.531110 Y27.105710 Z-0.200000 I-6.915302 J-7.214703
G02 X129.918704 Y27.902120 Z-0.200000 I1.014559 J1.413816
G02 X129.848570 Y28.904313 Z-0.200000 I1.626965 J0.617406
G02 X130.344084 Y29.778256 Z-0.200000 I1.697099 J-0.384787
G02 X131.240090 Y30.232660 Z-0.200000 I1.201585 J-1.258729
G03 X133.090829 Y30.901197 Z-0.200000 I-1.011182 J5.695309
G03 X134.204940 Y31.863520 Z-0.200000 I-1.880871 J3.303623
G02 X134.207934 Y31.867524 Z-0.200000 I1.395133 J-1.040100
G02 X134.210940 Y31.871520 Z-0.200000 I1.392139 J-1.044104
G03 X134.910762 Y33.204123 Z-0.200000 I-3.207175 J2.534319
G03 X135.265620 Y35.564880 Z-0.200000 I-7.675248 J2.360757
G03 X135.041013 Y37.479642 Z-0.200000 I-8.273937 J-0.000000
G03 X134.554690 Y38.730900 Z-0.200000 I-4.775796 J-1.136059
G02 X134.553687 Y38.733899 Z-0.200000 I1.649871 J0.553290
G02 X134.552690 Y38.736900 Z-0.200000 I1.650874 J0.550291
G03 X133.707161 Y39.847628 Z-0.200000 I-4.182473 J-2.306670
G03 X132.964800 Y40.359950 Z-0.200000 I-1.868673 J-1.913727
G02 X132.956990 Y40.363930 Z-0.200000 I0.786260 J1.552418
G02 X132.949200 Y40.367950 Z-0.200000 I0.794070 J1.548437
G03 X132.158072 Y40.616885 Z-0.200000 I-1.276382 J-2.674819
G03 X128.874980 Y40.887480 Z-0.200000 I-3.283092 J-19.781329
G01 X121.812500 Y40.886720 Z-0.200000
G00 Z5.000000

(End cutting path id: path306173)


(Start cutting path id: path350792)
(Change tool to Default tool)

G00 Z5.000000
G00 X121.572270 Y41.126950

G01 Z-0.200000 F100.0(Penetrate)
G01 X121.572270 Y18.873050 Z-0.200000 F800.000000
G01 X122.742190 Y18.873050 Z-0.200000
G01 X122.742190 Y27.916020 Z-0.200000
G02 X123.181574 Y28.976636 Z-0.200000 I1.500150 J-0.000150
G02 X124.242190 Y29.416020 Z-0.200000 I1.060766 J-1.060766
G01 X125.103520 Y29.416020 Z-0.200000
G02 X126.603959 Y29.324092 Z-0.200000 I0.000000 J-12.290927
G02 X127.798830 Y28.994140 Z-0.200000 I-0.516419 J-4.198633
G02 X128.795099 Y28.379780 Z-0.200000 I-1.546139 J-3.622250
G02 X129.626950 Y27.511720 Z-0.200000 I-3.703770 J-4.381883
G02 X130.372940 Y26.421613 Z-0.200000 I-7.605657 J-6.005065
G02 X131.982420 Y23.591800 Z-0.200000 I-94.848377 J-55.818416
G01 X134.583980 Y18.873050 Z-0.200000
G01 X136.228520 Y18.873050 Z-0.200000
G01 X134.826170 Y21.617190 Z-0.200000
G03 X133.218214 Y24.540382 Z-0.200000 I-49.876308 J-25.531552
G03 X132.580080 Y25.482420 Z-0.200000 I-7.818728 J-4.609229
G02 X132.576069 Y25.487411 Z-0.200000 I1.167410 J0.942128
G02 X132.572080 Y25.492420 Z-0.200000 I1.171420 J0.937136
G03 X131.782369 Y26.377043 Z-0.200000 I-6.022176 J-4.581253
G03 X130.669730 Y27.301010 Z-0.200000 I-7.092607 J-7.408994
G02 X130.142208 Y27.987994 Z-0.200000 I0.875410 J1.218239
G02 X130.082378 Y28.852080 Z-0.200000 I1.402932 J0.531256
G02 X130.510184 Y29.605212 Z-0.200000 I1.462762 J-0.332831
G02 X131.283010 Y29.996320 Z-0.200000 I1.034956 J-1.085963
G03 X133.207587 Y30.691749 Z-0.200000 I-1.050964 J5.919320
G03 X134.394340 Y31.717030 Z-0.200000 I-2.005401 J3.520703
G02 X134.396336 Y31.720032 Z-0.200000 I1.250197 J-0.829131
G02 X134.398340 Y31.723030 Z-0.200000 I1.248200 J-0.832134
G03 X135.142106 Y33.140382 Z-0.200000 I-3.404825 J2.690533
G03 X135.505760 Y35.564820 Z-0.200000 I-7.899902 J2.424438
G03 X135.276773 Y37.529693 Z-0.200000 I-8.544490 J0.000000
G03 X134.765520 Y38.848030 Z-0.200000 I-5.004929 J-1.182616
G02 X134.763516 Y38.851028 Z-0.200000 I1.246197 J0.835131
G02 X134.761520 Y38.854030 Z-0.200000 I1.248200 J0.832133
G03 X133.878251 Y40.015627 Z-0.200000 I-4.388361 J-2.420259
G03 X133.066210 Y40.576680 Z-0.200000 I-2.040609 J-2.085300
G02 X133.059349 Y40.580662 Z-0.200000 I0.749609 J1.299437
G02 X133.052510 Y40.584680 Z-0.200000 I0.756470 J1.295455
G03 X132.160843 Y40.863321 Z-0.200000 I-1.417954 J-2.971519
G03 X128.874780 Y41.127650 Z-0.200000 I-3.286063 J-20.293546
G01 X121.572270 Y41.126950 Z-0.200000
G00 Z5.000000

(End cutting path id: path350792)


(Start cutting path id: path306171)
(Change tool to Default tool)

G00 Z5.000000
G00 X121.572270 Y41.126950

G01 Z-0.200000 F100.0(Penetrate)
G01 X121.572270 Y18.873050 Z-0.200000 F800.000000
G01 X122.742190 Y18.873050 Z-0.200000
G01 X122.742190 Y27.916020 Z-0.200000
G02 X123.181574 Y28.976636 Z-0.200000 I1.500150 J-0.000150
G02 X124.242190 Y29.416020 Z-0.200000 I1.060766 J-1.060766
G01 X125.103520 Y29.416020 Z-0.200000
G02 X126.603959 Y29.324092 Z-0.200000 I0.000000 J-12.290927
G02 X127.798830 Y28.994140 Z-0.200000 I-0.516419 J-4.198633
G02 X128.795099 Y28.379780 Z-0.200000 I-1.546139 J-3.622250
G02 X129.626950 Y27.511720 Z-0.200000 I-3.703770 J-4.381883
G02 X130.372940 Y26.421613 Z-0.200000 I-7.605657 J-6.005065
G02 X131.982420 Y23.591800 Z-0.200000 I-94.848377 J-55.818416
G01 X134.583980 Y18.873050 Z-0.200000
G01 X136.228520 Y18.873050 Z-0.200000
G01 X134.826170 Y21.617190 Z-0.200000
G03 X133.218214 Y24.540382 Z-0.200000 I-49.876308 J-25.531552
G03 X132.580080 Y25.482420 Z-0.200000 I-7.818728 J-4.609229
G02 X132.576069 Y25.487411 Z-0.200000 I1.167410 J0.942128
G02 X132.572080 Y25.492420 Z-0.200000 I1.171420 J0.937136
G03 X131.782369 Y26.377043 Z-0.200000 I-6.022176 J-4.581253
G03 X130.669730 Y27.301010 Z-0.200000 I-7.092607 J-7.408994
G02 X130.142208 Y27.987994 Z-0.200000 I0.875410 J1.218239
G02 X130.082378 Y28.852080 Z-0.200000 I1.402932 J0.531256
G02 X130.510184 Y29.605212 Z-0.200000 I1.462762 J-0.332831
G02 X131.283010 Y29.996320 Z-0.200000 I1.034956 J-1.085963
G03 X133.207587 Y30.691749 Z-0.200000 I-1.050964 J5.919320
G03 X134.394340 Y31.717030 Z-0.200000 I-2.005401 J3.520703
G02 X134.396336 Y31.720032 Z-0.200000 I1.250197 J-0.829131
G02 X134.398340 Y31.723030 Z-0.200000 I1.248200 J-0.832134
G03 X135.142106 Y33.140382 Z-0.200000 I-3.404825 J2.690533
G03 X135.505760 Y35.564820 Z-0.200000 I-7.899902 J2.424438
G03 X135.276773 Y37.529693 Z-0.200000 I-8.544490 J0.000000
G03 X134.765520 Y38.848030 Z-0.200000 I-5.004929 J-1.182616
G02 X134.763516 Y38.851028 Z-0.200000 I1.246197 J0.835131
G02 X134.761520 Y38.854030 Z-0.200000 I1.248200 J0.832133
G03 X133.878251 Y40.015627 Z-0.200000 I-4.388361 J-2.420259
G03 X133.066210 Y40.576680 Z-0.200000 I-2.040609 J-2.085300
G02 X133.059349 Y40.580662 Z-0.200000 I0.749609 J1.299437
G02 X133.052510 Y40.584680 Z-0.200000 I0.756470 J1.295455
G03 X132.160843 Y40.863321 Z-0.200000 I-1.417954 J-2.971519
G03 X128.874780 Y41.127650 Z-0.200000 I-3.286063 J-20.293546
G01 X121.572270 Y41.126950 Z-0.200000
G00 Z5.000000

(End cutting path id: path306171)


(Start cutting path id: path350790)
(Change tool to Default tool)

G00 Z5.000000
G00 X121.332030 Y41.365230

G01 Z-0.200000 F100.0(Penetrate)
G01 X121.332030 Y18.634770 Z-0.200000 F800.000000
G01 X122.982420 Y18.634770 Z-0.200000
G01 X122.982420 Y27.916020 Z-0.200000
G02 X123.351506 Y28.806701 Z-0.200000 I1.260126 J-0.000366
G02 X124.242190 Y29.175780 Z-0.200000 I0.891040 J-0.891047
G01 X125.103520 Y29.175780 Z-0.200000
G02 X126.590732 Y29.084001 Z-0.200000 I-0.000000 J-12.095511
G02 X127.705080 Y28.775390 Z-0.200000 I-0.485641 J-3.919751
G02 X128.636885 Y28.200417 Z-0.200000 I-1.437009 J-3.371357
G02 X129.439450 Y27.361330 Z-0.200000 I-3.586018 J-4.233294
G01 X129.440230 Y27.360487 Z-0.200000
G01 X129.441450 Y27.359330 Z-0.200000
G02 X130.154201 Y26.317968 Z-0.200000 I-7.330144 J-5.781648
G02 X131.771520 Y23.476510 Z-0.200000 I-93.169638 J-54.911906
G01 X134.441450 Y18.634720 Z-0.200000
G01 X136.617230 Y18.634720 Z-0.200000
G01 X135.039100 Y21.726510 Z-0.200000
G01 X135.041100 Y21.726510 Z-0.200000
G03 X133.434548 Y24.647217 Z-0.200000 I-49.855722 J-25.521226
G03 X132.769610 Y25.628860 Z-0.200000 I-8.146611 J-4.802266
G02 X132.766602 Y25.632854 Z-0.200000 I1.005093 J0.760070
G02 X132.763610 Y25.636860 Z-0.200000 I1.008101 J0.756076
G03 X131.947153 Y26.551870 Z-0.200000 I-6.246083 J-4.751574
G03 X130.810490 Y27.496230 Z-0.200000 I-7.226925 J-7.542321
G02 X130.367604 Y28.072932 Z-0.200000 I0.735474 J1.023228
G02 X130.317079 Y28.798314 Z-0.200000 I1.178360 J0.446527
G02 X130.675739 Y29.430846 Z-0.200000 I1.228884 J-0.278856
G02 X131.324160 Y29.759910 Z-0.200000 I0.870224 J-0.911387
G03 X133.323455 Y30.480918 Z-0.200000 I-1.095443 J6.170018
G03 X134.583920 Y31.568500 Z-0.200000 I-2.117418 J3.728209
G02 X134.585918 Y31.570502 Z-0.200000 I0.893041 J-0.889041
G02 X134.587920 Y31.572500 Z-0.200000 I0.891044 J-0.891044
G03 X135.375006 Y33.075601 Z-0.200000 I-3.592286 J2.838695
G03 X135.746120 Y35.564680 Z-0.200000 I-8.161618 J2.489079
G03 X135.511658 Y37.579584 Z-0.200000 I-8.774991 J-0.000000
G03 X134.974640 Y38.965070 Z-0.200000 I-5.253291 J-1.239371
G02 X134.973638 Y38.967069 Z-0.200000 I1.126089 J0.565544
G02 X134.972640 Y38.969070 Z-0.200000 I1.127091 J0.563546
G03 X134.050902 Y40.183849 Z-0.200000 I-4.618030 J-2.546938
G03 X133.167950 Y40.795240 Z-0.200000 I-2.211789 J-2.250938
G02 X133.162092 Y40.798225 Z-0.200000 I0.569159 J1.124267
G02 X133.156250 Y40.801240 Z-0.200000 I0.575016 J1.121282
G03 X132.165050 Y41.108526 Z-0.200000 I-1.550670 J-3.249657
G03 X128.875000 Y41.365690 Z-0.200000 I-3.290050 J-20.917157
G01 X121.332030 Y41.365230 Z-0.200000
G00 Z5.000000

(End cutting path id: path350790)


(Start cutting path id: path306169)
(Change tool to Default tool)

G00 Z5.000000
G00 X121.332030 Y41.365230

G01 Z-0.200000 F100.0(Penetrate)
G01 X121.332030 Y18.634770 Z-0.200000 F800.000000
G01 X122.982420 Y18.634770 Z-0.200000
G01 X122.982420 Y27.916020 Z-0.200000
G02 X123.351506 Y28.806701 Z-0.200000 I1.260126 J-0.000366
G02 X124.242190 Y29.175780 Z-0.200000 I0.891040 J-0.891047
G01 X125.103520 Y29.175780 Z-0.200000
G02 X126.590732 Y29.084001 Z-0.200000 I-0.000000 J-12.095511
G02 X127.705080 Y28.775390 Z-0.200000 I-0.485641 J-3.919751
G02 X128.636885 Y28.200417 Z-0.200000 I-1.437009 J-3.371357
G02 X129.439450 Y27.361330 Z-0.200000 I-3.586018 J-4.233294
G01 X129.440230 Y27.360487 Z-0.200000
G01 X129.441450 Y27.359330 Z-0.200000
G02 X130.154201 Y26.317968 Z-0.200000 I-7.330144 J-5.781648
G02 X131.771520 Y23.476510 Z-0.200000 I-93.169638 J-54.911906
G01 X134.441450 Y18.634720 Z-0.200000
G01 X136.617230 Y18.634720 Z-0.200000
G01 X135.039100 Y21.726510 Z-0.200000
G01 X135.041100 Y21.726510 Z-0.200000
G03 X133.434548 Y24.647217 Z-0.200000 I-49.855722 J-25.521226
G03 X132.769610 Y25.628860 Z-0.200000 I-8.146611 J-4.802266
G02 X132.766602 Y25.632854 Z-0.200000 I1.005093 J0.760070
G02 X132.763610 Y25.636860 Z-0.200000 I1.008101 J0.756076
G03 X131.947153 Y26.551870 Z-0.200000 I-6.246083 J-4.751574
G03 X130.810490 Y27.496230 Z-0.200000 I-7.226925 J-7.542321
G02 X130.367604 Y28.072932 Z-0.200000 I0.735474 J1.023228
G02 X130.317079 Y28.798314 Z-0.200000 I1.178360 J0.446527
G02 X130.675739 Y29.430846 Z-0.200000 I1.228884 J-0.278856
G02 X131.324160 Y29.759910 Z-0.200000 I0.870224 J-0.911387
G03 X133.323455 Y30.480918 Z-0.200000 I-1.095443 J6.170018
G03 X134.583920 Y31.568500 Z-0.200000 I-2.117418 J3.728209
G02 X134.585918 Y31.570502 Z-0.200000 I0.893041 J-0.889041
G02 X134.587920 Y31.572500 Z-0.200000 I0.891044 J-0.891044
G03 X135.375006 Y33.075601 Z-0.200000 I-3.592286 J2.838695
G03 X135.746120 Y35.564680 Z-0.200000 I-8.161618 J2.489079
G03 X135.511658 Y37.579584 Z-0.200000 I-8.774991 J-0.000000
G03 X134.974640 Y38.965070 Z-0.200000 I-5.253291 J-1.239371
G02 X134.973638 Y38.967069 Z-0.200000 I1.126089 J0.565544
G02 X134.972640 Y38.969070 Z-0.200000 I1.127091 J0.563546
G03 X134.050902 Y40.183849 Z-0.200000 I-4.618030 J-2.546938
G03 X133.167950 Y40.795240 Z-0.200000 I-2.211789 J-2.250938
G02 X133.162092 Y40.798225 Z-0.200000 I0.569159 J1.124267
G02 X133.156250 Y40.801240 Z-0.200000 I0.575016 J1.121282
G03 X132.165050 Y41.108526 Z-0.200000 I-1.550670 J-3.249657
G03 X128.875000 Y41.365690 Z-0.200000 I-3.290050 J-20.917157
G01 X121.332030 Y41.365230 Z-0.200000
G00 Z5.000000

(End cutting path id: path306169)


(Start cutting path id: path350788)
(Change tool to Default tool)

G00 Z5.000000
G00 X121.093750 Y41.605470

G01 Z-0.200000 F100.0(Penetrate)
G01 X121.093750 Y18.394530 Z-0.200000 F800.000000
G01 X123.222660 Y18.394530 Z-0.200000
G01 X123.222660 Y27.916020 Z-0.200000
G02 X123.521441 Y28.636769 Z-0.200000 I1.020102 J-0.000572
G02 X124.242190 Y28.935550 Z-0.200000 I0.721321 J-0.721321
G01 X125.103520 Y28.935550 Z-0.200000
G02 X126.575794 Y28.843294 Z-0.200000 I0.000000 J-11.793790
G02 X127.607420 Y28.556640 Z-0.200000 I-0.459791 J-3.654387
G02 X128.474550 Y28.023561 Z-0.200000 I-1.333565 J-3.141028
G02 X129.248050 Y27.216800 Z-0.200000 I-3.421300 J-4.054436
G02 X129.928480 Y26.224192 Z-0.200000 I-6.991373 J-5.522082
G02 X131.560550 Y23.359380 Z-0.200000 I-91.613070 J-54.088854
G01 X134.300780 Y18.394530 Z-0.200000
G01 X137.009770 Y18.394530 Z-0.200000
G01 X135.253910 Y21.835940 Z-0.200000
G03 X133.651448 Y24.754360 Z-0.200000 I-51.073467 J-26.144545
G03 X132.960940 Y25.775390 Z-0.200000 I-8.377409 J-4.921516
G02 X132.957930 Y25.779383 Z-0.200000 I0.813072 J0.616054
G02 X132.954940 Y25.783390 Z-0.200000 I0.816082 J0.612061
G03 X132.111656 Y26.726939 Z-0.200000 I-6.380087 J-4.853505
G03 X130.951030 Y27.689640 Z-0.200000 I-7.446712 J-7.796735
G02 X130.591248 Y28.156688 Z-0.200000 I0.593760 J0.829492
G02 X130.549962 Y28.744797 Z-0.200000 I0.953542 J0.362444
G02 X130.840962 Y29.257531 Z-0.200000 I0.994828 J-0.225666
G02 X131.367050 Y29.523630 Z-0.200000 I0.703828 J-0.738400
G03 X133.438508 Y30.270378 Z-0.200000 I-1.135819 J6.397185
G03 X134.771340 Y31.420110 Z-0.200000 I-2.236367 J3.939931
G02 X134.773337 Y31.422113 Z-0.200000 I0.723318 J-0.719318
G02 X134.775340 Y31.424110 Z-0.200000 I0.721321 J-0.721321
G03 X135.606482 Y33.012443 Z-0.200000 I-3.789724 J2.994710
G03 X135.986280 Y35.564730 Z-0.200000 I-8.385928 J2.552287
G03 X135.747322 Y37.628439 Z-0.200000 I-9.030853 J0.000000
G03 X135.185500 Y39.080360 Z-0.200000 I-5.483170 J-1.287057
G02 X135.184498 Y39.082359 Z-0.200000 I0.911405 J0.458202
G02 X135.183500 Y39.084360 Z-0.200000 I0.912407 J0.456204
G03 X134.222380 Y40.350951 Z-0.200000 I-4.813570 J-2.654696
G03 X133.267490 Y41.012100 Z-0.200000 I-2.392339 J-2.435086
G02 X133.262485 Y41.014087 Z-0.200000 I0.373851 J0.949128
G02 X133.257490 Y41.016100 Z-0.200000 I0.378856 J0.947141
G03 X132.168176 Y41.352407 Z-0.200000 I-1.689898 J-3.541334
G03 X128.874680 Y41.605950 Z-0.200000 I-3.293496 J-21.264310
G01 X121.093750 Y41.605470 Z-0.200000
G00 Z5.000000

(End cutting path id: path350788)


(Start cutting path id: path306167)
(Change tool to Default tool)

G00 Z5.000000
G00 X121.093750 Y41.605470

G01 Z-0.200000 F100.0(Penetrate)
G01 X121.093750 Y18.394530 Z-0.200000 F800.000000
G01 X123.222660 Y18.394530 Z-0.200000
G01 X123.222660 Y27.916020 Z-0.200000
G02 X123.521441 Y28.636769 Z-0.200000 I1.020102 J-0.000572
G02 X124.242190 Y28.935550 Z-0.200000 I0.721321 J-0.721321
G01 X125.103520 Y28.935550 Z-0.200000
G02 X126.575794 Y28.843294 Z-0.200000 I0.000000 J-11.793790
G02 X127.607420 Y28.556640 Z-0.200000 I-0.459791 J-3.654387
G02 X128.474550 Y28.023561 Z-0.200000 I-1.333565 J-3.141028
G02 X129.248050 Y27.216800 Z-0.200000 I-3.421300 J-4.054436
G02 X129.928480 Y26.224192 Z-0.200000 I-6.991373 J-5.522082
G02 X131.560550 Y23.359380 Z-0.200000 I-91.613070 J-54.088854
G01 X134.300780 Y18.394530 Z-0.200000
G01 X137.009770 Y18.394530 Z-0.200000
G01 X135.253910 Y21.835940 Z-0.200000
G03 X133.651448 Y24.754360 Z-0.200000 I-51.073467 J-26.144545
G03 X132.960940 Y25.775390 Z-0.200000 I-8.377409 J-4.921516
G02 X132.957930 Y25.779383 Z-0.200000 I0.813072 J0.616054
G02 X132.954940 Y25.783390 Z-0.200000 I0.816082 J0.612061
G03 X132.111656 Y26.726939 Z-0.200000 I-6.380087 J-4.853505
G03 X130.951030 Y27.689640 Z-0.200000 I-7.446712 J-7.796735
G02 X130.591248 Y28.156688 Z-0.200000 I0.593760 J0.829492
G02 X130.549962 Y28.744797 Z-0.200000 I0.953542 J0.362444
G02 X130.840962 Y29.257531 Z-0.200000 I0.994828 J-0.225666
G02 X131.367050 Y29.523630 Z-0.200000 I0.703828 J-0.738400
G03 X133.438508 Y30.270378 Z-0.200000 I-1.135819 J6.397185
G03 X134.771340 Y31.420110 Z-0.200000 I-2.236367 J3.939931
G02 X134.773337 Y31.422113 Z-0.200000 I0.723318 J-0.719318
G02 X134.775340 Y31.424110 Z-0.200000 I0.721321 J-0.721321
G03 X135.606482 Y33.012443 Z-0.200000 I-3.789724 J2.994710
G03 X135.986280 Y35.564730 Z-0.200000 I-8.385928 J2.552287
G03 X135.747322 Y37.628439 Z-0.200000 I-9.030853 J0.000000
G03 X135.185500 Y39.080360 Z-0.200000 I-5.483170 J-1.287057
G02 X135.184498 Y39.082359 Z-0.200000 I0.911405 J0.458202
G02 X135.183500 Y39.084360 Z-0.200000 I0.912407 J0.456204
G03 X134.222380 Y40.350951 Z-0.200000 I-4.813570 J-2.654696
G03 X133.267490 Y41.012100 Z-0.200000 I-2.392339 J-2.435086
G02 X133.262485 Y41.014087 Z-0.200000 I0.373851 J0.949128
G02 X133.257490 Y41.016100 Z-0.200000 I0.378856 J0.947141
G03 X132.168176 Y41.352407 Z-0.200000 I-1.689898 J-3.541334
G03 X128.874680 Y41.605950 Z-0.200000 I-3.293496 J-21.264310
G01 X121.093750 Y41.605470 Z-0.200000
G00 Z5.000000

(End cutting path id: path306167)


(Start cutting path id: path350786)
(Change tool to Default tool)

G00 Z5.000000
G00 X120.853520 Y41.845700

G01 Z-0.200000 F100.0(Penetrate)
G01 X120.853520 Y18.154300 Z-0.200000 F800.000000
G01 X123.462890 Y18.154300 Z-0.200000
G01 X123.462890 Y27.916020 Z-0.200000
G02 X123.691373 Y28.466834 Z-0.200000 I0.780078 J-0.000788
G02 X124.242190 Y28.695310 Z-0.200000 I0.551595 J-0.551602
G01 X125.103520 Y28.695310 Z-0.200000
G02 X126.562776 Y28.602738 Z-0.200000 I-0.000000 J-11.547763
G02 X127.511720 Y28.337890 Z-0.200000 I-0.429441 J-3.371124
G02 X128.314072 Y27.845762 Z-0.200000 I-1.233751 J-2.911604
G02 X129.058590 Y27.070310 Z-0.200000 I-3.265574 J-3.880441
G02 X129.705620 Y26.128377 Z-0.200000 I-6.686231 J-5.286077
G02 X131.351560 Y23.244140 Z-0.200000 I-88.011808 J-52.137245
G01 X134.158200 Y18.154300 Z-0.200000
G01 X137.402340 Y18.154300 Z-0.200000
G01 X135.466800 Y21.945310 Z-0.200000
G03 X133.866862 Y24.863106 Z-0.200000 I-52.072601 J-26.655820
G03 X133.150390 Y25.923830 Z-0.200000 I-8.627246 J-5.054991
G02 X133.148386 Y25.925826 Z-0.200000 I0.549595 J0.553595
G02 X133.146390 Y25.927830 Z-0.200000 I0.551598 J0.551598
G03 X132.275493 Y26.901813 Z-0.200000 I-6.567126 J-4.995709
G03 X131.089750 Y27.884870 Z-0.200000 I-7.628629 J-7.994862
G02 X130.814741 Y28.242062 Z-0.200000 I0.454235 J0.634187
G02 X130.783264 Y28.691756 Z-0.200000 I0.729243 J0.276995
G02 X131.005828 Y29.083777 Z-0.200000 I0.760721 J-0.172699
G02 X131.408110 Y29.287210 Z-0.200000 I0.538156 J-0.564721
G03 X133.553860 Y30.059319 Z-0.200000 I-1.180332 J6.647886
G03 X134.960850 Y31.271580 Z-0.200000 I-2.347798 J4.147563
G02 X134.962846 Y31.273584 Z-0.200000 I0.553595 J-0.549595
G02 X134.964850 Y31.275580 Z-0.200000 I0.551598 J-0.551598
G03 X135.839233 Y32.949348 Z-0.200000 I-3.977669 J3.143224
G03 X136.226570 Y35.564640 Z-0.200000 I-8.635529 J2.615292
G03 X135.982148 Y37.678236 Z-0.200000 I-9.260681 J0.000000
G03 X135.394540 Y39.197460 Z-0.200000 I-5.731450 J-1.343570
G02 X135.393537 Y39.199459 Z-0.200000 I0.696720 J0.350860
G02 X135.392540 Y39.201460 Z-0.200000 I0.697723 J0.348861
G03 X134.394302 Y40.519518 Z-0.200000 I-5.037862 J-2.778409
G03 X133.369100 Y41.230760 Z-0.200000 I-2.561099 J-2.597137
G02 X133.365097 Y41.231749 Z-0.200000 I0.185194 J0.757776
G02 X133.361100 Y41.232760 Z-0.200000 I0.189197 J0.756787
G03 X132.174063 Y41.597209 Z-0.200000 I-1.821366 J-3.816965
G03 X128.874770 Y41.846040 Z-0.200000 I-3.299293 J-21.748522
G01 X120.853520 Y41.845700 Z-0.200000
G00 Z5.000000

(End cutting path id: path350786)


(Start cutting path id: path306165)
(Change tool to Default tool)

G00 Z5.000000
G00 X120.853520 Y41.845700

G01 Z-0.200000 F100.0(Penetrate)
G01 X120.853520 Y18.154300 Z-0.200000 F800.000000
G01 X123.462890 Y18.154300 Z-0.200000
G01 X123.462890 Y27.916020 Z-0.200000
G02 X123.691373 Y28.466834 Z-0.200000 I0.780078 J-0.000788
G02 X124.242190 Y28.695310 Z-0.200000 I0.551595 J-0.551602
G01 X125.103520 Y28.695310 Z-0.200000
G02 X126.562776 Y28.602738 Z-0.200000 I-0.000000 J-11.547763
G02 X127.511720 Y28.337890 Z-0.200000 I-0.429441 J-3.371124
G02 X128.314072 Y27.845762 Z-0.200000 I-1.233751 J-2.911604
G02 X129.058590 Y27.070310 Z-0.200000 I-3.265574 J-3.880441
G02 X129.705620 Y26.128377 Z-0.200000 I-6.686231 J-5.286077
G02 X131.351560 Y23.244140 Z-0.200000 I-88.011808 J-52.137245
G01 X134.158200 Y18.154300 Z-0.200000
G01 X137.402340 Y18.154300 Z-0.200000
G01 X135.466800 Y21.945310 Z-0.200000
G03 X133.866862 Y24.863106 Z-0.200000 I-52.072601 J-26.655820
G03 X133.150390 Y25.923830 Z-0.200000 I-8.627246 J-5.054991
G02 X133.148386 Y25.925826 Z-0.200000 I0.549595 J0.553595
G02 X133.146390 Y25.927830 Z-0.200000 I0.551598 J0.551598
G03 X132.275493 Y26.901813 Z-0.200000 I-6.567126 J-4.995709
G03 X131.089750 Y27.884870 Z-0.200000 I-7.628629 J-7.994862
G02 X130.814741 Y28.242062 Z-0.200000 I0.454235 J0.634187
G02 X130.783264 Y28.691756 Z-0.200000 I0.729243 J0.276995
G02 X131.005828 Y29.083777 Z-0.200000 I0.760721 J-0.172699
G02 X131.408110 Y29.287210 Z-0.200000 I0.538156 J-0.564721
G03 X133.553860 Y30.059319 Z-0.200000 I-1.180332 J6.647886
G03 X134.960850 Y31.271580 Z-0.200000 I-2.347798 J4.147563
G02 X134.962846 Y31.273584 Z-0.200000 I0.553595 J-0.549595
G02 X134.964850 Y31.275580 Z-0.200000 I0.551598 J-0.551598
G03 X135.839233 Y32.949348 Z-0.200000 I-3.977669 J3.143224
G03 X136.226570 Y35.564640 Z-0.200000 I-8.635529 J2.615292
G03 X135.982148 Y37.678236 Z-0.200000 I-9.260681 J0.000000
G03 X135.394540 Y39.197460 Z-0.200000 I-5.731450 J-1.343570
G02 X135.393537 Y39.199459 Z-0.200000 I0.696720 J0.350860
G02 X135.392540 Y39.201460 Z-0.200000 I0.697723 J0.348861
G03 X134.394302 Y40.519518 Z-0.200000 I-5.037862 J-2.778409
G03 X133.369100 Y41.230760 Z-0.200000 I-2.561099 J-2.597137
G02 X133.365097 Y41.231749 Z-0.200000 I0.185194 J0.757776
G02 X133.361100 Y41.232760 Z-0.200000 I0.189197 J0.756787
G03 X132.174063 Y41.597209 Z-0.200000 I-1.821366 J-3.816965
G03 X128.874770 Y41.846040 Z-0.200000 I-3.299293 J-21.748522
G01 X120.853520 Y41.845700 Z-0.200000
G00 Z5.000000

(End cutting path id: path306165)


(Start cutting path id: path350784)
(Change tool to Default tool)

G00 Z5.000000
G00 X120.613280 Y42.085940

G01 Z-0.200000 F100.0(Penetrate)
G01 X120.613280 Y17.914060 Z-0.200000 F800.000000
G01 X123.701170 Y17.914060 Z-0.200000
G01 X123.701170 Y27.916020 Z-0.200000
G02 X123.860041 Y28.297595 Z-0.200000 I0.540053 J-0.000993
G02 X124.242190 Y28.455080 Z-0.200000 I0.381182 J-0.382568
G01 X125.103520 Y28.455080 Z-0.200000
G02 X126.553309 Y28.359946 Z-0.200000 I0.000000 J-11.094539
G02 X127.419920 Y28.115230 Z-0.200000 I-0.409536 J-3.107105
G02 X128.155379 Y27.664480 Z-0.200000 I-1.139097 J-2.683965
G02 X128.869140 Y26.921880 Z-0.200000 I-3.103515 J-3.697309
G02 X129.482026 Y26.030977 Z-0.200000 I-6.383058 J-5.047416
G02 X131.140620 Y23.128910 Z-0.200000 I-85.138030 J-50.583209
G01 X134.017580 Y17.914060 Z-0.200000
G01 X137.794920 Y17.914060 Z-0.200000
G01 X135.681640 Y22.054690 Z-0.200000
G03 X134.082663 Y24.970622 Z-0.200000 I-52.008953 J-26.623192
G03 X133.339840 Y26.070310 Z-0.200000 I-8.945910 J-5.242104
G02 X133.338839 Y26.071309 Z-0.200000 I0.380875 J0.382875
G02 X133.337840 Y26.072310 Z-0.200000 I0.381876 J0.381876
G03 X132.440174 Y27.076686 Z-0.200000 I-6.790436 J-5.165647
G03 X131.230420 Y28.080120 Z-0.200000 I-7.763169 J-8.128424
G02 X131.040176 Y28.327456 Z-0.200000 I0.314698 J0.438889
G02 X131.018503 Y28.638741 Z-0.200000 I0.504941 J0.191553
G02 X131.172637 Y28.910054 Z-0.200000 I0.526614 J-0.119732
G02 X131.451120 Y29.050820 Z-0.200000 I0.372481 J-0.391045
G03 X133.669860 Y29.849324 Z-0.200000 I-1.220152 J6.872107
G03 X135.150340 Y31.125040 Z-0.200000 I-2.471615 J4.365247
G02 X135.151339 Y31.126041 Z-0.200000 I0.382875 J-0.380875
G02 X135.152340 Y31.127040 Z-0.200000 I0.381876 J-0.381876
G03 X136.070862 Y32.886408 Z-0.200000 I-4.174855 J3.299041
G03 X136.466800 Y35.564540 Z-0.200000 I-8.859505 J2.678132
G03 X136.216924 Y37.727964 Z-0.200000 I-9.490391 J0.000000
G03 X135.603520 Y39.314540 Z-0.200000 I-5.979543 J-1.399953
G02 X135.603519 Y39.315540 Z-0.200000 I0.540053 J0.001000
G02 X135.603520 Y39.316540 Z-0.200000 I0.540054 J0.000000
G03 X134.567264 Y40.685973 Z-0.200000 I-5.247738 J-2.894200
G03 X133.470700 Y41.447400 Z-0.200000 I-2.735918 J-2.769797
G02 X133.467697 Y41.448391 Z-0.200000 I0.167777 J0.513331
G02 X133.464700 Y41.449400 Z-0.200000 I0.170780 J0.512340
G03 X132.180713 Y41.841589 Z-0.200000 I-1.950304 J-4.087186
G03 X128.874860 Y42.086120 Z-0.200000 I-3.305853 J-22.223873
G01 X120.613280 Y42.085940 Z-0.200000
G00 Z5.000000

(End cutting path id: path350784)


(Start cutting path id: path306163)
(Change tool to Default tool)

G00 Z5.000000
G00 X120.613280 Y42.085940

G01 Z-0.200000 F100.0(Penetrate)
G01 X120.613280 Y17.914060 Z-0.200000 F800.000000
G01 X123.701170 Y17.914060 Z-0.200000
G01 X123.701170 Y27.916020 Z-0.200000
G02 X123.860041 Y28.297595 Z-0.200000 I0.540053 J-0.000993
G02 X124.242190 Y28.455080 Z-0.200000 I0.381182 J-0.382568
G01 X125.103520 Y28.455080 Z-0.200000
G02 X126.553309 Y28.359946 Z-0.200000 I0.000000 J-11.094539
G02 X127.419920 Y28.115230 Z-0.200000 I-0.409536 J-3.107105
G02 X128.155379 Y27.664480 Z-0.200000 I-1.139097 J-2.683965
G02 X128.869140 Y26.921880 Z-0.200000 I-3.103515 J-3.697309
G02 X129.482026 Y26.030977 Z-0.200000 I-6.383058 J-5.047416
G02 X131.140620 Y23.128910 Z-0.200000 I-85.138030 J-50.583209
G01 X134.017580 Y17.914060 Z-0.200000
G01 X137.794920 Y17.914060 Z-0.200000
G01 X135.681640 Y22.054690 Z-0.200000
G03 X134.082663 Y24.970622 Z-0.200000 I-52.008953 J-26.623192
G03 X133.339840 Y26.070310 Z-0.200000 I-8.945910 J-5.242104
G02 X133.338839 Y26.071309 Z-0.200000 I0.380875 J0.382875
G02 X133.337840 Y26.072310 Z-0.200000 I0.381876 J0.381876
G03 X132.440174 Y27.076686 Z-0.200000 I-6.790436 J-5.165647
G03 X131.230420 Y28.080120 Z-0.200000 I-7.763169 J-8.128424
G02 X131.040176 Y28.327456 Z-0.200000 I0.314698 J0.438889
G02 X131.018503 Y28.638741 Z-0.200000 I0.504941 J0.191553
G02 X131.172637 Y28.910054 Z-0.200000 I0.526614 J-0.119732
G02 X131.451120 Y29.050820 Z-0.200000 I0.372481 J-0.391045
G03 X133.669860 Y29.849324 Z-0.200000 I-1.220152 J6.872107
G03 X135.150340 Y31.125040 Z-0.200000 I-2.471615 J4.365247
G02 X135.151339 Y31.126041 Z-0.200000 I0.382875 J-0.380875
G02 X135.152340 Y31.127040 Z-0.200000 I0.381876 J-0.381876
G03 X136.070862 Y32.886408 Z-0.200000 I-4.174855 J3.299041
G03 X136.466800 Y35.564540 Z-0.200000 I-8.859505 J2.678132
G03 X136.216924 Y37.727964 Z-0.200000 I-9.490391 J0.000000
G03 X135.603520 Y39.314540 Z-0.200000 I-5.979543 J-1.399953
G02 X135.603519 Y39.315540 Z-0.200000 I0.540053 J0.001000
G02 X135.603520 Y39.316540 Z-0.200000 I0.540054 J0.000000
G03 X134.567264 Y40.685973 Z-0.200000 I-5.247738 J-2.894200
G03 X133.470700 Y41.447400 Z-0.200000 I-2.735918 J-2.769797
G02 X133.467697 Y41.448391 Z-0.200000 I0.167777 J0.513331
G02 X133.464700 Y41.449400 Z-0.200000 I0.170780 J0.512340
G03 X132.180713 Y41.841589 Z-0.200000 I-1.950304 J-4.087186
G03 X128.874860 Y42.086120 Z-0.200000 I-3.305853 J-22.223873
G01 X120.613280 Y42.085940 Z-0.200000
G00 Z5.000000

(End cutting path id: path306163)


(Start cutting path id: path350782)
(Change tool to Default tool)

G00 Z5.000000
G00 X120.373050 Y42.326170

G01 Z-0.200000 F100.0(Penetrate)
G01 X120.373050 Y17.673830 Z-0.200000 F800.000000
G01 X123.941410 Y17.673830 Z-0.200000
G01 X123.941410 Y27.916020 Z-0.200000
G02 X123.964104 Y28.031240 Z-0.200000 I0.300029 J0.000751
G02 X124.029286 Y28.128924 Z-0.200000 I0.277335 J-0.114470
G02 X124.126970 Y28.194106 Z-0.200000 I0.212153 J-0.212153
G02 X124.242190 Y28.216800 Z-0.200000 I0.114470 J-0.277335
G01 X125.103520 Y28.216800 Z-0.200000
G02 X126.543711 Y28.119521 Z-0.200000 I0.000000 J-10.709517
G02 X127.326170 Y27.896480 Z-0.200000 I-0.384408 J-2.832562
G02 X127.996782 Y27.485157 Z-0.200000 I-1.035519 J-2.440626
G02 X128.681640 Y26.771480 Z-0.200000 I-2.982765 J-3.547756
G02 X129.259935 Y25.931533 Z-0.200000 I-6.087599 J-4.810299
G02 X130.929690 Y23.013670 Z-0.200000 I-82.873893 J-49.361500
G01 X133.875000 Y17.673830 Z-0.200000
G01 X138.187500 Y17.673830 Z-0.200000
G01 X135.894530 Y22.164060 Z-0.200000
G03 X134.297743 Y25.078332 Z-0.200000 I-52.595906 J-26.923735
G03 X133.529300 Y26.216800 Z-0.200000 I-9.215505 J-5.391707
G02 X133.528298 Y26.217798 Z-0.200000 I0.211151 J0.213151
G02 X133.527300 Y26.218800 Z-0.200000 I0.212153 J0.212153
G03 X132.602830 Y27.252644 Z-0.200000 I-6.969076 J-5.301533
G03 X131.369100 Y28.275440 Z-0.200000 I-7.939592 J-8.321521
G02 X131.263621 Y28.412923 Z-0.200000 I0.175162 J0.243590
G02 X131.251756 Y28.585800 Z-0.200000 I0.280641 J0.106107
G02 X131.337462 Y28.736405 Z-0.200000 I0.292506 J-0.066770
G02 X131.492150 Y28.814500 Z-0.200000 I0.206800 J-0.217374
G03 X133.784822 Y29.638187 Z-0.200000 I-1.264637 J7.122609
G03 X135.339800 Y30.976610 Z-0.200000 I-2.582524 J4.572870
G02 X135.339798 Y30.977610 Z-0.200000 I0.300028 J0.001000
G02 X135.339800 Y30.978610 Z-0.200000 I0.300030 J0.000000
G03 X136.301614 Y32.823743 Z-0.200000 I-4.362295 J3.447186
G03 X136.705040 Y35.564540 Z-0.200000 I-9.108501 J2.740797
G03 X136.451842 Y37.777714 Z-0.200000 I-9.799150 J-0.000000
G03 X135.814410 Y39.431730 Z-0.200000 I-6.186235 J-1.434243
G02 X135.813410 Y39.431728 Z-0.200000 I-0.001000 J0.300028
G02 X135.812410 Y39.431730 Z-0.200000 I0.000000 J0.300030
G03 X134.739272 Y40.852329 Z-0.200000 I-5.471449 J-3.017571
G03 X133.572180 Y41.664150 Z-0.200000 I-2.904681 J-2.931003
G02 X133.570176 Y41.665143 Z-0.200000 I0.132174 J0.269348
G02 X133.568180 Y41.666150 Z-0.200000 I0.134177 J0.268355
G03 X132.187948 Y42.085708 Z-0.200000 I-2.077013 J-4.352735
G03 X128.874820 Y42.326300 Z-0.200000 I-3.313128 J-22.691814
G01 X120.373050 Y42.326170 Z-0.200000
G00 Z5.000000

(End cutting path id: path350782)


(Start cutting path id: path306161)
(Change tool to Default tool)

G00 Z5.000000
G00 X120.373050 Y42.326170

G01 Z-0.200000 F100.0(Penetrate)
G01 X120.373050 Y17.673830 Z-0.200000 F800.000000
G01 X123.941410 Y17.673830 Z-0.200000
G01 X123.941410 Y27.916020 Z-0.200000
G02 X123.964104 Y28.031240 Z-0.200000 I0.300029 J0.000751
G02 X124.029286 Y28.128924 Z-0.200000 I0.277335 J-0.114470
G02 X124.126970 Y28.194106 Z-0.200000 I0.212153 J-0.212153
G02 X124.242190 Y28.216800 Z-0.200000 I0.114470 J-0.277335
G01 X125.103520 Y28.216800 Z-0.200000
G02 X126.543711 Y28.119521 Z-0.200000 I0.000000 J-10.709517
G02 X127.326170 Y27.896480 Z-0.200000 I-0.384408 J-2.832562
G02 X127.996782 Y27.485157 Z-0.200000 I-1.035519 J-2.440626
G02 X128.681640 Y26.771480 Z-0.200000 I-2.982765 J-3.547756
G02 X129.259935 Y25.931533 Z-0.200000 I-6.087599 J-4.810299
G02 X130.929690 Y23.013670 Z-0.200000 I-82.873893 J-49.361500
G01 X133.875000 Y17.673830 Z-0.200000
G01 X138.187500 Y17.673830 Z-0.200000
G01 X135.894530 Y22.164060 Z-0.200000
G03 X134.297743 Y25.078332 Z-0.200000 I-52.595906 J-26.923735
G03 X133.529300 Y26.216800 Z-0.200000 I-9.215505 J-5.391707
G02 X133.528298 Y26.217798 Z-0.200000 I0.211151 J0.213151
G02 X133.527300 Y26.218800 Z-0.200000 I0.212153 J0.212153
G03 X132.602830 Y27.252644 Z-0.200000 I-6.969076 J-5.301533
G03 X131.369100 Y28.275440 Z-0.200000 I-7.939592 J-8.321521
G02 X131.263621 Y28.412923 Z-0.200000 I0.175162 J0.243590
G02 X131.251756 Y28.585800 Z-0.200000 I0.280641 J0.106107
G02 X131.337462 Y28.736405 Z-0.200000 I0.292506 J-0.066770
G02 X131.492150 Y28.814500 Z-0.200000 I0.206800 J-0.217374
G03 X133.784822 Y29.638187 Z-0.200000 I-1.264637 J7.122609
G03 X135.339800 Y30.976610 Z-0.200000 I-2.582524 J4.572870
G02 X135.339798 Y30.977610 Z-0.200000 I0.300028 J0.001000
G02 X135.339800 Y30.978610 Z-0.200000 I0.300030 J0.000000
G03 X136.301614 Y32.823743 Z-0.200000 I-4.362295 J3.447186
G03 X136.705040 Y35.564540 Z-0.200000 I-9.108501 J2.740797
G03 X136.451842 Y37.777714 Z-0.200000 I-9.799150 J-0.000000
G03 X135.814410 Y39.431730 Z-0.200000 I-6.186235 J-1.434243
G02 X135.813410 Y39.431728 Z-0.200000 I-0.001000 J0.300028
G02 X135.812410 Y39.431730 Z-0.200000 I0.000000 J0.300030
G03 X134.739272 Y40.852329 Z-0.200000 I-5.471449 J-3.017571
G03 X133.572180 Y41.664150 Z-0.200000 I-2.904681 J-2.931003
G02 X133.570176 Y41.665143 Z-0.200000 I0.132174 J0.269348
G02 X133.568180 Y41.666150 Z-0.200000 I0.134177 J0.268355
G03 X132.187948 Y42.085708 Z-0.200000 I-2.077013 J-4.352735
G03 X128.874820 Y42.326300 Z-0.200000 I-3.313128 J-22.691814
G01 X120.373050 Y42.326170 Z-0.200000
G00 Z5.000000

(End cutting path id: path306161)


(Start cutting path id: path151768)
(Change tool to Default tool)

G00 Z5.000000
G00 X240.117210 Y23.661050

G01 Z-0.200000 F100.0(Penetrate)
G01 X238.205180 Y23.661050 Z-0.200000 F800.000000
G01 X238.205180 Y27.450650 Z-0.200000
G01 X240.754550 Y27.450650 Z-0.200000
G01 X241.598590 Y32.532150 Z-0.200000
G01 X238.205180 Y32.532150 Z-0.200000
G01 X238.205180 Y36.338970 Z-0.200000
G01 X242.235930 Y36.338970 Z-0.200000
G01 X243.338360 Y43.056890 Z-0.200000
G01 X246.507840 Y43.056890 Z-0.200000
G01 X245.405420 Y36.338970 Z-0.200000
G01 X248.505990 Y36.338970 Z-0.200000
G01 X249.608420 Y43.056890 Z-0.200000
G01 X252.881260 Y43.056890 Z-0.200000
G01 X251.744380 Y36.338970 Z-0.200000
G01 X253.708080 Y36.338970 Z-0.200000
G01 X253.708080 Y32.532150 Z-0.200000
G01 X251.124260 Y32.532150 Z-0.200000
G01 X250.262990 Y27.450650 Z-0.200000
G01 X253.708080 Y27.450650 Z-0.200000
G01 X253.708080 Y23.661050 Z-0.200000
G01 X249.642870 Y23.661050 Z-0.200000
G01 X248.505990 Y16.943130 Z-0.200000
G01 X245.353740 Y16.943130 Z-0.200000
G01 X246.456170 Y23.661050 Z-0.200000
G01 X243.321140 Y23.661050 Z-0.200000
G01 X242.201480 Y16.943130 Z-0.200000
G01 X239.014780 Y16.943130 Z-0.200000
G01 X240.117210 Y23.661050 Z-0.200000
G00 Z5.000000

(End cutting path id: path151768)


(Start cutting path id: path350634)
(Change tool to Default tool)

G00 Z5.000000
G00 X241.882810 Y25.707000

G01 Z-0.200000 F100.0(Penetrate)
G02 X241.851759 Y25.680413 Z-0.200000 I-1.771713 J2.037766 F800.000000
G02 X241.820310 Y25.654300 Z-0.200000 I-1.740662 J2.064353
G02 X241.965521 Y25.495760 Z-0.200000 I-1.917062 J-1.901665
G02 X242.097660 Y25.326170 Z-0.200000 I-2.062274 J-1.743125
G02 X242.201786 Y25.418762 Z-0.200000 I1.845814 J-1.970895
G02 X242.310550 Y25.505860 Z-0.200000 I1.741688 J-2.063487
G02 X242.092270 Y25.597067 Z-0.200000 I0.930928 J2.534725
G02 X241.882810 Y25.707030 Z-0.200000 I1.149208 J2.443518
G01 X241.882810 Y25.707000 Z-0.200000
G00 Z5.000000

(End cutting path id: path350634)


(Start cutting path id: path306001)
(Change tool to Default tool)

G00 Z5.000000
G00 X241.882810 Y25.707000

G01 Z-0.200000 F100.0(Penetrate)
G02 X241.851759 Y25.680413 Z-0.200000 I-1.771713 J2.037766 F800.000000
G02 X241.820310 Y25.654300 Z-0.200000 I-1.740662 J2.064353
G02 X241.965521 Y25.495760 Z-0.200000 I-1.917062 J-1.901665
G02 X242.097660 Y25.326170 Z-0.200000 I-2.062274 J-1.743125
G02 X242.201786 Y25.418762 Z-0.200000 I1.845814 J-1.970895
G02 X242.310550 Y25.505860 Z-0.200000 I1.741688 J-2.063487
G02 X242.092270 Y25.597067 Z-0.200000 I0.930928 J2.534725
G02 X241.882810 Y25.707030 Z-0.200000 I1.149208 J2.443518
G01 X241.882810 Y25.707000 Z-0.200000
G00 Z5.000000

(End cutting path id: path306001)


(Start cutting path id: path350632)
(Change tool to Default tool)

G00 Z5.000000
G00 X242.011720 Y26.054570

G01 Z-0.200000 F100.0(Penetrate)
G02 X241.781869 Y25.833704 Z-0.200000 I-1.815984 J1.659824 F800.000000
G02 X241.525390 Y25.644410 Z-0.200000 I-1.586132 J1.880690
G02 X241.807958 Y25.361712 Z-0.200000 I-1.593021 J-1.874858
G02 X242.041020 Y25.036990 Z-0.200000 I-1.875589 J-1.592160
G02 X242.335426 Y25.333573 Z-0.200000 I1.886947 J-1.578684
G02 X242.675780 Y25.576050 Z-0.200000 I1.592541 J-1.875266
G02 X242.323710 Y25.787500 Z-0.200000 I1.086249 J2.207459
G02 X242.011720 Y26.054570 Z-0.200000 I1.438319 J1.996008
G01 X242.011720 Y26.054570 Z-0.200000
G00 Z5.000000

(End cutting path id: path350632)


(Start cutting path id: path305999)
(Change tool to Default tool)

G00 Z5.000000
G00 X242.011720 Y26.054570

G01 Z-0.200000 F100.0(Penetrate)
G02 X241.781869 Y25.833704 Z-0.200000 I-1.815984 J1.659824 F800.000000
G02 X241.525390 Y25.644410 Z-0.200000 I-1.586132 J1.880690
G02 X241.807958 Y25.361712 Z-0.200000 I-1.593021 J-1.874858
G02 X242.041020 Y25.036990 Z-0.200000 I-1.875589 J-1.592160
G02 X242.335426 Y25.333573 Z-0.200000 I1.886947 J-1.578684
G02 X242.675780 Y25.576050 Z-0.200000 I1.592541 J-1.875266
G02 X242.323710 Y25.787500 Z-0.200000 I1.086249 J2.207459
G02 X242.011720 Y26.054570 Z-0.200000 I1.438319 J1.996008
G01 X242.011720 Y26.054570 Z-0.200000
G00 Z5.000000

(End cutting path id: path305999)


(Start cutting path id: path350630)
(Change tool to Default tool)

G00 Z5.000000
G00 X242.140620 Y26.406270

G01 Z-0.200000 F100.0(Penetrate)
G02 X241.711248 Y25.916435 Z-0.200000 I-1.866217 J1.202755 F800.000000
G02 X241.158200 Y25.572290 Z-0.200000 I-1.436846 J1.692590
G02 X241.626215 Y25.216342 Z-0.200000 I-1.098191 J-1.929602
G02 X241.984380 Y24.750020 Z-0.200000 I-1.566206 J-1.573653
G02 X242.441863 Y25.283057 Z-0.200000 I1.892318 J-1.161258
G02 X243.042970 Y25.646500 Z-0.200000 I1.434835 J-1.694295
G02 X242.540413 Y25.965361 Z-0.200000 I0.927453 J2.017230
G02 X242.140620 Y26.406270 Z-0.200000 I1.430010 J1.698369
G01 X242.140620 Y26.406270 Z-0.200000
G00 Z5.000000

(End cutting path id: path350630)


(Start cutting path id: path305997)
(Change tool to Default tool)

G00 Z5.000000
G00 X242.140620 Y26.406270

G01 Z-0.200000 F100.0(Penetrate)
G02 X241.711248 Y25.916435 Z-0.200000 I-1.866217 J1.202755 F800.000000
G02 X241.158200 Y25.572290 Z-0.200000 I-1.436846 J1.692590
G02 X241.626215 Y25.216342 Z-0.200000 I-1.098191 J-1.929602
G02 X241.984380 Y24.750020 Z-0.200000 I-1.566206 J-1.573653
G02 X242.441863 Y25.283057 Z-0.200000 I1.892318 J-1.161258
G02 X243.042970 Y25.646500 Z-0.200000 I1.434835 J-1.694295
G02 X242.540413 Y25.965361 Z-0.200000 I0.927453 J2.017230
G02 X242.140620 Y26.406270 Z-0.200000 I1.430010 J1.698369
G01 X242.140620 Y26.406270 Z-0.200000
G00 Z5.000000

(End cutting path id: path305997)


(Start cutting path id: path350628)
(Change tool to Default tool)

G00 Z5.000000
G00 X242.269530 Y26.753840

G01 Z-0.200000 F100.0(Penetrate)
G02 X241.685034 Y25.908945 Z-0.200000 I-1.864992 J0.665573 F800.000000
G02 X240.755860 Y25.470630 Z-0.200000 I-1.280496 J1.510468
G01 X240.691360 Y25.470630 Z-0.200000
G02 X241.414690 Y25.095506 Z-0.200000 I-0.530473 J-1.907821
G02 X241.925730 Y24.460870 Z-0.200000 I-1.253803 J-1.532698
G02 X242.478852 Y25.221105 Z-0.200000 I1.832022 J-0.751585
G02 X243.320260 Y25.640550 Z-0.200000 I1.278900 J-1.511820
G01 X243.574170 Y25.640550 Z-0.200000
G02 X242.795040 Y26.048612 Z-0.200000 I0.506224 J1.914398
G02 X242.269480 Y26.753840 Z-0.200000 I1.285354 J1.506336
G01 X242.269530 Y26.753840 Z-0.200000
G00 Z5.000000

(End cutting path id: path350628)


(Start cutting path id: path305995)
(Change tool to Default tool)

G00 Z5.000000
G00 X242.269530 Y26.753840

G01 Z-0.200000 F100.0(Penetrate)
G02 X241.685034 Y25.908945 Z-0.200000 I-1.864992 J0.665573 F800.000000
G02 X240.755860 Y25.470630 Z-0.200000 I-1.280496 J1.510468
G01 X240.691360 Y25.470630 Z-0.200000
G02 X241.414690 Y25.095506 Z-0.200000 I-0.530473 J-1.907821
G02 X241.925730 Y24.460870 Z-0.200000 I-1.253803 J-1.532698
G02 X242.478852 Y25.221105 Z-0.200000 I1.832022 J-0.751585
G02 X243.320260 Y25.640550 Z-0.200000 I1.278900 J-1.511820
G01 X243.574170 Y25.640550 Z-0.200000
G02 X242.795040 Y26.048612 Z-0.200000 I0.506224 J1.914398
G02 X242.269480 Y26.753840 Z-0.200000 I1.285354 J1.506336
G01 X242.269530 Y26.753840 Z-0.200000
G00 Z5.000000

(End cutting path id: path305995)


(Start cutting path id: path350634)
(Change tool to Default tool)

G00 Z5.000000
G00 X248.201170 Y25.709000

G01 Z-0.200000 F100.0(Penetrate)
G02 X248.174964 Y25.686381 Z-0.200000 I-1.777408 J2.032801 F800.000000
G02 X248.148470 Y25.664100 Z-0.200000 I-1.751202 J2.055420
G02 X248.294670 Y25.505620 Z-0.200000 I-1.910041 J-1.908717
G02 X248.427760 Y25.335980 Z-0.200000 I-2.056242 J-1.750237
G02 X248.528170 Y25.424457 Z-0.200000 I1.834851 J-1.981106
G02 X248.632840 Y25.507850 Z-0.200000 I1.734441 J-2.069583
G02 X248.412577 Y25.598901 Z-0.200000 I0.920421 J2.538559
G02 X248.201200 Y25.709020 Z-0.200000 I1.140685 J2.447508
G01 X248.201170 Y25.709000 Z-0.200000
G00 Z5.000000

(End cutting path id: path350634)


(Start cutting path id: path306001)
(Change tool to Default tool)

G00 Z5.000000
G00 X248.201170 Y25.709000

G01 Z-0.200000 F100.0(Penetrate)
G02 X248.174964 Y25.686381 Z-0.200000 I-1.777408 J2.032801 F800.000000
G02 X248.148470 Y25.664100 Z-0.200000 I-1.751202 J2.055420
G02 X248.294670 Y25.505620 Z-0.200000 I-1.910041 J-1.908717
G02 X248.427760 Y25.335980 Z-0.200000 I-2.056242 J-1.750237
G02 X248.528170 Y25.424457 Z-0.200000 I1.834851 J-1.981106
G02 X248.632840 Y25.507850 Z-0.200000 I1.734441 J-2.069583
G02 X248.412577 Y25.598901 Z-0.200000 I0.920421 J2.538559
G02 X248.201200 Y25.709020 Z-0.200000 I1.140685 J2.447508
G01 X248.201170 Y25.709000 Z-0.200000
G00 Z5.000000

(End cutting path id: path306001)


(Start cutting path id: path350632)
(Change tool to Default tool)

G00 Z5.000000
G00 X248.332030 Y26.058570

G01 Z-0.200000 F100.0(Penetrate)
G02 X248.106639 Y25.841232 Z-0.200000 I-1.816968 J1.658746 F800.000000
G02 X247.855470 Y25.654280 Z-0.200000 I-1.591577 J1.876084
G02 X248.138033 Y25.371582 Z-0.200000 I-1.593042 J-1.874841
G02 X248.371090 Y25.046860 Z-0.200000 I-1.875605 J-1.592143
G02 X248.663167 Y25.338973 Z-0.200000 I1.879660 J-1.587353
G02 X249.000000 Y25.578100 Z-0.200000 I1.587583 J-1.879465
G02 X248.645786 Y25.790212 Z-0.200000 I1.082397 J2.209350
G02 X248.332030 Y26.058570 Z-0.200000 I1.436611 J1.997238
G01 X248.332030 Y26.058570 Z-0.200000
G00 Z5.000000

(End cutting path id: path350632)


(Start cutting path id: path305999)
(Change tool to Default tool)

G00 Z5.000000
G00 X248.332030 Y26.058570

G01 Z-0.200000 F100.0(Penetrate)
G02 X248.106639 Y25.841232 Z-0.200000 I-1.816968 J1.658746 F800.000000
G02 X247.855470 Y25.654280 Z-0.200000 I-1.591577 J1.876084
G02 X248.138033 Y25.371582 Z-0.200000 I-1.593042 J-1.874841
G02 X248.371090 Y25.046860 Z-0.200000 I-1.875605 J-1.592143
G02 X248.663167 Y25.338973 Z-0.200000 I1.879660 J-1.587353
G02 X249.000000 Y25.578100 Z-0.200000 I1.587583 J-1.879465
G02 X248.645786 Y25.790212 Z-0.200000 I1.082397 J2.209350
G02 X248.332030 Y26.058570 Z-0.200000 I1.436611 J1.997238
G01 X248.332030 Y26.058570 Z-0.200000
G00 Z5.000000

(End cutting path id: path305999)


(Start cutting path id: path350630)
(Change tool to Default tool)

G00 Z5.000000
G00 X248.460940 Y26.406270

G01 Z-0.200000 F100.0(Penetrate)
G02 X248.032955 Y25.918997 Z-0.200000 I-1.864238 J1.205820 F800.000000
G02 X247.482420 Y25.576190 Z-0.200000 I-1.436253 J1.693093
G02 X247.953168 Y25.222657 Z-0.200000 I-1.086129 J-1.936416
G02 X248.314450 Y24.757830 Z-0.200000 I-1.556877 J-1.582883
G02 X248.769248 Y25.285634 Z-0.200000 I1.888509 J-1.167442
G02 X249.365230 Y25.646500 Z-0.200000 I1.433711 J-1.695246
G02 X248.861636 Y25.965150 Z-0.200000 I0.924619 J2.018531
G02 X248.460940 Y26.406270 Z-0.200000 I1.428213 J1.699881
G01 X248.460940 Y26.406270 Z-0.200000
G00 Z5.000000

(End cutting path id: path350630)


(Start cutting path id: path305997)
(Change tool to Default tool)

G00 Z5.000000
G00 X248.460940 Y26.406270

G01 Z-0.200000 F100.0(Penetrate)
G02 X248.032955 Y25.918997 Z-0.200000 I-1.864238 J1.205820 F800.000000
G02 X247.482420 Y25.576190 Z-0.200000 I-1.436253 J1.693093
G02 X247.953168 Y25.222657 Z-0.200000 I-1.086129 J-1.936416
G02 X248.314450 Y24.757830 Z-0.200000 I-1.556877 J-1.582883
G02 X248.769248 Y25.285634 Z-0.200000 I1.888509 J-1.167442
G02 X249.365230 Y25.646500 Z-0.200000 I1.433711 J-1.695246
G02 X248.861636 Y25.965150 Z-0.200000 I0.924619 J2.018531
G02 X248.460940 Y26.406270 Z-0.200000 I1.428213 J1.699881
G01 X248.460940 Y26.406270 Z-0.200000
G00 Z5.000000

(End cutting path id: path305997)


(Start cutting path id: path350628)
(Change tool to Default tool)

G00 Z5.000000
G00 X248.589840 Y26.757840

G01 Z-0.200000 F100.0(Penetrate)
G02 X248.006121 Y25.910696 Z-0.200000 I-1.866474 J0.661406 F800.000000
G02 X247.076170 Y25.470730 Z-0.200000 I-1.282756 J1.508549
G01 X247.029270 Y25.470730 Z-0.200000
G02 X247.747874 Y25.098924 Z-0.200000 I-0.531476 J-1.907542
G02 X248.257780 Y24.470730 Z-0.200000 I-1.250080 J-1.535736
G02 X248.808426 Y25.223459 Z-0.200000 I1.828588 J-0.759901
G02 X249.642550 Y25.640650 Z-0.200000 I1.277942 J-1.512630
G01 X249.898410 Y25.640650 Z-0.200000
G02 X249.116427 Y26.049686 Z-0.200000 I0.503747 J1.915052
G02 X248.589810 Y26.757840 Z-0.200000 I1.285730 J1.506016
G01 X248.589840 Y26.757840 Z-0.200000
G00 Z5.000000

(End cutting path id: path350628)


(Start cutting path id: path305995)
(Change tool to Default tool)

G00 Z5.000000
G00 X248.589840 Y26.757840

G01 Z-0.200000 F100.0(Penetrate)
G02 X248.006121 Y25.910696 Z-0.200000 I-1.866474 J0.661406 F800.000000
G02 X247.076170 Y25.470730 Z-0.200000 I-1.282756 J1.508549
G01 X247.029270 Y25.470730 Z-0.200000
G02 X247.747874 Y25.098924 Z-0.200000 I-0.531476 J-1.907542
G02 X248.257780 Y24.470730 Z-0.200000 I-1.250080 J-1.535736
G02 X248.808426 Y25.223459 Z-0.200000 I1.828588 J-0.759901
G02 X249.642550 Y25.640650 Z-0.200000 I1.277942 J-1.512630
G01 X249.898410 Y25.640650 Z-0.200000
G02 X249.116427 Y26.049686 Z-0.200000 I0.503747 J1.915052
G02 X248.589810 Y26.757840 Z-0.200000 I1.285730 J1.506016
G01 X248.589840 Y26.757840 Z-0.200000
G00 Z5.000000

(End cutting path id: path305995)


(Start cutting path id: path350626)
(Change tool to Default tool)

G00 Z5.000000
G00 X248.720700 Y27.109380

G01 Z-0.200000 F100.0(Penetrate)
G02 X248.141487 Y26.124337 Z-0.200000 I-1.706510 J0.340630 F800.000000
G02 X247.076170 Y25.710940 Z-0.200000 I-1.127297 J1.325672
G01 X243.941410 Y25.710940 Z-0.200000
G02 X242.939179 Y26.151565 Z-0.200000 I0.163690 J1.732458
G02 X242.398440 Y27.103520 Z-0.200000 I1.165921 J1.291833
G02 X241.818429 Y26.122635 Z-0.200000 I-1.705336 J0.346462
G02 X240.755860 Y25.710940 Z-0.200000 I-1.125325 J1.327347
G01 X239.945310 Y25.710940 Z-0.200000
G01 X239.945310 Y25.400390 Z-0.200000
G01 X240.117190 Y25.400390 Z-0.200000
G02 X241.156269 Y25.007691 Z-0.200000 I-0.063480 J-1.739016
G02 X241.746090 Y24.066410 Z-0.200000 I-1.102560 J-1.346316
G02 X242.314154 Y24.991894 Z-0.200000 I1.693073 J-0.402130
G02 X243.320310 Y25.400390 Z-0.200000 I1.125009 J-1.327615
G01 X246.455080 Y25.400390 Z-0.200000
G02 X247.489738 Y25.014666 Z-0.200000 I-0.059140 J-1.739169
G02 X248.083980 Y24.083980 Z-0.200000 I-1.093798 J-1.353444
G02 X248.650134 Y24.994545 Z-0.200000 I1.689009 J-0.418871
G02 X249.642580 Y25.400390 Z-0.200000 I1.122856 J-1.329436
G01 X251.968750 Y25.400390 Z-0.200000
G01 X251.968750 Y25.710940 Z-0.200000
G01 X250.263670 Y25.710940 Z-0.200000
G02 X249.259921 Y26.153891 Z-0.200000 I0.164868 J1.732346
G02 X248.720700 Y27.109380 Z-0.200000 I1.168617 J1.289395
G01 X248.720700 Y27.109380 Z-0.200000
G00 Z5.000000

(End cutting path id: path350626)


(Start cutting path id: path305993)
(Change tool to Default tool)

G00 Z5.000000
G00 X248.720700 Y27.109380

G01 Z-0.200000 F100.0(Penetrate)
G02 X248.141487 Y26.124337 Z-0.200000 I-1.706510 J0.340630 F800.000000
G02 X247.076170 Y25.710940 Z-0.200000 I-1.127297 J1.325672
G01 X243.941410 Y25.710940 Z-0.200000
G02 X242.939179 Y26.151565 Z-0.200000 I0.163690 J1.732458
G02 X242.398440 Y27.103520 Z-0.200000 I1.165921 J1.291833
G02 X241.818429 Y26.122635 Z-0.200000 I-1.705336 J0.346462
G02 X240.755860 Y25.710940 Z-0.200000 I-1.125325 J1.327347
G01 X239.945310 Y25.710940 Z-0.200000
G01 X239.945310 Y25.400390 Z-0.200000
G01 X240.117190 Y25.400390 Z-0.200000
G02 X241.156269 Y25.007691 Z-0.200000 I-0.063480 J-1.739016
G02 X241.746090 Y24.066410 Z-0.200000 I-1.102560 J-1.346316
G02 X242.314154 Y24.991894 Z-0.200000 I1.693073 J-0.402130
G02 X243.320310 Y25.400390 Z-0.200000 I1.125009 J-1.327615
G01 X246.455080 Y25.400390 Z-0.200000
G02 X247.489738 Y25.014666 Z-0.200000 I-0.059140 J-1.739169
G02 X248.083980 Y24.083980 Z-0.200000 I-1.093798 J-1.353444
G02 X248.650134 Y24.994545 Z-0.200000 I1.689009 J-0.418871
G02 X249.642580 Y25.400390 Z-0.200000 I1.122856 J-1.329436
G01 X251.968750 Y25.400390 Z-0.200000
G01 X251.968750 Y25.710940 Z-0.200000
G01 X250.263670 Y25.710940 Z-0.200000
G02 X249.259921 Y26.153891 Z-0.200000 I0.164868 J1.732346
G02 X248.720700 Y27.109380 Z-0.200000 I1.168617 J1.289395
G01 X248.720700 Y27.109380 Z-0.200000
G00 Z5.000000

(End cutting path id: path305993)


(Start cutting path id: path350638)
(Change tool to Default tool)

G00 Z5.000000
G00 X244.768000 Y32.532000

G01 Z-0.200000 F100.0(Penetrate)
G01 X247.903000 Y32.532000 Z-0.200000 F800.000000
G01 X247.076000 Y27.451000 Z-0.200000
G01 X243.941000 Y27.451000 Z-0.200000
G01 X244.768000 Y32.532000 Z-0.200000
G00 Z5.000000

(End cutting path id: path350638)


(Start cutting path id: path350636)
(Change tool to Default tool)

G00 Z5.000000
G00 X244.768000 Y32.532000

G01 Z-0.200000 F100.0(Penetrate)
G01 X247.903000 Y32.532000 Z-0.200000 F800.000000
G01 X247.076000 Y27.451000 Z-0.200000
G01 X243.941000 Y27.451000 Z-0.200000
G01 X244.768000 Y32.532000 Z-0.200000
G00 Z5.000000

(End cutting path id: path350636)


(Start cutting path id: path306007)
(Change tool to Default tool)

G00 Z5.000000
G00 X244.768000 Y32.532000

G01 Z-0.200000 F100.0(Penetrate)
G01 X247.903000 Y32.532000 Z-0.200000 F800.000000
G01 X247.076000 Y27.451000 Z-0.200000
G01 X243.941000 Y27.451000 Z-0.200000
G01 X244.768000 Y32.532000 Z-0.200000
G00 Z5.000000

(End cutting path id: path306007)


(Start cutting path id: path306005)
(Change tool to Default tool)

G00 Z5.000000
G00 X244.768000 Y32.532000

G01 Z-0.200000 F100.0(Penetrate)
G01 X247.903000 Y32.532000 Z-0.200000 F800.000000
G01 X247.076000 Y27.451000 Z-0.200000
G01 X243.941000 Y27.451000 Z-0.200000
G01 X244.768000 Y32.532000 Z-0.200000
G00 Z5.000000

(End cutting path id: path306005)


(Start cutting path id: path306003)
(Change tool to Default tool)

G00 Z5.000000
G00 X244.768000 Y32.532000

G01 Z-0.200000 F100.0(Penetrate)
G01 X247.903000 Y32.532000 Z-0.200000 F800.000000
G01 X247.076000 Y27.451000 Z-0.200000
G01 X243.941000 Y27.451000 Z-0.200000
G01 X244.768000 Y32.532000 Z-0.200000
G00 Z5.000000

(End cutting path id: path306003)


(Start cutting path id: path151768)
(Change tool to Default tool)

G00 Z5.000000
G00 X244.768070 Y32.532150

G01 Z-0.200000 F100.0(Penetrate)
G01 X243.941250 Y27.450650 Z-0.200000 F800.000000
G01 X247.076280 Y27.450650 Z-0.200000
G01 X247.903100 Y32.532150 Z-0.200000
G01 X244.768070 Y32.532150 Z-0.200000
G00 Z5.000000

(End cutting path id: path151768)


(Start cutting path id: path350614)
(Change tool to Default tool)

G00 Z5.000000
G00 X244.767580 Y32.832030

G01 Z-0.200000 F100.0(Penetrate)
G01 X247.902340 Y32.832030 Z-0.200000 F800.000000
G02 X248.028316 Y32.804603 Z-0.200000 I0.000653 J-0.300029
G02 X248.131151 Y32.726839 Z-0.200000 I-0.125323 J-0.272603
G02 X248.191856 Y32.613097 Z-0.200000 I-0.228158 J-0.194838
G02 X248.199220 Y32.484380 Z-0.200000 I-0.288862 J-0.081096
G01 X247.373050 Y27.402340 Z-0.200000
G02 X247.271033 Y27.221663 Z-0.200000 I-0.296153 J0.048079
G02 X247.076170 Y27.150390 Z-0.200000 I-0.194136 J0.228756
G01 X243.941410 Y27.150390 Z-0.200000
G02 X243.814880 Y27.177923 Z-0.200000 I-0.000975 J0.300028
G02 X243.711737 Y27.256214 Z-0.200000 I0.125555 J0.272496
G02 X243.651195 Y27.370681 Z-0.200000 I0.228698 J0.194204
G02 X243.644530 Y27.500000 Z-0.200000 I0.289240 J0.079738
G01 X244.472660 Y32.580080 Z-0.200000
G02 X244.573930 Y32.760122 Z-0.200000 I0.296153 J-0.048077
G02 X244.767580 Y32.832030 Z-0.200000 I0.194883 J-0.228120
G01 X244.767580 Y32.832030 Z-0.200000
G00 Z5.000000

(End cutting path id: path350614)


(Start cutting path id: path305981)
(Change tool to Default tool)

G00 Z5.000000
G00 X244.767580 Y32.832030

G01 Z-0.200000 F100.0(Penetrate)
G01 X247.902340 Y32.832030 Z-0.200000 F800.000000
G02 X248.028316 Y32.804603 Z-0.200000 I0.000653 J-0.300029
G02 X248.131151 Y32.726839 Z-0.200000 I-0.125323 J-0.272603
G02 X248.191856 Y32.613097 Z-0.200000 I-0.228158 J-0.194838
G02 X248.199220 Y32.484380 Z-0.200000 I-0.288862 J-0.081096
G01 X247.373050 Y27.402340 Z-0.200000
G02 X247.271033 Y27.221663 Z-0.200000 I-0.296153 J0.048079
G02 X247.076170 Y27.150390 Z-0.200000 I-0.194136 J0.228756
G01 X243.941410 Y27.150390 Z-0.200000
G02 X243.814880 Y27.177923 Z-0.200000 I-0.000975 J0.300028
G02 X243.711737 Y27.256214 Z-0.200000 I0.125555 J0.272496
G02 X243.651195 Y27.370681 Z-0.200000 I0.228698 J0.194204
G02 X243.644530 Y27.500000 Z-0.200000 I0.289240 J0.079738
G01 X244.472660 Y32.580080 Z-0.200000
G02 X244.573930 Y32.760122 Z-0.200000 I0.296153 J-0.048077
G02 X244.767580 Y32.832030 Z-0.200000 I0.194883 J-0.228120
G01 X244.767580 Y32.832030 Z-0.200000
G00 Z5.000000

(End cutting path id: path305981)


(Start cutting path id: path350616)
(Change tool to Default tool)

G00 Z5.000000
G00 X244.767580 Y33.072270

G01 Z-0.200000 F100.0(Penetrate)
G01 X247.902340 Y33.072270 Z-0.200000 F800.000000
G02 X248.129058 Y33.022466 Z-0.200000 I0.000194 J-0.540054
G02 X248.313928 Y32.882093 Z-0.200000 I-0.226524 J-0.490250
G02 X248.422796 Y32.677083 Z-0.200000 I-0.411393 J-0.349877
G02 X248.435550 Y32.445310 Z-0.200000 I-0.520261 J-0.144867
G01 X247.609380 Y27.363280 Z-0.200000
G02 X247.426085 Y27.038684 Z-0.200000 I-0.533011 J0.086934
G02 X247.076170 Y26.910160 Z-0.200000 I-0.349717 J0.411530
G01 X243.941410 Y26.910160 Z-0.200000
G02 X243.714695 Y26.959963 Z-0.200000 I-0.000193 J0.540054
G02 X243.529827 Y27.100334 Z-0.200000 I0.226522 J0.490251
G02 X243.420958 Y27.305340 Z-0.200000 I0.411390 J0.349880
G02 X243.408200 Y27.537110 Z-0.200000 I0.520259 J0.144874
G01 X244.234380 Y32.619140 Z-0.200000
G02 X244.417668 Y32.943739 Z-0.200000 I0.533013 J-0.086924
G02 X244.767580 Y33.072270 Z-0.200000 I0.349725 J-0.411523
G01 X244.767580 Y33.072270 Z-0.200000
G00 Z5.000000

(End cutting path id: path350616)


(Start cutting path id: path305983)
(Change tool to Default tool)

G00 Z5.000000
G00 X244.767580 Y33.072270

G01 Z-0.200000 F100.0(Penetrate)
G01 X247.902340 Y33.072270 Z-0.200000 F800.000000
G02 X248.129058 Y33.022466 Z-0.200000 I0.000194 J-0.540054
G02 X248.313928 Y32.882093 Z-0.200000 I-0.226524 J-0.490250
G02 X248.422796 Y32.677083 Z-0.200000 I-0.411393 J-0.349877
G02 X248.435550 Y32.445310 Z-0.200000 I-0.520261 J-0.144867
G01 X247.609380 Y27.363280 Z-0.200000
G02 X247.426085 Y27.038684 Z-0.200000 I-0.533011 J0.086934
G02 X247.076170 Y26.910160 Z-0.200000 I-0.349717 J0.411530
G01 X243.941410 Y26.910160 Z-0.200000
G02 X243.714695 Y26.959963 Z-0.200000 I-0.000193 J0.540054
G02 X243.529827 Y27.100334 Z-0.200000 I0.226522 J0.490251
G02 X243.420958 Y27.305340 Z-0.200000 I0.411390 J0.349880
G02 X243.408200 Y27.537110 Z-0.200000 I0.520259 J0.144874
G01 X244.234380 Y32.619140 Z-0.200000
G02 X244.417668 Y32.943739 Z-0.200000 I0.533013 J-0.086924
G02 X244.767580 Y33.072270 Z-0.200000 I0.349725 J-0.411523
G01 X244.767580 Y33.072270 Z-0.200000
G00 Z5.000000

(End cutting path id: path305983)


(Start cutting path id: path350618)
(Change tool to Default tool)

G00 Z5.000000
G00 X244.767580 Y33.312500

G01 Z-0.200000 F100.0(Penetrate)
G01 X247.902340 Y33.312500 Z-0.200000 F800.000000
G02 X248.230417 Y33.240936 Z-0.200000 I0.001684 J-0.780076
G02 X248.498015 Y33.038088 Z-0.200000 I-0.326393 J-0.708512
G02 X248.655549 Y32.741543 Z-0.200000 I-0.593991 J-0.505664
G02 X248.673830 Y32.406250 Z-0.200000 I-0.751526 J-0.209120
G01 X247.845700 Y27.326170 Z-0.200000
G02 X247.581132 Y26.857658 Z-0.200000 I-0.769869 J0.125788
G02 X247.076170 Y26.671880 Z-0.200000 I-0.505301 J0.594300
G01 X243.941410 Y26.671880 Z-0.200000
G02 X243.614511 Y26.743954 Z-0.200000 I0.000595 J0.780078
G02 X243.347920 Y26.946405 Z-0.200000 I0.327494 J0.708004
G02 X243.190727 Y27.241951 Z-0.200000 I0.594086 J0.505553
G02 X243.171880 Y27.576170 Z-0.200000 I0.751278 J0.210006
G01 X243.998050 Y32.658200 Z-0.200000
G02 X244.262615 Y33.126718 Z-0.200000 I0.769871 J-0.125778
G02 X244.767580 Y33.312500 Z-0.200000 I0.505306 J-0.594296
G01 X244.767580 Y33.312500 Z-0.200000
G00 Z5.000000

(End cutting path id: path350618)


(Start cutting path id: path305985)
(Change tool to Default tool)

G00 Z5.000000
G00 X244.767580 Y33.312500

G01 Z-0.200000 F100.0(Penetrate)
G01 X247.902340 Y33.312500 Z-0.200000 F800.000000
G02 X248.230417 Y33.240936 Z-0.200000 I0.001684 J-0.780076
G02 X248.498015 Y33.038088 Z-0.200000 I-0.326393 J-0.708512
G02 X248.655549 Y32.741543 Z-0.200000 I-0.593991 J-0.505664
G02 X248.673830 Y32.406250 Z-0.200000 I-0.751526 J-0.209120
G01 X247.845700 Y27.326170 Z-0.200000
G02 X247.581132 Y26.857658 Z-0.200000 I-0.769869 J0.125788
G02 X247.076170 Y26.671880 Z-0.200000 I-0.505301 J0.594300
G01 X243.941410 Y26.671880 Z-0.200000
G02 X243.614511 Y26.743954 Z-0.200000 I0.000595 J0.780078
G02 X243.347920 Y26.946405 Z-0.200000 I0.327494 J0.708004
G02 X243.190727 Y27.241951 Z-0.200000 I0.594086 J0.505553
G02 X243.171880 Y27.576170 Z-0.200000 I0.751278 J0.210006
G01 X243.998050 Y32.658200 Z-0.200000
G02 X244.262615 Y33.126718 Z-0.200000 I0.769871 J-0.125778
G02 X244.767580 Y33.312500 Z-0.200000 I0.505306 J-0.594296
G01 X244.767580 Y33.312500 Z-0.200000
G00 Z5.000000

(End cutting path id: path305985)


(Start cutting path id: path350620)
(Change tool to Default tool)

G00 Z5.000000
G00 X244.767580 Y33.552730

G01 Z-0.200000 F100.0(Penetrate)
G01 X247.902340 Y33.552730 Z-0.200000 F800.000000
G02 X248.331153 Y33.458790 Z-0.200000 I0.001223 J-1.020101
G02 X248.680783 Y33.193338 Z-0.200000 I-0.427590 J-0.926161
G02 X248.886482 Y32.805533 Z-0.200000 I-0.777220 J-0.660710
G02 X248.910160 Y32.367190 Z-0.200000 I-0.982920 J-0.272904
G01 X248.082030 Y27.287110 Z-0.200000
G02 X247.736187 Y26.674672 Z-0.200000 I-1.006730 J0.164632
G02 X247.076170 Y26.431640 Z-0.200000 I-0.660887 J0.777069
G01 X243.941410 Y26.431640 Z-0.200000
G02 X243.513147 Y26.525473 Z-0.200000 I-0.000904 J1.020102
G02 X243.163823 Y26.790401 Z-0.200000 I0.427359 J0.926268
G02 X242.957962 Y27.177486 Z-0.200000 I0.776683 J0.661341
G02 X242.933590 Y27.615230 Z-0.200000 I0.982544 J0.274256
G01 X243.761720 Y32.695310 Z-0.200000
G02 X244.107007 Y33.308955 Z-0.200000 I1.007047 J-0.162681
G02 X244.767580 Y33.552730 Z-0.200000 I0.661760 J-0.776326
G01 X244.767580 Y33.552730 Z-0.200000
G00 Z5.000000

(End cutting path id: path350620)


(Start cutting path id: path305987)
(Change tool to Default tool)

G00 Z5.000000
G00 X244.767580 Y33.552730

G01 Z-0.200000 F100.0(Penetrate)
G01 X247.902340 Y33.552730 Z-0.200000 F800.000000
G02 X248.331153 Y33.458790 Z-0.200000 I0.001223 J-1.020101
G02 X248.680783 Y33.193338 Z-0.200000 I-0.427590 J-0.926161
G02 X248.886482 Y32.805533 Z-0.200000 I-0.777220 J-0.660710
G02 X248.910160 Y32.367190 Z-0.200000 I-0.982920 J-0.272904
G01 X248.082030 Y27.287110 Z-0.200000
G02 X247.736187 Y26.674672 Z-0.200000 I-1.006730 J0.164632
G02 X247.076170 Y26.431640 Z-0.200000 I-0.660887 J0.777069
G01 X243.941410 Y26.431640 Z-0.200000
G02 X243.513147 Y26.525473 Z-0.200000 I-0.000904 J1.020102
G02 X243.163823 Y26.790401 Z-0.200000 I0.427359 J0.926268
G02 X242.957962 Y27.177486 Z-0.200000 I0.776683 J0.661341
G02 X242.933590 Y27.615230 Z-0.200000 I0.982544 J0.274256
G01 X243.761720 Y32.695310 Z-0.200000
G02 X244.107007 Y33.308955 Z-0.200000 I1.007047 J-0.162681
G02 X244.767580 Y33.552730 Z-0.200000 I0.661760 J-0.776326
G01 X244.767580 Y33.552730 Z-0.200000
G00 Z5.000000

(End cutting path id: path305987)


(Start cutting path id: path350622)
(Change tool to Default tool)

G00 Z5.000000
G00 X244.767580 Y33.792970

G01 Z-0.200000 F100.0(Penetrate)
G01 X247.902340 Y33.792970 Z-0.200000 F800.000000
G02 X248.431338 Y33.676757 Z-0.200000 I0.000434 J-1.260126
G02 X248.862692 Y33.349223 Z-0.200000 I-0.528564 J-1.143913
G02 X249.116715 Y32.870875 Z-0.200000 I-0.959918 J-0.816379
G02 X249.146480 Y32.330080 Z-0.200000 I-1.213941 J-0.338031
G01 X248.320310 Y27.248050 Z-0.200000
G02 X247.892447 Y26.491062 Z-0.200000 I-1.243588 J0.203486
G02 X247.076170 Y26.191410 Z-0.200000 I-0.815725 J0.960474
G01 X243.941410 Y26.191410 Z-0.200000
G02 X243.412412 Y26.307623 Z-0.200000 I-0.000434 J1.260126
G02 X242.981058 Y26.635157 Z-0.200000 I0.528564 J1.143913
G02 X242.727035 Y27.113505 Z-0.200000 I0.959918 J0.816379
G02 X242.697270 Y27.654300 Z-0.200000 I1.213941 J0.338031
G01 X243.523440 Y32.734380 Z-0.200000
G02 X243.950747 Y33.492576 Z-0.200000 I1.243905 J-0.201536
G02 X244.767580 Y33.792970 Z-0.200000 I0.816598 J-0.959732
G01 X244.767580 Y33.792970 Z-0.200000
G00 Z5.000000

(End cutting path id: path350622)


(Start cutting path id: path305989)
(Change tool to Default tool)

G00 Z5.000000
G00 X244.767580 Y33.792970

G01 Z-0.200000 F100.0(Penetrate)
G01 X247.902340 Y33.792970 Z-0.200000 F800.000000
G02 X248.431338 Y33.676757 Z-0.200000 I0.000434 J-1.260126
G02 X248.862692 Y33.349223 Z-0.200000 I-0.528564 J-1.143913
G02 X249.116715 Y32.870875 Z-0.200000 I-0.959918 J-0.816379
G02 X249.146480 Y32.330080 Z-0.200000 I-1.213941 J-0.338031
G01 X248.320310 Y27.248050 Z-0.200000
G02 X247.892447 Y26.491062 Z-0.200000 I-1.243588 J0.203486
G02 X247.076170 Y26.191410 Z-0.200000 I-0.815725 J0.960474
G01 X243.941410 Y26.191410 Z-0.200000
G02 X243.412412 Y26.307623 Z-0.200000 I-0.000434 J1.260126
G02 X242.981058 Y26.635157 Z-0.200000 I0.528564 J1.143913
G02 X242.727035 Y27.113505 Z-0.200000 I0.959918 J0.816379
G02 X242.697270 Y27.654300 Z-0.200000 I1.213941 J0.338031
G01 X243.523440 Y32.734380 Z-0.200000
G02 X243.950747 Y33.492576 Z-0.200000 I1.243905 J-0.201536
G02 X244.767580 Y33.792970 Z-0.200000 I0.816598 J-0.959732
G01 X244.767580 Y33.792970 Z-0.200000
G00 Z5.000000

(End cutting path id: path305989)


(Start cutting path id: path350624)
(Change tool to Default tool)

G00 Z5.000000
G00 X244.767580 Y34.031250

G01 Z-0.200000 F100.0(Penetrate)
G01 X247.902340 Y34.031250 Z-0.200000 F800.000000
G02 X248.531525 Y33.892769 Z-0.200000 I-0.000345 J-1.500150
G02 X249.044606 Y33.503156 Z-0.200000 I-0.629529 J-1.361669
G02 X249.346955 Y32.934266 Z-0.200000 I-1.142610 J-0.972056
G02 X249.382810 Y32.291020 Z-0.200000 I-1.444959 J-0.403166
G01 X248.556640 Y27.210940 Z-0.200000
G02 X248.048058 Y26.308819 Z-0.200000 I-1.480766 J0.240380
G02 X247.076170 Y25.951170 Z-0.200000 I-0.972184 J1.142501
G01 X243.941410 Y25.951170 Z-0.200000
G02 X243.312222 Y26.089651 Z-0.200000 I0.000343 J1.500150
G02 X242.799140 Y26.479268 Z-0.200000 I0.629531 J1.361669
G02 X242.496792 Y27.048161 Z-0.200000 I1.142613 J0.972052
G02 X242.460940 Y27.691410 Z-0.200000 I1.444961 J0.403159
G01 X243.287110 Y32.773440 Z-0.200000
G02 X243.796251 Y33.674348 Z-0.200000 I1.480446 J-0.242340
G02 X244.767580 Y34.031250 Z-0.200000 I0.971305 J-1.143248
G01 X244.767580 Y34.031250 Z-0.200000
G00 Z5.000000

(End cutting path id: path350624)


(Start cutting path id: path305991)
(Change tool to Default tool)

G00 Z5.000000
G00 X244.767580 Y34.031250

G01 Z-0.200000 F100.0(Penetrate)
G01 X247.902340 Y34.031250 Z-0.200000 F800.000000
G02 X248.531525 Y33.892769 Z-0.200000 I-0.000345 J-1.500150
G02 X249.044606 Y33.503156 Z-0.200000 I-0.629529 J-1.361669
G02 X249.346955 Y32.934266 Z-0.200000 I-1.142610 J-0.972056
G02 X249.382810 Y32.291020 Z-0.200000 I-1.444959 J-0.403166
G01 X248.556640 Y27.210940 Z-0.200000
G02 X248.048058 Y26.308819 Z-0.200000 I-1.480766 J0.240380
G02 X247.076170 Y25.951170 Z-0.200000 I-0.972184 J1.142501
G01 X243.941410 Y25.951170 Z-0.200000
G02 X243.312222 Y26.089651 Z-0.200000 I0.000343 J1.500150
G02 X242.799140 Y26.479268 Z-0.200000 I0.629531 J1.361669
G02 X242.496792 Y27.048161 Z-0.200000 I1.142613 J0.972052
G02 X242.460940 Y27.691410 Z-0.200000 I1.444961 J0.403159
G01 X243.287110 Y32.773440 Z-0.200000
G02 X243.796251 Y33.674348 Z-0.200000 I1.480446 J-0.242340
G02 X244.767580 Y34.031250 Z-0.200000 I0.971305 J-1.143248
G01 X244.767580 Y34.031250 Z-0.200000
G00 Z5.000000

(End cutting path id: path305991)


(Start cutting path id: path350634)
(Change tool to Default tool)

G00 Z5.000000
G00 X243.353520 Y34.587910

G01 Z-0.200000 F100.0(Penetrate)
G02 X243.323416 Y34.561335 Z-0.200000 I-1.802047 J2.010991 F800.000000
G02 X243.292920 Y34.535210 Z-0.200000 I-1.771943 J2.037566
G02 X243.436016 Y34.378477 Z-0.200000 I-1.921076 J-1.897610
G02 X243.566360 Y34.210990 Z-0.200000 I-2.064172 J-1.740877
G02 X243.670486 Y34.303577 Z-0.200000 I1.845758 J-1.970948
G02 X243.779250 Y34.390670 Z-0.200000 I1.741632 J-2.063535
G02 X243.562067 Y34.480038 Z-0.200000 I0.917973 J2.539446
G02 X243.353470 Y34.587940 Z-0.200000 I1.135156 J2.450077
G01 X243.353520 Y34.587910 Z-0.200000
G00 Z5.000000

(End cutting path id: path350634)


(Start cutting path id: path306001)
(Change tool to Default tool)

G00 Z5.000000
G00 X243.353520 Y34.587910

G01 Z-0.200000 F100.0(Penetrate)
G02 X243.323416 Y34.561335 Z-0.200000 I-1.802047 J2.010991 F800.000000
G02 X243.292920 Y34.535210 Z-0.200000 I-1.771943 J2.037566
G02 X243.436016 Y34.378477 Z-0.200000 I-1.921076 J-1.897610
G02 X243.566360 Y34.210990 Z-0.200000 I-2.064172 J-1.740877
G02 X243.670486 Y34.303577 Z-0.200000 I1.845758 J-1.970948
G02 X243.779250 Y34.390670 Z-0.200000 I1.741632 J-2.063535
G02 X243.562067 Y34.480038 Z-0.200000 I0.917973 J2.539446
G02 X243.353470 Y34.587940 Z-0.200000 I1.135156 J2.450077
G01 X243.353520 Y34.587910 Z-0.200000
G00 Z5.000000

(End cutting path id: path306001)


(Start cutting path id: path350632)
(Change tool to Default tool)

G00 Z5.000000
G00 X243.476560 Y34.933570

G01 Z-0.200000 F100.0(Penetrate)
G02 X243.250314 Y34.715122 Z-0.200000 I-1.818520 J1.657045 F800.000000
G02 X242.998050 Y34.527320 Z-0.200000 I-1.592274 J1.875493
G02 X243.278331 Y34.246272 Z-0.200000 I-1.596214 J-1.872141
G02 X243.509770 Y33.923810 Z-0.200000 I-1.876495 J-1.591092
G02 X243.804294 Y34.219376 Z-0.200000 I1.883710 J-1.582544
G02 X244.144530 Y34.460920 Z-0.200000 I1.589186 J-1.878110
G02 X243.790757 Y34.669279 Z-0.200000 I1.067300 J2.216683
G02 X243.476560 Y34.933570 Z-0.200000 I1.421073 J2.008323
G01 X243.476560 Y34.933570 Z-0.200000
G00 Z5.000000

(End cutting path id: path350632)


(Start cutting path id: path305999)
(Change tool to Default tool)

G00 Z5.000000
G00 X243.476560 Y34.933570

G01 Z-0.200000 F100.0(Penetrate)
G02 X243.250314 Y34.715122 Z-0.200000 I-1.818520 J1.657045 F800.000000
G02 X242.998050 Y34.527320 Z-0.200000 I-1.592274 J1.875493
G02 X243.278331 Y34.246272 Z-0.200000 I-1.596214 J-1.872141
G02 X243.509770 Y33.923810 Z-0.200000 I-1.876495 J-1.591092
G02 X243.804294 Y34.219376 Z-0.200000 I1.883710 J-1.582544
G02 X244.144530 Y34.460920 Z-0.200000 I1.589186 J-1.878110
G02 X243.790757 Y34.669279 Z-0.200000 I1.067300 J2.216683
G02 X243.476560 Y34.933570 Z-0.200000 I1.421073 J2.008323
G01 X243.476560 Y34.933570 Z-0.200000
G00 Z5.000000

(End cutting path id: path305999)


(Start cutting path id: path350630)
(Change tool to Default tool)

G00 Z5.000000
G00 X243.607420 Y35.285180

G01 Z-0.200000 F100.0(Penetrate)
G02 X243.177566 Y34.793007 Z-0.200000 I-1.868949 J1.198505 F800.000000
G02 X242.623050 Y34.447290 Z-0.200000 I-1.439095 J1.690678
G02 X243.092160 Y34.096285 Z-0.200000 I-1.083942 J-1.937642
G02 X243.453120 Y33.634790 Z-0.200000 I-1.553052 J-1.586636
G02 X243.909489 Y34.168633 Z-0.200000 I1.894550 J-1.157612
G02 X244.509770 Y34.533220 Z-0.200000 I1.438181 J-1.691455
G02 X244.007966 Y34.848445 Z-0.200000 I0.919549 J2.020845
G02 X243.607420 Y35.285180 Z-0.200000 I1.421353 J1.705620
G01 X243.607420 Y35.285180 Z-0.200000
G00 Z5.000000

(End cutting path id: path350630)


(Start cutting path id: path305997)
(Change tool to Default tool)

G00 Z5.000000
G00 X243.607420 Y35.285180

G01 Z-0.200000 F100.0(Penetrate)
G02 X243.177566 Y34.793007 Z-0.200000 I-1.868949 J1.198505 F800.000000
G02 X242.623050 Y34.447290 Z-0.200000 I-1.439095 J1.690678
G02 X243.092160 Y34.096285 Z-0.200000 I-1.083942 J-1.937642
G02 X243.453120 Y33.634790 Z-0.200000 I-1.553052 J-1.586636
G02 X243.909489 Y34.168633 Z-0.200000 I1.894550 J-1.157612
G02 X244.509770 Y34.533220 Z-0.200000 I1.438181 J-1.691455
G02 X244.007966 Y34.848445 Z-0.200000 I0.919549 J2.020845
G02 X243.607420 Y35.285180 Z-0.200000 I1.421353 J1.705620
G01 X243.607420 Y35.285180 Z-0.200000
G00 Z5.000000

(End cutting path id: path305997)


(Start cutting path id: path350628)
(Change tool to Default tool)

G00 Z5.000000
G00 X243.736330 Y35.632840

G01 Z-0.200000 F100.0(Penetrate)
G02 X243.155690 Y34.796632 Z-0.200000 I-1.862194 J0.673362 F800.000000
G02 X242.236330 Y34.359410 Z-0.200000 I-1.281555 J1.509570
G01 X242.111330 Y34.359410 Z-0.200000
G02 X242.863543 Y33.991570 Z-0.200000 I-0.474125 J-1.922600
G02 X243.396480 Y33.345730 Z-0.200000 I-1.226338 J-1.554760
G02 X243.941897 Y34.093520 Z-0.200000 I1.828263 J-0.760683
G02 X244.767580 Y34.511750 Z-0.200000 I1.282846 J-1.508473
G01 X245.074220 Y34.511750 Z-0.200000
G02 X244.275084 Y34.916927 Z-0.200000 I0.472690 J1.922953
G02 X243.736330 Y35.632840 Z-0.200000 I1.271826 J1.517776
G01 X243.736330 Y35.632840 Z-0.200000
G00 Z5.000000

(End cutting path id: path350628)


(Start cutting path id: path305995)
(Change tool to Default tool)

G00 Z5.000000
G00 X243.736330 Y35.632840

G01 Z-0.200000 F100.0(Penetrate)
G02 X243.155690 Y34.796632 Z-0.200000 I-1.862194 J0.673362 F800.000000
G02 X242.236330 Y34.359410 Z-0.200000 I-1.281555 J1.509570
G01 X242.111330 Y34.359410 Z-0.200000
G02 X242.863543 Y33.991570 Z-0.200000 I-0.474125 J-1.922600
G02 X243.396480 Y33.345730 Z-0.200000 I-1.226338 J-1.554760
G02 X243.941897 Y34.093520 Z-0.200000 I1.828263 J-0.760683
G02 X244.767580 Y34.511750 Z-0.200000 I1.282846 J-1.508473
G01 X245.074220 Y34.511750 Z-0.200000
G02 X244.275084 Y34.916927 Z-0.200000 I0.472690 J1.922953
G02 X243.736330 Y35.632840 Z-0.200000 I1.271826 J1.517776
G01 X243.736330 Y35.632840 Z-0.200000
G00 Z5.000000

(End cutting path id: path305995)


(Start cutting path id: path350624)
(Change tool to Default tool)

G00 Z5.000000
G00 X244.611330 Y41.556640

G01 Z-0.200000 F100.0(Penetrate)
G01 X243.716800 Y36.095700 Z-0.200000 F800.000000
G02 X243.207104 Y35.195999 Z-0.200000 I-1.480126 J0.244290
G02 X242.236330 Y34.839840 Z-0.200000 I-0.970430 J1.143991
G01 X239.705080 Y34.839840 Z-0.200000
G01 X239.705080 Y34.031250 Z-0.200000
G01 X241.599610 Y34.031250 Z-0.200000
G02 X242.229272 Y33.891937 Z-0.200000 I-0.001665 J-1.500149
G02 X242.742265 Y33.501143 Z-0.200000 I-0.631327 J-1.360837
G02 X243.043788 Y32.931085 Z-0.200000 I-1.144320 J-0.970042
G02 X243.078120 Y32.287110 Z-0.200000 I-1.445843 J-0.399984
G01 X242.234380 Y27.205080 Z-0.200000
G02 X241.724874 Y26.307215 Z-0.200000 I-1.479803 J0.246239
G02 X240.755860 Y25.951170 Z-0.200000 I-0.970297 J1.144104
G01 X239.705080 Y25.951170 Z-0.200000
G01 X239.705080 Y25.160160 Z-0.200000
G01 X240.117190 Y25.160160 Z-0.200000
G02 X240.746927 Y25.021571 Z-0.200000 I-0.000025 J-1.500150
G02 X241.260315 Y24.631431 Z-0.200000 I-0.629763 J-1.361561
G02 X241.562502 Y24.061818 Z-0.200000 I-1.143150 J-0.971421
G02 X241.597660 Y23.417970 Z-0.200000 I-1.445338 J-0.401808
G01 X240.781250 Y18.443360 Z-0.200000
G01 X240.929690 Y18.443360 Z-0.200000
G01 X241.841800 Y23.908200 Z-0.200000
G02 X242.351855 Y24.804856 Z-0.200000 I1.479477 J-0.248190
G02 X243.320310 Y25.160160 Z-0.200000 I0.969422 J-1.144845
G01 X246.455080 Y25.160160 Z-0.200000
G02 X247.084817 Y25.021571 Z-0.200000 I-0.000025 J-1.500150
G02 X247.598205 Y24.631431 Z-0.200000 I-0.629763 J-1.361561
G02 X247.900392 Y24.061818 Z-0.200000 I-1.143150 J-0.971421
G02 X247.935550 Y23.417970 Z-0.200000 I-1.445338 J-0.401808
G01 X247.119140 Y18.443360 Z-0.200000
G01 X247.238280 Y18.443360 Z-0.200000
G01 X248.164060 Y23.912110 Z-0.200000
G02 X248.675224 Y24.806352 Z-0.200000 I1.478816 J-0.252100
G02 X249.642580 Y25.160160 Z-0.200000 I0.967652 J-1.146342
G01 X252.207030 Y25.160160 Z-0.200000
G01 X252.207030 Y25.951170 Z-0.200000
G01 X250.263670 Y25.951170 Z-0.200000
G02 X249.631722 Y26.090181 Z-0.200000 I-0.001273 J1.500149
G02 X249.117107 Y26.482423 Z-0.200000 I0.630676 J1.361139
G02 X248.815566 Y27.054923 Z-0.200000 I1.145290 J0.968896
G02 X248.783200 Y27.701170 Z-0.200000 I1.446831 J0.396396
G01 X249.644530 Y32.783200 Z-0.200000
G02 X250.155694 Y33.677442 Z-0.200000 I1.478816 J-0.252100
G02 X251.123050 Y34.031250 Z-0.200000 I0.967652 J-1.146342
G01 X252.207030 Y34.031250 Z-0.200000
G01 X252.207030 Y34.839840 Z-0.200000
G01 X251.744140 Y34.839840 Z-0.200000
G02 X251.112815 Y34.979467 Z-0.200000 I0.000677 J1.500150
G02 X250.598898 Y35.371838 Z-0.200000 I0.632002 J1.360523
G02 X250.297858 Y35.944063 Z-0.200000 I1.145920 J0.968152
G02 X250.265620 Y36.589840 Z-0.200000 I1.446960 J0.395926
G01 X251.105470 Y41.556640 Z-0.200000
G01 X250.882810 Y41.556640 Z-0.200000
G01 X249.986330 Y36.095700 Z-0.200000
G02 X249.476634 Y35.195999 Z-0.200000 I-1.480126 J0.244290
G02 X248.505860 Y34.839840 Z-0.200000 I-0.970430 J1.143991
G01 X245.404300 Y34.839840 Z-0.200000
G02 X244.775185 Y34.979042 Z-0.200000 I0.001975 J1.500149
G02 X244.262494 Y35.369312 Z-0.200000 I0.631090 J1.360946
G02 X243.960807 Y35.938652 Z-0.200000 I1.143781 J0.970677
G02 X243.925780 Y36.582030 Z-0.200000 I1.445468 J0.401337
G01 X244.742190 Y41.556640 Z-0.200000
G01 X244.611330 Y41.556640 Z-0.200000
G00 Z5.000000

(End cutting path id: path350624)


(Start cutting path id: path305991)
(Change tool to Default tool)

G00 Z5.000000
G00 X244.611330 Y41.556640

G01 Z-0.200000 F100.0(Penetrate)
G01 X243.716800 Y36.095700 Z-0.200000 F800.000000
G02 X243.207104 Y35.195999 Z-0.200000 I-1.480126 J0.244290
G02 X242.236330 Y34.839840 Z-0.200000 I-0.970430 J1.143991
G01 X239.705080 Y34.839840 Z-0.200000
G01 X239.705080 Y34.031250 Z-0.200000
G01 X241.599610 Y34.031250 Z-0.200000
G02 X242.229272 Y33.891937 Z-0.200000 I-0.001665 J-1.500149
G02 X242.742265 Y33.501143 Z-0.200000 I-0.631327 J-1.360837
G02 X243.043788 Y32.931085 Z-0.200000 I-1.144320 J-0.970042
G02 X243.078120 Y32.287110 Z-0.200000 I-1.445843 J-0.399984
G01 X242.234380 Y27.205080 Z-0.200000
G02 X241.724874 Y26.307215 Z-0.200000 I-1.479803 J0.246239
G02 X240.755860 Y25.951170 Z-0.200000 I-0.970297 J1.144104
G01 X239.705080 Y25.951170 Z-0.200000
G01 X239.705080 Y25.160160 Z-0.200000
G01 X240.117190 Y25.160160 Z-0.200000
G02 X240.746927 Y25.021571 Z-0.200000 I-0.000025 J-1.500150
G02 X241.260315 Y24.631431 Z-0.200000 I-0.629763 J-1.361561
G02 X241.562502 Y24.061818 Z-0.200000 I-1.143150 J-0.971421
G02 X241.597660 Y23.417970 Z-0.200000 I-1.445338 J-0.401808
G01 X240.781250 Y18.443360 Z-0.200000
G01 X240.929690 Y18.443360 Z-0.200000
G01 X241.841800 Y23.908200 Z-0.200000
G02 X242.351855 Y24.804856 Z-0.200000 I1.479477 J-0.248190
G02 X243.320310 Y25.160160 Z-0.200000 I0.969422 J-1.144845
G01 X246.455080 Y25.160160 Z-0.200000
G02 X247.084817 Y25.021571 Z-0.200000 I-0.000025 J-1.500150
G02 X247.598205 Y24.631431 Z-0.200000 I-0.629763 J-1.361561
G02 X247.900392 Y24.061818 Z-0.200000 I-1.143150 J-0.971421
G02 X247.935550 Y23.417970 Z-0.200000 I-1.445338 J-0.401808
G01 X247.119140 Y18.443360 Z-0.200000
G01 X247.238280 Y18.443360 Z-0.200000
G01 X248.164060 Y23.912110 Z-0.200000
G02 X248.675224 Y24.806352 Z-0.200000 I1.478816 J-0.252100
G02 X249.642580 Y25.160160 Z-0.200000 I0.967652 J-1.146342
G01 X252.207030 Y25.160160 Z-0.200000
G01 X252.207030 Y25.951170 Z-0.200000
G01 X250.263670 Y25.951170 Z-0.200000
G02 X249.631722 Y26.090181 Z-0.200000 I-0.001273 J1.500149
G02 X249.117107 Y26.482423 Z-0.200000 I0.630676 J1.361139
G02 X248.815566 Y27.054923 Z-0.200000 I1.145290 J0.968896
G02 X248.783200 Y27.701170 Z-0.200000 I1.446831 J0.396396
G01 X249.644530 Y32.783200 Z-0.200000
G02 X250.155694 Y33.677442 Z-0.200000 I1.478816 J-0.252100
G02 X251.123050 Y34.031250 Z-0.200000 I0.967652 J-1.146342
G01 X252.207030 Y34.031250 Z-0.200000
G01 X252.207030 Y34.839840 Z-0.200000
G01 X251.744140 Y34.839840 Z-0.200000
G02 X251.112815 Y34.979467 Z-0.200000 I0.000677 J1.500150
G02 X250.598898 Y35.371838 Z-0.200000 I0.632002 J1.360523
G02 X250.297858 Y35.944063 Z-0.200000 I1.145920 J0.968152
G02 X250.265620 Y36.589840 Z-0.200000 I1.446960 J0.395926
G01 X251.105470 Y41.556640 Z-0.200000
G01 X250.882810 Y41.556640 Z-0.200000
G01 X249.986330 Y36.095700 Z-0.200000
G02 X249.476634 Y35.195999 Z-0.200000 I-1.480126 J0.244290
G02 X248.505860 Y34.839840 Z-0.200000 I-0.970430 J1.143991
G01 X245.404300 Y34.839840 Z-0.200000
G02 X244.775185 Y34.979042 Z-0.200000 I0.001975 J1.500149
G02 X244.262494 Y35.369312 Z-0.200000 I0.631090 J1.360946
G02 X243.960807 Y35.938652 Z-0.200000 I1.143781 J0.970677
G02 X243.925780 Y36.582030 Z-0.200000 I1.445468 J0.401337
G01 X244.742190 Y41.556640 Z-0.200000
G01 X244.611330 Y41.556640 Z-0.200000
G00 Z5.000000

(End cutting path id: path305991)


(Start cutting path id: path350622)
(Change tool to Default tool)

G00 Z5.000000
G00 X244.408200 Y41.796880

G01 Z-0.200000 F100.0(Penetrate)
G01 X243.478520 Y36.134770 Z-0.200000 F800.000000
G02 X243.051403 Y35.378406 Z-0.200000 I-1.243590 J0.203475
G02 X242.236330 Y35.078120 Z-0.200000 I-0.816472 J0.959839
G01 X239.464840 Y35.078120 Z-0.200000
G01 X239.464840 Y33.792970 Z-0.200000
G01 X241.599610 Y33.792970 Z-0.200000
G02 X242.129090 Y33.675930 Z-0.200000 I-0.000872 J-1.260126
G02 X242.560361 Y33.347215 Z-0.200000 I-0.530352 J-1.143085
G02 X242.813560 Y32.867696 Z-0.200000 I-0.961623 J-0.814370
G02 X242.841800 Y32.326170 Z-0.200000 I-1.214822 J-0.334852
G01 X241.998050 Y27.244140 Z-0.200000
G02 X241.569819 Y26.490201 Z-0.200000 I-1.242942 J0.207396
G02 X240.755860 Y26.191410 Z-0.200000 I-0.814711 J0.961334
G01 X239.464840 Y26.191410 Z-0.200000
G01 X239.464840 Y24.921880 Z-0.200000
G01 X240.117190 Y24.921880 Z-0.200000
G02 X240.646742 Y24.805560 Z-0.200000 I0.000755 J-1.260126
G02 X241.078403 Y24.477499 Z-0.200000 I-0.528796 J-1.143806
G02 X241.332264 Y23.998427 Z-0.200000 I-0.960457 J-0.815745
G02 X241.361330 Y23.457030 Z-0.200000 I-1.214318 J-0.336673
G01 X240.498050 Y18.203120 Z-0.200000
G01 X241.132810 Y18.203120 Z-0.200000
G01 X242.078120 Y23.869140 Z-0.200000
G02 X242.506348 Y24.623085 Z-0.200000 I1.242944 J-0.207386
G02 X243.320310 Y24.921880 Z-0.200000 I0.814715 J-0.961331
G01 X246.455080 Y24.921880 Z-0.200000
G02 X246.984632 Y24.805560 Z-0.200000 I0.000755 J-1.260126
G02 X247.416293 Y24.477499 Z-0.200000 I-0.528796 J-1.143806
G02 X247.670154 Y23.998427 Z-0.200000 I-0.960457 J-0.815745
G02 X247.699220 Y23.457030 Z-0.200000 I-1.214318 J-0.336673
G01 X246.837890 Y18.203120 Z-0.200000
G01 X247.441410 Y18.203120 Z-0.200000
G01 X248.400390 Y23.871090 Z-0.200000
G02 X248.829171 Y24.623829 Z-0.200000 I1.242617 J-0.209336
G02 X249.642580 Y24.921880 Z-0.200000 I0.813836 J-0.962075
G01 X252.447270 Y24.921880 Z-0.200000
G01 X252.447270 Y26.191410 Z-0.200000
G01 X250.263670 Y26.191410 Z-0.200000
G02 X249.733084 Y26.308660 Z-0.200000 I0.000217 J1.260126
G02 X249.301199 Y26.638425 Z-0.200000 I0.530804 J1.142876
G02 X249.048324 Y27.119387 Z-0.200000 I0.962688 J0.813111
G02 X249.021480 Y27.662110 Z-0.200000 I1.215563 J0.332149
G01 X249.880860 Y32.742190 Z-0.200000
G02 X250.309643 Y33.494923 Z-0.200000 I1.242615 J-0.209346
G02 X251.123050 Y33.792970 Z-0.200000 I0.813831 J-0.962079
G01 X252.447270 Y33.792970 Z-0.200000
G01 X252.447270 Y35.078120 Z-0.200000
G01 X251.744140 Y35.078120 Z-0.200000
G02 X251.213551 Y35.195371 Z-0.200000 I0.000216 J1.260126
G02 X250.781665 Y35.525139 Z-0.200000 I0.530805 J1.142875
G02 X250.528790 Y36.006103 Z-0.200000 I0.962691 J0.813107
G02 X250.501950 Y36.548830 Z-0.200000 I1.215565 J0.332143
G01 X251.390620 Y41.796880 Z-0.200000
G01 X250.677730 Y41.796880 Z-0.200000
G01 X249.750000 Y36.134770 Z-0.200000
G02 X249.322139 Y35.377775 Z-0.200000 I-1.243590 J0.203476
G02 X248.505860 Y35.078120 Z-0.200000 I-0.815729 J0.960471
G01 X245.404300 Y35.078120 Z-0.200000
G02 X244.875371 Y35.195054 Z-0.200000 I0.001195 J1.260125
G02 X244.444406 Y35.523244 Z-0.200000 I0.530124 J1.143191
G02 X244.191046 Y36.002043 Z-0.200000 I0.961088 J0.815001
G02 X244.162110 Y36.542970 Z-0.200000 I1.214449 J0.336203
G01 X245.023440 Y41.796880 Z-0.200000
G01 X244.408200 Y41.796880 Z-0.200000
G00 Z5.000000

(End cutting path id: path350622)


(Start cutting path id: path305989)
(Change tool to Default tool)

G00 Z5.000000
G00 X244.408200 Y41.796880

G01 Z-0.200000 F100.0(Penetrate)
G01 X243.478520 Y36.134770 Z-0.200000 F800.000000
G02 X243.051403 Y35.378406 Z-0.200000 I-1.243590 J0.203475
G02 X242.236330 Y35.078120 Z-0.200000 I-0.816472 J0.959839
G01 X239.464840 Y35.078120 Z-0.200000
G01 X239.464840 Y33.792970 Z-0.200000
G01 X241.599610 Y33.792970 Z-0.200000
G02 X242.129090 Y33.675930 Z-0.200000 I-0.000872 J-1.260126
G02 X242.560361 Y33.347215 Z-0.200000 I-0.530352 J-1.143085
G02 X242.813560 Y32.867696 Z-0.200000 I-0.961623 J-0.814370
G02 X242.841800 Y32.326170 Z-0.200000 I-1.214822 J-0.334852
G01 X241.998050 Y27.244140 Z-0.200000
G02 X241.569819 Y26.490201 Z-0.200000 I-1.242942 J0.207396
G02 X240.755860 Y26.191410 Z-0.200000 I-0.814711 J0.961334
G01 X239.464840 Y26.191410 Z-0.200000
G01 X239.464840 Y24.921880 Z-0.200000
G01 X240.117190 Y24.921880 Z-0.200000
G02 X240.646742 Y24.805560 Z-0.200000 I0.000755 J-1.260126
G02 X241.078403 Y24.477499 Z-0.200000 I-0.528796 J-1.143806
G02 X241.332264 Y23.998427 Z-0.200000 I-0.960457 J-0.815745
G02 X241.361330 Y23.457030 Z-0.200000 I-1.214318 J-0.336673
G01 X240.498050 Y18.203120 Z-0.200000
G01 X241.132810 Y18.203120 Z-0.200000
G01 X242.078120 Y23.869140 Z-0.200000
G02 X242.506348 Y24.623085 Z-0.200000 I1.242944 J-0.207386
G02 X243.320310 Y24.921880 Z-0.200000 I0.814715 J-0.961331
G01 X246.455080 Y24.921880 Z-0.200000
G02 X246.984632 Y24.805560 Z-0.200000 I0.000755 J-1.260126
G02 X247.416293 Y24.477499 Z-0.200000 I-0.528796 J-1.143806
G02 X247.670154 Y23.998427 Z-0.200000 I-0.960457 J-0.815745
G02 X247.699220 Y23.457030 Z-0.200000 I-1.214318 J-0.336673
G01 X246.837890 Y18.203120 Z-0.200000
G01 X247.441410 Y18.203120 Z-0.200000
G01 X248.400390 Y23.871090 Z-0.200000
G02 X248.829171 Y24.623829 Z-0.200000 I1.242617 J-0.209336
G02 X249.642580 Y24.921880 Z-0.200000 I0.813836 J-0.962075
G01 X252.447270 Y24.921880 Z-0.200000
G01 X252.447270 Y26.191410 Z-0.200000
G01 X250.263670 Y26.191410 Z-0.200000
G02 X249.733084 Y26.308660 Z-0.200000 I0.000217 J1.260126
G02 X249.301199 Y26.638425 Z-0.200000 I0.530804 J1.142876
G02 X249.048324 Y27.119387 Z-0.200000 I0.962688 J0.813111
G02 X249.021480 Y27.662110 Z-0.200000 I1.215563 J0.332149
G01 X249.880860 Y32.742190 Z-0.200000
G02 X250.309643 Y33.494923 Z-0.200000 I1.242615 J-0.209346
G02 X251.123050 Y33.792970 Z-0.200000 I0.813831 J-0.962079
G01 X252.447270 Y33.792970 Z-0.200000
G01 X252.447270 Y35.078120 Z-0.200000
G01 X251.744140 Y35.078120 Z-0.200000
G02 X251.213551 Y35.195371 Z-0.200000 I0.000216 J1.260126
G02 X250.781665 Y35.525139 Z-0.200000 I0.530805 J1.142875
G02 X250.528790 Y36.006103 Z-0.200000 I0.962691 J0.813107
G02 X250.501950 Y36.548830 Z-0.200000 I1.215565 J0.332143
G01 X251.390620 Y41.796880 Z-0.200000
G01 X250.677730 Y41.796880 Z-0.200000
G01 X249.750000 Y36.134770 Z-0.200000
G02 X249.322139 Y35.377775 Z-0.200000 I-1.243590 J0.203476
G02 X248.505860 Y35.078120 Z-0.200000 I-0.815729 J0.960471
G01 X245.404300 Y35.078120 Z-0.200000
G02 X244.875371 Y35.195054 Z-0.200000 I0.001195 J1.260125
G02 X244.444406 Y35.523244 Z-0.200000 I0.530124 J1.143191
G02 X244.191046 Y36.002043 Z-0.200000 I0.961088 J0.815001
G02 X244.162110 Y36.542970 Z-0.200000 I1.214449 J0.336203
G01 X245.023440 Y41.796880 Z-0.200000
G01 X244.408200 Y41.796880 Z-0.200000
G00 Z5.000000

(End cutting path id: path305989)


(Start cutting path id: path350620)
(Change tool to Default tool)

G00 Z5.000000
G00 X244.203120 Y42.037110

G01 Z-0.200000 F100.0(Penetrate)
G01 X243.242190 Y36.173830 Z-0.200000 F800.000000
G02 X242.896347 Y35.561392 Z-0.200000 I-1.006730 J0.164632
G02 X242.236330 Y35.318360 Z-0.200000 I-0.660887 J0.777069
G01 X239.224610 Y35.318360 Z-0.200000
G01 X239.224610 Y33.552730 Z-0.200000
G01 X241.599610 Y33.552730 Z-0.200000
G02 X242.028351 Y33.458066 Z-0.200000 I-0.000413 J-1.020102
G02 X242.377588 Y33.191957 Z-0.200000 I-0.429155 J-0.925437
G02 X242.582623 Y32.803703 Z-0.200000 I-0.778392 J-0.659329
G02 X242.605470 Y32.365230 Z-0.200000 I-0.983426 J-0.271075
G01 X241.761720 Y27.283200 Z-0.200000
G02 X241.414767 Y26.673181 Z-0.200000 I-1.006082 J0.168542
G02 X240.755860 Y26.431640 Z-0.200000 I-0.659129 J0.778561
G01 X239.224610 Y26.431640 Z-0.200000
G01 X239.224610 Y24.681640 Z-0.200000
G01 X240.117190 Y24.681640 Z-0.200000
G02 X240.545380 Y24.587082 Z-0.200000 I-0.000736 J-1.020102
G02 X240.894311 Y24.321498 Z-0.200000 I-0.428926 J-0.925544
G02 X241.099507 Y23.933964 Z-0.200000 I-0.777857 J-0.659960
G02 X241.123050 Y23.496090 Z-0.200000 I-0.983053 J-0.272426
G01 X240.216800 Y17.962890 Z-0.200000
G01 X241.337890 Y17.962890 Z-0.200000
G01 X242.314450 Y23.828120 Z-0.200000
G02 X242.660847 Y24.439351 Z-0.200000 I1.006409 J-0.166582
G02 X243.320310 Y24.681640 Z-0.200000 I0.660011 J-0.777813
G01 X246.455080 Y24.681640 Z-0.200000
G02 X246.883893 Y24.587696 Z-0.200000 I0.001214 J-1.020101
G02 X247.233520 Y24.322241 Z-0.200000 I-0.427598 J-0.926158
G02 X247.439217 Y23.934434 Z-0.200000 I-0.777226 J-0.660703
G02 X247.462890 Y23.496090 Z-0.200000 I-0.982922 J-0.272895
G01 X246.556640 Y17.962890 Z-0.200000
G01 X247.644530 Y17.962890 Z-0.200000
G01 X248.636720 Y23.832030 Z-0.200000
G02 X248.984225 Y24.440844 Z-0.200000 I1.005754 J-0.170492
G02 X249.642580 Y24.681640 Z-0.200000 I0.658248 J-0.779306
G01 X252.687500 Y24.681640 Z-0.200000
G01 X252.687500 Y26.431640 Z-0.200000
G01 X250.263670 Y26.431640 Z-0.200000
G02 X249.834376 Y26.526410 Z-0.200000 I0.000087 J1.020102
G02 X249.484832 Y26.793043 Z-0.200000 I0.429381 J0.925332
G02 X249.279960 Y27.182018 Z-0.200000 I0.778925 J0.658699
G02 X249.257810 Y27.621090 Z-0.200000 I0.983797 J0.269724
G01 X250.119140 Y32.703120 Z-0.200000
G02 X250.465900 Y33.311305 Z-0.200000 I1.005754 J-0.170490
G02 X251.123050 Y33.552730 Z-0.200000 I0.658994 J-0.778675
G01 X252.687500 Y33.552730 Z-0.200000
G01 X252.687500 Y35.318360 Z-0.200000
G01 X251.744140 Y35.318360 Z-0.200000
G02 X251.314289 Y35.413234 Z-0.200000 I-0.000245 J1.020102
G02 X250.964436 Y35.680396 Z-0.200000 I0.429606 J0.925228
G02 X250.759726 Y36.070096 Z-0.200000 I0.779459 J0.658066
G02 X250.738280 Y36.509770 Z-0.200000 I0.984169 J0.268365
G01 X251.673830 Y42.037110 Z-0.200000
G01 X250.474610 Y42.037110 Z-0.200000
G01 X249.511720 Y36.173830 Z-0.200000
G02 X249.165877 Y35.561392 Z-0.200000 I-1.006730 J0.164632
G02 X248.505860 Y35.318360 Z-0.200000 I-0.660887 J0.777069
G01 X245.404300 Y35.318360 Z-0.200000
G02 X244.976110 Y35.412918 Z-0.200000 I0.000736 J1.020102
G02 X244.627179 Y35.678502 Z-0.200000 I0.428926 J0.925544
G02 X244.421983 Y36.066036 Z-0.200000 I0.777857 J0.659960
G02 X244.398440 Y36.503910 Z-0.200000 I0.983053 J0.272426
G01 X245.306640 Y42.037110 Z-0.200000
G01 X244.203120 Y42.037110 Z-0.200000
G00 Z5.000000

(End cutting path id: path350620)


(Start cutting path id: path305987)
(Change tool to Default tool)

G00 Z5.000000
G00 X244.203120 Y42.037110

G01 Z-0.200000 F100.0(Penetrate)
G01 X243.242190 Y36.173830 Z-0.200000 F800.000000
G02 X242.896347 Y35.561392 Z-0.200000 I-1.006730 J0.164632
G02 X242.236330 Y35.318360 Z-0.200000 I-0.660887 J0.777069
G01 X239.224610 Y35.318360 Z-0.200000
G01 X239.224610 Y33.552730 Z-0.200000
G01 X241.599610 Y33.552730 Z-0.200000
G02 X242.028351 Y33.458066 Z-0.200000 I-0.000413 J-1.020102
G02 X242.377588 Y33.191957 Z-0.200000 I-0.429155 J-0.925437
G02 X242.582623 Y32.803703 Z-0.200000 I-0.778392 J-0.659329
G02 X242.605470 Y32.365230 Z-0.200000 I-0.983426 J-0.271075
G01 X241.761720 Y27.283200 Z-0.200000
G02 X241.414767 Y26.673181 Z-0.200000 I-1.006082 J0.168542
G02 X240.755860 Y26.431640 Z-0.200000 I-0.659129 J0.778561
G01 X239.224610 Y26.431640 Z-0.200000
G01 X239.224610 Y24.681640 Z-0.200000
G01 X240.117190 Y24.681640 Z-0.200000
G02 X240.545380 Y24.587082 Z-0.200000 I-0.000736 J-1.020102
G02 X240.894311 Y24.321498 Z-0.200000 I-0.428926 J-0.925544
G02 X241.099507 Y23.933964 Z-0.200000 I-0.777857 J-0.659960
G02 X241.123050 Y23.496090 Z-0.200000 I-0.983053 J-0.272426
G01 X240.216800 Y17.962890 Z-0.200000
G01 X241.337890 Y17.962890 Z-0.200000
G01 X242.314450 Y23.828120 Z-0.200000
G02 X242.660847 Y24.439351 Z-0.200000 I1.006409 J-0.166582
G02 X243.320310 Y24.681640 Z-0.200000 I0.660011 J-0.777813
G01 X246.455080 Y24.681640 Z-0.200000
G02 X246.883893 Y24.587696 Z-0.200000 I0.001214 J-1.020101
G02 X247.233520 Y24.322241 Z-0.200000 I-0.427598 J-0.926158
G02 X247.439217 Y23.934434 Z-0.200000 I-0.777226 J-0.660703
G02 X247.462890 Y23.496090 Z-0.200000 I-0.982922 J-0.272895
G01 X246.556640 Y17.962890 Z-0.200000
G01 X247.644530 Y17.962890 Z-0.200000
G01 X248.636720 Y23.832030 Z-0.200000
G02 X248.984225 Y24.440844 Z-0.200000 I1.005754 J-0.170492
G02 X249.642580 Y24.681640 Z-0.200000 I0.658248 J-0.779306
G01 X252.687500 Y24.681640 Z-0.200000
G01 X252.687500 Y26.431640 Z-0.200000
G01 X250.263670 Y26.431640 Z-0.200000
G02 X249.834376 Y26.526410 Z-0.200000 I0.000087 J1.020102
G02 X249.484832 Y26.793043 Z-0.200000 I0.429381 J0.925332
G02 X249.279960 Y27.182018 Z-0.200000 I0.778925 J0.658699
G02 X249.257810 Y27.621090 Z-0.200000 I0.983797 J0.269724
G01 X250.119140 Y32.703120 Z-0.200000
G02 X250.465900 Y33.311305 Z-0.200000 I1.005754 J-0.170490
G02 X251.123050 Y33.552730 Z-0.200000 I0.658994 J-0.778675
G01 X252.687500 Y33.552730 Z-0.200000
G01 X252.687500 Y35.318360 Z-0.200000
G01 X251.744140 Y35.318360 Z-0.200000
G02 X251.314289 Y35.413234 Z-0.200000 I-0.000245 J1.020102
G02 X250.964436 Y35.680396 Z-0.200000 I0.429606 J0.925228
G02 X250.759726 Y36.070096 Z-0.200000 I0.779459 J0.658066
G02 X250.738280 Y36.509770 Z-0.200000 I0.984169 J0.268365
G01 X251.673830 Y42.037110 Z-0.200000
G01 X250.474610 Y42.037110 Z-0.200000
G01 X249.511720 Y36.173830 Z-0.200000
G02 X249.165877 Y35.561392 Z-0.200000 I-1.006730 J0.164632
G02 X248.505860 Y35.318360 Z-0.200000 I-0.660887 J0.777069
G01 X245.404300 Y35.318360 Z-0.200000
G02 X244.976110 Y35.412918 Z-0.200000 I0.000736 J1.020102
G02 X244.627179 Y35.678502 Z-0.200000 I0.428926 J0.925544
G02 X244.421983 Y36.066036 Z-0.200000 I0.777857 J0.659960
G02 X244.398440 Y36.503910 Z-0.200000 I0.983053 J0.272426
G01 X245.306640 Y42.037110 Z-0.200000
G01 X244.203120 Y42.037110 Z-0.200000
G00 Z5.000000

(End cutting path id: path305987)


(Start cutting path id: path350618)
(Change tool to Default tool)

G00 Z5.000000
G00 X244.000000 Y42.277340

G01 Z-0.200000 F100.0(Penetrate)
G01 X243.005860 Y36.212890 Z-0.200000 F800.000000
G02 X242.741295 Y35.744372 Z-0.200000 I-0.769871 J0.125778
G02 X242.236330 Y35.558590 Z-0.200000 I-0.505306 J0.594296
G01 X238.984380 Y35.558590 Z-0.200000
G01 X238.984380 Y33.312500 Z-0.200000
G01 X241.599610 Y33.312500 Z-0.200000
G02 X241.927612 Y33.240212 Z-0.200000 I0.000046 J-0.780078
G02 X242.194816 Y33.036709 Z-0.200000 I-0.327957 J-0.707790
G02 X242.351686 Y32.739720 Z-0.200000 I-0.595160 J-0.504287
G02 X242.369140 Y32.404300 Z-0.200000 I-0.752030 J-0.207298
G01 X241.525390 Y27.322270 Z-0.200000
G02 X241.259714 Y26.856171 Z-0.200000 I-0.769222 J0.129688
G02 X240.755860 Y26.671880 Z-0.200000 I-0.503546 J0.595787
G01 X238.984380 Y26.671880 Z-0.200000
G01 X238.984380 Y24.441410 Z-0.200000
G01 X240.117190 Y24.441410 Z-0.200000
G02 X240.444641 Y24.369228 Z-0.200000 I-0.000277 J-0.780078
G02 X240.711539 Y24.166250 Z-0.200000 I-0.327728 J-0.707896
G02 X240.868570 Y23.869981 Z-0.200000 I-0.594625 J-0.504918
G02 X240.886720 Y23.535160 Z-0.200000 I-0.751656 J-0.208649
G01 X239.933590 Y17.722660 Z-0.200000
G01 X241.541020 Y17.722660 Z-0.200000
G01 X242.550780 Y23.789060 Z-0.200000
G02 X242.815900 Y24.256372 Z-0.200000 I0.769550 J-0.127728
G02 X243.320310 Y24.441410 Z-0.200000 I0.504430 J-0.595040
G01 X246.455080 Y24.441410 Z-0.200000
G02 X246.783154 Y24.369843 Z-0.200000 I0.001674 J-0.780076
G02 X247.050748 Y24.166994 Z-0.200000 I-0.326400 J-0.708509
G02 X247.208280 Y23.870451 Z-0.200000 I-0.593994 J-0.505660
G02 X247.226560 Y23.535160 Z-0.200000 I-0.751526 J-0.209117
G01 X246.271480 Y17.722660 Z-0.200000
G01 X247.847660 Y17.722660 Z-0.200000
G01 X248.873050 Y23.791020 Z-0.200000
G02 X249.138726 Y24.257119 Z-0.200000 I0.769222 J-0.129688
G02 X249.642580 Y24.441410 Z-0.200000 I0.503546 J-0.595787
G01 X252.927730 Y24.441410 Z-0.200000
G01 X252.927730 Y26.671880 Z-0.200000
G01 X250.263670 Y26.671880 Z-0.200000
G02 X249.935115 Y26.744273 Z-0.200000 I-0.000373 J0.780078
G02 X249.667604 Y26.948300 Z-0.200000 I0.328182 J0.707685
G02 X249.510896 Y27.246011 Z-0.200000 I0.595693 J0.503658
G02 X249.494140 Y27.582030 Z-0.200000 I0.752401 J0.205946
G01 X250.355470 Y32.662110 Z-0.200000
G02 X250.620401 Y33.127581 Z-0.200000 I0.769222 J-0.129686
G02 X251.123050 Y33.312500 Z-0.200000 I0.504292 J-0.595157
G01 X252.927730 Y33.312500 Z-0.200000
G01 X252.927730 Y35.558590 Z-0.200000
G01 X251.744140 Y35.558590 Z-0.200000
G02 X251.415582 Y35.630984 Z-0.200000 I-0.000374 J0.780078
G02 X251.148069 Y35.835014 Z-0.200000 I0.328184 J0.707684
G02 X250.991362 Y36.132728 Z-0.200000 I0.595696 J0.503654
G02 X250.974610 Y36.468750 Z-0.200000 I0.752403 J0.205940
G01 X251.957030 Y42.277340 Z-0.200000
G01 X250.269530 Y42.277340 Z-0.200000
G01 X249.275390 Y36.212890 Z-0.200000
G02 X249.010825 Y35.744372 Z-0.200000 I-0.769871 J0.125778
G02 X248.505860 Y35.558590 Z-0.200000 I-0.505306 J0.594296
G01 X245.404300 Y35.558590 Z-0.200000
G02 X245.076849 Y35.630772 Z-0.200000 I0.000277 J0.780078
G02 X244.809951 Y35.833750 Z-0.200000 I0.327728 J0.707896
G02 X244.652920 Y36.130019 Z-0.200000 I0.594625 J0.504918
G02 X244.634770 Y36.464840 Z-0.200000 I0.751656 J0.208649
G01 X245.589840 Y42.277340 Z-0.200000
G01 X244.000000 Y42.277340 Z-0.200000
G00 Z5.000000

(End cutting path id: path350618)


(Start cutting path id: path305985)
(Change tool to Default tool)

G00 Z5.000000
G00 X244.000000 Y42.277340

G01 Z-0.200000 F100.0(Penetrate)
G01 X243.005860 Y36.212890 Z-0.200000 F800.000000
G02 X242.741295 Y35.744372 Z-0.200000 I-0.769871 J0.125778
G02 X242.236330 Y35.558590 Z-0.200000 I-0.505306 J0.594296
G01 X238.984380 Y35.558590 Z-0.200000
G01 X238.984380 Y33.312500 Z-0.200000
G01 X241.599610 Y33.312500 Z-0.200000
G02 X241.927612 Y33.240212 Z-0.200000 I0.000046 J-0.780078
G02 X242.194816 Y33.036709 Z-0.200000 I-0.327957 J-0.707790
G02 X242.351686 Y32.739720 Z-0.200000 I-0.595160 J-0.504287
G02 X242.369140 Y32.404300 Z-0.200000 I-0.752030 J-0.207298
G01 X241.525390 Y27.322270 Z-0.200000
G02 X241.259714 Y26.856171 Z-0.200000 I-0.769222 J0.129688
G02 X240.755860 Y26.671880 Z-0.200000 I-0.503546 J0.595787
G01 X238.984380 Y26.671880 Z-0.200000
G01 X238.984380 Y24.441410 Z-0.200000
G01 X240.117190 Y24.441410 Z-0.200000
G02 X240.444641 Y24.369228 Z-0.200000 I-0.000277 J-0.780078
G02 X240.711539 Y24.166250 Z-0.200000 I-0.327728 J-0.707896
G02 X240.868570 Y23.869981 Z-0.200000 I-0.594625 J-0.504918
G02 X240.886720 Y23.535160 Z-0.200000 I-0.751656 J-0.208649
G01 X239.933590 Y17.722660 Z-0.200000
G01 X241.541020 Y17.722660 Z-0.200000
G01 X242.550780 Y23.789060 Z-0.200000
G02 X242.815900 Y24.256372 Z-0.200000 I0.769550 J-0.127728
G02 X243.320310 Y24.441410 Z-0.200000 I0.504430 J-0.595040
G01 X246.455080 Y24.441410 Z-0.200000
G02 X246.783154 Y24.369843 Z-0.200000 I0.001674 J-0.780076
G02 X247.050748 Y24.166994 Z-0.200000 I-0.326400 J-0.708509
G02 X247.208280 Y23.870451 Z-0.200000 I-0.593994 J-0.505660
G02 X247.226560 Y23.535160 Z-0.200000 I-0.751526 J-0.209117
G01 X246.271480 Y17.722660 Z-0.200000
G01 X247.847660 Y17.722660 Z-0.200000
G01 X248.873050 Y23.791020 Z-0.200000
G02 X249.138726 Y24.257119 Z-0.200000 I0.769222 J-0.129688
G02 X249.642580 Y24.441410 Z-0.200000 I0.503546 J-0.595787
G01 X252.927730 Y24.441410 Z-0.200000
G01 X252.927730 Y26.671880 Z-0.200000
G01 X250.263670 Y26.671880 Z-0.200000
G02 X249.935115 Y26.744273 Z-0.200000 I-0.000373 J0.780078
G02 X249.667604 Y26.948300 Z-0.200000 I0.328182 J0.707685
G02 X249.510896 Y27.246011 Z-0.200000 I0.595693 J0.503658
G02 X249.494140 Y27.582030 Z-0.200000 I0.752401 J0.205946
G01 X250.355470 Y32.662110 Z-0.200000
G02 X250.620401 Y33.127581 Z-0.200000 I0.769222 J-0.129686
G02 X251.123050 Y33.312500 Z-0.200000 I0.504292 J-0.595157
G01 X252.927730 Y33.312500 Z-0.200000
G01 X252.927730 Y35.558590 Z-0.200000
G01 X251.744140 Y35.558590 Z-0.200000
G02 X251.415582 Y35.630984 Z-0.200000 I-0.000374 J0.780078
G02 X251.148069 Y35.835014 Z-0.200000 I0.328184 J0.707684
G02 X250.991362 Y36.132728 Z-0.200000 I0.595696 J0.503654
G02 X250.974610 Y36.468750 Z-0.200000 I0.752403 J0.205940
G01 X251.957030 Y42.277340 Z-0.200000
G01 X250.269530 Y42.277340 Z-0.200000
G01 X249.275390 Y36.212890 Z-0.200000
G02 X249.010825 Y35.744372 Z-0.200000 I-0.769871 J0.125778
G02 X248.505860 Y35.558590 Z-0.200000 I-0.505306 J0.594296
G01 X245.404300 Y35.558590 Z-0.200000
G02 X245.076849 Y35.630772 Z-0.200000 I0.000277 J0.780078
G02 X244.809951 Y35.833750 Z-0.200000 I0.327728 J0.707896
G02 X244.652920 Y36.130019 Z-0.200000 I0.594625 J0.504918
G02 X244.634770 Y36.464840 Z-0.200000 I0.751656 J0.208649
G01 X245.589840 Y42.277340 Z-0.200000
G01 X244.000000 Y42.277340 Z-0.200000
G00 Z5.000000

(End cutting path id: path305985)


(Start cutting path id: path350616)
(Change tool to Default tool)

G00 Z5.000000
G00 X243.796880 Y42.517580

G01 Z-0.200000 F100.0(Penetrate)
G01 X242.769530 Y36.251950 Z-0.200000 F800.000000
G02 X242.586239 Y35.927358 Z-0.200000 I-0.533011 J0.086934
G02 X242.236330 Y35.798830 Z-0.200000 I-0.349720 J0.411526
G01 X238.744140 Y35.798830 Z-0.200000
G01 X238.744140 Y33.072270 Z-0.200000
G01 X241.599610 Y33.072270 Z-0.200000
G02 X241.826253 Y33.021743 Z-0.200000 I-0.001444 J-0.540052
G02 X242.010729 Y32.880716 Z-0.200000 I-0.228087 J-0.489525
G02 X242.118932 Y32.675260 Z-0.200000 I-0.412562 J-0.348498
G02 X242.130860 Y32.443360 Z-0.200000 I-0.520766 J-0.143042
G01 X241.287110 Y27.363280 Z-0.200000
G02 X241.104562 Y27.039318 Z-0.200000 I-0.533012 J0.086931
G02 X240.755860 Y26.910160 Z-0.200000 I-0.350464 J0.410893
G01 X238.744140 Y26.910160 Z-0.200000
G01 X238.744140 Y24.201170 Z-0.200000
G01 X240.117190 Y24.201170 Z-0.200000
G02 X240.343902 Y24.151364 Z-0.200000 I0.000183 J-0.540054
G02 X240.528766 Y24.010993 Z-0.200000 I-0.226529 J-0.490248
G02 X240.637633 Y23.805988 Z-0.200000 I-0.411394 J-0.349877
G02 X240.650390 Y23.574220 Z-0.200000 I-0.520260 J-0.144872
G01 X239.652340 Y17.482420 Z-0.200000
G01 X241.744140 Y17.482420 Z-0.200000
G01 X242.789060 Y23.750000 Z-0.200000
G02 X242.972161 Y24.072756 Z-0.200000 I0.532690 J-0.088882
G02 X243.320310 Y24.201170 Z-0.200000 I0.349589 J-0.411638
G01 X246.455080 Y24.201170 Z-0.200000
G02 X246.681792 Y24.151364 Z-0.200000 I0.000183 J-0.540054
G02 X246.866656 Y24.010993 Z-0.200000 I-0.226529 J-0.490248
G02 X246.975523 Y23.805988 Z-0.200000 I-0.411394 J-0.349877
G02 X246.988280 Y23.574220 Z-0.200000 I-0.520260 J-0.144872
G01 X245.990230 Y17.482420 Z-0.200000
G01 X248.048830 Y17.482420 Z-0.200000
G01 X249.111330 Y23.751950 Z-0.200000
G02 X249.294982 Y24.073501 Z-0.200000 I0.532361 J-0.090833
G02 X249.642580 Y24.201170 Z-0.200000 I0.348708 J-0.412384
G01 X253.167970 Y24.201170 Z-0.200000
G01 X253.167970 Y26.910160 Z-0.200000
G01 X250.263670 Y26.910160 Z-0.200000
G02 X250.035850 Y26.960176 Z-0.200000 I-0.000835 J0.540053
G02 X249.850370 Y27.101600 Z-0.200000 I0.226985 J0.490037
G02 X249.741828 Y27.308051 Z-0.200000 I0.412465 J0.348613
G02 X249.730470 Y27.541020 Z-0.200000 I0.521007 J0.142162
G01 X250.591800 Y32.623050 Z-0.200000
G02 X250.775452 Y32.944601 Z-0.200000 I0.532361 J-0.090833
G02 X251.123050 Y33.072270 Z-0.200000 I0.348708 J-0.412384
G01 X253.167970 Y33.072270 Z-0.200000
G01 X253.167970 Y35.798830 Z-0.200000
G01 X251.744140 Y35.798830 Z-0.200000
G02 X251.516320 Y35.848846 Z-0.200000 I-0.000835 J0.540053
G02 X251.330840 Y35.990270 Z-0.200000 I0.226985 J0.490037
G02 X251.222298 Y36.196721 Z-0.200000 I0.412465 J0.348613
G02 X251.210940 Y36.429690 Z-0.200000 I0.521007 J0.142162
G01 X252.242190 Y42.517580 Z-0.200000
G01 X250.066410 Y42.517580 Z-0.200000
G01 X249.039060 Y36.251950 Z-0.200000
G02 X248.855769 Y35.927358 Z-0.200000 I-0.533011 J0.086934
G02 X248.505860 Y35.798830 Z-0.200000 I-0.349720 J0.411526
G01 X245.404300 Y35.798830 Z-0.200000
G02 X245.178210 Y35.849249 Z-0.200000 I0.001767 J0.540051
G02 X244.994041 Y35.989749 Z-0.200000 I0.227856 J0.489632
G02 X244.885676 Y36.194481 Z-0.200000 I0.412025 J0.349132
G02 X244.873050 Y36.425780 Z-0.200000 I0.520391 J0.144400
G01 X245.871090 Y42.517580 Z-0.200000
G01 X243.796880 Y42.517580 Z-0.200000
G00 Z5.000000

(End cutting path id: path350616)


(Start cutting path id: path305983)
(Change tool to Default tool)

G00 Z5.000000
G00 X243.796880 Y42.517580

G01 Z-0.200000 F100.0(Penetrate)
G01 X242.769530 Y36.251950 Z-0.200000 F800.000000
G02 X242.586239 Y35.927358 Z-0.200000 I-0.533011 J0.086934
G02 X242.236330 Y35.798830 Z-0.200000 I-0.349720 J0.411526
G01 X238.744140 Y35.798830 Z-0.200000
G01 X238.744140 Y33.072270 Z-0.200000
G01 X241.599610 Y33.072270 Z-0.200000
G02 X241.826253 Y33.021743 Z-0.200000 I-0.001444 J-0.540052
G02 X242.010729 Y32.880716 Z-0.200000 I-0.228087 J-0.489525
G02 X242.118932 Y32.675260 Z-0.200000 I-0.412562 J-0.348498
G02 X242.130860 Y32.443360 Z-0.200000 I-0.520766 J-0.143042
G01 X241.287110 Y27.363280 Z-0.200000
G02 X241.104562 Y27.039318 Z-0.200000 I-0.533012 J0.086931
G02 X240.755860 Y26.910160 Z-0.200000 I-0.350464 J0.410893
G01 X238.744140 Y26.910160 Z-0.200000
G01 X238.744140 Y24.201170 Z-0.200000
G01 X240.117190 Y24.201170 Z-0.200000
G02 X240.343902 Y24.151364 Z-0.200000 I0.000183 J-0.540054
G02 X240.528766 Y24.010993 Z-0.200000 I-0.226529 J-0.490248
G02 X240.637633 Y23.805988 Z-0.200000 I-0.411394 J-0.349877
G02 X240.650390 Y23.574220 Z-0.200000 I-0.520260 J-0.144872
G01 X239.652340 Y17.482420 Z-0.200000
G01 X241.744140 Y17.482420 Z-0.200000
G01 X242.789060 Y23.750000 Z-0.200000
G02 X242.972161 Y24.072756 Z-0.200000 I0.532690 J-0.088882
G02 X243.320310 Y24.201170 Z-0.200000 I0.349589 J-0.411638
G01 X246.455080 Y24.201170 Z-0.200000
G02 X246.681792 Y24.151364 Z-0.200000 I0.000183 J-0.540054
G02 X246.866656 Y24.010993 Z-0.200000 I-0.226529 J-0.490248
G02 X246.975523 Y23.805988 Z-0.200000 I-0.411394 J-0.349877
G02 X246.988280 Y23.574220 Z-0.200000 I-0.520260 J-0.144872
G01 X245.990230 Y17.482420 Z-0.200000
G01 X248.048830 Y17.482420 Z-0.200000
G01 X249.111330 Y23.751950 Z-0.200000
G02 X249.294982 Y24.073501 Z-0.200000 I0.532361 J-0.090833
G02 X249.642580 Y24.201170 Z-0.200000 I0.348708 J-0.412384
G01 X253.167970 Y24.201170 Z-0.200000
G01 X253.167970 Y26.910160 Z-0.200000
G01 X250.263670 Y26.910160 Z-0.200000
G02 X250.035850 Y26.960176 Z-0.200000 I-0.000835 J0.540053
G02 X249.850370 Y27.101600 Z-0.200000 I0.226985 J0.490037
G02 X249.741828 Y27.308051 Z-0.200000 I0.412465 J0.348613
G02 X249.730470 Y27.541020 Z-0.200000 I0.521007 J0.142162
G01 X250.591800 Y32.623050 Z-0.200000
G02 X250.775452 Y32.944601 Z-0.200000 I0.532361 J-0.090833
G02 X251.123050 Y33.072270 Z-0.200000 I0.348708 J-0.412384
G01 X253.167970 Y33.072270 Z-0.200000
G01 X253.167970 Y35.798830 Z-0.200000
G01 X251.744140 Y35.798830 Z-0.200000
G02 X251.516320 Y35.848846 Z-0.200000 I-0.000835 J0.540053
G02 X251.330840 Y35.990270 Z-0.200000 I0.226985 J0.490037
G02 X251.222298 Y36.196721 Z-0.200000 I0.412465 J0.348613
G02 X251.210940 Y36.429690 Z-0.200000 I0.521007 J0.142162
G01 X252.242190 Y42.517580 Z-0.200000
G01 X250.066410 Y42.517580 Z-0.200000
G01 X249.039060 Y36.251950 Z-0.200000
G02 X248.855769 Y35.927358 Z-0.200000 I-0.533011 J0.086934
G02 X248.505860 Y35.798830 Z-0.200000 I-0.349720 J0.411526
G01 X245.404300 Y35.798830 Z-0.200000
G02 X245.178210 Y35.849249 Z-0.200000 I0.001767 J0.540051
G02 X244.994041 Y35.989749 Z-0.200000 I0.227856 J0.489632
G02 X244.885676 Y36.194481 Z-0.200000 I0.412025 J0.349132
G02 X244.873050 Y36.425780 Z-0.200000 I0.520391 J0.144400
G01 X245.871090 Y42.517580 Z-0.200000
G01 X243.796880 Y42.517580 Z-0.200000
G00 Z5.000000

(End cutting path id: path305983)


(Start cutting path id: path350614)
(Change tool to Default tool)

G00 Z5.000000
G00 X243.593750 Y42.757810

G01 Z-0.200000 F100.0(Penetrate)
G01 X242.531250 Y36.291020 Z-0.200000 F800.000000
G02 X242.429983 Y36.110971 Z-0.200000 I-0.296155 J0.048067
G02 X242.236330 Y36.039060 Z-0.200000 I-0.194887 J0.228116
G01 X238.505860 Y36.039060 Z-0.200000
G01 X238.505860 Y32.832030 Z-0.200000
G01 X241.599610 Y32.832030 Z-0.200000
G02 X241.725514 Y32.803879 Z-0.200000 I-0.000985 J-0.300028
G02 X241.827956 Y32.725458 Z-0.200000 I-0.126889 J-0.271877
G02 X241.887995 Y32.611267 Z-0.200000 I-0.229331 J-0.193456
G02 X241.894530 Y32.482420 Z-0.200000 I-0.289370 J-0.079265
G01 X241.050780 Y27.402340 Z-0.200000
G02 X240.949510 Y27.222298 Z-0.200000 I-0.296153 J0.048077
G02 X240.755860 Y27.150390 Z-0.200000 I-0.194883 J0.228120
G01 X238.505860 Y27.150390 Z-0.200000
G01 X238.505860 Y23.960940 Z-0.200000
G01 X240.117190 Y23.960940 Z-0.200000
G02 X240.242544 Y23.932897 Z-0.200000 I-0.001305 J-0.300027
G02 X240.344682 Y23.855001 Z-0.200000 I-0.126659 J-0.271985
G02 X240.404882 Y23.741529 Z-0.200000 I-0.228796 J-0.194088
G02 X240.412110 Y23.613280 Z-0.200000 I-0.288997 J-0.080616
G01 X239.367190 Y17.242190 Z-0.200000
G01 X241.947270 Y17.242190 Z-0.200000
G01 X243.025390 Y23.710940 Z-0.200000
G02 X243.127213 Y23.889777 Z-0.200000 I0.295830 J-0.050029
G02 X243.320310 Y23.960940 Z-0.200000 I0.194007 J-0.228866
G01 X246.455080 Y23.960940 Z-0.200000
G02 X246.581056 Y23.933510 Z-0.200000 I0.000645 J-0.300029
G02 X246.683889 Y23.855742 Z-0.200000 I-0.125331 J-0.272599
G02 X246.744590 Y23.741998 Z-0.200000 I-0.228164 J-0.194831
G02 X246.751950 Y23.613280 Z-0.200000 I-0.288865 J-0.081087
G01 X245.707030 Y17.242190 Z-0.200000
G01 X248.251950 Y17.242190 Z-0.200000
G01 X249.347660 Y23.710940 Z-0.200000
G02 X249.449483 Y23.889777 Z-0.200000 I0.295830 J-0.050029
G02 X249.642580 Y23.960940 Z-0.200000 I0.194007 J-0.228866
G01 X253.408200 Y23.960940 Z-0.200000
G01 X253.408200 Y27.150390 Z-0.200000
G01 X250.263670 Y27.150390 Z-0.200000
G02 X250.136587 Y27.178027 Z-0.200000 I-0.001299 J0.300027
G02 X250.033138 Y27.256845 Z-0.200000 I0.125784 J0.272390
G02 X249.972761 Y27.372033 Z-0.200000 I0.229233 J0.193573
G02 X249.966800 Y27.501950 Z-0.200000 I0.289610 J0.078384
G01 X250.828120 Y32.582030 Z-0.200000
G02 X250.929947 Y32.760870 Z-0.200000 I0.295830 J-0.050029
G02 X251.123050 Y32.832030 Z-0.200000 I0.194003 J-0.228869
G01 X253.408200 Y32.832030 Z-0.200000
G01 X253.408200 Y36.039060 Z-0.200000
G01 X251.744140 Y36.039060 Z-0.200000
G02 X251.617613 Y36.066596 Z-0.200000 I-0.000965 J0.300028
G02 X251.514474 Y36.144888 Z-0.200000 I0.125562 J0.272493
G02 X251.453934 Y36.259353 Z-0.200000 I0.228701 J0.194201
G02 X251.447270 Y36.388670 Z-0.200000 I0.289241 J0.079736
G01 X252.527340 Y42.757810 Z-0.200000
G01 X249.863280 Y42.757810 Z-0.200000
G01 X248.802730 Y36.291020 Z-0.200000
G02 X248.700720 Y36.110340 Z-0.200000 I-0.296154 J0.048069
G02 X248.505860 Y36.039060 Z-0.200000 I-0.194144 J0.228749
G01 X245.404300 Y36.039060 Z-0.200000
G02 X245.278946 Y36.067103 Z-0.200000 I0.001305 J0.300027
G02 X245.176808 Y36.144999 Z-0.200000 I0.126659 J0.271985
G02 X245.116608 Y36.258471 Z-0.200000 I0.228796 J0.194088
G02 X245.109380 Y36.386720 Z-0.200000 I0.288997 J0.080616
G01 X246.156250 Y42.757810 Z-0.200000
G01 X243.593750 Y42.757810 Z-0.200000
G00 Z5.000000

(End cutting path id: path350614)


(Start cutting path id: path305981)
(Change tool to Default tool)

G00 Z5.000000
G00 X243.593750 Y42.757810

G01 Z-0.200000 F100.0(Penetrate)
G01 X242.531250 Y36.291020 Z-0.200000 F800.000000
G02 X242.429983 Y36.110971 Z-0.200000 I-0.296155 J0.048067
G02 X242.236330 Y36.039060 Z-0.200000 I-0.194887 J0.228116
G01 X238.505860 Y36.039060 Z-0.200000
G01 X238.505860 Y32.832030 Z-0.200000
G01 X241.599610 Y32.832030 Z-0.200000
G02 X241.725514 Y32.803879 Z-0.200000 I-0.000985 J-0.300028
G02 X241.827956 Y32.725458 Z-0.200000 I-0.126889 J-0.271877
G02 X241.887995 Y32.611267 Z-0.200000 I-0.229331 J-0.193456
G02 X241.894530 Y32.482420 Z-0.200000 I-0.289370 J-0.079265
G01 X241.050780 Y27.402340 Z-0.200000
G02 X240.949510 Y27.222298 Z-0.200000 I-0.296153 J0.048077
G02 X240.755860 Y27.150390 Z-0.200000 I-0.194883 J0.228120
G01 X238.505860 Y27.150390 Z-0.200000
G01 X238.505860 Y23.960940 Z-0.200000
G01 X240.117190 Y23.960940 Z-0.200000
G02 X240.242544 Y23.932897 Z-0.200000 I-0.001305 J-0.300027
G02 X240.344682 Y23.855001 Z-0.200000 I-0.126659 J-0.271985
G02 X240.404882 Y23.741529 Z-0.200000 I-0.228796 J-0.194088
G02 X240.412110 Y23.613280 Z-0.200000 I-0.288997 J-0.080616
G01 X239.367190 Y17.242190 Z-0.200000
G01 X241.947270 Y17.242190 Z-0.200000
G01 X243.025390 Y23.710940 Z-0.200000
G02 X243.127213 Y23.889777 Z-0.200000 I0.295830 J-0.050029
G02 X243.320310 Y23.960940 Z-0.200000 I0.194007 J-0.228866
G01 X246.455080 Y23.960940 Z-0.200000
G02 X246.581056 Y23.933510 Z-0.200000 I0.000645 J-0.300029
G02 X246.683889 Y23.855742 Z-0.200000 I-0.125331 J-0.272599
G02 X246.744590 Y23.741998 Z-0.200000 I-0.228164 J-0.194831
G02 X246.751950 Y23.613280 Z-0.200000 I-0.288865 J-0.081087
G01 X245.707030 Y17.242190 Z-0.200000
G01 X248.251950 Y17.242190 Z-0.200000
G01 X249.347660 Y23.710940 Z-0.200000
G02 X249.449483 Y23.889777 Z-0.200000 I0.295830 J-0.050029
G02 X249.642580 Y23.960940 Z-0.200000 I0.194007 J-0.228866
G01 X253.408200 Y23.960940 Z-0.200000
G01 X253.408200 Y27.150390 Z-0.200000
G01 X250.263670 Y27.150390 Z-0.200000
G02 X250.136587 Y27.178027 Z-0.200000 I-0.001299 J0.300027
G02 X250.033138 Y27.256845 Z-0.200000 I0.125784 J0.272390
G02 X249.972761 Y27.372033 Z-0.200000 I0.229233 J0.193573
G02 X249.966800 Y27.501950 Z-0.200000 I0.289610 J0.078384
G01 X250.828120 Y32.582030 Z-0.200000
G02 X250.929947 Y32.760870 Z-0.200000 I0.295830 J-0.050029
G02 X251.123050 Y32.832030 Z-0.200000 I0.194003 J-0.228869
G01 X253.408200 Y32.832030 Z-0.200000
G01 X253.408200 Y36.039060 Z-0.200000
G01 X251.744140 Y36.039060 Z-0.200000
G02 X251.617613 Y36.066596 Z-0.200000 I-0.000965 J0.300028
G02 X251.514474 Y36.144888 Z-0.200000 I0.125562 J0.272493
G02 X251.453934 Y36.259353 Z-0.200000 I0.228701 J0.194201
G02 X251.447270 Y36.388670 Z-0.200000 I0.289241 J0.079736
G01 X252.527340 Y42.757810 Z-0.200000
G01 X249.863280 Y42.757810 Z-0.200000
G01 X248.802730 Y36.291020 Z-0.200000
G02 X248.700720 Y36.110340 Z-0.200000 I-0.296154 J0.048069
G02 X248.505860 Y36.039060 Z-0.200000 I-0.194144 J0.228749
G01 X245.404300 Y36.039060 Z-0.200000
G02 X245.278946 Y36.067103 Z-0.200000 I0.001305 J0.300027
G02 X245.176808 Y36.144999 Z-0.200000 I0.126659 J0.271985
G02 X245.116608 Y36.258471 Z-0.200000 I0.228796 J0.194088
G02 X245.109380 Y36.386720 Z-0.200000 I0.288997 J0.080616
G01 X246.156250 Y42.757810 Z-0.200000
G01 X243.593750 Y42.757810 Z-0.200000
G00 Z5.000000

(End cutting path id: path305981)


(Start cutting path id: path350638)
(Change tool to Default tool)

G00 Z5.000000
G00 X243.338000 Y43.057000

G01 Z-0.200000 F100.0(Penetrate)
G01 X242.236000 Y36.339000 Z-0.200000 F800.000000
G01 X238.205000 Y36.339000 Z-0.200000
G01 X238.205000 Y32.532000 Z-0.200000
G01 X241.599000 Y32.532000 Z-0.200000
G01 X240.755000 Y27.451000 Z-0.200000
G01 X238.205000 Y27.451000 Z-0.200000
G01 X238.205000 Y23.661000 Z-0.200000
G01 X240.117000 Y23.661000 Z-0.200000
G01 X240.117000 Y23.661000 Z-0.200000
G01 X239.015000 Y16.943000 Z-0.200000
G01 X242.201000 Y16.943000 Z-0.200000
G01 X243.321000 Y23.661000 Z-0.200000
G01 X246.456000 Y23.661000 Z-0.200000
G01 X245.354000 Y16.943000 Z-0.200000
G01 X248.506000 Y16.943000 Z-0.200000
G01 X249.643000 Y23.661000 Z-0.200000
G01 X253.708000 Y23.661000 Z-0.200000
G01 X253.708000 Y27.451000 Z-0.200000
G01 X250.263000 Y27.451000 Z-0.200000
G01 X251.124000 Y32.532000 Z-0.200000
G01 X253.708000 Y32.532000 Z-0.200000
G01 X253.708000 Y36.339000 Z-0.200000
G01 X251.744000 Y36.339000 Z-0.200000
G01 X252.881000 Y43.057000 Z-0.200000
G01 X249.608000 Y43.057000 Z-0.200000
G01 X248.506000 Y36.339000 Z-0.200000
G01 X245.405000 Y36.339000 Z-0.200000
G01 X246.508000 Y43.057000 Z-0.200000
G01 X243.338000 Y43.057000 Z-0.200000
G00 Z5.000000

(End cutting path id: path350638)


(Start cutting path id: path350636)
(Change tool to Default tool)

G00 Z5.000000
G00 X243.338000 Y43.057000

G01 Z-0.200000 F100.0(Penetrate)
G01 X242.236000 Y36.339000 Z-0.200000 F800.000000
G01 X238.205000 Y36.339000 Z-0.200000
G01 X238.205000 Y32.532000 Z-0.200000
G01 X241.599000 Y32.532000 Z-0.200000
G01 X240.755000 Y27.451000 Z-0.200000
G01 X238.205000 Y27.451000 Z-0.200000
G01 X238.205000 Y23.661000 Z-0.200000
G01 X240.117000 Y23.661000 Z-0.200000
G01 X240.117000 Y23.661000 Z-0.200000
G01 X239.015000 Y16.943000 Z-0.200000
G01 X242.201000 Y16.943000 Z-0.200000
G01 X243.321000 Y23.661000 Z-0.200000
G01 X246.456000 Y23.661000 Z-0.200000
G01 X245.354000 Y16.943000 Z-0.200000
G01 X248.506000 Y16.943000 Z-0.200000
G01 X249.643000 Y23.661000 Z-0.200000
G01 X253.708000 Y23.661000 Z-0.200000
G01 X253.708000 Y27.451000 Z-0.200000
G01 X250.263000 Y27.451000 Z-0.200000
G01 X251.124000 Y32.532000 Z-0.200000
G01 X253.708000 Y32.532000 Z-0.200000
G01 X253.708000 Y36.339000 Z-0.200000
G01 X251.744000 Y36.339000 Z-0.200000
G01 X252.881000 Y43.057000 Z-0.200000
G01 X249.608000 Y43.057000 Z-0.200000
G01 X248.506000 Y36.339000 Z-0.200000
G01 X245.405000 Y36.339000 Z-0.200000
G01 X246.508000 Y43.057000 Z-0.200000
G01 X243.338000 Y43.057000 Z-0.200000
G00 Z5.000000

(End cutting path id: path350636)


(Start cutting path id: path306007)
(Change tool to Default tool)

G00 Z5.000000
G00 X243.338000 Y43.057000

G01 Z-0.200000 F100.0(Penetrate)
G01 X242.236000 Y36.339000 Z-0.200000 F800.000000
G01 X238.205000 Y36.339000 Z-0.200000
G01 X238.205000 Y32.532000 Z-0.200000
G01 X241.599000 Y32.532000 Z-0.200000
G01 X240.755000 Y27.451000 Z-0.200000
G01 X238.205000 Y27.451000 Z-0.200000
G01 X238.205000 Y23.661000 Z-0.200000
G01 X240.117000 Y23.661000 Z-0.200000
G01 X240.117000 Y23.661000 Z-0.200000
G01 X239.015000 Y16.943000 Z-0.200000
G01 X242.201000 Y16.943000 Z-0.200000
G01 X243.321000 Y23.661000 Z-0.200000
G01 X246.456000 Y23.661000 Z-0.200000
G01 X245.354000 Y16.943000 Z-0.200000
G01 X248.506000 Y16.943000 Z-0.200000
G01 X249.643000 Y23.661000 Z-0.200000
G01 X253.708000 Y23.661000 Z-0.200000
G01 X253.708000 Y27.451000 Z-0.200000
G01 X250.263000 Y27.451000 Z-0.200000
G01 X251.124000 Y32.532000 Z-0.200000
G01 X253.708000 Y32.532000 Z-0.200000
G01 X253.708000 Y36.339000 Z-0.200000
G01 X251.744000 Y36.339000 Z-0.200000
G01 X252.881000 Y43.057000 Z-0.200000
G01 X249.608000 Y43.057000 Z-0.200000
G01 X248.506000 Y36.339000 Z-0.200000
G01 X245.405000 Y36.339000 Z-0.200000
G01 X246.508000 Y43.057000 Z-0.200000
G01 X243.338000 Y43.057000 Z-0.200000
G00 Z5.000000

(End cutting path id: path306007)


(Start cutting path id: path306005)
(Change tool to Default tool)

G00 Z5.000000
G00 X243.338000 Y43.057000

G01 Z-0.200000 F100.0(Penetrate)
G01 X242.236000 Y36.339000 Z-0.200000 F800.000000
G01 X238.205000 Y36.339000 Z-0.200000
G01 X238.205000 Y32.532000 Z-0.200000
G01 X241.599000 Y32.532000 Z-0.200000
G01 X240.755000 Y27.451000 Z-0.200000
G01 X238.205000 Y27.451000 Z-0.200000
G01 X238.205000 Y23.661000 Z-0.200000
G01 X240.117000 Y23.661000 Z-0.200000
G01 X240.117000 Y23.661000 Z-0.200000
G01 X239.015000 Y16.943000 Z-0.200000
G01 X242.201000 Y16.943000 Z-0.200000
G01 X243.321000 Y23.661000 Z-0.200000
G01 X246.456000 Y23.661000 Z-0.200000
G01 X245.354000 Y16.943000 Z-0.200000
G01 X248.506000 Y16.943000 Z-0.200000
G01 X249.643000 Y23.661000 Z-0.200000
G01 X253.708000 Y23.661000 Z-0.200000
G01 X253.708000 Y27.451000 Z-0.200000
G01 X250.263000 Y27.451000 Z-0.200000
G01 X251.124000 Y32.532000 Z-0.200000
G01 X253.708000 Y32.532000 Z-0.200000
G01 X253.708000 Y36.339000 Z-0.200000
G01 X251.744000 Y36.339000 Z-0.200000
G01 X252.881000 Y43.057000 Z-0.200000
G01 X249.608000 Y43.057000 Z-0.200000
G01 X248.506000 Y36.339000 Z-0.200000
G01 X245.405000 Y36.339000 Z-0.200000
G01 X246.508000 Y43.057000 Z-0.200000
G01 X243.338000 Y43.057000 Z-0.200000
G00 Z5.000000

(End cutting path id: path306005)


(Start cutting path id: path306003)
(Change tool to Default tool)

G00 Z5.000000
G00 X243.338000 Y43.057000

G01 Z-0.200000 F100.0(Penetrate)
G01 X242.236000 Y36.339000 Z-0.200000 F800.000000
G01 X238.205000 Y36.339000 Z-0.200000
G01 X238.205000 Y32.532000 Z-0.200000
G01 X241.599000 Y32.532000 Z-0.200000
G01 X240.755000 Y27.451000 Z-0.200000
G01 X238.205000 Y27.451000 Z-0.200000
G01 X238.205000 Y23.661000 Z-0.200000
G01 X240.117000 Y23.661000 Z-0.200000
G01 X240.117000 Y23.661000 Z-0.200000
G01 X239.015000 Y16.943000 Z-0.200000
G01 X242.201000 Y16.943000 Z-0.200000
G01 X243.321000 Y23.661000 Z-0.200000
G01 X246.456000 Y23.661000 Z-0.200000
G01 X245.354000 Y16.943000 Z-0.200000
G01 X248.506000 Y16.943000 Z-0.200000
G01 X249.643000 Y23.661000 Z-0.200000
G01 X253.708000 Y23.661000 Z-0.200000
G01 X253.708000 Y27.451000 Z-0.200000
G01 X250.263000 Y27.451000 Z-0.200000
G01 X251.124000 Y32.532000 Z-0.200000
G01 X253.708000 Y32.532000 Z-0.200000
G01 X253.708000 Y36.339000 Z-0.200000
G01 X251.744000 Y36.339000 Z-0.200000
G01 X252.881000 Y43.057000 Z-0.200000
G01 X249.608000 Y43.057000 Z-0.200000
G01 X248.506000 Y36.339000 Z-0.200000
G01 X245.405000 Y36.339000 Z-0.200000
G01 X246.508000 Y43.057000 Z-0.200000
G01 X243.338000 Y43.057000 Z-0.200000
G00 Z5.000000

(End cutting path id: path306003)


(Start cutting path id: path350626)
(Change tool to Default tool)

G00 Z5.000000
G00 X250.191410 Y36.031250

G01 Z-0.200000 F100.0(Penetrate)
G02 X249.605297 Y35.013248 Z-0.200000 I-1.712642 J0.308323 F800.000000
G02 X248.505860 Y34.599610 Z-0.200000 I-1.126529 J1.326325
G01 X245.404300 Y34.599610 Z-0.200000
G02 X244.406932 Y35.037437 Z-0.200000 I0.165654 J1.732271
G02 X243.865230 Y35.982420 Z-0.200000 I1.163021 J1.294445
G02 X243.288002 Y35.011576 Z-0.200000 I-1.703419 J0.355768
G02 X242.236330 Y34.599610 Z-0.200000 I-1.126191 J1.326612
G01 X239.945310 Y34.599610 Z-0.200000
G01 X239.945310 Y34.271480 Z-0.200000
G01 X241.599610 Y34.271480 Z-0.200000
G02 X242.631629 Y33.887519 Z-0.200000 I-0.059614 J-1.739153
G02 X243.226560 Y32.960940 Z-0.200000 I-1.091633 J-1.355191
G02 X243.787076 Y33.863135 Z-0.200000 I1.687873 J-0.423426
G02 X244.767580 Y34.271480 Z-0.200000 I1.127357 J-1.325621
G01 X247.902340 Y34.271480 Z-0.200000
G02 X248.945087 Y33.875492 Z-0.200000 I-0.063832 J-1.739003
G02 X249.533200 Y32.927730 Z-0.200000 I-1.106579 J-1.343015
G02 X250.105044 Y33.863542 Z-0.200000 I1.695161 J-0.393234
G02 X251.123050 Y34.271480 Z-0.200000 I1.123317 J-1.329046
G01 X251.968750 Y34.271480 Z-0.200000
G01 X251.968750 Y34.599610 Z-0.200000
G01 X251.744140 Y34.599610 Z-0.200000
G02 X250.725754 Y35.052938 Z-0.200000 I0.161205 J1.732691
G02 X250.191410 Y36.031250 Z-0.200000 I1.179591 J1.279363
G01 X250.191410 Y36.031250 Z-0.200000
G00 Z5.000000

(End cutting path id: path350626)


(Start cutting path id: path305993)
(Change tool to Default tool)

G00 Z5.000000
G00 X250.191410 Y36.031250

G01 Z-0.200000 F100.0(Penetrate)
G02 X249.605297 Y35.013248 Z-0.200000 I-1.712642 J0.308323 F800.000000
G02 X248.505860 Y34.599610 Z-0.200000 I-1.126529 J1.326325
G01 X245.404300 Y34.599610 Z-0.200000
G02 X244.406932 Y35.037437 Z-0.200000 I0.165654 J1.732271
G02 X243.865230 Y35.982420 Z-0.200000 I1.163021 J1.294445
G02 X243.288002 Y35.011576 Z-0.200000 I-1.703419 J0.355768
G02 X242.236330 Y34.599610 Z-0.200000 I-1.126191 J1.326612
G01 X239.945310 Y34.599610 Z-0.200000
G01 X239.945310 Y34.271480 Z-0.200000
G01 X241.599610 Y34.271480 Z-0.200000
G02 X242.631629 Y33.887519 Z-0.200000 I-0.059614 J-1.739153
G02 X243.226560 Y32.960940 Z-0.200000 I-1.091633 J-1.355191
G02 X243.787076 Y33.863135 Z-0.200000 I1.687873 J-0.423426
G02 X244.767580 Y34.271480 Z-0.200000 I1.127357 J-1.325621
G01 X247.902340 Y34.271480 Z-0.200000
G02 X248.945087 Y33.875492 Z-0.200000 I-0.063832 J-1.739003
G02 X249.533200 Y32.927730 Z-0.200000 I-1.106579 J-1.343015
G02 X250.105044 Y33.863542 Z-0.200000 I1.695161 J-0.393234
G02 X251.123050 Y34.271480 Z-0.200000 I1.123317 J-1.329046
G01 X251.968750 Y34.271480 Z-0.200000
G01 X251.968750 Y34.599610 Z-0.200000
G01 X251.744140 Y34.599610 Z-0.200000
G02 X250.725754 Y35.052938 Z-0.200000 I0.161205 J1.732691
G02 X250.191410 Y36.031250 Z-0.200000 I1.179591 J1.279363
G01 X250.191410 Y36.031250 Z-0.200000
G00 Z5.000000

(End cutting path id: path305993)


(Start cutting path id: path350628)
(Change tool to Default tool)

G00 Z5.000000
G00 X250.062500 Y35.681640

G01 Z-0.200000 F100.0(Penetrate)
G02 X249.467808 Y34.804333 Z-0.200000 I-1.876667 J0.631907 F800.000000
G02 X248.505860 Y34.359380 Z-0.200000 I-1.281974 J1.509214
G01 X248.416060 Y34.359380 Z-0.200000
G02 X249.180645 Y33.984052 Z-0.200000 I-0.469883 J-1.923641
G02 X249.716840 Y33.322270 Z-0.200000 I-1.234468 J-1.548313
G02 X250.273258 Y34.090442 Z-0.200000 I1.835227 J-0.743724
G02 X251.123090 Y34.511720 Z-0.200000 I1.278809 J-1.511897
G01 X251.416060 Y34.511720 Z-0.200000
G02 X250.599645 Y34.935109 Z-0.200000 I0.478497 J1.921516
G02 X250.062540 Y35.681640 Z-0.200000 I1.294912 J1.498128
G01 X250.062500 Y35.681640 Z-0.200000
G00 Z5.000000

(End cutting path id: path350628)


(Start cutting path id: path305995)
(Change tool to Default tool)

G00 Z5.000000
G00 X250.062500 Y35.681640

G01 Z-0.200000 F100.0(Penetrate)
G02 X249.467808 Y34.804333 Z-0.200000 I-1.876667 J0.631907 F800.000000
G02 X248.505860 Y34.359380 Z-0.200000 I-1.281974 J1.509214
G01 X248.416060 Y34.359380 Z-0.200000
G02 X249.180645 Y33.984052 Z-0.200000 I-0.469883 J-1.923641
G02 X249.716840 Y33.322270 Z-0.200000 I-1.234468 J-1.548313
G02 X250.273258 Y34.090442 Z-0.200000 I1.835227 J-0.743724
G02 X251.123090 Y34.511720 Z-0.200000 I1.278809 J-1.511897
G01 X251.416060 Y34.511720 Z-0.200000
G02 X250.599645 Y34.935109 Z-0.200000 I0.478497 J1.921516
G02 X250.062540 Y35.681640 Z-0.200000 I1.294912 J1.498128
G01 X250.062500 Y35.681640 Z-0.200000
G00 Z5.000000

(End cutting path id: path305995)


(Start cutting path id: path350630)
(Change tool to Default tool)

G00 Z5.000000
G00 X249.931640 Y35.330080

G01 Z-0.200000 F100.0(Penetrate)
G02 X249.485158 Y34.812391 Z-0.200000 I-1.884496 J1.173908 F800.000000
G02 X248.902340 Y34.455080 Z-0.200000 I-1.438014 J1.691597
G02 X249.398503 Y34.095157 Z-0.200000 I-1.043123 J-1.959918
G02 X249.777340 Y33.613280 Z-0.200000 I-1.539286 J-1.599995
G02 X250.243280 Y34.159977 Z-0.200000 I1.900484 J-1.147844
G02 X250.859380 Y34.529300 Z-0.200000 I1.434544 J-1.694541
G02 X250.339163 Y34.864409 Z-0.200000 I0.930497 J2.015828
G02 X249.931640 Y35.330080 Z-0.200000 I1.450714 J1.680718
G01 X249.931640 Y35.330080 Z-0.200000
G00 Z5.000000

(End cutting path id: path350630)


(Start cutting path id: path305997)
(Change tool to Default tool)

G00 Z5.000000
G00 X249.931640 Y35.330080

G01 Z-0.200000 F100.0(Penetrate)
G02 X249.485158 Y34.812391 Z-0.200000 I-1.884496 J1.173908 F800.000000
G02 X248.902340 Y34.455080 Z-0.200000 I-1.438014 J1.691597
G02 X249.398503 Y34.095157 Z-0.200000 I-1.043123 J-1.959918
G02 X249.777340 Y33.613280 Z-0.200000 I-1.539286 J-1.599995
G02 X250.243280 Y34.159977 Z-0.200000 I1.900484 J-1.147844
G02 X250.859380 Y34.529300 Z-0.200000 I1.434544 J-1.694541
G02 X250.339163 Y34.864409 Z-0.200000 I0.930497 J2.015828
G02 X249.931640 Y35.330080 Z-0.200000 I1.450714 J1.680718
G01 X249.931640 Y35.330080 Z-0.200000
G00 Z5.000000

(End cutting path id: path305997)


(Start cutting path id: path350632)
(Change tool to Default tool)

G00 Z5.000000
G00 X249.802730 Y34.980470

G01 Z-0.200000 F100.0(Penetrate)
G02 X249.560964 Y34.744027 Z-0.200000 I-1.837003 J1.636530 F800.000000
G02 X249.289060 Y34.542970 Z-0.200000 I-1.595238 J1.872973
G02 X249.589098 Y34.246113 Z-0.200000 I-1.573965 J-1.890885
G02 X249.833980 Y33.902340 Z-0.200000 I-1.874003 J-1.594027
G02 X250.139324 Y34.210873 Z-0.200000 I1.894526 J-1.569580
G02 X250.494140 Y34.460940 Z-0.200000 I1.589182 J-1.878114
G02 X250.125427 Y34.690085 Z-0.200000 I1.109205 J2.196013
G02 X249.802730 Y34.980470 Z-0.200000 I1.477918 J1.966868
G01 X249.802730 Y34.980470 Z-0.200000
G00 Z5.000000

(End cutting path id: path350632)


(Start cutting path id: path305999)
(Change tool to Default tool)

G00 Z5.000000
G00 X249.802730 Y34.980470

G01 Z-0.200000 F100.0(Penetrate)
G02 X249.560964 Y34.744027 Z-0.200000 I-1.837003 J1.636530 F800.000000
G02 X249.289060 Y34.542970 Z-0.200000 I-1.595238 J1.872973
G02 X249.589098 Y34.246113 Z-0.200000 I-1.573965 J-1.890885
G02 X249.833980 Y33.902340 Z-0.200000 I-1.874003 J-1.594027
G02 X250.139324 Y34.210873 Z-0.200000 I1.894526 J-1.569580
G02 X250.494140 Y34.460940 Z-0.200000 I1.589182 J-1.878114
G02 X250.125427 Y34.690085 Z-0.200000 I1.109205 J2.196013
G02 X249.802730 Y34.980470 Z-0.200000 I1.477918 J1.966868
G01 X249.802730 Y34.980470 Z-0.200000
G00 Z5.000000

(End cutting path id: path305999)


(Start cutting path id: path350634)
(Change tool to Default tool)

G00 Z5.000000
G00 X249.671880 Y34.628910

G01 Z-0.200000 F100.0(Penetrate)
G02 X249.627395 Y34.590320 Z-0.200000 I-1.791579 J2.020322 F800.000000
G02 X249.582080 Y34.552710 Z-0.200000 I-1.747095 J2.058912
G02 X249.744407 Y34.377892 Z-0.200000 I-1.895669 J-1.922992
G02 X249.890670 Y34.189430 Z-0.200000 I-2.057995 J-1.748174
G02 X250.005982 Y34.292424 Z-0.200000 I1.855701 J-1.961589
G02 X250.127000 Y34.388650 Z-0.200000 I1.740389 J-2.064583
G02 X249.893729 Y34.497905 Z-0.200000 I1.027367 J2.497194
G02 X249.671930 Y34.628890 Z-0.200000 I1.260638 J2.387939
G01 X249.671880 Y34.628910 Z-0.200000
G00 Z5.000000

(End cutting path id: path350634)


(Start cutting path id: path306001)
(Change tool to Default tool)

G00 Z5.000000
G00 X249.671880 Y34.628910

G01 Z-0.200000 F100.0(Penetrate)
G02 X249.627395 Y34.590320 Z-0.200000 I-1.791579 J2.020322 F800.000000
G02 X249.582080 Y34.552710 Z-0.200000 I-1.747095 J2.058912
G02 X249.744407 Y34.377892 Z-0.200000 I-1.895669 J-1.922992
G02 X249.890670 Y34.189430 Z-0.200000 I-2.057995 J-1.748174
G02 X250.005982 Y34.292424 Z-0.200000 I1.855701 J-1.961589
G02 X250.127000 Y34.388650 Z-0.200000 I1.740389 J-2.064583
G02 X249.893729 Y34.497905 Z-0.200000 I1.027367 J2.497194
G02 X249.671930 Y34.628890 Z-0.200000 I1.260638 J2.387939
G01 X249.671880 Y34.628910 Z-0.200000
G00 Z5.000000

(End cutting path id: path306001)


(Start cutting path id: path350600)
(Change tool to Default tool)

G00 Z5.000000
G00 X258.339840 Y38.806640

G01 Z-0.200000 F100.0(Penetrate)
G03 X258.018302 Y38.235654 Z-0.200000 I4.962009 J-3.170274 F800.000000
G03 X257.691410 Y37.421880 Z-0.200000 I5.235327 J-2.575565
G02 X257.967358 Y38.134887 Z-0.200000 I10.022008 J-3.468823
G02 X258.339840 Y38.806640 Z-0.200000 I3.501604 J-1.502465
G01 X258.339840 Y38.806640 Z-0.200000
G00 Z5.000000

(End cutting path id: path350600)


(Start cutting path id: path305965)
(Change tool to Default tool)

G00 Z5.000000
G00 X258.339840 Y38.806640

G01 Z-0.200000 F100.0(Penetrate)
G03 X258.018302 Y38.235654 Z-0.200000 I4.962009 J-3.170274 F800.000000
G03 X257.691410 Y37.421880 Z-0.200000 I5.235327 J-2.575565
G02 X257.967358 Y38.134887 Z-0.200000 I10.022008 J-3.468823
G02 X258.339840 Y38.806640 Z-0.200000 I3.501604 J-1.502465
G01 X258.339840 Y38.806640 Z-0.200000
G00 Z5.000000

(End cutting path id: path305965)


(Start cutting path id: path350600)
(Change tool to Default tool)

G00 Z5.000000
G00 X262.113280 Y40.750000

G01 Z-0.200000 F100.0(Penetrate)
G03 X260.049097 Y40.365738 Z-0.200000 I-0.000000 J-5.736327 F800.000000
G03 X258.769530 Y39.529300 Z-0.200000 I1.314103 J-3.407239
G02 X258.768733 Y39.528499 Z-0.200000 I-0.076490 J0.075348
G03 X258.767530 Y39.527300 Z-0.200000 I0.398799 J-0.401202
G03 X258.582879 Y39.248111 Z-0.200000 I0.638016 J-0.622632
G02 X258.396430 Y38.902300 Z-0.200000 I-1.833929 J0.765619
G02 X259.997602 Y40.235460 Z-0.200000 I3.462031 J-2.529909
G02 X262.011670 Y40.695270 Z-0.200000 I2.014068 J-4.181125
G02 X263.885262 Y40.310259 Z-0.200000 I0.000000 J-4.751264
G02 X265.445260 Y39.177690 Z-0.200000 I-1.721531 J-4.011886
G02 X266.373736 Y37.467759 Z-0.200000 I-3.309898 J-2.904285
G02 X266.660110 Y35.499960 Z-0.200000 I-7.373395 J-2.077788
G02 X266.679323 Y35.626357 Z-0.200000 I0.501148 J-0.011521
G03 X266.697210 Y35.753870 Z-0.200000 I-0.445580 J0.127513
G03 X266.372974 Y37.709417 Z-0.200000 I-6.059313 J-0.000000
G03 X265.462830 Y39.392540 Z-0.200000 I-5.444541 J-1.856480
G03 X264.297973 Y40.295212 Z-0.200000 I-2.358681 J-1.840837
G03 X262.113220 Y40.749960 Z-0.200000 I-2.184753 J-5.020747
G01 X262.113280 Y40.750000 Z-0.200000
G00 Z5.000000

(End cutting path id: path350600)


(Start cutting path id: path305965)
(Change tool to Default tool)

G00 Z5.000000
G00 X262.113280 Y40.750000

G01 Z-0.200000 F100.0(Penetrate)
G03 X260.049097 Y40.365738 Z-0.200000 I-0.000000 J-5.736327 F800.000000
G03 X258.769530 Y39.529300 Z-0.200000 I1.314103 J-3.407239
G02 X258.768733 Y39.528499 Z-0.200000 I-0.076490 J0.075348
G03 X258.767530 Y39.527300 Z-0.200000 I0.398799 J-0.401202
G03 X258.582879 Y39.248111 Z-0.200000 I0.638016 J-0.622632
G02 X258.396430 Y38.902300 Z-0.200000 I-1.833929 J0.765619
G02 X259.997602 Y40.235460 Z-0.200000 I3.462031 J-2.529909
G02 X262.011670 Y40.695270 Z-0.200000 I2.014068 J-4.181125
G02 X263.885262 Y40.310259 Z-0.200000 I0.000000 J-4.751264
G02 X265.445260 Y39.177690 Z-0.200000 I-1.721531 J-4.011886
G02 X266.373736 Y37.467759 Z-0.200000 I-3.309898 J-2.904285
G02 X266.660110 Y35.499960 Z-0.200000 I-7.373395 J-2.077788
G02 X266.679323 Y35.626357 Z-0.200000 I0.501148 J-0.011521
G03 X266.697210 Y35.753870 Z-0.200000 I-0.445580 J0.127513
G03 X266.372974 Y37.709417 Z-0.200000 I-6.059313 J-0.000000
G03 X265.462830 Y39.392540 Z-0.200000 I-5.444541 J-1.856480
G03 X264.297973 Y40.295212 Z-0.200000 I-2.358681 J-1.840837
G03 X262.113220 Y40.749960 Z-0.200000 I-2.184753 J-5.020747
G01 X262.113280 Y40.750000 Z-0.200000
G00 Z5.000000

(End cutting path id: path305965)


(Start cutting path id: path350598)
(Change tool to Default tool)

G00 Z5.000000
G00 X262.113280 Y40.990230

G01 Z-0.200000 F100.0(Penetrate)
G03 X259.965314 Y40.591057 Z-0.200000 I0.000000 J-5.978729 F800.000000
G03 X258.599610 Y39.699220 Z-0.200000 I1.398903 J-3.633791
G03 X257.937934 Y38.699813 Z-0.200000 I2.269430 J-2.221259
G03 X257.306640 Y36.751950 Z-0.200000 I11.602202 J-4.836456
G01 X257.701170 Y36.703150 Z-0.200000
G02 X258.043323 Y37.785674 Z-0.200000 I7.556068 J-1.792910
G02 X258.570310 Y38.746120 Z-0.200000 I4.162712 J-1.659239
G02 X260.085155 Y40.015601 Z-0.200000 I3.254549 J-2.345028
G02 X262.011720 Y40.455110 Z-0.200000 I1.926565 J-4.002743
G02 X263.792456 Y40.089135 Z-0.200000 I-0.000000 J-4.515274
G02 X265.265620 Y39.019560 Z-0.200000 I-1.626115 J-3.789016
G02 X266.166663 Y37.354285 Z-0.200000 I-3.200098 J-2.807906
G02 X266.437500 Y35.373080 Z-0.200000 I-7.110958 J-1.981205
G02 X266.149907 Y33.376470 Z-0.200000 I-7.074500 J0.000000
G02 X265.308590 Y31.423860 Z-0.200000 I-8.468946 J2.491441
G02 X264.355001 Y30.033174 Z-0.200000 I-9.135004 J5.241560
G02 X261.888670 Y27.111360 Z-0.200000 I-74.766739 J60.609498
G02 X261.886672 Y27.109358 Z-0.200000 I-1.232487 J1.228487
G02 X261.884670 Y27.107360 Z-0.200000 I-1.230489 J1.230489
G03 X258.802327 Y23.282262 Z-0.200000 I39.923480 J-35.325629
G03 X257.677630 Y21.439390 Z-0.200000 I10.350941 J-7.581767
G01 X257.677630 Y21.437390 Z-0.200000
G01 X257.675630 Y21.435390 Z-0.200000
G03 X257.287131 Y20.282138 Z-0.200000 I4.036069 J-2.001706
G02 X257.023290 Y19.113120 Z-0.200000 I-18.101964 J3.471227
G01 X266.937350 Y19.113120 Z-0.200000
G01 X266.937350 Y20.130700 Z-0.200000
G01 X260.786960 Y20.130700 Z-0.200000
G02 X259.948877 Y20.346725 Z-0.200000 I0.001666 J1.740173
G02 X259.318513 Y20.939760 Z-0.200000 I0.839749 J1.524148
G02 X259.051792 Y21.763112 Z-0.200000 I1.470113 J0.931114
G02 X259.214690 Y22.613120 Z-0.200000 I1.736834 J0.107761
G02 X259.645260 Y23.414689 Z-0.200000 I7.984601 J-3.772572
G02 X260.189300 Y24.234220 Z-0.200000 I10.122486 J-6.129400
G02 X260.197053 Y24.245952 Z-0.200000 I1.455665 J-0.953543
G02 X260.204900 Y24.257620 Z-0.200000 I1.447912 J-0.965275
G02 X260.873379 Y25.090599 Z-0.200000 I13.036192 J-9.777033
G02 X262.724430 Y27.210750 Z-0.200000 I122.943002 J-105.470335
G02 X262.726428 Y27.212752 Z-0.200000 I1.232487 J-1.228487
G02 X262.728430 Y27.214750 Z-0.200000 I1.230489 J-1.230489
G03 X264.653904 Y29.525115 Z-0.200000 I-31.974813 J28.605565
G03 X265.456940 Y30.699130 Z-0.200000 I-9.401007 J7.292014
G01 X265.456940 Y30.701130 Z-0.200000
G03 X266.151133 Y32.049932 Z-0.200000 I-10.818590 J6.421085
G03 X266.572180 Y33.216760 Z-0.200000 I-8.270097 J3.643626
G02 X266.574166 Y33.223614 Z-0.200000 I1.672416 J-0.480863
G02 X266.576180 Y33.230460 Z-0.200000 I1.670430 J-0.487717
G03 X266.845120 Y34.464716 Z-0.200000 I-8.487152 J2.495751
G03 X266.937510 Y35.753900 Z-0.200000 I-8.948285 J1.289184
G03 X266.600649 Y37.786889 Z-0.200000 I-6.303078 J0.000000
G03 X265.652350 Y39.541010 Z-0.200000 I-5.670868 J-1.932349
G02 X265.651350 Y39.541010 Z-0.200000 I-0.000999 J1.740174
G02 X265.650350 Y39.541010 Z-0.200000 I-0.000001 J1.740174
G03 X264.392675 Y40.515678 Z-0.200000 I-2.547068 J-1.987878
G03 X262.113240 Y40.990220 Z-0.200000 I-2.279435 J-5.237296
G01 X262.113280 Y40.990230 Z-0.200000
G00 Z5.000000

(End cutting path id: path350598)


(Start cutting path id: path305963)
(Change tool to Default tool)

G00 Z5.000000
G00 X262.113280 Y40.990230

G01 Z-0.200000 F100.0(Penetrate)
G03 X259.965314 Y40.591057 Z-0.200000 I0.000000 J-5.978729 F800.000000
G03 X258.599610 Y39.699220 Z-0.200000 I1.398903 J-3.633791
G03 X257.937934 Y38.699813 Z-0.200000 I2.269430 J-2.221259
G03 X257.306640 Y36.751950 Z-0.200000 I11.602202 J-4.836456
G01 X257.701170 Y36.703150 Z-0.200000
G02 X258.043323 Y37.785674 Z-0.200000 I7.556068 J-1.792910
G02 X258.570310 Y38.746120 Z-0.200000 I4.162712 J-1.659239
G02 X260.085155 Y40.015601 Z-0.200000 I3.254549 J-2.345028
G02 X262.011720 Y40.455110 Z-0.200000 I1.926565 J-4.002743
G02 X263.792456 Y40.089135 Z-0.200000 I-0.000000 J-4.515274
G02 X265.265620 Y39.019560 Z-0.200000 I-1.626115 J-3.789016
G02 X266.166663 Y37.354285 Z-0.200000 I-3.200098 J-2.807906
G02 X266.437500 Y35.373080 Z-0.200000 I-7.110958 J-1.981205
G02 X266.149907 Y33.376470 Z-0.200000 I-7.074500 J0.000000
G02 X265.308590 Y31.423860 Z-0.200000 I-8.468946 J2.491441
G02 X264.355001 Y30.033174 Z-0.200000 I-9.135004 J5.241560
G02 X261.888670 Y27.111360 Z-0.200000 I-74.766739 J60.609498
G02 X261.886672 Y27.109358 Z-0.200000 I-1.232487 J1.228487
G02 X261.884670 Y27.107360 Z-0.200000 I-1.230489 J1.230489
G03 X258.802327 Y23.282262 Z-0.200000 I39.923480 J-35.325629
G03 X257.677630 Y21.439390 Z-0.200000 I10.350941 J-7.581767
G01 X257.677630 Y21.437390 Z-0.200000
G01 X257.675630 Y21.435390 Z-0.200000
G03 X257.287131 Y20.282138 Z-0.200000 I4.036069 J-2.001706
G02 X257.023290 Y19.113120 Z-0.200000 I-18.101964 J3.471227
G01 X266.937350 Y19.113120 Z-0.200000
G01 X266.937350 Y20.130700 Z-0.200000
G01 X260.786960 Y20.130700 Z-0.200000
G02 X259.948877 Y20.346725 Z-0.200000 I0.001666 J1.740173
G02 X259.318513 Y20.939760 Z-0.200000 I0.839749 J1.524148
G02 X259.051792 Y21.763112 Z-0.200000 I1.470113 J0.931114
G02 X259.214690 Y22.613120 Z-0.200000 I1.736834 J0.107761
G02 X259.645260 Y23.414689 Z-0.200000 I7.984601 J-3.772572
G02 X260.189300 Y24.234220 Z-0.200000 I10.122486 J-6.129400
G02 X260.197053 Y24.245952 Z-0.200000 I1.455665 J-0.953543
G02 X260.204900 Y24.257620 Z-0.200000 I1.447912 J-0.965275
G02 X260.873379 Y25.090599 Z-0.200000 I13.036192 J-9.777033
G02 X262.724430 Y27.210750 Z-0.200000 I122.943002 J-105.470335
G02 X262.726428 Y27.212752 Z-0.200000 I1.232487 J-1.228487
G02 X262.728430 Y27.214750 Z-0.200000 I1.230489 J-1.230489
G03 X264.653904 Y29.525115 Z-0.200000 I-31.974813 J28.605565
G03 X265.456940 Y30.699130 Z-0.200000 I-9.401007 J7.292014
G01 X265.456940 Y30.701130 Z-0.200000
G03 X266.151133 Y32.049932 Z-0.200000 I-10.818590 J6.421085
G03 X266.572180 Y33.216760 Z-0.200000 I-8.270097 J3.643626
G02 X266.574166 Y33.223614 Z-0.200000 I1.672416 J-0.480863
G02 X266.576180 Y33.230460 Z-0.200000 I1.670430 J-0.487717
G03 X266.845120 Y34.464716 Z-0.200000 I-8.487152 J2.495751
G03 X266.937510 Y35.753900 Z-0.200000 I-8.948285 J1.289184
G03 X266.600649 Y37.786889 Z-0.200000 I-6.303078 J0.000000
G03 X265.652350 Y39.541010 Z-0.200000 I-5.670868 J-1.932349
G02 X265.651350 Y39.541010 Z-0.200000 I-0.000999 J1.740174
G02 X265.650350 Y39.541010 Z-0.200000 I-0.000001 J1.740174
G03 X264.392675 Y40.515678 Z-0.200000 I-2.547068 J-1.987878
G03 X262.113240 Y40.990220 Z-0.200000 I-2.279435 J-5.237296
G01 X262.113280 Y40.990230 Z-0.200000
G00 Z5.000000

(End cutting path id: path305963)


(Start cutting path id: path350596)
(Change tool to Default tool)

G00 Z5.000000
G00 X262.113280 Y41.230470

G01 Z-0.200000 F100.0(Penetrate)
G03 X259.881882 Y40.815654 Z-0.200000 I-0.000000 J-6.209034 F800.000000
G03 X258.429690 Y39.867190 Z-0.200000 I1.488353 J-3.864770
G03 X257.688038 Y38.734746 Z-0.200000 I2.497322 J-2.444611
G03 X257.019530 Y36.544920 Z-0.200000 I11.988816 J-4.856885
G01 X257.904300 Y36.437500 Z-0.200000
G02 X258.237366 Y37.607691 Z-0.200000 I8.445834 J-1.771400
G02 X258.765620 Y38.607420 Z-0.200000 I3.856398 J-1.398283
G02 X260.187999 Y39.800162 Z-0.200000 I3.060371 J-2.205094
G02 X262.011720 Y40.216800 Z-0.200000 I1.823721 J-3.783111
G02 X263.698516 Y39.868818 Z-0.200000 I0.000000 J-4.262246
G02 X265.083980 Y38.861330 Z-0.200000 I-1.540534 J-3.574858
G02 X265.932027 Y37.297999 Z-0.200000 I-3.020062 J-2.649951
G02 X266.197270 Y35.373050 Z-0.200000 I-6.852362 J-1.924949
G02 X265.919953 Y33.444883 Z-0.200000 I-6.841866 J-0.000000
G02 X265.099610 Y31.541020 Z-0.200000 I-8.228890 J2.417025
G02 X264.182270 Y30.203035 Z-0.200000 I-8.822670 J5.065473
G02 X261.707030 Y27.269530 Z-0.200000 I-74.368451 J60.239768
G02 X261.706031 Y27.267529 Z-0.200000 I-1.342773 J0.668887
G02 X261.705030 Y27.265530 Z-0.200000 I-1.341775 J0.670888
G03 X258.617241 Y23.436703 Z-0.200000 I40.312466 J-35.669820
G03 X257.462840 Y21.546790 Z-0.200000 I10.562987 J-7.749632
G01 X257.462840 Y21.544790 Z-0.200000
G01 X257.460840 Y21.542790 Z-0.200000
G03 X257.006716 Y20.220612 Z-0.200000 I4.846382 J-2.403649
G02 X256.712790 Y18.872870 Z-0.200000 I-50.222725 J10.247024
G01 X267.177630 Y18.872870 Z-0.200000
G01 X267.177630 Y20.368960 Z-0.200000
G01 X260.787010 Y20.368960 Z-0.200000
G02 X260.063467 Y20.555069 Z-0.200000 I0.000160 J1.500150
G02 X259.519415 Y21.067084 Z-0.200000 I0.723704 J1.314041
G02 X259.289789 Y21.778015 Z-0.200000 I1.267756 J0.802026
G02 X259.431540 Y22.511540 Z-0.200000 I1.497382 J0.091094
G02 X259.849425 Y23.289883 Z-0.200000 I7.782551 J-3.677029
G02 X260.382710 Y24.093570 Z-0.200000 I9.879746 J-5.976911
G02 X260.389521 Y24.103347 Z-0.200000 I1.234302 J-0.852613
G02 X260.396410 Y24.113070 Z-0.200000 I1.227490 J-0.862391
G02 X261.047545 Y24.924299 Z-0.200000 I12.669941 J-9.502623
G02 X262.904230 Y27.050570 Z-0.200000 I124.344525 J-106.705358
G02 X262.906228 Y27.052572 Z-0.200000 I1.062764 J-1.058764
G02 X262.908230 Y27.054570 Z-0.200000 I1.060766 J-1.060766
G03 X264.838970 Y29.370272 Z-0.200000 I-32.240743 J28.843785
G03 X265.664090 Y30.576050 Z-0.200000 I-9.619997 J7.468218
G01 X265.664090 Y30.578050 Z-0.200000
G03 X266.370126 Y31.950570 Z-0.200000 I-10.969145 J6.510483
G03 X266.802760 Y33.150320 Z-0.200000 I-8.529724 J3.753724
G02 X266.804748 Y33.156174 Z-0.200000 I1.421474 J-0.479440
G02 X266.806760 Y33.162020 Z-0.200000 I1.419486 J-0.485294
G03 X267.083086 Y34.430508 Z-0.200000 I-8.715983 J2.563023
G03 X267.177850 Y35.753820 Z-0.200000 I-9.192203 J1.323312
G03 X266.827285 Y37.863206 Z-0.200000 I-6.521487 J0.000000
G03 X265.839960 Y39.687410 Z-0.200000 I-5.913908 J-2.021532
G03 X264.488115 Y40.735499 Z-0.200000 I-2.740402 J-2.138761
G03 X262.113400 Y41.230380 Z-0.200000 I-2.374715 J-5.450162
G01 X262.113280 Y41.230470 Z-0.200000
G00 Z5.000000

(End cutting path id: path350596)


(Start cutting path id: path305961)
(Change tool to Default tool)

G00 Z5.000000
G00 X262.113280 Y41.230470

G01 Z-0.200000 F100.0(Penetrate)
G03 X259.881882 Y40.815654 Z-0.200000 I-0.000000 J-6.209034 F800.000000
G03 X258.429690 Y39.867190 Z-0.200000 I1.488353 J-3.864770
G03 X257.688038 Y38.734746 Z-0.200000 I2.497322 J-2.444611
G03 X257.019530 Y36.544920 Z-0.200000 I11.988816 J-4.856885
G01 X257.904300 Y36.437500 Z-0.200000
G02 X258.237366 Y37.607691 Z-0.200000 I8.445834 J-1.771400
G02 X258.765620 Y38.607420 Z-0.200000 I3.856398 J-1.398283
G02 X260.187999 Y39.800162 Z-0.200000 I3.060371 J-2.205094
G02 X262.011720 Y40.216800 Z-0.200000 I1.823721 J-3.783111
G02 X263.698516 Y39.868818 Z-0.200000 I0.000000 J-4.262246
G02 X265.083980 Y38.861330 Z-0.200000 I-1.540534 J-3.574858
G02 X265.932027 Y37.297999 Z-0.200000 I-3.020062 J-2.649951
G02 X266.197270 Y35.373050 Z-0.200000 I-6.852362 J-1.924949
G02 X265.919953 Y33.444883 Z-0.200000 I-6.841866 J-0.000000
G02 X265.099610 Y31.541020 Z-0.200000 I-8.228890 J2.417025
G02 X264.182270 Y30.203035 Z-0.200000 I-8.822670 J5.065473
G02 X261.707030 Y27.269530 Z-0.200000 I-74.368451 J60.239768
G02 X261.706031 Y27.267529 Z-0.200000 I-1.342773 J0.668887
G02 X261.705030 Y27.265530 Z-0.200000 I-1.341775 J0.670888
G03 X258.617241 Y23.436703 Z-0.200000 I40.312466 J-35.669820
G03 X257.462840 Y21.546790 Z-0.200000 I10.562987 J-7.749632
G01 X257.462840 Y21.544790 Z-0.200000
G01 X257.460840 Y21.542790 Z-0.200000
G03 X257.006716 Y20.220612 Z-0.200000 I4.846382 J-2.403649
G02 X256.712790 Y18.872870 Z-0.200000 I-50.222725 J10.247024
G01 X267.177630 Y18.872870 Z-0.200000
G01 X267.177630 Y20.368960 Z-0.200000
G01 X260.787010 Y20.368960 Z-0.200000
G02 X260.063467 Y20.555069 Z-0.200000 I0.000160 J1.500150
G02 X259.519415 Y21.067084 Z-0.200000 I0.723704 J1.314041
G02 X259.289789 Y21.778015 Z-0.200000 I1.267756 J0.802026
G02 X259.431540 Y22.511540 Z-0.200000 I1.497382 J0.091094
G02 X259.849425 Y23.289883 Z-0.200000 I7.782551 J-3.677029
G02 X260.382710 Y24.093570 Z-0.200000 I9.879746 J-5.976911
G02 X260.389521 Y24.103347 Z-0.200000 I1.234302 J-0.852613
G02 X260.396410 Y24.113070 Z-0.200000 I1.227490 J-0.862391
G02 X261.047545 Y24.924299 Z-0.200000 I12.669941 J-9.502623
G02 X262.904230 Y27.050570 Z-0.200000 I124.344525 J-106.705358
G02 X262.906228 Y27.052572 Z-0.200000 I1.062764 J-1.058764
G02 X262.908230 Y27.054570 Z-0.200000 I1.060766 J-1.060766
G03 X264.838970 Y29.370272 Z-0.200000 I-32.240743 J28.843785
G03 X265.664090 Y30.576050 Z-0.200000 I-9.619997 J7.468218
G01 X265.664090 Y30.578050 Z-0.200000
G03 X266.370126 Y31.950570 Z-0.200000 I-10.969145 J6.510483
G03 X266.802760 Y33.150320 Z-0.200000 I-8.529724 J3.753724
G02 X266.804748 Y33.156174 Z-0.200000 I1.421474 J-0.479440
G02 X266.806760 Y33.162020 Z-0.200000 I1.419486 J-0.485294
G03 X267.083086 Y34.430508 Z-0.200000 I-8.715983 J2.563023
G03 X267.177850 Y35.753820 Z-0.200000 I-9.192203 J1.323312
G03 X266.827285 Y37.863206 Z-0.200000 I-6.521487 J0.000000
G03 X265.839960 Y39.687410 Z-0.200000 I-5.913908 J-2.021532
G03 X264.488115 Y40.735499 Z-0.200000 I-2.740402 J-2.138761
G03 X262.113400 Y41.230380 Z-0.200000 I-2.374715 J-5.450162
G01 X262.113280 Y41.230470 Z-0.200000
G00 Z5.000000

(End cutting path id: path305961)


(Start cutting path id: path350594)
(Change tool to Default tool)

G00 Z5.000000
G00 X262.113280 Y41.470700

G01 Z-0.200000 F100.0(Penetrate)
G03 X259.798831 Y41.042332 Z-0.200000 I-0.000000 J-6.466611 F800.000000
G03 X258.259770 Y40.039060 Z-0.200000 I1.564926 J-4.082788
G01 X258.257770 Y40.037060 Z-0.200000
G02 X258.256980 Y40.036267 Z-0.200000 I-0.074857 J0.073723
G03 X258.255770 Y40.035060 Z-0.200000 I0.398792 J-0.401209
G03 X257.433045 Y38.766936 Z-0.200000 I2.731928 J-2.673344
G03 X256.732330 Y36.337790 Z-0.200000 I12.312138 J-4.867217
G01 X258.107330 Y36.169820 Z-0.200000
G02 X258.432062 Y37.434051 Z-0.200000 I9.086427 J-1.660128
G02 X258.960850 Y38.466700 Z-0.200000 I3.655076 J-1.219941
G02 X260.290881 Y39.582750 Z-0.200000 I2.866186 J-2.065176
G02 X262.011630 Y39.976460 Z-0.200000 I1.720749 J-3.563503
G02 X263.605420 Y39.647577 Z-0.200000 I0.000000 J-4.026247
G02 X264.904210 Y38.703020 Z-0.200000 I-1.444930 J-3.352029
G02 X265.698250 Y37.241482 Z-0.200000 I-2.832432 J-2.485300
G02 X265.956940 Y35.372950 Z-0.200000 I-6.618903 J-1.868532
G02 X265.690323 Y33.515205 Z-0.200000 I-6.605545 J0.000000
G02 X264.892490 Y31.662010 Z-0.200000 I-7.990919 J2.341893
G02 X264.012655 Y30.376747 Z-0.200000 I-8.522689 J4.890479
G02 X261.527250 Y27.427630 Z-0.200000 I-72.631533 J58.689277
G02 X261.526251 Y27.426629 Z-0.200000 I-0.892043 J0.890043
G02 X261.525250 Y27.425630 Z-0.200000 I-0.891044 J0.891044
G03 X258.431015 Y23.588199 Z-0.200000 I40.334090 J-35.688780
G03 X257.247910 Y21.650240 Z-0.200000 I10.819839 J-7.935523
G03 X256.723515 Y20.161200 Z-0.200000 I5.817370 J-2.885562
G03 X256.398300 Y18.634620 Z-0.200000 I111.203897 J-24.488231
G01 X267.417830 Y18.634620 Z-0.200000
G01 X267.417830 Y20.609230 Z-0.200000
G01 X260.786970 Y20.609230 Z-0.200000
G02 X260.179551 Y20.765570 Z-0.200000 I0.000508 J1.260126
G02 X259.722744 Y21.195369 Z-0.200000 I0.607927 J1.103786
G02 X259.529720 Y21.792145 Z-0.200000 I1.064734 J0.673987
G02 X259.648300 Y22.408050 Z-0.200000 I1.257758 J0.077211
G02 X260.053468 Y23.164126 Z-0.200000 I7.672418 J-3.624913
G02 X260.576030 Y23.952970 Z-0.200000 I9.521806 J-5.740126
G02 X260.582848 Y23.960798 Z-0.200000 I0.953654 J-0.823688
G02 X260.589730 Y23.968570 Z-0.200000 I0.946836 J-0.831516
G02 X261.222878 Y24.758429 Z-0.200000 I12.573600 J-9.430257
G02 X263.083870 Y26.892400 Z-0.200000 I116.272405 J-99.520307
G02 X263.085869 Y26.893402 Z-0.200000 I0.565545 J-1.126089
G02 X263.087870 Y26.894400 Z-0.200000 I0.563545 J-1.127091
G03 X265.024408 Y29.217267 Z-0.200000 I-32.301045 J28.897544
G03 X265.871070 Y30.454950 Z-0.200000 I-9.861976 J7.654711
G01 X265.873070 Y30.458950 Z-0.200000
G03 X266.590727 Y31.853015 Z-0.200000 I-11.238255 J6.667147
G03 X267.035180 Y33.083950 Z-0.200000 I-8.699121 J3.836694
G02 X267.036170 Y33.088952 Z-0.200000 I1.236645 J-0.242129
G02 X267.037180 Y33.093950 Z-0.200000 I1.235655 J-0.247131
G03 X267.320896 Y34.396656 Z-0.200000 I-8.944978 J2.630375
G03 X267.418040 Y35.754110 Z-0.200000 I-9.435734 J1.357454
G03 X267.054866 Y37.940893 Z-0.200000 I-6.765242 J-0.000000
G03 X266.029370 Y39.836140 Z-0.200000 I-6.140247 J-2.097351
G03 X264.582705 Y40.957059 Z-0.200000 I-2.928526 J-2.285576
G03 X262.113350 Y41.470900 Z-0.200000 I-2.469355 J-5.676544
G01 X262.113280 Y41.470700 Z-0.200000
G00 Z5.000000

(End cutting path id: path350594)


(Start cutting path id: path305959)
(Change tool to Default tool)

G00 Z5.000000
G00 X262.113280 Y41.470700

G01 Z-0.200000 F100.0(Penetrate)
G03 X259.798831 Y41.042332 Z-0.200000 I-0.000000 J-6.466611 F800.000000
G03 X258.259770 Y40.039060 Z-0.200000 I1.564926 J-4.082788
G01 X258.257770 Y40.037060 Z-0.200000
G02 X258.256980 Y40.036267 Z-0.200000 I-0.074857 J0.073723
G03 X258.255770 Y40.035060 Z-0.200000 I0.398792 J-0.401209
G03 X257.433045 Y38.766936 Z-0.200000 I2.731928 J-2.673344
G03 X256.732330 Y36.337790 Z-0.200000 I12.312138 J-4.867217
G01 X258.107330 Y36.169820 Z-0.200000
G02 X258.432062 Y37.434051 Z-0.200000 I9.086427 J-1.660128
G02 X258.960850 Y38.466700 Z-0.200000 I3.655076 J-1.219941
G02 X260.290881 Y39.582750 Z-0.200000 I2.866186 J-2.065176
G02 X262.011630 Y39.976460 Z-0.200000 I1.720749 J-3.563503
G02 X263.605420 Y39.647577 Z-0.200000 I0.000000 J-4.026247
G02 X264.904210 Y38.703020 Z-0.200000 I-1.444930 J-3.352029
G02 X265.698250 Y37.241482 Z-0.200000 I-2.832432 J-2.485300
G02 X265.956940 Y35.372950 Z-0.200000 I-6.618903 J-1.868532
G02 X265.690323 Y33.515205 Z-0.200000 I-6.605545 J0.000000
G02 X264.892490 Y31.662010 Z-0.200000 I-7.990919 J2.341893
G02 X264.012655 Y30.376747 Z-0.200000 I-8.522689 J4.890479
G02 X261.527250 Y27.427630 Z-0.200000 I-72.631533 J58.689277
G02 X261.526251 Y27.426629 Z-0.200000 I-0.892043 J0.890043
G02 X261.525250 Y27.425630 Z-0.200000 I-0.891044 J0.891044
G03 X258.431015 Y23.588199 Z-0.200000 I40.334090 J-35.688780
G03 X257.247910 Y21.650240 Z-0.200000 I10.819839 J-7.935523
G03 X256.723515 Y20.161200 Z-0.200000 I5.817370 J-2.885562
G03 X256.398300 Y18.634620 Z-0.200000 I111.203897 J-24.488231
G01 X267.417830 Y18.634620 Z-0.200000
G01 X267.417830 Y20.609230 Z-0.200000
G01 X260.786970 Y20.609230 Z-0.200000
G02 X260.179551 Y20.765570 Z-0.200000 I0.000508 J1.260126
G02 X259.722744 Y21.195369 Z-0.200000 I0.607927 J1.103786
G02 X259.529720 Y21.792145 Z-0.200000 I1.064734 J0.673987
G02 X259.648300 Y22.408050 Z-0.200000 I1.257758 J0.077211
G02 X260.053468 Y23.164126 Z-0.200000 I7.672418 J-3.624913
G02 X260.576030 Y23.952970 Z-0.200000 I9.521806 J-5.740126
G02 X260.582848 Y23.960798 Z-0.200000 I0.953654 J-0.823688
G02 X260.589730 Y23.968570 Z-0.200000 I0.946836 J-0.831516
G02 X261.222878 Y24.758429 Z-0.200000 I12.573600 J-9.430257
G02 X263.083870 Y26.892400 Z-0.200000 I116.272405 J-99.520307
G02 X263.085869 Y26.893402 Z-0.200000 I0.565545 J-1.126089
G02 X263.087870 Y26.894400 Z-0.200000 I0.563545 J-1.127091
G03 X265.024408 Y29.217267 Z-0.200000 I-32.301045 J28.897544
G03 X265.871070 Y30.454950 Z-0.200000 I-9.861976 J7.654711
G01 X265.873070 Y30.458950 Z-0.200000
G03 X266.590727 Y31.853015 Z-0.200000 I-11.238255 J6.667147
G03 X267.035180 Y33.083950 Z-0.200000 I-8.699121 J3.836694
G02 X267.036170 Y33.088952 Z-0.200000 I1.236645 J-0.242129
G02 X267.037180 Y33.093950 Z-0.200000 I1.235655 J-0.247131
G03 X267.320896 Y34.396656 Z-0.200000 I-8.944978 J2.630375
G03 X267.418040 Y35.754110 Z-0.200000 I-9.435734 J1.357454
G03 X267.054866 Y37.940893 Z-0.200000 I-6.765242 J-0.000000
G03 X266.029370 Y39.836140 Z-0.200000 I-6.140247 J-2.097351
G03 X264.582705 Y40.957059 Z-0.200000 I-2.928526 J-2.285576
G03 X262.113350 Y41.470900 Z-0.200000 I-2.469355 J-5.676544
G01 X262.113280 Y41.470700 Z-0.200000
G00 Z5.000000

(End cutting path id: path305959)


(Start cutting path id: path350592)
(Change tool to Default tool)

G00 Z5.000000
G00 X262.113280 Y41.710940

G01 Z-0.200000 F100.0(Penetrate)
G03 X259.714841 Y41.267339 Z-0.200000 I0.000000 J-6.705675 F800.000000
G03 X258.087890 Y40.207030 Z-0.200000 I1.652010 J-4.313226
G02 X258.087178 Y40.206314 Z-0.200000 I-0.058920 J0.057868
G03 X258.085890 Y40.205030 Z-0.200000 I0.398715 J-0.401287
G01 X258.083890 Y40.203030 Z-0.200000
G03 X257.177494 Y38.796343 Z-0.200000 I2.977221 J-2.913728
G03 X256.447180 Y36.130770 Z-0.200000 I12.560873 J-4.874259
G01 X258.308500 Y35.904210 Z-0.200000
G02 X258.626088 Y37.268599 Z-0.200000 I9.451672 J-1.480901
G02 X259.154210 Y38.326080 Z-0.200000 I3.515544 J-1.095101
G02 X260.392912 Y39.365707 Z-0.200000 I2.670628 J-1.924256
G02 X262.011630 Y39.736240 Z-0.200000 I1.618718 J-3.350516
G02 X263.512332 Y39.426494 Z-0.200000 I0.000000 J-3.790285
G02 X264.724520 Y38.544830 Z-0.200000 I-1.349172 J-3.129100
G02 X265.465515 Y37.184936 Z-0.200000 I-2.651748 J-2.326743
G02 X265.718660 Y35.372960 Z-0.200000 I-6.358356 J-1.811976
G02 X265.461641 Y33.582713 Z-0.200000 I-6.363430 J-0.000000
G02 X264.683500 Y31.777250 Z-0.200000 I-7.766919 J2.277066
G02 X263.840711 Y30.545913 Z-0.200000 I-8.215769 J4.719194
G02 X261.347570 Y27.585850 Z-0.200000 I-71.901015 J58.029340
G02 X261.346571 Y27.584849 Z-0.200000 I-0.722320 J0.720320
G02 X261.345570 Y27.583850 Z-0.200000 I-0.721321 J0.721321
G03 X258.245807 Y23.742505 Z-0.200000 I40.720088 J-36.030307
G03 X257.033070 Y21.757680 Z-0.200000 I11.029408 J-8.101926
G03 X256.439693 Y20.101832 Z-0.200000 I6.776924 J-3.362768
G03 X256.087760 Y18.394400 Z-0.200000 I34.934386 J-8.090608
G01 X267.656120 Y18.394400 Z-0.200000
G01 X267.656120 Y20.849480 Z-0.200000
G01 X260.786980 Y20.849480 Z-0.200000
G02 X260.294885 Y20.975973 Z-0.200000 I-0.000087 J1.020102
G02 X259.924849 Y21.324157 Z-0.200000 I0.492008 J0.893609
G02 X259.768672 Y21.807651 Z-0.200000 I0.862044 J0.545425
G02 X259.865100 Y22.306510 Z-0.200000 I1.018220 J0.061931
G02 X260.258504 Y23.039366 Z-0.200000 I7.339669 J-3.467981
G02 X260.771350 Y23.812370 Z-0.200000 I9.485111 J-5.736233
G02 X260.776328 Y23.818239 Z-0.200000 I0.780432 J-0.656912
G02 X260.781350 Y23.824070 Z-0.200000 I0.775454 J-0.662781
G02 X261.396915 Y24.591883 Z-0.200000 I12.197780 J-9.148449
G02 X263.263770 Y26.732270 Z-0.200000 I117.465895 J-100.569940
G02 X263.264769 Y26.733271 Z-0.200000 I0.722320 J-0.720320
G02 X263.265770 Y26.734270 Z-0.200000 I0.721321 J-0.721321
G03 X265.207638 Y29.062574 Z-0.200000 I-32.565395 J29.134351
G03 X266.076320 Y30.331920 Z-0.200000 I-10.078097 J7.828901
G01 X266.078320 Y30.335920 Z-0.200000
G03 X266.808910 Y31.753681 Z-0.200000 I-11.507283 J6.826964
G03 X267.265820 Y33.017560 Z-0.200000 I-8.877155 J3.923749
G02 X267.266808 Y33.022562 Z-0.200000 I1.001280 J-0.195056
G02 X267.267820 Y33.027560 Z-0.200000 I1.000292 J-0.200058
G03 X267.557879 Y34.363547 Z-0.200000 I-9.090356 J2.673107
G03 X267.656490 Y35.754130 Z-0.200000 I-9.755478 J1.390583
G03 X267.281505 Y38.017236 Z-0.200000 I-7.016633 J-0.000000
G03 X266.218990 Y39.982640 Z-0.200000 I-6.353831 J-2.165034
G02 X266.218990 Y39.983640 Z-0.200000 I1.020102 J0.001000
G02 X266.218990 Y39.984640 Z-0.200000 I1.020102 J-0.000000
G03 X264.676966 Y41.178644 Z-0.200000 I-3.116824 J-2.432549
G03 X262.113520 Y41.711200 Z-0.200000 I-2.563446 J-5.903273
G01 X262.113280 Y41.710940 Z-0.200000
G00 Z5.000000

(End cutting path id: path350592)


(Start cutting path id: path305957)
(Change tool to Default tool)

G00 Z5.000000
G00 X262.113280 Y41.710940

G01 Z-0.200000 F100.0(Penetrate)
G03 X259.714841 Y41.267339 Z-0.200000 I0.000000 J-6.705675 F800.000000
G03 X258.087890 Y40.207030 Z-0.200000 I1.652010 J-4.313226
G02 X258.087178 Y40.206314 Z-0.200000 I-0.058920 J0.057868
G03 X258.085890 Y40.205030 Z-0.200000 I0.398715 J-0.401287
G01 X258.083890 Y40.203030 Z-0.200000
G03 X257.177494 Y38.796343 Z-0.200000 I2.977221 J-2.913728
G03 X256.447180 Y36.130770 Z-0.200000 I12.560873 J-4.874259
G01 X258.308500 Y35.904210 Z-0.200000
G02 X258.626088 Y37.268599 Z-0.200000 I9.451672 J-1.480901
G02 X259.154210 Y38.326080 Z-0.200000 I3.515544 J-1.095101
G02 X260.392912 Y39.365707 Z-0.200000 I2.670628 J-1.924256
G02 X262.011630 Y39.736240 Z-0.200000 I1.618718 J-3.350516
G02 X263.512332 Y39.426494 Z-0.200000 I0.000000 J-3.790285
G02 X264.724520 Y38.544830 Z-0.200000 I-1.349172 J-3.129100
G02 X265.465515 Y37.184936 Z-0.200000 I-2.651748 J-2.326743
G02 X265.718660 Y35.372960 Z-0.200000 I-6.358356 J-1.811976
G02 X265.461641 Y33.582713 Z-0.200000 I-6.363430 J-0.000000
G02 X264.683500 Y31.777250 Z-0.200000 I-7.766919 J2.277066
G02 X263.840711 Y30.545913 Z-0.200000 I-8.215769 J4.719194
G02 X261.347570 Y27.585850 Z-0.200000 I-71.901015 J58.029340
G02 X261.346571 Y27.584849 Z-0.200000 I-0.722320 J0.720320
G02 X261.345570 Y27.583850 Z-0.200000 I-0.721321 J0.721321
G03 X258.245807 Y23.742505 Z-0.200000 I40.720088 J-36.030307
G03 X257.033070 Y21.757680 Z-0.200000 I11.029408 J-8.101926
G03 X256.439693 Y20.101832 Z-0.200000 I6.776924 J-3.362768
G03 X256.087760 Y18.394400 Z-0.200000 I34.934386 J-8.090608
G01 X267.656120 Y18.394400 Z-0.200000
G01 X267.656120 Y20.849480 Z-0.200000
G01 X260.786980 Y20.849480 Z-0.200000
G02 X260.294885 Y20.975973 Z-0.200000 I-0.000087 J1.020102
G02 X259.924849 Y21.324157 Z-0.200000 I0.492008 J0.893609
G02 X259.768672 Y21.807651 Z-0.200000 I0.862044 J0.545425
G02 X259.865100 Y22.306510 Z-0.200000 I1.018220 J0.061931
G02 X260.258504 Y23.039366 Z-0.200000 I7.339669 J-3.467981
G02 X260.771350 Y23.812370 Z-0.200000 I9.485111 J-5.736233
G02 X260.776328 Y23.818239 Z-0.200000 I0.780432 J-0.656912
G02 X260.781350 Y23.824070 Z-0.200000 I0.775454 J-0.662781
G02 X261.396915 Y24.591883 Z-0.200000 I12.197780 J-9.148449
G02 X263.263770 Y26.732270 Z-0.200000 I117.465895 J-100.569940
G02 X263.264769 Y26.733271 Z-0.200000 I0.722320 J-0.720320
G02 X263.265770 Y26.734270 Z-0.200000 I0.721321 J-0.721321
G03 X265.207638 Y29.062574 Z-0.200000 I-32.565395 J29.134351
G03 X266.076320 Y30.331920 Z-0.200000 I-10.078097 J7.828901
G01 X266.078320 Y30.335920 Z-0.200000
G03 X266.808910 Y31.753681 Z-0.200000 I-11.507283 J6.826964
G03 X267.265820 Y33.017560 Z-0.200000 I-8.877155 J3.923749
G02 X267.266808 Y33.022562 Z-0.200000 I1.001280 J-0.195056
G02 X267.267820 Y33.027560 Z-0.200000 I1.000292 J-0.200058
G03 X267.557879 Y34.363547 Z-0.200000 I-9.090356 J2.673107
G03 X267.656490 Y35.754130 Z-0.200000 I-9.755478 J1.390583
G03 X267.281505 Y38.017236 Z-0.200000 I-7.016633 J-0.000000
G03 X266.218990 Y39.982640 Z-0.200000 I-6.353831 J-2.165034
G02 X266.218990 Y39.983640 Z-0.200000 I1.020102 J0.001000
G02 X266.218990 Y39.984640 Z-0.200000 I1.020102 J-0.000000
G03 X264.676966 Y41.178644 Z-0.200000 I-3.116824 J-2.432549
G03 X262.113520 Y41.711200 Z-0.200000 I-2.563446 J-5.903273
G01 X262.113280 Y41.710940 Z-0.200000
G00 Z5.000000

(End cutting path id: path305957)


(Start cutting path id: path350590)
(Change tool to Default tool)

G00 Z5.000000
G00 X262.113280 Y41.949220

G01 Z-0.200000 F100.0(Penetrate)
G03 X259.631087 Y41.491790 Z-0.200000 I-0.000000 J-6.963384 F800.000000
G03 X257.916020 Y40.375000 Z-0.200000 I1.727865 J-4.528821
G03 X256.919759 Y38.826416 Z-0.200000 I3.242868 J-3.181015
G03 X256.158200 Y35.923830 Z-0.200000 I12.640785 J-4.867793
G01 X258.511720 Y35.636720 Z-0.200000
G02 X258.823408 Y37.110825 Z-0.200000 I9.602202 J-1.260304
G02 X259.349610 Y38.185550 Z-0.200000 I3.411185 J-1.003989
G02 X260.496275 Y39.148625 Z-0.200000 I2.476459 J-1.784379
G02 X262.011720 Y39.496090 Z-0.200000 I1.515445 J-3.131025
G02 X263.418153 Y39.205357 Z-0.200000 I0.000000 J-3.547204
G02 X264.542970 Y38.386720 Z-0.200000 I-1.255657 J-2.907363
G02 X265.230889 Y37.128281 Z-0.200000 I-2.470509 J-2.167733
G02 X265.478520 Y35.373050 Z-0.200000 I-6.096789 J-1.755231
G02 X265.231279 Y33.653193 Z-0.200000 I-6.105451 J-0.000000
G02 X264.474610 Y31.898440 Z-0.200000 I-7.560237 J2.219540
G02 X263.669779 Y30.721329 Z-0.200000 I-7.888053 J4.529631
G02 X261.166020 Y27.746090 Z-0.200000 I-70.859053 J57.089047
G02 X261.166023 Y27.744090 Z-0.200000 I-0.780075 J-0.002000
G02 X261.166020 Y27.742090 Z-0.200000 I-0.780078 J0.000000
G03 X258.060661 Y23.896683 Z-0.200000 I41.103395 J-36.369620
G03 X256.818360 Y21.865130 Z-0.200000 I11.237455 J-8.267353
G03 X256.108699 Y20.044006 Z-0.200000 I9.843896 J-4.884835
G03 X255.689450 Y18.154200 Z-0.200000 I14.482859 J-4.204392
G01 X267.896480 Y18.154200 Z-0.200000
G01 X267.896480 Y21.089740 Z-0.200000
G01 X260.787110 Y21.089740 Z-0.200000
G02 X260.411135 Y21.186464 Z-0.200000 I0.000255 J0.780078
G02 X260.128341 Y21.452434 Z-0.200000 I0.376230 J0.683354
G02 X260.008768 Y21.821778 Z-0.200000 I0.659024 J0.417383
G02 X260.082030 Y22.203020 Z-0.200000 I0.778597 J0.048040
G02 X260.462723 Y22.913604 Z-0.200000 I7.227376 J-3.414777
G02 X260.964840 Y23.671780 Z-0.200000 I9.129606 J-5.500901
G02 X260.968819 Y23.676796 Z-0.200000 I0.613118 J-0.482294
G02 X260.972840 Y23.681780 Z-0.200000 I0.609139 J-0.487311
G02 X261.570700 Y24.426906 Z-0.200000 I11.691627 J-8.768494
G02 X263.443540 Y26.572410 Z-0.200000 I123.144096 J-105.604004
G02 X263.444539 Y26.573411 Z-0.200000 I0.552597 J-0.550598
G02 X263.445540 Y26.574410 Z-0.200000 I0.551598 J-0.551598
G03 X265.393005 Y28.908456 Z-0.200000 I-32.848833 J29.387665
G03 X266.283430 Y30.209170 Z-0.200000 I-10.279158 J7.991897
G01 X266.285430 Y30.211170 Z-0.200000
G03 X267.028037 Y31.654762 Z-0.200000 I-11.547703 J6.853127
G03 X267.496360 Y32.953350 Z-0.200000 I-9.228728 J4.061991
G02 X267.497354 Y32.956352 Z-0.200000 I0.741041 J-0.243680
G02 X267.498360 Y32.959350 Z-0.200000 I0.740047 J-0.246682
G03 X267.795800 Y34.329563 Z-0.200000 I-9.320237 J2.740586
G03 X267.896790 Y35.754280 Z-0.200000 I-9.999082 J1.424717
G03 X267.509211 Y38.094750 Z-0.200000 I-7.260483 J0.000000
G03 X266.408510 Y40.131230 Z-0.200000 I-6.579939 J-2.240705
G03 X264.770637 Y41.398547 Z-0.200000 I-3.305179 J-2.579545
G03 X262.113590 Y41.949590 Z-0.200000 I-2.657047 J-6.130426
G01 X262.113280 Y41.949220 Z-0.200000
G00 Z5.000000

(End cutting path id: path350590)


(Start cutting path id: path305955)
(Change tool to Default tool)

G00 Z5.000000
G00 X262.113280 Y41.949220

G01 Z-0.200000 F100.0(Penetrate)
G03 X259.631087 Y41.491790 Z-0.200000 I-0.000000 J-6.963384 F800.000000
G03 X257.916020 Y40.375000 Z-0.200000 I1.727865 J-4.528821
G03 X256.919759 Y38.826416 Z-0.200000 I3.242868 J-3.181015
G03 X256.158200 Y35.923830 Z-0.200000 I12.640785 J-4.867793
G01 X258.511720 Y35.636720 Z-0.200000
G02 X258.823408 Y37.110825 Z-0.200000 I9.602202 J-1.260304
G02 X259.349610 Y38.185550 Z-0.200000 I3.411185 J-1.003989
G02 X260.496275 Y39.148625 Z-0.200000 I2.476459 J-1.784379
G02 X262.011720 Y39.496090 Z-0.200000 I1.515445 J-3.131025
G02 X263.418153 Y39.205357 Z-0.200000 I0.000000 J-3.547204
G02 X264.542970 Y38.386720 Z-0.200000 I-1.255657 J-2.907363
G02 X265.230889 Y37.128281 Z-0.200000 I-2.470509 J-2.167733
G02 X265.478520 Y35.373050 Z-0.200000 I-6.096789 J-1.755231
G02 X265.231279 Y33.653193 Z-0.200000 I-6.105451 J-0.000000
G02 X264.474610 Y31.898440 Z-0.200000 I-7.560237 J2.219540
G02 X263.669779 Y30.721329 Z-0.200000 I-7.888053 J4.529631
G02 X261.166020 Y27.746090 Z-0.200000 I-70.859053 J57.089047
G02 X261.166023 Y27.744090 Z-0.200000 I-0.780075 J-0.002000
G02 X261.166020 Y27.742090 Z-0.200000 I-0.780078 J0.000000
G03 X258.060661 Y23.896683 Z-0.200000 I41.103395 J-36.369620
G03 X256.818360 Y21.865130 Z-0.200000 I11.237455 J-8.267353
G03 X256.108699 Y20.044006 Z-0.200000 I9.843896 J-4.884835
G03 X255.689450 Y18.154200 Z-0.200000 I14.482859 J-4.204392
G01 X267.896480 Y18.154200 Z-0.200000
G01 X267.896480 Y21.089740 Z-0.200000
G01 X260.787110 Y21.089740 Z-0.200000
G02 X260.411135 Y21.186464 Z-0.200000 I0.000255 J0.780078
G02 X260.128341 Y21.452434 Z-0.200000 I0.376230 J0.683354
G02 X260.008768 Y21.821778 Z-0.200000 I0.659024 J0.417383
G02 X260.082030 Y22.203020 Z-0.200000 I0.778597 J0.048040
G02 X260.462723 Y22.913604 Z-0.200000 I7.227376 J-3.414777
G02 X260.964840 Y23.671780 Z-0.200000 I9.129606 J-5.500901
G02 X260.968819 Y23.676796 Z-0.200000 I0.613118 J-0.482294
G02 X260.972840 Y23.681780 Z-0.200000 I0.609139 J-0.487311
G02 X261.570700 Y24.426906 Z-0.200000 I11.691627 J-8.768494
G02 X263.443540 Y26.572410 Z-0.200000 I123.144096 J-105.604004
G02 X263.444539 Y26.573411 Z-0.200000 I0.552597 J-0.550598
G02 X263.445540 Y26.574410 Z-0.200000 I0.551598 J-0.551598
G03 X265.393005 Y28.908456 Z-0.200000 I-32.848833 J29.387665
G03 X266.283430 Y30.209170 Z-0.200000 I-10.279158 J7.991897
G01 X266.285430 Y30.211170 Z-0.200000
G03 X267.028037 Y31.654762 Z-0.200000 I-11.547703 J6.853127
G03 X267.496360 Y32.953350 Z-0.200000 I-9.228728 J4.061991
G02 X267.497354 Y32.956352 Z-0.200000 I0.741041 J-0.243680
G02 X267.498360 Y32.959350 Z-0.200000 I0.740047 J-0.246682
G03 X267.795800 Y34.329563 Z-0.200000 I-9.320237 J2.740586
G03 X267.896790 Y35.754280 Z-0.200000 I-9.999082 J1.424717
G03 X267.509211 Y38.094750 Z-0.200000 I-7.260483 J0.000000
G03 X266.408510 Y40.131230 Z-0.200000 I-6.579939 J-2.240705
G03 X264.770637 Y41.398547 Z-0.200000 I-3.305179 J-2.579545
G03 X262.113590 Y41.949590 Z-0.200000 I-2.657047 J-6.130426
G01 X262.113280 Y41.949220 Z-0.200000
G00 Z5.000000

(End cutting path id: path305955)


(Start cutting path id: path350588)
(Change tool to Default tool)

G00 Z5.000000
G00 X262.113280 Y42.189450

G01 Z-0.200000 F100.0(Penetrate)
G03 X259.548743 Y41.716824 Z-0.200000 I-0.000000 J-7.194083 F800.000000
G03 X257.746090 Y40.542970 Z-0.200000 I1.816228 J-4.760196
G03 X256.659761 Y38.850089 Z-0.200000 I3.522766 J-3.455565
G03 X255.871090 Y35.718750 Z-0.200000 I12.751473 J-4.876624
G01 X258.712890 Y35.371090 Z-0.200000
G02 X259.021635 Y36.963062 Z-0.200000 I9.485063 J-1.013595
G02 X259.544920 Y38.044920 Z-0.200000 I3.341651 J-0.948844
G02 X260.599742 Y38.931547 Z-0.200000 I2.282313 J-1.644498
G02 X262.011720 Y39.255860 Z-0.200000 I1.411978 J-2.911542
G02 X263.324829 Y38.984363 Z-0.200000 I-0.000000 J-3.311212
G02 X264.363280 Y38.228520 Z-0.200000 I-1.159704 J-2.684597
G02 X264.997178 Y37.071296 Z-0.200000 I-2.281809 J-2.002146
G02 X265.238280 Y35.373050 Z-0.200000 I-5.860405 J-1.698246
G02 X265.001710 Y33.723565 Z-0.200000 I-5.868811 J-0.000000
G02 X264.267580 Y32.019530 Z-0.200000 I-7.322411 J2.144476
G02 X263.501455 Y30.897095 Z-0.200000 I-7.570079 J4.344326
G02 X260.986330 Y27.904300 Z-0.200000 I-69.146868 J55.557322
G02 X260.986331 Y27.903300 Z-0.200000 I-0.540053 J-0.001000
G02 X260.986330 Y27.902300 Z-0.200000 I-0.540054 J-0.000000
G03 X257.875295 Y24.051441 Z-0.200000 I41.352117 J-36.589680
G03 X256.603520 Y21.972620 Z-0.200000 I11.469994 J-8.445512
G03 X255.835260 Y19.986200 Z-0.200000 I10.429943 J-5.175621
G03 X255.404300 Y17.914020 Z-0.200000 I14.070282 J-4.007157
G01 X268.136720 Y17.914020 Z-0.200000
G01 X268.136720 Y21.330040 Z-0.200000
G01 X260.787110 Y21.330040 Z-0.200000
G02 X260.526467 Y21.396921 Z-0.200000 I-0.000325 J0.540054
G02 X260.330451 Y21.581274 Z-0.200000 I0.260319 J0.473173
G02 X260.247726 Y21.837330 Z-0.200000 I0.456335 J0.288820
G02 X260.298830 Y22.101520 Z-0.200000 I0.539059 J0.032764
G02 X260.667771 Y22.787949 Z-0.200000 I6.805373 J-3.215380
G02 X261.160160 Y23.529260 Z-0.200000 I9.208915 J-5.582507
G02 X261.162143 Y23.533268 Z-0.200000 I0.485022 J-0.237511
G02 X261.164160 Y23.537260 Z-0.200000 I0.483039 J-0.241520
G02 X261.744186 Y24.260542 Z-0.200000 I11.442284 J-8.581770
G02 X263.623150 Y26.414210 Z-0.200000 I119.973433 J-102.774129
G02 X263.623149 Y26.415210 Z-0.200000 I0.540053 J0.001000
G02 X263.623150 Y26.416210 Z-0.200000 I0.540054 J0.000000
G03 X265.577445 Y28.754710 Z-0.200000 I-33.697265 J30.146821
G03 X266.490330 Y30.086130 Z-0.200000 I-10.372122 J8.090285
G01 X266.490330 Y30.088130 Z-0.200000
G03 X267.245895 Y31.555440 Z-0.200000 I-11.806875 J7.007925
G03 X267.726660 Y32.886960 Z-0.200000 I-9.409127 J4.149858
G02 X267.727656 Y32.888962 Z-0.200000 I0.484035 J-0.239517
G02 X267.728660 Y32.890960 Z-0.200000 I0.483039 J-0.241519
G03 X268.033491 Y34.295402 Z-0.200000 I-9.549272 J2.807949
G03 X268.136860 Y35.754250 Z-0.200000 I-10.242658 J1.458848
G03 X267.736683 Y38.172072 Z-0.200000 I-7.504181 J-0.000000
G03 X266.597800 Y40.279640 Z-0.200000 I-6.806422 J-2.316541
G03 X264.863638 Y41.620459 Z-0.200000 I-3.493577 J-2.726596
G03 X262.113420 Y42.189790 Z-0.200000 I-2.750218 J-6.357953
G01 X262.113280 Y42.189450 Z-0.200000
G00 Z5.000000

(End cutting path id: path350588)


(Start cutting path id: path305953)
(Change tool to Default tool)

G00 Z5.000000
G00 X262.113280 Y42.189450

G01 Z-0.200000 F100.0(Penetrate)
G03 X259.548743 Y41.716824 Z-0.200000 I-0.000000 J-7.194083 F800.000000
G03 X257.746090 Y40.542970 Z-0.200000 I1.816228 J-4.760196
G03 X256.659761 Y38.850089 Z-0.200000 I3.522766 J-3.455565
G03 X255.871090 Y35.718750 Z-0.200000 I12.751473 J-4.876624
G01 X258.712890 Y35.371090 Z-0.200000
G02 X259.021635 Y36.963062 Z-0.200000 I9.485063 J-1.013595
G02 X259.544920 Y38.044920 Z-0.200000 I3.341651 J-0.948844
G02 X260.599742 Y38.931547 Z-0.200000 I2.282313 J-1.644498
G02 X262.011720 Y39.255860 Z-0.200000 I1.411978 J-2.911542
G02 X263.324829 Y38.984363 Z-0.200000 I-0.000000 J-3.311212
G02 X264.363280 Y38.228520 Z-0.200000 I-1.159704 J-2.684597
G02 X264.997178 Y37.071296 Z-0.200000 I-2.281809 J-2.002146
G02 X265.238280 Y35.373050 Z-0.200000 I-5.860405 J-1.698246
G02 X265.001710 Y33.723565 Z-0.200000 I-5.868811 J-0.000000
G02 X264.267580 Y32.019530 Z-0.200000 I-7.322411 J2.144476
G02 X263.501455 Y30.897095 Z-0.200000 I-7.570079 J4.344326
G02 X260.986330 Y27.904300 Z-0.200000 I-69.146868 J55.557322
G02 X260.986331 Y27.903300 Z-0.200000 I-0.540053 J-0.001000
G02 X260.986330 Y27.902300 Z-0.200000 I-0.540054 J-0.000000
G03 X257.875295 Y24.051441 Z-0.200000 I41.352117 J-36.589680
G03 X256.603520 Y21.972620 Z-0.200000 I11.469994 J-8.445512
G03 X255.835260 Y19.986200 Z-0.200000 I10.429943 J-5.175621
G03 X255.404300 Y17.914020 Z-0.200000 I14.070282 J-4.007157
G01 X268.136720 Y17.914020 Z-0.200000
G01 X268.136720 Y21.330040 Z-0.200000
G01 X260.787110 Y21.330040 Z-0.200000
G02 X260.526467 Y21.396921 Z-0.200000 I-0.000325 J0.540054
G02 X260.330451 Y21.581274 Z-0.200000 I0.260319 J0.473173
G02 X260.247726 Y21.837330 Z-0.200000 I0.456335 J0.288820
G02 X260.298830 Y22.101520 Z-0.200000 I0.539059 J0.032764
G02 X260.667771 Y22.787949 Z-0.200000 I6.805373 J-3.215380
G02 X261.160160 Y23.529260 Z-0.200000 I9.208915 J-5.582507
G02 X261.162143 Y23.533268 Z-0.200000 I0.485022 J-0.237511
G02 X261.164160 Y23.537260 Z-0.200000 I0.483039 J-0.241520
G02 X261.744186 Y24.260542 Z-0.200000 I11.442284 J-8.581770
G02 X263.623150 Y26.414210 Z-0.200000 I119.973433 J-102.774129
G02 X263.623149 Y26.415210 Z-0.200000 I0.540053 J0.001000
G02 X263.623150 Y26.416210 Z-0.200000 I0.540054 J0.000000
G03 X265.577445 Y28.754710 Z-0.200000 I-33.697265 J30.146821
G03 X266.490330 Y30.086130 Z-0.200000 I-10.372122 J8.090285
G01 X266.490330 Y30.088130 Z-0.200000
G03 X267.245895 Y31.555440 Z-0.200000 I-11.806875 J7.007925
G03 X267.726660 Y32.886960 Z-0.200000 I-9.409127 J4.149858
G02 X267.727656 Y32.888962 Z-0.200000 I0.484035 J-0.239517
G02 X267.728660 Y32.890960 Z-0.200000 I0.483039 J-0.241519
G03 X268.033491 Y34.295402 Z-0.200000 I-9.549272 J2.807949
G03 X268.136860 Y35.754250 Z-0.200000 I-10.242658 J1.458848
G03 X267.736683 Y38.172072 Z-0.200000 I-7.504181 J-0.000000
G03 X266.597800 Y40.279640 Z-0.200000 I-6.806422 J-2.316541
G03 X264.863638 Y41.620459 Z-0.200000 I-3.493577 J-2.726596
G03 X262.113420 Y42.189790 Z-0.200000 I-2.750218 J-6.357953
G01 X262.113280 Y42.189450 Z-0.200000
G00 Z5.000000

(End cutting path id: path305953)


(Start cutting path id: path350586)
(Change tool to Default tool)

G00 Z5.000000
G00 X262.113280 Y42.429690

G01 Z-0.200000 F100.0(Penetrate)
G03 X259.464221 Y41.941563 Z-0.200000 I0.000000 J-7.432270 F800.000000
G03 X257.572270 Y40.708980 Z-0.200000 I1.903800 J-4.990549
G03 X256.388331 Y38.871714 Z-0.200000 I3.875333 J-3.797376
G03 X255.566410 Y35.515620 Z-0.200000 I12.479831 J-4.835052
G01 X258.916020 Y35.103520 Z-0.200000
G02 X259.221549 Y36.825466 Z-0.200000 I9.344415 J-0.769922
G02 X259.738280 Y37.904300 Z-0.200000 I3.262190 J-0.899331
G02 X260.702344 Y38.714771 Z-0.200000 I2.086735 J-1.503576
G02 X262.011720 Y39.015620 Z-0.200000 I1.309344 J-2.698818
G02 X263.230259 Y38.763260 Z-0.200000 I0.000000 J-3.068086
G02 X264.181640 Y38.070310 Z-0.200000 I-1.065871 J-2.462951
G02 X264.762402 Y37.014091 Z-0.200000 I-2.099477 J-1.842173
G02 X264.998050 Y35.373050 Z-0.200000 I-5.596237 J-1.641041
G02 X264.772126 Y33.793882 Z-0.200000 I-5.632009 J0.000000
G02 X264.060550 Y32.140620 Z-0.200000 I-7.084452 J2.069434
G02 X263.332708 Y31.072752 Z-0.200000 I-7.271842 J4.174397
G02 X260.806640 Y28.062500 Z-0.200000 I-67.366271 J53.965734
G02 X260.806642 Y28.061500 Z-0.200000 I-0.300028 J-0.001000
G02 X260.806640 Y28.060500 Z-0.200000 I-0.300030 J0.000000
G03 X257.689912 Y24.205341 Z-0.200000 I41.735912 J-36.929110
G03 X256.388670 Y22.080030 Z-0.200000 I11.675739 J-8.609590
G03 X255.559359 Y19.928978 Z-0.200000 I11.144267 J-5.531923
G03 X255.117190 Y17.673780 Z-0.200000 I13.569205 J-3.831414
G01 X268.376950 Y17.673780 Z-0.200000
G01 X268.376950 Y21.570260 Z-0.200000
G01 X260.787110 Y21.570260 Z-0.200000
G02 X260.643250 Y21.608072 Z-0.200000 I0.001959 J0.300024
G02 X260.535231 Y21.710333 Z-0.200000 I0.145819 J0.262211
G02 X260.489603 Y21.851909 Z-0.200000 I0.253838 J0.159950
G02 X260.517580 Y21.998000 Z-0.200000 I0.299467 J0.018375
G02 X260.872926 Y22.662120 Z-0.200000 I6.824433 J-3.224375
G02 X261.353520 Y23.388620 Z-0.200000 I8.641456 J-5.194281
G02 X261.355511 Y23.390629 Z-0.200000 I0.214144 J-0.210144
G02 X261.357520 Y23.392620 Z-0.200000 I0.212153 J-0.212153
G02 X261.918659 Y24.093387 Z-0.200000 I11.333309 J-8.500100
G02 X263.800880 Y26.253950 Z-0.200000 I111.522013 J-95.254639
G02 X263.801878 Y26.254952 Z-0.200000 I0.213151 J-0.211151
G02 X263.802880 Y26.255950 Z-0.200000 I0.212153 J-0.212153
G03 X265.762830 Y28.601515 Z-0.200000 I-33.735555 J30.181010
G03 X266.697420 Y29.964930 Z-0.200000 I-10.623156 J8.283964
G01 X266.695420 Y29.964930 Z-0.200000
G03 X267.463970 Y31.455979 Z-0.200000 I-12.054478 J7.156988
G03 X267.957140 Y32.820400 Z-0.200000 I-9.592963 J4.238714
G02 X267.958133 Y32.822404 Z-0.200000 I0.269348 J-0.132174
G02 X267.959140 Y32.824400 Z-0.200000 I0.268355 J-0.134178
G03 X268.271297 Y34.262111 Z-0.200000 I-9.783524 J2.876949
G03 X268.377110 Y35.754090 Z-0.200000 I-10.465638 J1.491979
G03 X267.964199 Y38.248205 Z-0.200000 I-7.739081 J-0.000000
G03 X266.787270 Y40.425960 Z-0.200000 I-7.034758 J-2.394907
G03 X264.956464 Y41.841416 Z-0.200000 I-3.687748 J-2.878132
G03 X262.113440 Y42.429870 Z-0.200000 I-2.843024 J-6.573588
G01 X262.113280 Y42.429690 Z-0.200000
G00 Z5.000000

(End cutting path id: path350586)


(Start cutting path id: path305951)
(Change tool to Default tool)

G00 Z5.000000
G00 X262.113280 Y42.429690

G01 Z-0.200000 F100.0(Penetrate)
G03 X259.464221 Y41.941563 Z-0.200000 I0.000000 J-7.432270 F800.000000
G03 X257.572270 Y40.708980 Z-0.200000 I1.903800 J-4.990549
G03 X256.388331 Y38.871714 Z-0.200000 I3.875333 J-3.797376
G03 X255.566410 Y35.515620 Z-0.200000 I12.479831 J-4.835052
G01 X258.916020 Y35.103520 Z-0.200000
G02 X259.221549 Y36.825466 Z-0.200000 I9.344415 J-0.769922
G02 X259.738280 Y37.904300 Z-0.200000 I3.262190 J-0.899331
G02 X260.702344 Y38.714771 Z-0.200000 I2.086735 J-1.503576
G02 X262.011720 Y39.015620 Z-0.200000 I1.309344 J-2.698818
G02 X263.230259 Y38.763260 Z-0.200000 I0.000000 J-3.068086
G02 X264.181640 Y38.070310 Z-0.200000 I-1.065871 J-2.462951
G02 X264.762402 Y37.014091 Z-0.200000 I-2.099477 J-1.842173
G02 X264.998050 Y35.373050 Z-0.200000 I-5.596237 J-1.641041
G02 X264.772126 Y33.793882 Z-0.200000 I-5.632009 J0.000000
G02 X264.060550 Y32.140620 Z-0.200000 I-7.084452 J2.069434
G02 X263.332708 Y31.072752 Z-0.200000 I-7.271842 J4.174397
G02 X260.806640 Y28.062500 Z-0.200000 I-67.366271 J53.965734
G02 X260.806642 Y28.061500 Z-0.200000 I-0.300028 J-0.001000
G02 X260.806640 Y28.060500 Z-0.200000 I-0.300030 J0.000000
G03 X257.689912 Y24.205341 Z-0.200000 I41.735912 J-36.929110
G03 X256.388670 Y22.080030 Z-0.200000 I11.675739 J-8.609590
G03 X255.559359 Y19.928978 Z-0.200000 I11.144267 J-5.531923
G03 X255.117190 Y17.673780 Z-0.200000 I13.569205 J-3.831414
G01 X268.376950 Y17.673780 Z-0.200000
G01 X268.376950 Y21.570260 Z-0.200000
G01 X260.787110 Y21.570260 Z-0.200000
G02 X260.643250 Y21.608072 Z-0.200000 I0.001959 J0.300024
G02 X260.535231 Y21.710333 Z-0.200000 I0.145819 J0.262211
G02 X260.489603 Y21.851909 Z-0.200000 I0.253838 J0.159950
G02 X260.517580 Y21.998000 Z-0.200000 I0.299467 J0.018375
G02 X260.872926 Y22.662120 Z-0.200000 I6.824433 J-3.224375
G02 X261.353520 Y23.388620 Z-0.200000 I8.641456 J-5.194281
G02 X261.355511 Y23.390629 Z-0.200000 I0.214144 J-0.210144
G02 X261.357520 Y23.392620 Z-0.200000 I0.212153 J-0.212153
G02 X261.918659 Y24.093387 Z-0.200000 I11.333309 J-8.500100
G02 X263.800880 Y26.253950 Z-0.200000 I111.522013 J-95.254639
G02 X263.801878 Y26.254952 Z-0.200000 I0.213151 J-0.211151
G02 X263.802880 Y26.255950 Z-0.200000 I0.212153 J-0.212153
G03 X265.762830 Y28.601515 Z-0.200000 I-33.735555 J30.181010
G03 X266.697420 Y29.964930 Z-0.200000 I-10.623156 J8.283964
G01 X266.695420 Y29.964930 Z-0.200000
G03 X267.463970 Y31.455979 Z-0.200000 I-12.054478 J7.156988
G03 X267.957140 Y32.820400 Z-0.200000 I-9.592963 J4.238714
G02 X267.958133 Y32.822404 Z-0.200000 I0.269348 J-0.132174
G02 X267.959140 Y32.824400 Z-0.200000 I0.268355 J-0.134178
G03 X268.271297 Y34.262111 Z-0.200000 I-9.783524 J2.876949
G03 X268.377110 Y35.754090 Z-0.200000 I-10.465638 J1.491979
G03 X267.964199 Y38.248205 Z-0.200000 I-7.739081 J-0.000000
G03 X266.787270 Y40.425960 Z-0.200000 I-7.034758 J-2.394907
G03 X264.956464 Y41.841416 Z-0.200000 I-3.687748 J-2.878132
G03 X262.113440 Y42.429870 Z-0.200000 I-2.843024 J-6.573588
G01 X262.113280 Y42.429690 Z-0.200000
G00 Z5.000000

(End cutting path id: path305951)


(Start cutting path id: path350600)
(Change tool to Default tool)

G00 Z5.000000
G00 X265.400390 Y31.156250

G01 Z-0.200000 F100.0(Penetrate)
G02 X264.420481 Y29.747112 Z-0.200000 I-10.406750 J6.191533 F800.000000
G02 X262.068360 Y26.953120 Z-0.200000 I-67.109375 J54.108930
G02 X262.066363 Y26.950118 Z-0.200000 I-1.649622 J1.095414
G02 X262.064360 Y26.947120 Z-0.200000 I-1.647624 J1.098416
G03 X261.632974 Y26.374713 Z-0.200000 I3.420988 J-3.026934
G02 X261.253820 Y25.855320 Z-0.200000 I-4.287509 J2.731771
G03 X261.760951 Y26.457726 Z-0.200000 I-39.946668 J34.143459
G02 X262.544830 Y27.370940 Z-0.200000 I27.108661 J-22.476332
G02 X262.547828 Y27.372943 Z-0.200000 I1.101414 J-1.645622
G02 X262.550830 Y27.374940 Z-0.200000 I1.098416 J-1.647624
G03 X264.471078 Y29.680017 Z-0.200000 I-31.701583 J28.361417
G03 X265.252000 Y30.822210 Z-0.200000 I-9.181332 J7.115374
G01 X265.252000 Y30.824210 Z-0.200000
G03 X265.328562 Y30.992050 Z-0.200000 I-0.736893 J0.437526
G02 X265.400440 Y31.156240 Z-0.200000 I0.920840 J-0.305288
G01 X265.400390 Y31.156250 Z-0.200000
G00 Z5.000000

(End cutting path id: path350600)


(Start cutting path id: path305965)
(Change tool to Default tool)

G00 Z5.000000
G00 X265.400390 Y31.156250

G01 Z-0.200000 F100.0(Penetrate)
G02 X264.420481 Y29.747112 Z-0.200000 I-10.406750 J6.191533 F800.000000
G02 X262.068360 Y26.953120 Z-0.200000 I-67.109375 J54.108930
G02 X262.066363 Y26.950118 Z-0.200000 I-1.649622 J1.095414
G02 X262.064360 Y26.947120 Z-0.200000 I-1.647624 J1.098416
G03 X261.632974 Y26.374713 Z-0.200000 I3.420988 J-3.026934
G02 X261.253820 Y25.855320 Z-0.200000 I-4.287509 J2.731771
G03 X261.760951 Y26.457726 Z-0.200000 I-39.946668 J34.143459
G02 X262.544830 Y27.370940 Z-0.200000 I27.108661 J-22.476332
G02 X262.547828 Y27.372943 Z-0.200000 I1.101414 J-1.645622
G02 X262.550830 Y27.374940 Z-0.200000 I1.098416 J-1.647624
G03 X264.471078 Y29.680017 Z-0.200000 I-31.701583 J28.361417
G03 X265.252000 Y30.822210 Z-0.200000 I-9.181332 J7.115374
G01 X265.252000 Y30.824210 Z-0.200000
G03 X265.328562 Y30.992050 Z-0.200000 I-0.736893 J0.437526
G02 X265.400440 Y31.156240 Z-0.200000 I0.920840 J-0.305288
G01 X265.400390 Y31.156250 Z-0.200000
G00 Z5.000000

(End cutting path id: path305965)


(Start cutting path id: path350606)
(Change tool to Default tool)

G00 Z5.000000
G00 X266.144530 Y30.947270

G01 Z-0.200000 F100.0(Penetrate)
G01 X266.139761 Y30.941962 Z-0.200000 F800.000000
G01 X266.134530 Y30.935570 Z-0.200000
G01 X266.133564 Y30.932585 Z-0.200000
G01 X266.132530 Y30.929570 Z-0.200000
G01 X266.144530 Y30.947270 Z-0.200000
G00 Z5.000000

(End cutting path id: path350606)


(Start cutting path id: path305971)
(Change tool to Default tool)

G00 Z5.000000
G00 X266.144530 Y30.947270

G01 Z-0.200000 F100.0(Penetrate)
G01 X266.139761 Y30.941962 Z-0.200000 F800.000000
G01 X266.134530 Y30.935570 Z-0.200000
G01 X266.133564 Y30.932585 Z-0.200000
G01 X266.132530 Y30.929570 Z-0.200000
G01 X266.144530 Y30.947270 Z-0.200000
G00 Z5.000000

(End cutting path id: path305971)


(Start cutting path id: path350608)
(Change tool to Default tool)

G00 Z5.000000
G00 X266.351560 Y30.828120

G01 Z-0.200000 F100.0(Penetrate)
G01 X266.347560 Y30.823120 Z-0.200000 F800.000000
G01 X266.343560 Y30.818120 Z-0.200000
G01 X266.341560 Y30.813120 Z-0.200000
G01 X266.339560 Y30.808120 Z-0.200000
G01 X266.351560 Y30.828120 Z-0.200000
G00 Z5.000000

(End cutting path id: path350608)


(Start cutting path id: path305973)
(Change tool to Default tool)

G00 Z5.000000
G00 X266.351560 Y30.828120

G01 Z-0.200000 F100.0(Penetrate)
G01 X266.347560 Y30.823120 Z-0.200000 F800.000000
G01 X266.343560 Y30.818120 Z-0.200000
G01 X266.341560 Y30.813120 Z-0.200000
G01 X266.339560 Y30.808120 Z-0.200000
G01 X266.351560 Y30.828120 Z-0.200000
G00 Z5.000000

(End cutting path id: path305973)


(Start cutting path id: path350610)
(Change tool to Default tool)

G00 Z5.000000
G00 X266.404300 Y30.798830

G01 Z-0.200000 F100.0(Penetrate)
G01 X266.401300 Y30.795830 Z-0.200000 F800.000000
G01 X266.398300 Y30.792830 Z-0.200000
G01 X266.395288 Y30.784894 Z-0.200000
G01 X266.392300 Y30.777230 Z-0.200000
G01 X266.404300 Y30.798830 Z-0.200000
G00 Z5.000000

(End cutting path id: path350610)


(Start cutting path id: path305975)
(Change tool to Default tool)

G00 Z5.000000
G00 X266.560550 Y30.708980

G01 Z-0.200000 F100.0(Penetrate)
G01 X266.555781 Y30.703672 Z-0.200000 F800.000000
G01 X266.550550 Y30.697280 Z-0.200000
G01 X266.548550 Y30.692280 Z-0.200000
G01 X266.546550 Y30.687280 Z-0.200000
G01 X266.560550 Y30.708980 Z-0.200000
G00 Z5.000000

(End cutting path id: path305975)


(Start cutting path id: path305977)
(Change tool to Default tool)

G00 Z5.000000
G00 X266.578120 Y30.699220

G01 Z-0.200000 F100.0(Penetrate)
G01 X266.573351 Y30.693912 Z-0.200000 F800.000000
G01 X266.568120 Y30.687520 Z-0.200000
G01 X266.566120 Y30.682520 Z-0.200000
G01 X266.564120 Y30.677520 Z-0.200000
G01 X266.578120 Y30.699220 Z-0.200000
G00 Z5.000000

(End cutting path id: path305977)


(Start cutting path id: path151770)
(Change tool to Default tool)

G00 Z5.000000
G00 X268.676990 Y21.869600

G01 Z-0.200000 F100.0(Penetrate)
G01 X268.676990 Y17.373760 Z-0.200000 F800.000000
G01 X254.758830 Y17.373760 Z-0.200000
G02 X255.213103 Y19.858357 Z-0.200000 I13.514185 J-1.187051
G02 X256.119640 Y22.214110 Z-0.200000 I13.043121 J-3.666927
G02 X257.457680 Y24.398094 Z-0.200000 I13.330780 J-6.665361
G02 X260.581030 Y28.260240 Z-0.200000 I45.102525 J-33.280786
G03 X263.123823 Y31.294225 Z-0.200000 I-63.749930 J56.011587
G03 X263.802190 Y32.290990 Z-0.200000 I-6.149703 J4.914514
G03 X264.485474 Y33.881571 Z-0.200000 I-6.090175 J3.558280
G03 X264.697910 Y35.374350 Z-0.200000 I-5.138631 J1.492779
G03 X264.470319 Y36.942288 Z-0.200000 I-5.514784 J0.000000
G03 X263.957210 Y37.872040 Z-0.200000 I-2.375269 J-0.704396
G03 X263.112949 Y38.487394 Z-0.200000 I-1.793621 J-1.573998
G03 X262.010740 Y38.716080 Z-0.200000 I-1.102209 J-2.541842
G03 X260.831944 Y38.444703 Z-0.200000 I0.000000 J-2.695890
G03 X259.982445 Y37.729925 Z-0.200000 I0.992979 J-2.042331
G03 X259.476041 Y36.671932 Z-0.200000 I2.688077 J-1.936828
G03 X259.168540 Y34.771460 Z-0.200000 I8.605842 J-2.367558
G01 X255.223920 Y35.253770 Z-0.200000
G02 X256.063724 Y38.890331 Z-0.200000 I13.961087 J-1.308836
G02 X257.359870 Y40.920940 Z-0.200000 I5.466510 J-2.060321
G02 X259.362235 Y42.223841 Z-0.200000 I4.008479 J-3.970315
G02 X262.114090 Y42.729610 Z-0.200000 I2.751855 J-7.233451
G02 X265.071532 Y42.118660 Z-0.200000 I-0.000000 J-7.463556
G02 X267.023340 Y40.610880 Z-0.200000 I-1.972646 J-4.570763
G02 X268.248012 Y38.344559 Z-0.200000 I-6.097373 J-4.758945
G02 X268.676990 Y35.753310 Z-0.200000 I-7.611753 J-2.591249
G02 X268.567929 Y34.218726 Z-0.200000 I-10.851043 J0.000000
G02 X268.246350 Y32.738860 Z-0.200000 I-10.408734 J1.486977
G02 X267.738041 Y31.332804 Z-0.200000 I-10.486799 J2.996218
G02 X266.954440 Y29.810530 Z-0.200000 I-13.085267 J5.772910
G02 X265.992175 Y28.408109 Z-0.200000 I-11.972452 J7.183504
G02 X264.026120 Y26.055390 Z-0.200000 I-35.780276 J27.902048
G03 X262.135311 Y23.884880 Z-0.200000 I113.168651 J-100.494086
G03 X261.597330 Y23.213190 Z-0.200000 I10.283502 J-8.787724
G03 X261.128940 Y22.505715 Z-0.200000 I8.083490 J-5.860536
G03 X260.787730 Y21.869600 Z-0.200000 I6.189813 J-3.729763
G01 X268.676990 Y21.869600 Z-0.200000
G00 Z5.000000

(End cutting path id: path151770)


(Start cutting path id: path350600)
(Change tool to Default tool)

G00 Z5.000000
G00 X259.318360 Y23.251950

G01 Z-0.200000 F100.0(Penetrate)
G02 X258.433979 Y22.124329 Z-0.200000 I-8.577451 J5.816591 F800.000000
G03 X257.890620 Y21.328120 Z-0.200000 I2.649585 J-2.391669
G03 X257.566955 Y20.344939 Z-0.200000 I3.271280 J-1.621778
G02 X257.335940 Y19.353520 Z-0.200000 I-9.437604 J1.676473
G01 X266.697270 Y19.353520 Z-0.200000
G01 X266.697270 Y19.890620 Z-0.200000
G01 X260.787110 Y19.890620 Z-0.200000
G02 X259.832907 Y20.136418 Z-0.200000 I0.001330 J1.980198
G02 X259.115303 Y20.811669 Z-0.200000 I0.955533 J1.734399
G02 X258.811982 Y21.749175 Z-0.200000 I1.673138 J1.059148
G02 X258.998050 Y22.716800 Z-0.200000 I1.976458 J0.121643
G02 X259.152171 Y22.984427 Z-0.200000 I1.723023 J-0.814064
G03 X259.318360 Y23.251950 Z-0.200000 I-2.716457 J1.872880
G01 X259.318360 Y23.251950 Z-0.200000
G00 Z5.000000

(End cutting path id: path350600)


(Start cutting path id: path305965)
(Change tool to Default tool)

G00 Z5.000000
G00 X259.318360 Y23.251950

G01 Z-0.200000 F100.0(Penetrate)
G02 X258.433979 Y22.124329 Z-0.200000 I-8.577451 J5.816591 F800.000000
G03 X257.890620 Y21.328120 Z-0.200000 I2.649585 J-2.391669
G03 X257.566955 Y20.344939 Z-0.200000 I3.271280 J-1.621778
G02 X257.335940 Y19.353520 Z-0.200000 I-9.437604 J1.676473
G01 X266.697270 Y19.353520 Z-0.200000
G01 X266.697270 Y19.890620 Z-0.200000
G01 X260.787110 Y19.890620 Z-0.200000
G02 X259.832907 Y20.136418 Z-0.200000 I0.001330 J1.980198
G02 X259.115303 Y20.811669 Z-0.200000 I0.955533 J1.734399
G02 X258.811982 Y21.749175 Z-0.200000 I1.673138 J1.059148
G02 X258.998050 Y22.716800 Z-0.200000 I1.976458 J0.121643
G02 X259.152171 Y22.984427 Z-0.200000 I1.723023 J-0.814064
G03 X259.318360 Y23.251950 Z-0.200000 I-2.716457 J1.872880
G01 X259.318360 Y23.251950 Z-0.200000
G00 Z5.000000

(End cutting path id: path305965)


(Start cutting path id: path350602)
(Change tool to Default tool)

G00 Z5.000000
G00 X258.820310 Y22.183590

G01 Z-0.200000 F100.0(Penetrate)
G02 X258.414534 Y21.656636 Z-0.200000 I-2.500658 J1.505900 F800.000000
G03 X258.109380 Y21.226560 Z-0.200000 I1.239367 J-1.202670
G03 X257.847288 Y20.411639 Z-0.200000 I2.572173 J-1.276859
G02 X257.650390 Y19.593750 Z-0.200000 I-5.564134 J0.906862
G01 X266.457030 Y19.593750 Z-0.200000
G01 X266.457030 Y19.650350 Z-0.200000
G01 X260.787110 Y19.650350 Z-0.200000
G02 X259.938425 Y19.917839 Z-0.200000 I0.229525 J2.208326
G02 X259.262935 Y20.497087 Z-0.200000 I1.078210 J1.940837
G02 X258.869145 Y21.295051 Z-0.200000 I1.753700 J1.361589
G02 X258.820310 Y22.183550 Z-0.200000 I2.147490 J0.563625
G01 X258.820310 Y22.183590 Z-0.200000
G00 Z5.000000

(End cutting path id: path350602)


(Start cutting path id: path305967)
(Change tool to Default tool)

G00 Z5.000000
G00 X258.820310 Y22.183590

G01 Z-0.200000 F100.0(Penetrate)
G02 X258.414534 Y21.656636 Z-0.200000 I-2.500658 J1.505900 F800.000000
G03 X258.109380 Y21.226560 Z-0.200000 I1.239367 J-1.202670
G03 X257.847288 Y20.411639 Z-0.200000 I2.572173 J-1.276859
G02 X257.650390 Y19.593750 Z-0.200000 I-5.564134 J0.906862
G01 X266.457030 Y19.593750 Z-0.200000
G01 X266.457030 Y19.650350 Z-0.200000
G01 X260.787110 Y19.650350 Z-0.200000
G02 X259.938425 Y19.917839 Z-0.200000 I0.229525 J2.208326
G02 X259.262935 Y20.497087 Z-0.200000 I1.078210 J1.940837
G02 X258.869145 Y21.295051 Z-0.200000 I1.753700 J1.361589
G02 X258.820310 Y22.183550 Z-0.200000 I2.147490 J0.563625
G01 X258.820310 Y22.183590 Z-0.200000
G00 Z5.000000

(End cutting path id: path305967)


(Start cutting path id: path350604)
(Change tool to Default tool)

G00 Z5.000000
G00 X258.648440 Y21.556640

G01 Z-0.200000 F100.0(Penetrate)
G02 X258.474365 Y21.327400 Z-0.200000 I-0.872957 J0.482174 F800.000000
G03 X258.324220 Y21.121090 Z-0.200000 I0.543785 J-0.553537
G01 X258.324220 Y21.119090 Z-0.200000
G03 X258.122784 Y20.476468 Z-0.200000 I1.931148 J-0.958219
G02 X257.962890 Y19.833930 Z-0.200000 I-3.382566 J0.500579
G01 X260.017580 Y19.833930 Z-0.200000
G02 X259.129681 Y20.533658 Z-0.200000 I1.038123 J2.230496
G02 X258.648440 Y21.556590 Z-0.200000 I1.926022 J1.530768
G01 X258.648440 Y21.556640 Z-0.200000
G00 Z5.000000

(End cutting path id: path350604)


(Start cutting path id: path305969)
(Change tool to Default tool)

G00 Z5.000000
G00 X258.648440 Y21.556640

G01 Z-0.200000 F100.0(Penetrate)
G02 X258.474365 Y21.327400 Z-0.200000 I-0.872957 J0.482174 F800.000000
G03 X258.324220 Y21.121090 Z-0.200000 I0.543785 J-0.553537
G01 X258.324220 Y21.119090 Z-0.200000
G03 X258.122784 Y20.476468 Z-0.200000 I1.931148 J-0.958219
G02 X257.962890 Y19.833930 Z-0.200000 I-3.382566 J0.500579
G01 X260.017580 Y19.833930 Z-0.200000
G02 X259.129681 Y20.533658 Z-0.200000 I1.038123 J2.230496
G02 X258.648440 Y21.556590 Z-0.200000 I1.926022 J1.530768
G01 X258.648440 Y21.556640 Z-0.200000
G00 Z5.000000

(End cutting path id: path305969)


(Start cutting path id: path350606)
(Change tool to Default tool)

G00 Z5.000000
G00 X258.484380 Y20.816410

G01 Z-0.200000 F100.0(Penetrate)
G03 X258.372751 Y20.445065 Z-0.200000 I1.168290 J-0.553647 F800.000000
G02 X258.275390 Y20.074220 Z-0.200000 I-1.650244 J0.235049
G01 X259.146480 Y20.074220 Z-0.200000
G02 X258.780964 Y20.414568 Z-0.200000 I1.649485 J2.137910
G02 X258.484380 Y20.816410 Z-0.200000 I2.015001 J1.797562
G01 X258.484380 Y20.816410 Z-0.200000
G00 Z5.000000

(End cutting path id: path350606)


(Start cutting path id: path305971)
(Change tool to Default tool)

G00 Z5.000000
G00 X258.484380 Y20.816410

G01 Z-0.200000 F100.0(Penetrate)
G03 X258.372751 Y20.445065 Z-0.200000 I1.168290 J-0.553647 F800.000000
G02 X258.275390 Y20.074220 Z-0.200000 I-1.650244 J0.235049
G01 X259.146480 Y20.074220 Z-0.200000
G02 X258.780964 Y20.414568 Z-0.200000 I1.649485 J2.137910
G02 X258.484380 Y20.816410 Z-0.200000 I2.015001 J1.797562
G01 X258.484380 Y20.816410 Z-0.200000
G00 Z5.000000

(End cutting path id: path305971)


(Footer)
M5
G00 X0.0000 Y0.0000
M2
(Using default footer. To add your own footer create file "footer" in the output dir.)
(end)
%